# VPXTOOL table OBJ file
# VPXTOOL OBJ file
# numVerts: 9058 numFaces: 4544
o p71off
v -0 -0.002413 -0
v 0.00236 -0.004004 -0.005288
v 0.001984 -0.004397 -0.00545
v 0.002618 -0.003734 -0.005176
v 0.003082 -0.003205 -0.004905
v 0.003215 -0.003053 -0.004827
v 0.003728 -0.002413 -0.004443
v 0.005566 -0.003053 -0.001631
v -0 -0.002413 -0
v 0.005712 -0.002413 -0.001007
v 0.005514 -0.003205 -0.001776
v 0.005206 -0.004004 -0.002534
v 0.005023 -0.004397 -0.0029
v 0.005332 -0.003734 -0.002282
v -0 -0.002413 -0
v 0.00423 -0.003103 -0.003968
v 0.003728 -0.002413 -0.004443
v 0.004297 -0.003205 -0.003888
v 0.004673 -0.003784 -0.003436
v 0.004799 -0.004005 -0.003243
v 0.005023 -0.004397 -0.0029
v -0 -0.002413 -0
v 0.005791 -0.003103 -0.00032
v 0.005712 -0.002413 -0.001007
v 0.005791 -0.003205 -0.000217
v 0.005788 -0.003784 0.000371
v 0.005761 -0.004005 0.0006
v 0.005712 -0.004397 0.001007
v -0 -0.002413 -0
v 0.004642 -0.003103 0.003477
v 0.005023 -0.002413 0.0029
v 0.004575 -0.003205 0.003556
v 0.004196 -0.003784 0.004005
v 0.004027 -0.004005 0.004163
v 0.003728 -0.004397 0.004443
v 0.005312 -0.003053 0.002328
v -0 -0.002413 -0
v 0.005023 -0.002413 0.0029
v 0.005366 -0.003205 0.002184
v 0.005617 -0.004004 0.001406
v 0.005712 -0.004397 0.001007
v 0.005552 -0.003734 0.00168
v -0 -0.002413 -0
v -0.000409 -0.004004 0.005776
v -0 -0.004397 0.0058
v -0.00069 -0.003734 0.005759
v -0.001219 -0.003205 0.005663
v -0.001371 -0.003053 0.005636
v -0.001984 -0.002413 0.00545
v -0 -0.002413 -0
v 0.001321 -0.003103 0.005648
v 0.001984 -0.002413 0.00545
v 0.001219 -0.003205 0.005665
v 0.00064 -0.003784 0.005765
v 0.000409 -0.004005 0.005777
v -0 -0.004397 0.0058
v 0.002573 -0.003053 0.005198
v -0 -0.002413 -0
v 0.001984 -0.002413 0.00545
v 0.002707 -0.003205 0.005122
v 0.003399 -0.004004 0.004687
v 0.003728 -0.004397 0.004443
v 0.003173 -0.003734 0.004855
v -0 -0.002413 -0
v -0.002618 -0.003103 0.005176
v -0.001984 -0.002413 0.00545
v -0.002707 -0.003205 0.005123
v -0.003215 -0.003784 0.004827
v -0.0034 -0.004005 0.004689
v -0.003728 -0.004397 0.004443
v -0 -0.002413 -0
v -0.005332 -0.003103 0.002282
v -0.005023 -0.002413 0.0029
v -0.005367 -0.003205 0.002184
v -0.005566 -0.003784 0.001631
v -0.005619 -0.004005 0.001406
v -0.005712 -0.004397 0.001007
v -0 -0.002413 -0
v -0.004574 -0.003205 0.003555
v -0.00423 -0.003734 0.003968
v -0.004673 -0.003053 0.003436
v -0.005023 -0.002413 0.0029
v -0.004026 -0.004004 0.004162
v -0.003728 -0.004397 0.004443
v -0 -0.002413 -0
v -0.004642 -0.003734 -0.003477
v -0.004797 -0.004004 -0.003242
v -0.004295 -0.003205 -0.003887
v -0.004196 -0.003053 -0.004005
v -0.003728 -0.002413 -0.004443
v -0.005023 -0.004397 -0.0029
v -0 -0.002413 -0
v -0.005552 -0.003103 -0.00168
v -0.005712 -0.002413 -0.001007
v -0.005516 -0.003205 -0.001777
v -0.005312 -0.003784 -0.002328
v -0.005208 -0.004005 -0.002535
v -0.005023 -0.004397 -0.0029
v -0 -0.002413 -0
v -0.005759 -0.004004 0.0006
v -0.005712 -0.004397 0.001007
v -0.005791 -0.003734 0.00032
v -0.005789 -0.003205 -0.000217
v -0.005788 -0.003053 -0.000371
v -0.005712 -0.002413 -0.001007
v -0 -0.002413 -0
v -0.003173 -0.003103 -0.004855
v -0.003728 -0.002413 -0.004443
v -0.003083 -0.003205 -0.004906
v -0.002573 -0.003784 -0.005198
v -0.00236 -0.004005 -0.005289
v -0.001984 -0.004397 -0.00545
v -0 -0.002413 -0
v -0.001591 -0.004004 -0.005567
v -0.001984 -0.004397 -0.00545
v -0.001321 -0.003734 -0.005648
v -0.000792 -0.003205 -0.005739
v -0.00064 -0.003053 -0.005765
v 0 -0.002413 -0.0058
v -0 -0.002413 -0
v 0.00069 -0.003103 -0.005759
v 0 -0.002413 -0.0058
v 0.000792 -0.003205 -0.00574
v 0.001371 -0.003784 -0.005636
v 0.001592 -0.004005 -0.005569
v 0.001984 -0.004397 -0.00545
v -0.003302 -0.002395 0.004942
v -0.003306 -0.002413 0.004947
v -0.002972 -0.002413 0.005147
v -0.003618 -0.002413 0.004715
v -0.003306 -0.002413 0.004947
v -0.003302 -0.002395 0.004942
v -0.003771 -0.002395 0.004595
v -0.003775 -0.002413 0.004599
v -0.004203 -0.002395 0.004203
v -0.003775 -0.002413 0.004599
v -0.003771 -0.002395 0.004595
v -0.004207 -0.002413 0.004207
v -0.003775 -0.002413 0.004599
v -0.004203 -0.002395 0.004203
v -0.004595 -0.002395 0.003771
v -0.004207 -0.002413 0.004207
v -0.004203 -0.002395 0.004203
v -0.004599 -0.002413 0.003775
v -0.004207 -0.002413 0.004207
v -0.004595 -0.002395 0.003771
v -0.004715 -0.002413 0.003618
v -0.004599 -0.002413 0.003775
v -0.004595 -0.002395 0.003771
v 0.003771 -0.002395 -0.004595
v 0.004203 -0.002395 -0.004203
v 0.003775 -0.002413 -0.004599
v 0.004196 -0.002378 -0.004196
v 0.004203 -0.002395 -0.004203
v 0.003771 -0.002395 -0.004595
v 0.003765 -0.002378 -0.004587
v 0.004186 -0.002365 -0.004186
v 0.004196 -0.002378 -0.004196
v 0.003765 -0.002378 -0.004587
v 0.003756 -0.002365 -0.004576
v 0.004186 -0.002365 -0.004186
v 0.003765 -0.002378 -0.004587
v 0.004174 -0.002356 -0.004174
v 0.004186 -0.002365 -0.004186
v 0.003756 -0.002365 -0.004576
v 0.003745 -0.002356 -0.004563
v 0.004161 -0.002351 -0.004161
v 0.004174 -0.002356 -0.004174
v 0.003745 -0.002356 -0.004563
v 0.003733 -0.002351 -0.004549
v 0.004161 -0.002351 -0.004161
v 0.003745 -0.002356 -0.004563
v 0.004147 -0.002351 -0.004147
v 0.004161 -0.002351 -0.004161
v 0.003733 -0.002351 -0.004549
v 0.003721 -0.002351 -0.004534
v 0.004134 -0.002356 -0.004134
v 0.004147 -0.002351 -0.004147
v 0.003721 -0.002351 -0.004534
v 0.003709 -0.002356 -0.00452
v 0.004134 -0.002356 -0.004134
v 0.003721 -0.002351 -0.004534
v 0.004122 -0.002365 -0.004122
v 0.004134 -0.002356 -0.004134
v 0.003709 -0.002356 -0.00452
v 0.003698 -0.002365 -0.004507
v 0.004112 -0.002378 -0.004112
v 0.004122 -0.002365 -0.004122
v 0.003698 -0.002365 -0.004507
v 0.00369 -0.002378 -0.004496
v 0.004112 -0.002378 -0.004112
v 0.003698 -0.002365 -0.004507
v 0.004105 -0.002395 -0.004105
v 0.004112 -0.002378 -0.004112
v 0.00369 -0.002378 -0.004496
v 0.003683 -0.002395 -0.004488
v 0.003728 -0.002413 -0.004443
v 0.004105 -0.002395 -0.004105
v 0.003683 -0.002395 -0.004488
v 0.00368 -0.002413 -0.004484
v 0.003728 -0.002413 -0.004443
v 0.003683 -0.002395 -0.004488
v 0.004942 -0.002395 0.003302
v 0.004595 -0.002395 0.003771
v 0.004715 -0.002413 0.003618
v 0.004587 -0.002378 0.003765
v 0.004595 -0.002395 0.003771
v 0.004942 -0.002395 0.003302
v 0.004934 -0.002378 0.003297
v 0.004587 -0.002378 0.003765
v 0.004942 -0.002395 0.003302
v 0.004576 -0.002365 0.003756
v 0.004587 -0.002378 0.003765
v 0.004934 -0.002378 0.003297
v 0.004922 -0.002365 0.003289
v 0.004563 -0.002356 0.003745
v 0.004576 -0.002365 0.003756
v 0.004922 -0.002365 0.003289
v 0.004908 -0.002356 0.00328
v 0.004549 -0.002351 0.003733
v 0.004563 -0.002356 0.003745
v 0.004908 -0.002356 0.00328
v 0.004893 -0.002351 0.003269
v 0.004549 -0.002351 0.003733
v 0.004908 -0.002356 0.00328
v 0.004534 -0.002351 0.003721
v 0.004549 -0.002351 0.003733
v 0.004893 -0.002351 0.003269
v 0.004877 -0.002351 0.003259
v 0.00452 -0.002356 0.003709
v 0.004534 -0.002351 0.003721
v 0.004877 -0.002351 0.003259
v 0.004861 -0.002356 0.003248
v 0.00452 -0.002356 0.003709
v 0.004877 -0.002351 0.003259
v 0.004507 -0.002365 0.003698
v 0.00452 -0.002356 0.003709
v 0.004861 -0.002356 0.003248
v 0.004847 -0.002365 0.003239
v 0.004496 -0.002378 0.00369
v 0.004507 -0.002365 0.003698
v 0.004847 -0.002365 0.003239
v 0.004836 -0.002378 0.003231
v 0.004488 -0.002395 0.003683
v 0.004496 -0.002378 0.00369
v 0.004836 -0.002378 0.003231
v 0.004827 -0.002395 0.003226
v 0.004575 -0.002413 0.003556
v 0.004488 -0.002395 0.003683
v 0.004827 -0.002395 0.003226
v 0.004823 -0.002413 0.003222
v 0.004105 -0.002395 0.004105
v 0.004488 -0.002395 0.003683
v 0.004101 -0.002413 0.004101
v 0.004496 -0.002378 0.00369
v 0.004488 -0.002395 0.003683
v 0.004105 -0.002395 0.004105
v 0.004112 -0.002378 0.004112
v 0.004507 -0.002365 0.003698
v 0.004496 -0.002378 0.00369
v 0.004112 -0.002378 0.004112
v 0.004122 -0.002365 0.004122
v 0.00452 -0.002356 0.003709
v 0.004507 -0.002365 0.003698
v 0.004122 -0.002365 0.004122
v 0.004134 -0.002356 0.004134
v 0.004534 -0.002351 0.003721
v 0.00452 -0.002356 0.003709
v 0.004134 -0.002356 0.004134
v 0.004147 -0.002351 0.004147
v 0.004147 -0.002351 0.004147
v 0.004161 -0.002351 0.004161
v 0.004563 -0.002356 0.003745
v 0.004549 -0.002351 0.003733
v 0.004161 -0.002351 0.004161
v 0.004174 -0.002356 0.004174
v 0.004576 -0.002365 0.003756
v 0.004563 -0.002356 0.003745
v 0.004174 -0.002356 0.004174
v 0.004186 -0.002365 0.004186
v 0.004587 -0.002378 0.003765
v 0.004576 -0.002365 0.003756
v 0.004186 -0.002365 0.004186
v 0.004196 -0.002378 0.004196
v 0.004595 -0.002395 0.003771
v 0.004587 -0.002378 0.003765
v 0.004196 -0.002378 0.004196
v 0.004203 -0.002395 0.004203
v 0.004599 -0.002413 0.003775
v 0.004595 -0.002395 0.003771
v 0.004203 -0.002395 0.004203
v 0.004207 -0.002413 0.004207
v 0.004488 -0.002395 -0.003683
v 0.004484 -0.002413 -0.00368
v 0.004805 -0.002413 -0.003247
v 0.004295 -0.002413 -0.003887
v 0.004484 -0.002413 -0.00368
v 0.004488 -0.002395 -0.003683
v 0.004105 -0.002395 -0.004105
v 0.004101 -0.002413 -0.004101
v 0.003728 -0.002413 -0.004443
v 0.004101 -0.002413 -0.004101
v 0.004105 -0.002395 -0.004105
v 0.004203 -0.002395 -0.004203
v 0.004595 -0.002395 -0.003771
v 0.004207 -0.002413 -0.004207
v 0.004587 -0.002378 -0.003765
v 0.004595 -0.002395 -0.003771
v 0.004203 -0.002395 -0.004203
v 0.004196 -0.002378 -0.004196
v 0.004587 -0.002378 -0.003765
v 0.004203 -0.002395 -0.004203
v 0.004576 -0.002365 -0.003756
v 0.004587 -0.002378 -0.003765
v 0.004196 -0.002378 -0.004196
v 0.004186 -0.002365 -0.004186
v 0.004576 -0.002365 -0.003756
v 0.004196 -0.002378 -0.004196
v 0.004563 -0.002356 -0.003745
v 0.004576 -0.002365 -0.003756
v 0.004186 -0.002365 -0.004186
v 0.004174 -0.002356 -0.004174
v 0.004549 -0.002351 -0.003733
v 0.004563 -0.002356 -0.003745
v 0.004174 -0.002356 -0.004174
v 0.004161 -0.002351 -0.004161
v 0.004534 -0.002351 -0.003721
v 0.004549 -0.002351 -0.003733
v 0.00452 -0.002356 -0.003709
v 0.004534 -0.002351 -0.003721
v 0.004147 -0.002351 -0.004147
v 0.004134 -0.002356 -0.004134
v 0.004507 -0.002365 -0.003698
v 0.00452 -0.002356 -0.003709
v 0.004134 -0.002356 -0.004134
v 0.004122 -0.002365 -0.004122
v 0.004496 -0.002378 -0.00369
v 0.004507 -0.002365 -0.003698
v 0.004122 -0.002365 -0.004122
v 0.004112 -0.002378 -0.004112
v 0.004488 -0.002395 -0.003683
v 0.004496 -0.002378 -0.00369
v 0.004112 -0.002378 -0.004112
v 0.004105 -0.002395 -0.004105
v 0.003771 -0.002395 0.004595
v 0.003302 -0.002395 0.004942
v 0.003618 -0.002413 0.004715
v 0.003297 -0.002378 0.004934
v 0.003302 -0.002395 0.004942
v 0.003771 -0.002395 0.004595
v 0.003765 -0.002378 0.004587
v 0.003297 -0.002378 0.004934
v 0.003771 -0.002395 0.004595
v 0.003289 -0.002365 0.004922
v 0.003297 -0.002378 0.004934
v 0.003765 -0.002378 0.004587
v 0.003756 -0.002365 0.004576
v 0.00328 -0.002356 0.004908
v 0.003289 -0.002365 0.004922
v 0.003756 -0.002365 0.004576
v 0.003745 -0.002356 0.004563
v 0.003269 -0.002351 0.004893
v 0.00328 -0.002356 0.004908
v 0.003745 -0.002356 0.004563
v 0.003733 -0.002351 0.004549
v 0.003269 -0.002351 0.004893
v 0.003745 -0.002356 0.004563
v 0.003259 -0.002351 0.004877
v 0.003269 -0.002351 0.004893
v 0.003733 -0.002351 0.004549
v 0.003721 -0.002351 0.004534
v 0.003248 -0.002356 0.004861
v 0.003259 -0.002351 0.004877
v 0.003721 -0.002351 0.004534
v 0.003709 -0.002356 0.00452
v 0.003248 -0.002356 0.004861
v 0.003721 -0.002351 0.004534
v 0.003239 -0.002365 0.004847
v 0.003248 -0.002356 0.004861
v 0.003709 -0.002356 0.00452
v 0.003698 -0.002365 0.004507
v 0.003231 -0.002378 0.004836
v 0.003239 -0.002365 0.004847
v 0.003698 -0.002365 0.004507
v 0.00369 -0.002378 0.004496
v 0.003226 -0.002395 0.004827
v 0.003231 -0.002378 0.004836
v 0.00369 -0.002378 0.004496
v 0.003683 -0.002395 0.004488
v 0.003226 -0.002395 0.004827
v 0.00369 -0.002378 0.004496
v 0.003401 -0.002413 0.00469
v 0.003226 -0.002395 0.004827
v 0.003683 -0.002395 0.004488
v 0.00368 -0.002413 0.004484
v 0.005242 -0.002395 0.002802
v 0.005247 -0.002413 0.002805
v 0.005497 -0.002413 0.002277
v 0.005147 -0.002413 0.002972
v 0.005247 -0.002413 0.002805
v 0.005242 -0.002395 0.002802
v 0.004942 -0.002395 0.003302
v 0.004947 -0.002413 0.003306
v 0.004947 -0.002413 0.003306
v 0.004827 -0.002395 0.003226
v 0.00512 -0.002395 0.002737
v 0.005023 -0.002413 0.0029
v 0.005129 -0.002378 0.002742
v 0.00512 -0.002395 0.002737
v 0.004827 -0.002395 0.003226
v 0.004836 -0.002378 0.003231
v 0.005142 -0.002365 0.002748
v 0.005129 -0.002378 0.002742
v 0.004836 -0.002378 0.003231
v 0.004847 -0.002365 0.003239
v 0.005156 -0.002356 0.002756
v 0.005142 -0.002365 0.002748
v 0.004847 -0.002365 0.003239
v 0.004861 -0.002356 0.003248
v 0.005173 -0.002351 0.002765
v 0.005156 -0.002356 0.002756
v 0.004861 -0.002356 0.003248
v 0.004877 -0.002351 0.003259
v 0.00519 -0.002351 0.002774
v 0.005173 -0.002351 0.002765
v 0.005206 -0.002356 0.002783
v 0.00519 -0.002351 0.002774
v 0.004893 -0.002351 0.003269
v 0.004908 -0.002356 0.00328
v 0.005206 -0.002356 0.002783
v 0.004893 -0.002351 0.003269
v 0.005221 -0.002365 0.002791
v 0.005206 -0.002356 0.002783
v 0.004908 -0.002356 0.00328
v 0.004922 -0.002365 0.003289
v 0.005233 -0.002378 0.002797
v 0.005221 -0.002365 0.002791
v 0.004922 -0.002365 0.003289
v 0.004934 -0.002378 0.003297
v 0.005242 -0.002395 0.002802
v 0.005233 -0.002378 0.002797
v 0.004934 -0.002378 0.003297
v 0.004942 -0.002395 0.003302
v 0.003302 -0.002395 0.004942
v 0.002802 -0.002395 0.005242
v 0.002972 -0.002413 0.005147
v 0.002797 -0.002378 0.005233
v 0.002802 -0.002395 0.005242
v 0.003302 -0.002395 0.004942
v 0.003297 -0.002378 0.004934
v 0.002797 -0.002378 0.005233
v 0.003302 -0.002395 0.004942
v 0.002791 -0.002365 0.005221
v 0.002797 -0.002378 0.005233
v 0.003297 -0.002378 0.004934
v 0.003289 -0.002365 0.004922
v 0.002783 -0.002356 0.005206
v 0.002791 -0.002365 0.005221
v 0.003289 -0.002365 0.004922
v 0.00328 -0.002356 0.004908
v 0.002774 -0.002351 0.00519
v 0.002783 -0.002356 0.005206
v 0.00328 -0.002356 0.004908
v 0.003269 -0.002351 0.004893
v 0.002765 -0.002351 0.005173
v 0.002774 -0.002351 0.00519
v 0.002756 -0.002356 0.005156
v 0.002765 -0.002351 0.005173
v 0.003259 -0.002351 0.004877
v 0.003248 -0.002356 0.004861
v 0.002748 -0.002365 0.005142
v 0.002756 -0.002356 0.005156
v 0.003248 -0.002356 0.004861
v 0.003239 -0.002365 0.004847
v 0.002742 -0.002378 0.005129
v 0.002748 -0.002365 0.005142
v 0.003239 -0.002365 0.004847
v 0.003231 -0.002378 0.004836
v 0.002737 -0.002395 0.00512
v 0.002742 -0.002378 0.005129
v 0.003231 -0.002378 0.004836
v 0.003226 -0.002395 0.004827
v 0.002734 -0.002413 0.005115
v 0.002737 -0.002395 0.00512
v 0.003226 -0.002395 0.004827
v 0.003222 -0.002413 0.004823
v 0.004827 -0.002395 -0.003226
v 0.004496 -0.002378 -0.00369
v 0.004488 -0.002395 -0.003683
v 0.004827 -0.002395 -0.003226
v 0.004836 -0.002378 -0.003231
v 0.004496 -0.002378 -0.00369
v 0.004827 -0.002395 -0.003226
v 0.004507 -0.002365 -0.003698
v 0.004496 -0.002378 -0.00369
v 0.004836 -0.002378 -0.003231
v 0.004847 -0.002365 -0.003239
v 0.00452 -0.002356 -0.003709
v 0.004507 -0.002365 -0.003698
v 0.004847 -0.002365 -0.003239
v 0.004861 -0.002356 -0.003248
v 0.004534 -0.002351 -0.003721
v 0.00452 -0.002356 -0.003709
v 0.004861 -0.002356 -0.003248
v 0.004877 -0.002351 -0.003259
v 0.004534 -0.002351 -0.003721
v 0.004861 -0.002356 -0.003248
v 0.004877 -0.002351 -0.003259
v 0.004893 -0.002351 -0.003269
v 0.004563 -0.002356 -0.003745
v 0.004549 -0.002351 -0.003733
v 0.004893 -0.002351 -0.003269
v 0.004908 -0.002356 -0.00328
v 0.004563 -0.002356 -0.003745
v 0.004893 -0.002351 -0.003269
v 0.004576 -0.002365 -0.003756
v 0.004563 -0.002356 -0.003745
v 0.004908 -0.002356 -0.00328
v 0.004922 -0.002365 -0.003289
v 0.004587 -0.002378 -0.003765
v 0.004576 -0.002365 -0.003756
v 0.004922 -0.002365 -0.003289
v 0.004934 -0.002378 -0.003297
v 0.004595 -0.002395 -0.003771
v 0.004587 -0.002378 -0.003765
v 0.004934 -0.002378 -0.003297
v 0.004942 -0.002395 -0.003302
v 0.004715 -0.002413 -0.003618
v 0.004595 -0.002395 -0.003771
v 0.004942 -0.002395 -0.003302
v 0.004947 -0.002413 -0.003306
v 0.00512 -0.002395 -0.002737
v 0.004827 -0.002395 -0.003226
v 0.005115 -0.002413 -0.002734
v 0.004836 -0.002378 -0.003231
v 0.004827 -0.002395 -0.003226
v 0.00512 -0.002395 -0.002737
v 0.005129 -0.002378 -0.002742
v 0.004847 -0.002365 -0.003239
v 0.004836 -0.002378 -0.003231
v 0.005129 -0.002378 -0.002742
v 0.005142 -0.002365 -0.002748
v 0.004861 -0.002356 -0.003248
v 0.004847 -0.002365 -0.003239
v 0.005142 -0.002365 -0.002748
v 0.005156 -0.002356 -0.002756
v 0.004877 -0.002351 -0.003259
v 0.004861 -0.002356 -0.003248
v 0.005156 -0.002356 -0.002756
v 0.005173 -0.002351 -0.002765
v 0.004877 -0.002351 -0.003259
v 0.005156 -0.002356 -0.002756
v 0.005173 -0.002351 -0.002765
v 0.00519 -0.002351 -0.002774
v 0.004908 -0.002356 -0.00328
v 0.004893 -0.002351 -0.003269
v 0.00519 -0.002351 -0.002774
v 0.005206 -0.002356 -0.002783
v 0.004922 -0.002365 -0.003289
v 0.004908 -0.002356 -0.00328
v 0.005206 -0.002356 -0.002783
v 0.005221 -0.002365 -0.002791
v 0.004934 -0.002378 -0.003297
v 0.004922 -0.002365 -0.003289
v 0.005221 -0.002365 -0.002791
v 0.005233 -0.002378 -0.002797
v 0.004942 -0.002395 -0.003302
v 0.004934 -0.002378 -0.003297
v 0.005233 -0.002378 -0.002797
v 0.005242 -0.002395 -0.002802
v 0.005147 -0.002413 -0.002972
v 0.004942 -0.002395 -0.003302
v 0.005242 -0.002395 -0.002802
v 0.005247 -0.002413 -0.002805
v 0.005209 -0.002413 -0.002535
v 0.00512 -0.002395 -0.002737
v 0.005115 -0.002413 -0.002734
v 0.005364 -0.002395 -0.002222
v 0.005359 -0.002413 -0.00222
v 0.005517 -0.002413 -0.001777
v 0.005364 -0.002395 -0.002222
v 0.005359 -0.002413 -0.00222
v 0.005373 -0.002378 -0.002226
v 0.005129 -0.002378 -0.002742
v 0.005364 -0.002395 -0.002222
v 0.005142 -0.002365 -0.002748
v 0.005129 -0.002378 -0.002742
v 0.005373 -0.002378 -0.002226
v 0.005386 -0.002365 -0.002231
v 0.005156 -0.002356 -0.002756
v 0.005142 -0.002365 -0.002748
v 0.005386 -0.002365 -0.002231
v 0.005402 -0.002356 -0.002237
v 0.005173 -0.002351 -0.002765
v 0.005156 -0.002356 -0.002756
v 0.005402 -0.002356 -0.002237
v 0.005419 -0.002351 -0.002245
v 0.005419 -0.002351 -0.002245
v 0.005437 -0.002351 -0.002252
v 0.005206 -0.002356 -0.002783
v 0.00519 -0.002351 -0.002774
v 0.005437 -0.002351 -0.002252
v 0.005454 -0.002356 -0.002259
v 0.005221 -0.002365 -0.002791
v 0.005206 -0.002356 -0.002783
v 0.005454 -0.002356 -0.002259
v 0.00547 -0.002365 -0.002266
v 0.005233 -0.002378 -0.002797
v 0.005221 -0.002365 -0.002791
v 0.00547 -0.002365 -0.002266
v 0.005482 -0.002378 -0.002271
v 0.005242 -0.002395 -0.002802
v 0.005233 -0.002378 -0.002797
v 0.005482 -0.002378 -0.002271
v 0.005492 -0.002395 -0.002275
v 0.005242 -0.002395 -0.002802
v 0.005482 -0.002378 -0.002271
v 0.005247 -0.002413 -0.002805
v 0.005242 -0.002395 -0.002802
v 0.005492 -0.002395 -0.002275
v 0.005497 -0.002413 -0.002277
v 0.002222 -0.002395 -0.005364
v 0.001685 -0.002395 -0.005556
v 0.00222 -0.002413 -0.005359
v 0.001688 -0.002378 -0.005566
v 0.001685 -0.002395 -0.005556
v 0.002222 -0.002395 -0.005364
v 0.002226 -0.002378 -0.005373
v 0.001692 -0.002365 -0.005579
v 0.001688 -0.002378 -0.005566
v 0.002226 -0.002378 -0.005373
v 0.002231 -0.002365 -0.005386
v 0.001692 -0.002365 -0.005579
v 0.002226 -0.002378 -0.005373
v 0.001697 -0.002356 -0.005595
v 0.001692 -0.002365 -0.005579
v 0.002231 -0.002365 -0.005386
v 0.002237 -0.002356 -0.005402
v 0.001697 -0.002356 -0.005595
v 0.002231 -0.002365 -0.005386
v 0.001703 -0.002351 -0.005613
v 0.001697 -0.002356 -0.005595
v 0.002237 -0.002356 -0.005402
v 0.002245 -0.002351 -0.005419
v 0.001708 -0.002351 -0.005631
v 0.001703 -0.002351 -0.005613
v 0.002245 -0.002351 -0.005419
v 0.002252 -0.002351 -0.005437
v 0.001714 -0.002356 -0.005649
v 0.001708 -0.002351 -0.005631
v 0.002252 -0.002351 -0.005437
v 0.002259 -0.002356 -0.005454
v 0.001719 -0.002365 -0.005665
v 0.001714 -0.002356 -0.005649
v 0.002259 -0.002356 -0.005454
v 0.002266 -0.002365 -0.00547
v 0.001723 -0.002378 -0.005679
v 0.001719 -0.002365 -0.005665
v 0.002266 -0.002365 -0.00547
v 0.002271 -0.002378 -0.005482
v 0.001723 -0.002378 -0.005679
v 0.002266 -0.002365 -0.00547
v 0.001726 -0.002395 -0.005688
v 0.001723 -0.002378 -0.005679
v 0.002271 -0.002378 -0.005482
v 0.002275 -0.002395 -0.005492
v 0.001726 -0.002395 -0.005688
v 0.002271 -0.002378 -0.005482
v 0.001727 -0.002413 -0.005694
v 0.001726 -0.002395 -0.005688
v 0.002275 -0.002395 -0.005492
v 0.002277 -0.002413 -0.005497
v 0.002361 -0.002413 -0.005292
v 0.002222 -0.002395 -0.005364
v 0.00222 -0.002413 -0.005359
v 0.002737 -0.002395 -0.00512
v 0.002222 -0.002395 -0.005364
v 0.002361 -0.002413 -0.005292
v 0.002734 -0.002413 -0.005115
v 0.002737 -0.002395 -0.00512
v 0.003083 -0.002413 -0.004906
v 0.002737 -0.002395 -0.00512
v 0.002734 -0.002413 -0.005115
v 0.002742 -0.002378 -0.005129
v 0.002226 -0.002378 -0.005373
v 0.002737 -0.002395 -0.00512
v 0.002231 -0.002365 -0.005386
v 0.002226 -0.002378 -0.005373
v 0.002742 -0.002378 -0.005129
v 0.002748 -0.002365 -0.005142
v 0.002237 -0.002356 -0.005402
v 0.002231 -0.002365 -0.005386
v 0.002748 -0.002365 -0.005142
v 0.002756 -0.002356 -0.005156
v 0.002245 -0.002351 -0.005419
v 0.002237 -0.002356 -0.005402
v 0.002756 -0.002356 -0.005156
v 0.002765 -0.002351 -0.005173
v 0.002765 -0.002351 -0.005173
v 0.002774 -0.002351 -0.00519
v 0.002259 -0.002356 -0.005454
v 0.002252 -0.002351 -0.005437
v 0.002774 -0.002351 -0.00519
v 0.002783 -0.002356 -0.005206
v 0.002266 -0.002365 -0.00547
v 0.002259 -0.002356 -0.005454
v 0.002783 -0.002356 -0.005206
v 0.002791 -0.002365 -0.005221
v 0.002271 -0.002378 -0.005482
v 0.002266 -0.002365 -0.00547
v 0.002791 -0.002365 -0.005221
v 0.002797 -0.002378 -0.005233
v 0.002275 -0.002395 -0.005492
v 0.002271 -0.002378 -0.005482
v 0.002797 -0.002378 -0.005233
v 0.002802 -0.002395 -0.005242
v 0.002277 -0.002413 -0.005497
v 0.002275 -0.002395 -0.005492
v 0.002802 -0.002395 -0.005242
v 0.002805 -0.002413 -0.005247
v 0.00116 -0.002395 -0.00583
v 0.001726 -0.002395 -0.005688
v 0.001538 -0.002413 -0.005741
v 0.001723 -0.002378 -0.005679
v 0.001726 -0.002395 -0.005688
v 0.00116 -0.002395 -0.00583
v 0.001158 -0.002378 -0.00582
v 0.001723 -0.002378 -0.005679
v 0.00116 -0.002395 -0.00583
v 0.001719 -0.002365 -0.005665
v 0.001723 -0.002378 -0.005679
v 0.001158 -0.002378 -0.00582
v 0.001155 -0.002365 -0.005806
v 0.001714 -0.002356 -0.005649
v 0.001719 -0.002365 -0.005665
v 0.001155 -0.002365 -0.005806
v 0.001152 -0.002356 -0.00579
v 0.001714 -0.002356 -0.005649
v 0.001155 -0.002365 -0.005806
v 0.001708 -0.002351 -0.005631
v 0.001714 -0.002356 -0.005649
v 0.001152 -0.002356 -0.00579
v 0.001148 -0.002351 -0.005772
v 0.001148 -0.002351 -0.005772
v 0.001144 -0.002351 -0.005753
v 0.001697 -0.002356 -0.005595
v 0.001703 -0.002351 -0.005613
v 0.001144 -0.002351 -0.005753
v 0.001141 -0.002356 -0.005734
v 0.001692 -0.002365 -0.005579
v 0.001697 -0.002356 -0.005595
v 0.001141 -0.002356 -0.005734
v 0.001137 -0.002365 -0.005718
v 0.001692 -0.002365 -0.005579
v 0.001141 -0.002356 -0.005734
v 0.001688 -0.002378 -0.005566
v 0.001692 -0.002365 -0.005579
v 0.001137 -0.002365 -0.005718
v 0.001135 -0.002378 -0.005704
v 0.001685 -0.002395 -0.005556
v 0.001688 -0.002378 -0.005566
v 0.001135 -0.002378 -0.005704
v 0.001133 -0.002395 -0.005694
v 0.001593 -0.002413 -0.005573
v 0.001685 -0.002395 -0.005556
v 0.001133 -0.002395 -0.005694
v 0.001132 -0.002413 -0.005689
v 0.001593 -0.002413 -0.005573
v 0.001133 -0.002395 -0.005694
v 0.002972 -0.002413 -0.005147
v 0.003302 -0.002395 -0.004942
v 0.003306 -0.002413 -0.004947
v 0.002802 -0.002395 -0.005242
v 0.002805 -0.002413 -0.005247
v 0.003302 -0.002395 -0.004942
v 0.003771 -0.002395 -0.004595
v 0.003618 -0.002413 -0.004715
v 0.003765 -0.002378 -0.004587
v 0.003771 -0.002395 -0.004595
v 0.003302 -0.002395 -0.004942
v 0.003297 -0.002378 -0.004934
v 0.003765 -0.002378 -0.004587
v 0.003302 -0.002395 -0.004942
v 0.003756 -0.002365 -0.004576
v 0.003765 -0.002378 -0.004587
v 0.003297 -0.002378 -0.004934
v 0.003289 -0.002365 -0.004922
v 0.003745 -0.002356 -0.004563
v 0.003756 -0.002365 -0.004576
v 0.003289 -0.002365 -0.004922
v 0.00328 -0.002356 -0.004908
v 0.003733 -0.002351 -0.004549
v 0.003745 -0.002356 -0.004563
v 0.00328 -0.002356 -0.004908
v 0.003269 -0.002351 -0.004893
v 0.003733 -0.002351 -0.004549
v 0.00328 -0.002356 -0.004908
v 0.003269 -0.002351 -0.004893
v 0.003259 -0.002351 -0.004877
v 0.003709 -0.002356 -0.00452
v 0.003721 -0.002351 -0.004534
v 0.003259 -0.002351 -0.004877
v 0.003248 -0.002356 -0.004861
v 0.003709 -0.002356 -0.00452
v 0.003259 -0.002351 -0.004877
v 0.003698 -0.002365 -0.004507
v 0.003709 -0.002356 -0.00452
v 0.003248 -0.002356 -0.004861
v 0.003239 -0.002365 -0.004847
v 0.00369 -0.002378 -0.004496
v 0.003698 -0.002365 -0.004507
v 0.003239 -0.002365 -0.004847
v 0.003231 -0.002378 -0.004836
v 0.003683 -0.002395 -0.004488
v 0.00369 -0.002378 -0.004496
v 0.003231 -0.002378 -0.004836
v 0.003226 -0.002395 -0.004827
v 0.003683 -0.002395 -0.004488
v 0.003231 -0.002378 -0.004836
v 0.00368 -0.002413 -0.004484
v 0.003683 -0.002395 -0.004488
v 0.003226 -0.002395 -0.004827
v 0.003222 -0.002413 -0.004823
v 0.003226 -0.002395 -0.004827
v 0.002742 -0.002378 -0.005129
v 0.002737 -0.002395 -0.00512
v 0.003226 -0.002395 -0.004827
v 0.003231 -0.002378 -0.004836
v 0.002748 -0.002365 -0.005142
v 0.002742 -0.002378 -0.005129
v 0.003231 -0.002378 -0.004836
v 0.003239 -0.002365 -0.004847
v 0.002756 -0.002356 -0.005156
v 0.002748 -0.002365 -0.005142
v 0.003239 -0.002365 -0.004847
v 0.003248 -0.002356 -0.004861
v 0.002765 -0.002351 -0.005173
v 0.002756 -0.002356 -0.005156
v 0.003248 -0.002356 -0.004861
v 0.003259 -0.002351 -0.004877
v 0.002783 -0.002356 -0.005206
v 0.002774 -0.002351 -0.00519
v 0.003269 -0.002351 -0.004893
v 0.00328 -0.002356 -0.004908
v 0.002783 -0.002356 -0.005206
v 0.003269 -0.002351 -0.004893
v 0.002791 -0.002365 -0.005221
v 0.002783 -0.002356 -0.005206
v 0.00328 -0.002356 -0.004908
v 0.003289 -0.002365 -0.004922
v 0.002797 -0.002378 -0.005233
v 0.002791 -0.002365 -0.005221
v 0.003289 -0.002365 -0.004922
v 0.003297 -0.002378 -0.004934
v 0.002802 -0.002395 -0.005242
v 0.002797 -0.002378 -0.005233
v 0.003297 -0.002378 -0.004934
v 0.003302 -0.002395 -0.004942
v 0.002802 -0.002395 -0.005242
v 0.003297 -0.002378 -0.004934
v 0.005916 -0.002395 -0.000583
v 0.005944 -0.002395 -0
v 0.005921 -0.002413 -0.000583
v 0.005934 -0.002378 -0
v 0.005944 -0.002395 -0
v 0.005916 -0.002395 -0.000583
v 0.005906 -0.002378 -0.000582
v 0.00592 -0.002365 -0
v 0.005934 -0.002378 -0
v 0.005906 -0.002378 -0.000582
v 0.005892 -0.002365 -0.00058
v 0.005903 -0.002356 -0
v 0.00592 -0.002365 -0
v 0.005892 -0.002365 -0.00058
v 0.005875 -0.002356 -0.000579
v 0.005885 -0.002351 -0
v 0.005903 -0.002356 -0
v 0.005875 -0.002356 -0.000579
v 0.005856 -0.002351 -0.000577
v 0.005865 -0.002351 -0
v 0.005885 -0.002351 -0
v 0.005856 -0.002351 -0.000577
v 0.005837 -0.002351 -0.000575
v 0.005847 -0.002356 -0
v 0.005865 -0.002351 -0
v 0.005837 -0.002351 -0.000575
v 0.005819 -0.002356 -0.000573
v 0.00583 -0.002365 -0
v 0.005847 -0.002356 -0
v 0.005819 -0.002356 -0.000573
v 0.005802 -0.002365 -0.000571
v 0.00583 -0.002365 -0
v 0.005819 -0.002356 -0.000573
v 0.005816 -0.002378 -0
v 0.00583 -0.002365 -0
v 0.005802 -0.002365 -0.000571
v 0.005788 -0.002378 -0.00057
v 0.005806 -0.002395 -0
v 0.005816 -0.002378 -0
v 0.005788 -0.002378 -0.00057
v 0.005778 -0.002395 -0.000569
v 0.005789 -0.002413 -0.000217
v 0.005806 -0.002395 -0
v 0.005778 -0.002395 -0.000569
v 0.005772 -0.002413 -0.000569
v 0.000569 -0.002395 -0.005778
v 0 -0.002395 -0.005806
v 0.000569 -0.002413 -0.005772
v 0 -0.002378 -0.005816
v 0 -0.002395 -0.005806
v 0.000569 -0.002395 -0.005778
v 0.00057 -0.002378 -0.005788
v 0 -0.002365 -0.00583
v 0 -0.002378 -0.005816
v 0.00057 -0.002378 -0.005788
v 0.000571 -0.002365 -0.005802
v 0 -0.002356 -0.005847
v 0 -0.002365 -0.00583
v 0.000571 -0.002365 -0.005802
v 0.000573 -0.002356 -0.005819
v 0 -0.002351 -0.005865
v 0 -0.002356 -0.005847
v 0.000573 -0.002356 -0.005819
v 0.000575 -0.002351 -0.005837
v 0 -0.002351 -0.005885
v 0 -0.002351 -0.005865
v 0.000575 -0.002351 -0.005837
v 0.000577 -0.002351 -0.005856
v 0 -0.002356 -0.005903
v 0 -0.002351 -0.005885
v 0.000577 -0.002351 -0.005856
v 0.000579 -0.002356 -0.005875
v 0 -0.002365 -0.00592
v 0 -0.002356 -0.005903
v 0.000579 -0.002356 -0.005875
v 0.00058 -0.002365 -0.005892
v 0 -0.002378 -0.005934
v 0 -0.002365 -0.00592
v 0.00058 -0.002365 -0.005892
v 0.000582 -0.002378 -0.005906
v 0 -0.002395 -0.005944
v 0 -0.002378 -0.005934
v 0.000582 -0.002378 -0.005906
v 0.000583 -0.002395 -0.005916
v 0 -0.002413 -0.00595
v 0 -0.002395 -0.005944
v 0.000583 -0.002395 -0.005916
v 0.000583 -0.002413 -0.005921
v 0.005944 -0.002395 -0
v 0.005916 -0.002395 0.000583
v 0.00595 -0.002413 -0
v 0.005906 -0.002378 0.000582
v 0.005916 -0.002395 0.000583
v 0.005944 -0.002395 -0
v 0.005934 -0.002378 -0
v 0.005892 -0.002365 0.00058
v 0.005906 -0.002378 0.000582
v 0.005934 -0.002378 -0
v 0.00592 -0.002365 -0
v 0.005875 -0.002356 0.000579
v 0.005892 -0.002365 0.00058
v 0.00592 -0.002365 -0
v 0.005903 -0.002356 -0
v 0.005856 -0.002351 0.000577
v 0.005875 -0.002356 0.000579
v 0.005903 -0.002356 -0
v 0.005885 -0.002351 -0
v 0.005837 -0.002351 0.000575
v 0.005856 -0.002351 0.000577
v 0.005819 -0.002356 0.000573
v 0.005837 -0.002351 0.000575
v 0.005865 -0.002351 -0
v 0.005847 -0.002356 -0
v 0.005802 -0.002365 0.000571
v 0.005819 -0.002356 0.000573
v 0.005847 -0.002356 -0
v 0.00583 -0.002365 -0
v 0.005788 -0.002378 0.00057
v 0.005802 -0.002365 0.000571
v 0.00583 -0.002365 -0
v 0.005816 -0.002378 -0
v 0.005778 -0.002395 0.000569
v 0.005788 -0.002378 0.00057
v 0.005816 -0.002378 -0
v 0.005806 -0.002395 -0
v 0.005772 -0.002413 0.000569
v 0.005778 -0.002395 0.000569
v 0.005806 -0.002395 -0
v 0.0058 -0.002413 -0
v 0.00583 -0.002395 -0.00116
v 0.005916 -0.002395 -0.000583
v 0.005893 -0.002413 -0.000776
v 0.005906 -0.002378 -0.000582
v 0.005916 -0.002395 -0.000583
v 0.00583 -0.002395 -0.00116
v 0.00582 -0.002378 -0.001158
v 0.005892 -0.002365 -0.00058
v 0.005906 -0.002378 -0.000582
v 0.00582 -0.002378 -0.001158
v 0.005806 -0.002365 -0.001155
v 0.005892 -0.002365 -0.00058
v 0.00582 -0.002378 -0.001158
v 0.005875 -0.002356 -0.000579
v 0.005892 -0.002365 -0.00058
v 0.005806 -0.002365 -0.001155
v 0.00579 -0.002356 -0.001152
v 0.005856 -0.002351 -0.000577
v 0.005875 -0.002356 -0.000579
v 0.00579 -0.002356 -0.001152
v 0.005772 -0.002351 -0.001148
v 0.005772 -0.002351 -0.001148
v 0.005753 -0.002351 -0.001144
v 0.005819 -0.002356 -0.000573
v 0.005837 -0.002351 -0.000575
v 0.005753 -0.002351 -0.001144
v 0.005734 -0.002356 -0.001141
v 0.005802 -0.002365 -0.000571
v 0.005819 -0.002356 -0.000573
v 0.005734 -0.002356 -0.001141
v 0.005718 -0.002365 -0.001137
v 0.005788 -0.002378 -0.00057
v 0.005802 -0.002365 -0.000571
v 0.005718 -0.002365 -0.001137
v 0.005704 -0.002378 -0.001135
v 0.005778 -0.002395 -0.000569
v 0.005788 -0.002378 -0.00057
v 0.005704 -0.002378 -0.001135
v 0.005694 -0.002395 -0.001133
v 0.005712 -0.002413 -0.001007
v 0.005778 -0.002395 -0.000569
v 0.005694 -0.002395 -0.001133
v 0.005689 -0.002413 -0.001132
v 0.005712 -0.002413 -0.001007
v 0.005694 -0.002395 -0.001133
v 0.000583 -0.002395 -0.005916
v 0.00116 -0.002395 -0.00583
v 0.000776 -0.002413 -0.005893
v 0.001158 -0.002378 -0.00582
v 0.00116 -0.002395 -0.00583
v 0.000583 -0.002395 -0.005916
v 0.000582 -0.002378 -0.005906
v 0.001155 -0.002365 -0.005806
v 0.001158 -0.002378 -0.00582
v 0.000582 -0.002378 -0.005906
v 0.00058 -0.002365 -0.005892
v 0.001152 -0.002356 -0.00579
v 0.001155 -0.002365 -0.005806
v 0.00058 -0.002365 -0.005892
v 0.000579 -0.002356 -0.005875
v 0.001148 -0.002351 -0.005772
v 0.001152 -0.002356 -0.00579
v 0.000579 -0.002356 -0.005875
v 0.000577 -0.002351 -0.005856
v 0.001141 -0.002356 -0.005734
v 0.001144 -0.002351 -0.005753
v 0.000575 -0.002351 -0.005837
v 0.000573 -0.002356 -0.005819
v 0.001137 -0.002365 -0.005718
v 0.001141 -0.002356 -0.005734
v 0.000573 -0.002356 -0.005819
v 0.000571 -0.002365 -0.005802
v 0.001135 -0.002378 -0.005704
v 0.001137 -0.002365 -0.005718
v 0.000571 -0.002365 -0.005802
v 0.00057 -0.002378 -0.005788
v 0.001135 -0.002378 -0.005704
v 0.000571 -0.002365 -0.005802
v 0.001133 -0.002395 -0.005694
v 0.001135 -0.002378 -0.005704
v 0.00057 -0.002378 -0.005788
v 0.000569 -0.002395 -0.005778
v 0.000792 -0.002413 -0.005739
v 0.001133 -0.002395 -0.005694
v 0.000569 -0.002395 -0.005778
v 0.000569 -0.002413 -0.005772
v 0.000792 -0.002413 -0.005739
v 0.000569 -0.002395 -0.005778
v 0.005694 -0.002395 -0.001133
v 0.005556 -0.002395 -0.001685
v 0.005689 -0.002413 -0.001132
v 0.005566 -0.002378 -0.001688
v 0.005556 -0.002395 -0.001685
v 0.005694 -0.002395 -0.001133
v 0.005704 -0.002378 -0.001135
v 0.005579 -0.002365 -0.001692
v 0.005566 -0.002378 -0.001688
v 0.005704 -0.002378 -0.001135
v 0.005718 -0.002365 -0.001137
v 0.005595 -0.002356 -0.001697
v 0.005579 -0.002365 -0.001692
v 0.005718 -0.002365 -0.001137
v 0.005734 -0.002356 -0.001141
v 0.005595 -0.002356 -0.001697
v 0.005718 -0.002365 -0.001137
v 0.005613 -0.002351 -0.001703
v 0.005595 -0.002356 -0.001697
v 0.005734 -0.002356 -0.001141
v 0.005753 -0.002351 -0.001144
v 0.005631 -0.002351 -0.001708
v 0.005613 -0.002351 -0.001703
v 0.005649 -0.002356 -0.001714
v 0.005631 -0.002351 -0.001708
v 0.005772 -0.002351 -0.001148
v 0.00579 -0.002356 -0.001152
v 0.005665 -0.002365 -0.001719
v 0.005649 -0.002356 -0.001714
v 0.00579 -0.002356 -0.001152
v 0.005806 -0.002365 -0.001155
v 0.005679 -0.002378 -0.001723
v 0.005665 -0.002365 -0.001719
v 0.005806 -0.002365 -0.001155
v 0.00582 -0.002378 -0.001158
v 0.005688 -0.002395 -0.001726
v 0.005679 -0.002378 -0.001723
v 0.00582 -0.002378 -0.001158
v 0.00583 -0.002395 -0.00116
v 0.005741 -0.002413 -0.001538
v 0.005688 -0.002395 -0.001726
v 0.00583 -0.002395 -0.00116
v 0.005836 -0.002413 -0.001161
v 0.005556 -0.002395 -0.001685
v 0.005373 -0.002378 -0.002226
v 0.005364 -0.002395 -0.002222
v 0.005556 -0.002395 -0.001685
v 0.005566 -0.002378 -0.001688
v 0.005386 -0.002365 -0.002231
v 0.005373 -0.002378 -0.002226
v 0.005566 -0.002378 -0.001688
v 0.005579 -0.002365 -0.001692
v 0.005386 -0.002365 -0.002231
v 0.005566 -0.002378 -0.001688
v 0.005402 -0.002356 -0.002237
v 0.005386 -0.002365 -0.002231
v 0.005579 -0.002365 -0.001692
v 0.005595 -0.002356 -0.001697
v 0.005419 -0.002351 -0.002245
v 0.005402 -0.002356 -0.002237
v 0.005595 -0.002356 -0.001697
v 0.005613 -0.002351 -0.001703
v 0.005454 -0.002356 -0.002259
v 0.005437 -0.002351 -0.002252
v 0.005631 -0.002351 -0.001708
v 0.005649 -0.002356 -0.001714
v 0.00547 -0.002365 -0.002266
v 0.005454 -0.002356 -0.002259
v 0.005649 -0.002356 -0.001714
v 0.005665 -0.002365 -0.001719
v 0.005482 -0.002378 -0.002271
v 0.00547 -0.002365 -0.002266
v 0.005665 -0.002365 -0.001719
v 0.005679 -0.002378 -0.001723
v 0.005482 -0.002378 -0.002271
v 0.005665 -0.002365 -0.001719
v 0.005492 -0.002395 -0.002275
v 0.005482 -0.002378 -0.002271
v 0.005679 -0.002378 -0.001723
v 0.005688 -0.002395 -0.001726
v 0.005492 -0.002395 -0.002275
v 0.005679 -0.002378 -0.001723
v 0.005497 -0.002413 -0.002277
v 0.005492 -0.002395 -0.002275
v 0.005688 -0.002395 -0.001726
v 0.005694 -0.002413 -0.001727
v 0.005688 -0.002395 0.001726
v 0.005492 -0.002395 0.002275
v 0.005694 -0.002413 0.001727
v 0.005482 -0.002378 0.002271
v 0.005492 -0.002395 0.002275
v 0.005688 -0.002395 0.001726
v 0.005679 -0.002378 0.001723
v 0.00547 -0.002365 0.002266
v 0.005482 -0.002378 0.002271
v 0.005679 -0.002378 0.001723
v 0.005665 -0.002365 0.001719
v 0.00547 -0.002365 0.002266
v 0.005679 -0.002378 0.001723
v 0.005454 -0.002356 0.002259
v 0.00547 -0.002365 0.002266
v 0.005665 -0.002365 0.001719
v 0.005649 -0.002356 0.001714
v 0.005437 -0.002351 0.002252
v 0.005454 -0.002356 0.002259
v 0.005649 -0.002356 0.001714
v 0.005631 -0.002351 0.001708
v 0.005419 -0.002351 0.002245
v 0.005437 -0.002351 0.002252
v 0.005631 -0.002351 0.001708
v 0.005613 -0.002351 0.001703
v 0.005402 -0.002356 0.002237
v 0.005419 -0.002351 0.002245
v 0.005613 -0.002351 0.001703
v 0.005595 -0.002356 0.001697
v 0.005386 -0.002365 0.002231
v 0.005402 -0.002356 0.002237
v 0.005595 -0.002356 0.001697
v 0.005579 -0.002365 0.001692
v 0.005373 -0.002378 0.002226
v 0.005386 -0.002365 0.002231
v 0.005579 -0.002365 0.001692
v 0.005566 -0.002378 0.001688
v 0.005373 -0.002378 0.002226
v 0.005579 -0.002365 0.001692
v 0.005364 -0.002395 0.002222
v 0.005373 -0.002378 0.002226
v 0.005566 -0.002378 0.001688
v 0.005556 -0.002395 0.001685
v 0.005371 -0.002413 0.002186
v 0.005364 -0.002395 0.002222
v 0.005556 -0.002395 0.001685
v 0.00555 -0.002413 0.001684
v 0.002275 -0.002395 0.005492
v 0.001726 -0.002395 0.005688
v 0.002277 -0.002413 0.005497
v 0.001723 -0.002378 0.005679
v 0.001726 -0.002395 0.005688
v 0.002275 -0.002395 0.005492
v 0.002271 -0.002378 0.005482
v 0.001723 -0.002378 0.005679
v 0.002275 -0.002395 0.005492
v 0.001719 -0.002365 0.005665
v 0.001723 -0.002378 0.005679
v 0.002271 -0.002378 0.005482
v 0.002266 -0.002365 0.00547
v 0.001719 -0.002365 0.005665
v 0.002271 -0.002378 0.005482
v 0.001714 -0.002356 0.005649
v 0.001719 -0.002365 0.005665
v 0.002266 -0.002365 0.00547
v 0.002259 -0.002356 0.005454
v 0.001714 -0.002356 0.005649
v 0.002266 -0.002365 0.00547
v 0.001708 -0.002351 0.005631
v 0.001714 -0.002356 0.005649
v 0.002259 -0.002356 0.005454
v 0.002252 -0.002351 0.005437
v 0.001703 -0.002351 0.005613
v 0.001708 -0.002351 0.005631
v 0.002252 -0.002351 0.005437
v 0.002245 -0.002351 0.005419
v 0.001697 -0.002356 0.005595
v 0.001703 -0.002351 0.005613
v 0.002245 -0.002351 0.005419
v 0.002237 -0.002356 0.005402
v 0.001692 -0.002365 0.005579
v 0.001697 -0.002356 0.005595
v 0.002237 -0.002356 0.005402
v 0.002231 -0.002365 0.005386
v 0.001692 -0.002365 0.005579
v 0.002237 -0.002356 0.005402
v 0.001688 -0.002378 0.005566
v 0.001692 -0.002365 0.005579
v 0.002231 -0.002365 0.005386
v 0.002226 -0.002378 0.005373
v 0.001688 -0.002378 0.005566
v 0.002231 -0.002365 0.005386
v 0.001685 -0.002395 0.005556
v 0.001688 -0.002378 0.005566
v 0.002226 -0.002378 0.005373
v 0.002222 -0.002395 0.005364
v 0.001685 -0.002395 0.005556
v 0.002226 -0.002378 0.005373
v 0.001984 -0.002413 0.00545
v 0.001685 -0.002395 0.005556
v 0.002222 -0.002395 0.005364
v 0.00222 -0.002413 0.005359
v 0.001984 -0.002413 0.00545
v 0.002222 -0.002395 0.005364
v 0.002222 -0.002395 0.005364
v 0.002737 -0.002395 0.00512
v 0.00222 -0.002413 0.005359
v 0.002742 -0.002378 0.005129
v 0.002737 -0.002395 0.00512
v 0.002222 -0.002395 0.005364
v 0.002226 -0.002378 0.005373
v 0.002748 -0.002365 0.005142
v 0.002742 -0.002378 0.005129
v 0.002226 -0.002378 0.005373
v 0.002231 -0.002365 0.005386
v 0.002756 -0.002356 0.005156
v 0.002748 -0.002365 0.005142
v 0.002231 -0.002365 0.005386
v 0.002237 -0.002356 0.005402
v 0.002765 -0.002351 0.005173
v 0.002756 -0.002356 0.005156
v 0.002237 -0.002356 0.005402
v 0.002245 -0.002351 0.005419
v 0.002783 -0.002356 0.005206
v 0.002774 -0.002351 0.00519
v 0.002252 -0.002351 0.005437
v 0.002259 -0.002356 0.005454
v 0.002791 -0.002365 0.005221
v 0.002783 -0.002356 0.005206
v 0.002259 -0.002356 0.005454
v 0.002266 -0.002365 0.00547
v 0.002791 -0.002365 0.005221
v 0.002259 -0.002356 0.005454
v 0.002797 -0.002378 0.005233
v 0.002791 -0.002365 0.005221
v 0.002266 -0.002365 0.00547
v 0.002271 -0.002378 0.005482
v 0.002802 -0.002395 0.005242
v 0.002797 -0.002378 0.005233
v 0.002271 -0.002378 0.005482
v 0.002275 -0.002395 0.005492
v 0.002805 -0.002413 0.005247
v 0.002802 -0.002395 0.005242
v 0.002275 -0.002395 0.005492
v 0.002277 -0.002413 0.005497
v 0.005492 -0.002395 0.002275
v 0.005233 -0.002378 0.002797
v 0.005242 -0.002395 0.002802
v 0.005492 -0.002395 0.002275
v 0.005482 -0.002378 0.002271
v 0.005221 -0.002365 0.002791
v 0.005233 -0.002378 0.002797
v 0.005482 -0.002378 0.002271
v 0.00547 -0.002365 0.002266
v 0.005206 -0.002356 0.002783
v 0.005221 -0.002365 0.002791
v 0.00547 -0.002365 0.002266
v 0.005454 -0.002356 0.002259
v 0.00519 -0.002351 0.002774
v 0.005206 -0.002356 0.002783
v 0.005454 -0.002356 0.002259
v 0.005437 -0.002351 0.002252
v 0.005156 -0.002356 0.002756
v 0.005173 -0.002351 0.002765
v 0.005419 -0.002351 0.002245
v 0.005402 -0.002356 0.002237
v 0.005142 -0.002365 0.002748
v 0.005156 -0.002356 0.002756
v 0.005402 -0.002356 0.002237
v 0.005386 -0.002365 0.002231
v 0.005129 -0.002378 0.002742
v 0.005142 -0.002365 0.002748
v 0.005386 -0.002365 0.002231
v 0.005373 -0.002378 0.002226
v 0.00512 -0.002395 0.002737
v 0.005129 -0.002378 0.002742
v 0.005373 -0.002378 0.002226
v 0.005364 -0.002395 0.002222
v 0.005115 -0.002413 0.002734
v 0.00512 -0.002395 0.002737
v 0.005364 -0.002395 0.002222
v 0.005359 -0.002413 0.00222
v 0.00116 -0.002395 0.00583
v 0.000583 -0.002395 0.005916
v 0.000776 -0.002413 0.005893
v 0.000582 -0.002378 0.005906
v 0.000583 -0.002395 0.005916
v 0.00116 -0.002395 0.00583
v 0.001158 -0.002378 0.00582
v 0.00058 -0.002365 0.005892
v 0.000582 -0.002378 0.005906
v 0.001158 -0.002378 0.00582
v 0.001155 -0.002365 0.005806
v 0.00058 -0.002365 0.005892
v 0.001158 -0.002378 0.00582
v 0.000579 -0.002356 0.005875
v 0.00058 -0.002365 0.005892
v 0.001155 -0.002365 0.005806
v 0.001152 -0.002356 0.00579
v 0.000577 -0.002351 0.005856
v 0.000579 -0.002356 0.005875
v 0.001152 -0.002356 0.00579
v 0.001148 -0.002351 0.005772
v 0.000575 -0.002351 0.005837
v 0.000577 -0.002351 0.005856
v 0.001148 -0.002351 0.005772
v 0.001144 -0.002351 0.005753
v 0.000573 -0.002356 0.005819
v 0.000575 -0.002351 0.005837
v 0.001144 -0.002351 0.005753
v 0.001141 -0.002356 0.005734
v 0.000571 -0.002365 0.005802
v 0.000573 -0.002356 0.005819
v 0.001141 -0.002356 0.005734
v 0.001137 -0.002365 0.005718
v 0.00057 -0.002378 0.005788
v 0.000571 -0.002365 0.005802
v 0.001137 -0.002365 0.005718
v 0.001135 -0.002378 0.005704
v 0.00057 -0.002378 0.005788
v 0.001137 -0.002365 0.005718
v 0.000569 -0.002395 0.005778
v 0.00057 -0.002378 0.005788
v 0.001135 -0.002378 0.005704
v 0.001133 -0.002395 0.005694
v 0.000569 -0.002413 0.005772
v 0.000569 -0.002395 0.005778
v 0.001133 -0.002395 0.005694
v 0.001132 -0.002413 0.005689
v 0.005694 -0.002395 0.001133
v 0.005778 -0.002395 0.000569
v 0.005689 -0.002413 0.001132
v 0.005788 -0.002378 0.00057
v 0.005778 -0.002395 0.000569
v 0.005694 -0.002395 0.001133
v 0.005704 -0.002378 0.001135
v 0.005802 -0.002365 0.000571
v 0.005788 -0.002378 0.00057
v 0.005704 -0.002378 0.001135
v 0.005718 -0.002365 0.001137
v 0.005819 -0.002356 0.000573
v 0.005802 -0.002365 0.000571
v 0.005718 -0.002365 0.001137
v 0.005734 -0.002356 0.001141
v 0.005837 -0.002351 0.000575
v 0.005819 -0.002356 0.000573
v 0.005734 -0.002356 0.001141
v 0.005753 -0.002351 0.001144
v 0.005753 -0.002351 0.001144
v 0.005772 -0.002351 0.001148
v 0.005875 -0.002356 0.000579
v 0.005856 -0.002351 0.000577
v 0.005772 -0.002351 0.001148
v 0.00579 -0.002356 0.001152
v 0.005892 -0.002365 0.00058
v 0.005875 -0.002356 0.000579
v 0.00579 -0.002356 0.001152
v 0.005806 -0.002365 0.001155
v 0.005906 -0.002378 0.000582
v 0.005892 -0.002365 0.00058
v 0.005806 -0.002365 0.001155
v 0.00582 -0.002378 0.001158
v 0.005916 -0.002395 0.000583
v 0.005906 -0.002378 0.000582
v 0.00582 -0.002378 0.001158
v 0.00583 -0.002395 0.00116
v 0.005893 -0.002413 0.000776
v 0.005916 -0.002395 0.000583
v 0.00583 -0.002395 0.00116
v 0.005836 -0.002413 0.001161
v 0.00583 -0.002395 0.00116
v 0.005688 -0.002395 0.001726
v 0.005741 -0.002413 0.001538
v 0.005679 -0.002378 0.001723
v 0.005688 -0.002395 0.001726
v 0.00583 -0.002395 0.00116
v 0.00582 -0.002378 0.001158
v 0.005665 -0.002365 0.001719
v 0.005679 -0.002378 0.001723
v 0.00582 -0.002378 0.001158
v 0.005806 -0.002365 0.001155
v 0.005649 -0.002356 0.001714
v 0.005665 -0.002365 0.001719
v 0.005806 -0.002365 0.001155
v 0.00579 -0.002356 0.001152
v 0.005631 -0.002351 0.001708
v 0.005649 -0.002356 0.001714
v 0.00579 -0.002356 0.001152
v 0.005772 -0.002351 0.001148
v 0.005595 -0.002356 0.001697
v 0.005613 -0.002351 0.001703
v 0.005753 -0.002351 0.001144
v 0.005734 -0.002356 0.001141
v 0.005579 -0.002365 0.001692
v 0.005595 -0.002356 0.001697
v 0.005734 -0.002356 0.001141
v 0.005718 -0.002365 0.001137
v 0.005566 -0.002378 0.001688
v 0.005579 -0.002365 0.001692
v 0.005718 -0.002365 0.001137
v 0.005704 -0.002378 0.001135
v 0.005556 -0.002395 0.001685
v 0.005566 -0.002378 0.001688
v 0.005704 -0.002378 0.001135
v 0.005694 -0.002395 0.001133
v 0.00562 -0.002413 0.001406
v 0.005556 -0.002395 0.001685
v 0.005694 -0.002395 0.001133
v 0.005689 -0.002413 0.001132
v 0.001727 -0.002413 0.005694
v 0.001538 -0.002413 0.005741
v 0.001727 -0.002413 0.005694
v 0.001726 -0.002395 0.005688
v 0.00116 -0.002395 0.00583
v 0.001161 -0.002413 0.005836
v 0.001161 -0.002413 0.005836
v 0.001723 -0.002378 0.005679
v 0.001158 -0.002378 0.00582
v 0.001726 -0.002395 0.005688
v 0.001155 -0.002365 0.005806
v 0.001158 -0.002378 0.00582
v 0.001723 -0.002378 0.005679
v 0.001719 -0.002365 0.005665
v 0.001152 -0.002356 0.00579
v 0.001155 -0.002365 0.005806
v 0.001719 -0.002365 0.005665
v 0.001714 -0.002356 0.005649
v 0.001152 -0.002356 0.00579
v 0.001719 -0.002365 0.005665
v 0.001148 -0.002351 0.005772
v 0.001152 -0.002356 0.00579
v 0.001714 -0.002356 0.005649
v 0.001708 -0.002351 0.005631
v 0.001141 -0.002356 0.005734
v 0.001144 -0.002351 0.005753
v 0.001703 -0.002351 0.005613
v 0.001697 -0.002356 0.005595
v 0.001137 -0.002365 0.005718
v 0.001141 -0.002356 0.005734
v 0.001697 -0.002356 0.005595
v 0.001692 -0.002365 0.005579
v 0.001135 -0.002378 0.005704
v 0.001137 -0.002365 0.005718
v 0.001692 -0.002365 0.005579
v 0.001688 -0.002378 0.005566
v 0.001133 -0.002395 0.005694
v 0.001135 -0.002378 0.005704
v 0.001688 -0.002378 0.005566
v 0.001685 -0.002395 0.005556
v 0.001219 -0.002413 0.005667
v 0.001133 -0.002395 0.005694
v 0.001685 -0.002395 0.005556
v 0.001684 -0.002413 0.00555
v 0.003775 -0.002413 0.004599
v 0.004207 -0.002413 0.004207
v 0.003771 -0.002395 0.004595
v 0.003775 -0.002413 0.004599
v 0.003306 -0.002413 0.004947
v 0.003306 -0.002413 0.004947
v 0.004599 -0.002413 -0.003775
v 0.004207 -0.002413 -0.004207
v 0.004595 -0.002395 -0.003771
v 0.004599 -0.002413 -0.003775
v 0.004484 -0.002413 0.00368
v 0.004484 -0.002413 0.00368
v 0.004823 -0.002413 -0.003222
v 0.004823 -0.002413 -0.003222
v 0.001684 -0.002413 -0.00555
v 0.001685 -0.002395 -0.005556
v 0.00222 -0.002413 -0.005359
v 0.001685 -0.002395 -0.005556
v 0.001684 -0.002413 -0.00555
v 0.001161 -0.002413 -0.005836
v 0.001161 -0.002413 -0.005836
v 0.00555 -0.002413 -0.001684
v 0.00555 -0.002413 -0.001684
v 0.00271 -0.002413 0.005127
v 0.002737 -0.002395 0.00512
v 0.002734 -0.002413 0.005115
v 0.00271 -0.002413 0.005127
v 0.005921 -0.002413 0.000583
v 0.005921 -0.002413 0.000583
v 0.005767 -0.002413 0.000601
v 0.005772 -0.002413 0.000569
v 0.004599 -0.002413 0.003775
v 0.003775 -0.002413 -0.004599
v 0.004203 -0.002395 -0.004203
v 0.004207 -0.002413 -0.004207
v 0.002805 -0.002413 0.005247
v 0.00512 -0.002395 -0.002737
v 0.001727 -0.002413 -0.005694
v 0.003775 -0.002413 -0.004599
v 0.002222 -0.002395 -0.005364
v 0.000569 -0.002413 -0.005772
v 0 -0.002395 -0.005806
v 0 -0.002413 -0.0058
v 0.005921 -0.002413 -0.000583
v 0.00595 -0.002413 -0
v 0.005497 -0.002413 0.002277
v 0.005023 -0.002413 0.0029
v 0.00512 -0.002395 0.002737
v 0.005115 -0.002413 0.002734
v 0.000583 -0.002413 0.005921
v 0.005694 -0.002413 0.001727
v 0.00116 -0.002395 0.00583
v 0.001726 -0.002395 0.005688
v 0.001158 -0.002378 0.00582
v 0.00368 -0.002413 0.004484
v 0.003683 -0.002395 0.004488
v 0.00403 -0.002413 0.004166
v 0.003222 -0.002413 0.004823
v 0.004947 -0.002413 -0.003306
v 0.001132 -0.002413 -0.005689
v 0.001133 -0.002395 -0.005694
v 0.003222 -0.002413 -0.004823
v 0.003306 -0.002413 -0.004947
v 0.0058 -0.002413 -0
v 0.000583 -0.002413 -0.005921
v 0.005836 -0.002413 -0.001161
v 0.005772 -0.002413 -0.000569
v 0.005778 -0.002395 -0.000569
v 0.005712 -0.002413 -0.001007
v 0.005694 -0.002413 -0.001727
v 0.005359 -0.002413 0.00222
v 0.004823 -0.002413 0.003222
v 0.004827 -0.002395 0.003226
v 0.005023 -0.002413 0.0029
v 0.000409 -0.002413 0.00578
v 0.000569 -0.002395 0.005778
v 0.000569 -0.002413 0.005772
v 0.005836 -0.002413 0.001161
v 0.00555 -0.002413 0.001684
v 0.001684 -0.002413 0.00555
v 0.001685 -0.002395 0.005556
v 0.001984 -0.002413 0.00545
v 0.001219 -0.002413 0.005667
v 0.001132 -0.002413 0.005689
v 0.001133 -0.002395 0.005694
v 0.004203 -0.002395 0.004203
v 0.003765 -0.002378 0.004587
v 0.003771 -0.002395 0.004595
v 0.004203 -0.002395 0.004203
v 0.004196 -0.002378 0.004196
v 0.003756 -0.002365 0.004576
v 0.003765 -0.002378 0.004587
v 0.004196 -0.002378 0.004196
v 0.004186 -0.002365 0.004186
v 0.003756 -0.002365 0.004576
v 0.004196 -0.002378 0.004196
v 0.003745 -0.002356 0.004563
v 0.003756 -0.002365 0.004576
v 0.004186 -0.002365 0.004186
v 0.004174 -0.002356 0.004174
v 0.003733 -0.002351 0.004549
v 0.003745 -0.002356 0.004563
v 0.004174 -0.002356 0.004174
v 0.004161 -0.002351 0.004161
v 0.003733 -0.002351 0.004549
v 0.004174 -0.002356 0.004174
v 0.003709 -0.002356 0.00452
v 0.003721 -0.002351 0.004534
v 0.004147 -0.002351 0.004147
v 0.004134 -0.002356 0.004134
v 0.003709 -0.002356 0.00452
v 0.004147 -0.002351 0.004147
v 0.003698 -0.002365 0.004507
v 0.003709 -0.002356 0.00452
v 0.004134 -0.002356 0.004134
v 0.004122 -0.002365 0.004122
v 0.00369 -0.002378 0.004496
v 0.003698 -0.002365 0.004507
v 0.004122 -0.002365 0.004122
v 0.004112 -0.002378 0.004112
v 0.00369 -0.002378 0.004496
v 0.004122 -0.002365 0.004122
v 0.003683 -0.002395 0.004488
v 0.00369 -0.002378 0.004496
v 0.004112 -0.002378 0.004112
v 0.004105 -0.002395 0.004105
v 0.004105 -0.002395 0.004105
v 0.004101 -0.002413 0.004101
v 0.00403 -0.002413 0.004166
v 0.004105 -0.002395 0.004105
v -0.000577 -0.002351 -0.005856
v -0.000575 -0.002351 -0.005837
v -0.001148 -0.002351 -0.005772
v -0.001144 -0.002351 -0.005753
v -0.001708 -0.002351 -0.005631
v -0.001703 -0.002351 -0.005613
v -0.002252 -0.002351 -0.005437
v -0.002245 -0.002351 -0.005419
v -0.002774 -0.002351 -0.00519
v -0.002765 -0.002351 -0.005173
v -0.003269 -0.002351 -0.004893
v -0.003259 -0.002351 -0.004877
v -0.003733 -0.002351 -0.004549
v -0.003721 -0.002351 -0.004534
v -0.004161 -0.002351 -0.004161
v -0.004147 -0.002351 -0.004147
v -0.004549 -0.002351 -0.003733
v -0.004534 -0.002351 -0.003721
v -0.004893 -0.002351 -0.003269
v -0.004877 -0.002351 -0.003259
v -0.00519 -0.002351 -0.002774
v -0.005173 -0.002351 -0.002765
v -0.005437 -0.002351 -0.002252
v -0.005419 -0.002351 -0.002245
v -0.005631 -0.002351 -0.001708
v -0.005613 -0.002351 -0.001703
v -0.005772 -0.002351 -0.001148
v -0.005753 -0.002351 -0.001144
v -0.005856 -0.002351 -0.000577
v -0.005837 -0.002351 -0.000575
v -0.005885 -0.002351 -0
v -0.005865 -0.002351 -0
v -0.005856 -0.002351 0.000577
v -0.005837 -0.002351 0.000575
v -0.005772 -0.002351 0.001148
v -0.005753 -0.002351 0.001144
v -0.005631 -0.002351 0.001708
v -0.005613 -0.002351 0.001703
v -0.005437 -0.002351 0.002252
v -0.005419 -0.002351 0.002245
v -0.00519 -0.002351 0.002774
v -0.005173 -0.002351 0.002765
v -0.004893 -0.002351 0.003269
v -0.004877 -0.002351 0.003259
v -0.004549 -0.002351 0.003733
v -0.004534 -0.002351 0.003721
v -0.004161 -0.002351 0.004161
v -0.004147 -0.002351 0.004147
v -0.003733 -0.002351 0.004549
v -0.003721 -0.002351 0.004534
v -0.003269 -0.002351 0.004893
v -0.003259 -0.002351 0.004877
v -0.002774 -0.002351 0.00519
v -0.002765 -0.002351 0.005173
v -0.002252 -0.002351 0.005437
v -0.002245 -0.002351 0.005419
v -0.001708 -0.002351 0.005631
v -0.001703 -0.002351 0.005613
v -0.001148 -0.002351 0.005772
v -0.001144 -0.002351 0.005753
v -0.000577 -0.002351 0.005856
v -0.000575 -0.002351 0.005837
v -0 -0.002351 0.005885
v -0 -0.002351 0.005865
v -0.000573 -0.002356 -0.005819
v 0 -0.002365 -0.00583
v 0 -0.002356 -0.005847
v -0.000571 -0.002365 -0.005802
v -0.001141 -0.002356 -0.005734
v -0.000571 -0.002365 -0.005802
v -0.000573 -0.002356 -0.005819
v -0.001137 -0.002365 -0.005718
v -0.001697 -0.002356 -0.005595
v -0.001137 -0.002365 -0.005718
v -0.001141 -0.002356 -0.005734
v -0.001692 -0.002365 -0.005579
v -0.002237 -0.002356 -0.005402
v -0.001692 -0.002365 -0.005579
v -0.001697 -0.002356 -0.005595
v -0.002231 -0.002365 -0.005386
v -0.001692 -0.002365 -0.005579
v -0.002237 -0.002356 -0.005402
v -0.002756 -0.002356 -0.005156
v -0.002231 -0.002365 -0.005386
v -0.002237 -0.002356 -0.005402
v -0.002748 -0.002365 -0.005142
v -0.003248 -0.002356 -0.004861
v -0.002748 -0.002365 -0.005142
v -0.002756 -0.002356 -0.005156
v -0.003239 -0.002365 -0.004847
v -0.003709 -0.002356 -0.00452
v -0.003239 -0.002365 -0.004847
v -0.003248 -0.002356 -0.004861
v -0.003698 -0.002365 -0.004507
v -0.004134 -0.002356 -0.004134
v -0.003698 -0.002365 -0.004507
v -0.003709 -0.002356 -0.00452
v -0.004122 -0.002365 -0.004122
v -0.00452 -0.002356 -0.003709
v -0.004122 -0.002365 -0.004122
v -0.004134 -0.002356 -0.004134
v -0.004507 -0.002365 -0.003698
v -0.004861 -0.002356 -0.003248
v -0.004507 -0.002365 -0.003698
v -0.00452 -0.002356 -0.003709
v -0.004847 -0.002365 -0.003239
v -0.005156 -0.002356 -0.002756
v -0.004847 -0.002365 -0.003239
v -0.004861 -0.002356 -0.003248
v -0.005142 -0.002365 -0.002748
v -0.005402 -0.002356 -0.002237
v -0.005142 -0.002365 -0.002748
v -0.005156 -0.002356 -0.002756
v -0.005386 -0.002365 -0.002231
v -0.005595 -0.002356 -0.001697
v -0.005386 -0.002365 -0.002231
v -0.005402 -0.002356 -0.002237
v -0.005579 -0.002365 -0.001692
v -0.005734 -0.002356 -0.001141
v -0.005579 -0.002365 -0.001692
v -0.005595 -0.002356 -0.001697
v -0.005718 -0.002365 -0.001137
v -0.005579 -0.002365 -0.001692
v -0.005734 -0.002356 -0.001141
v -0.005819 -0.002356 -0.000573
v -0.005718 -0.002365 -0.001137
v -0.005734 -0.002356 -0.001141
v -0.005802 -0.002365 -0.000571
v -0.005847 -0.002356 -0
v -0.005802 -0.002365 -0.000571
v -0.005819 -0.002356 -0.000573
v -0.00583 -0.002365 -0
v -0.005819 -0.002356 0.000573
v -0.00583 -0.002365 -0
v -0.005847 -0.002356 -0
v -0.005802 -0.002365 0.000571
v -0.00583 -0.002365 -0
v -0.005819 -0.002356 0.000573
v -0.005734 -0.002356 0.001141
v -0.005802 -0.002365 0.000571
v -0.005819 -0.002356 0.000573
v -0.005718 -0.002365 0.001137
v -0.005595 -0.002356 0.001697
v -0.005718 -0.002365 0.001137
v -0.005734 -0.002356 0.001141
v -0.005579 -0.002365 0.001692
v -0.005718 -0.002365 0.001137
v -0.005595 -0.002356 0.001697
v -0.005402 -0.002356 0.002237
v -0.005579 -0.002365 0.001692
v -0.005595 -0.002356 0.001697
v -0.005386 -0.002365 0.002231
v -0.005156 -0.002356 0.002756
v -0.005386 -0.002365 0.002231
v -0.005402 -0.002356 0.002237
v -0.005142 -0.002365 0.002748
v -0.004861 -0.002356 0.003248
v -0.005142 -0.002365 0.002748
v -0.005156 -0.002356 0.002756
v -0.004847 -0.002365 0.003239
v -0.00452 -0.002356 0.003709
v -0.004847 -0.002365 0.003239
v -0.004861 -0.002356 0.003248
v -0.004507 -0.002365 0.003698
v -0.004134 -0.002356 0.004134
v -0.004507 -0.002365 0.003698
v -0.00452 -0.002356 0.003709
v -0.004122 -0.002365 0.004122
v -0.003709 -0.002356 0.00452
v -0.004122 -0.002365 0.004122
v -0.004134 -0.002356 0.004134
v -0.003698 -0.002365 0.004507
v -0.003248 -0.002356 0.004861
v -0.003698 -0.002365 0.004507
v -0.003709 -0.002356 0.00452
v -0.003239 -0.002365 0.004847
v -0.002756 -0.002356 0.005156
v -0.003239 -0.002365 0.004847
v -0.003248 -0.002356 0.004861
v -0.002748 -0.002365 0.005142
v -0.002237 -0.002356 0.005402
v -0.002748 -0.002365 0.005142
v -0.002756 -0.002356 0.005156
v -0.002231 -0.002365 0.005386
v -0.001697 -0.002356 0.005595
v -0.002231 -0.002365 0.005386
v -0.002237 -0.002356 0.005402
v -0.001692 -0.002365 0.005579
v -0.002231 -0.002365 0.005386
v -0.001697 -0.002356 0.005595
v -0.001141 -0.002356 0.005734
v -0.001692 -0.002365 0.005579
v -0.001697 -0.002356 0.005595
v -0.001137 -0.002365 0.005718
v -0.001692 -0.002365 0.005579
v -0.001141 -0.002356 0.005734
v -0.000573 -0.002356 0.005819
v -0.001137 -0.002365 0.005718
v -0.001141 -0.002356 0.005734
v -0.000571 -0.002365 0.005802
v -0 -0.002356 0.005847
v -0.000571 -0.002365 0.005802
v -0.000573 -0.002356 0.005819
v -0 -0.002365 0.00583
v 0.000573 -0.002356 0.005819
v -0 -0.002365 0.00583
v -0 -0.002356 0.005847
v 0.000571 -0.002365 0.005802
v -0.00369 -0.002378 0.004496
v -0.004112 -0.002378 0.004112
v -0.003698 -0.002365 0.004507
v -0.004105 -0.002395 0.004105
v -0.004112 -0.002378 0.004112
v -0.00369 -0.002378 0.004496
v -0.003683 -0.002395 0.004488
v -0.00403 -0.002413 0.004166
v -0.004105 -0.002395 0.004105
v -0.003683 -0.002395 0.004488
v -0.00368 -0.002413 0.004484
v -0.000575 -0.002351 -0.005837
v 0 -0.002356 -0.005847
v 0 -0.002351 -0.005865
v -0.000573 -0.002356 -0.005819
v -0.001144 -0.002351 -0.005753
v -0.000573 -0.002356 -0.005819
v -0.000575 -0.002351 -0.005837
v -0.001141 -0.002356 -0.005734
v -0.001703 -0.002351 -0.005613
v -0.001141 -0.002356 -0.005734
v -0.001144 -0.002351 -0.005753
v -0.001697 -0.002356 -0.005595
v -0.002245 -0.002351 -0.005419
v -0.001697 -0.002356 -0.005595
v -0.001703 -0.002351 -0.005613
v -0.002237 -0.002356 -0.005402
v -0.002765 -0.002351 -0.005173
v -0.002237 -0.002356 -0.005402
v -0.002245 -0.002351 -0.005419
v -0.002756 -0.002356 -0.005156
v -0.003259 -0.002351 -0.004877
v -0.002756 -0.002356 -0.005156
v -0.002765 -0.002351 -0.005173
v -0.003248 -0.002356 -0.004861
v -0.003721 -0.002351 -0.004534
v -0.003248 -0.002356 -0.004861
v -0.003259 -0.002351 -0.004877
v -0.003709 -0.002356 -0.00452
v -0.003248 -0.002356 -0.004861
v -0.003721 -0.002351 -0.004534
v -0.004147 -0.002351 -0.004147
v -0.003709 -0.002356 -0.00452
v -0.003721 -0.002351 -0.004534
v -0.004134 -0.002356 -0.004134
v -0.003709 -0.002356 -0.00452
v -0.004147 -0.002351 -0.004147
v -0.004534 -0.002351 -0.003721
v -0.004134 -0.002356 -0.004134
v -0.004147 -0.002351 -0.004147
v -0.00452 -0.002356 -0.003709
v -0.004877 -0.002351 -0.003259
v -0.00452 -0.002356 -0.003709
v -0.004534 -0.002351 -0.003721
v -0.004861 -0.002356 -0.003248
v -0.00452 -0.002356 -0.003709
v -0.004877 -0.002351 -0.003259
v -0.005173 -0.002351 -0.002765
v -0.004861 -0.002356 -0.003248
v -0.004877 -0.002351 -0.003259
v -0.005156 -0.002356 -0.002756
v -0.005419 -0.002351 -0.002245
v -0.005156 -0.002356 -0.002756
v -0.005173 -0.002351 -0.002765
v -0.005402 -0.002356 -0.002237
v -0.005613 -0.002351 -0.001703
v -0.005402 -0.002356 -0.002237
v -0.005419 -0.002351 -0.002245
v -0.005595 -0.002356 -0.001697
v -0.005753 -0.002351 -0.001144
v -0.005595 -0.002356 -0.001697
v -0.005613 -0.002351 -0.001703
v -0.005734 -0.002356 -0.001141
v -0.005837 -0.002351 -0.000575
v -0.005734 -0.002356 -0.001141
v -0.005753 -0.002351 -0.001144
v -0.005819 -0.002356 -0.000573
v -0.005865 -0.002351 -0
v -0.005819 -0.002356 -0.000573
v -0.005837 -0.002351 -0.000575
v -0.005847 -0.002356 -0
v -0.005837 -0.002351 0.000575
v -0.005847 -0.002356 -0
v -0.005865 -0.002351 -0
v -0.005819 -0.002356 0.000573
v -0.005753 -0.002351 0.001144
v -0.005819 -0.002356 0.000573
v -0.005837 -0.002351 0.000575
v -0.005734 -0.002356 0.001141
v -0.005613 -0.002351 0.001703
v -0.005734 -0.002356 0.001141
v -0.005753 -0.002351 0.001144
v -0.005595 -0.002356 0.001697
v -0.005419 -0.002351 0.002245
v -0.005595 -0.002356 0.001697
v -0.005613 -0.002351 0.001703
v -0.005402 -0.002356 0.002237
v -0.005595 -0.002356 0.001697
v -0.005419 -0.002351 0.002245
v -0.005173 -0.002351 0.002765
v -0.005402 -0.002356 0.002237
v -0.005419 -0.002351 0.002245
v -0.005156 -0.002356 0.002756
v -0.004877 -0.002351 0.003259
v -0.005156 -0.002356 0.002756
v -0.005173 -0.002351 0.002765
v -0.004861 -0.002356 0.003248
v -0.004534 -0.002351 0.003721
v -0.004861 -0.002356 0.003248
v -0.004877 -0.002351 0.003259
v -0.00452 -0.002356 0.003709
v -0.004861 -0.002356 0.003248
v -0.004534 -0.002351 0.003721
v -0.004147 -0.002351 0.004147
v -0.00452 -0.002356 0.003709
v -0.004534 -0.002351 0.003721
v -0.004134 -0.002356 0.004134
v -0.003721 -0.002351 0.004534
v -0.004134 -0.002356 0.004134
v -0.004147 -0.002351 0.004147
v -0.003709 -0.002356 0.00452
v -0.004134 -0.002356 0.004134
v -0.003721 -0.002351 0.004534
v -0.003259 -0.002351 0.004877
v -0.003709 -0.002356 0.00452
v -0.003721 -0.002351 0.004534
v -0.003248 -0.002356 0.004861
v -0.003709 -0.002356 0.00452
v -0.003259 -0.002351 0.004877
v -0.002765 -0.002351 0.005173
v -0.003248 -0.002356 0.004861
v -0.003259 -0.002351 0.004877
v -0.002756 -0.002356 0.005156
v -0.002245 -0.002351 0.005419
v -0.002756 -0.002356 0.005156
v -0.002765 -0.002351 0.005173
v -0.002237 -0.002356 0.005402
v -0.001703 -0.002351 0.005613
v -0.002237 -0.002356 0.005402
v -0.002245 -0.002351 0.005419
v -0.001697 -0.002356 0.005595
v -0.001144 -0.002351 0.005753
v -0.001697 -0.002356 0.005595
v -0.001703 -0.002351 0.005613
v -0.001141 -0.002356 0.005734
v -0.000575 -0.002351 0.005837
v -0.001141 -0.002356 0.005734
v -0.001144 -0.002351 0.005753
v -0.000573 -0.002356 0.005819
v -0 -0.002351 0.005865
v -0.000573 -0.002356 0.005819
v -0.000575 -0.002351 0.005837
v -0 -0.002356 0.005847
v 0.000575 -0.002351 0.005837
v -0 -0.002356 0.005847
v -0 -0.002351 0.005865
v 0.000573 -0.002356 0.005819
v -0.000571 -0.002365 -0.005802
v 0 -0.002378 -0.005816
v 0 -0.002365 -0.00583
v -0.00057 -0.002378 -0.005788
v -0.001137 -0.002365 -0.005718
v -0.00057 -0.002378 -0.005788
v -0.000571 -0.002365 -0.005802
v -0.001135 -0.002378 -0.005704
v -0.00057 -0.002378 -0.005788
v -0.001137 -0.002365 -0.005718
v -0.001692 -0.002365 -0.005579
v -0.001135 -0.002378 -0.005704
v -0.001137 -0.002365 -0.005718
v -0.001688 -0.002378 -0.005566
v -0.002231 -0.002365 -0.005386
v -0.001688 -0.002378 -0.005566
v -0.001692 -0.002365 -0.005579
v -0.002226 -0.002378 -0.005373
v -0.001688 -0.002378 -0.005566
v -0.002231 -0.002365 -0.005386
v -0.002748 -0.002365 -0.005142
v -0.002226 -0.002378 -0.005373
v -0.002231 -0.002365 -0.005386
v -0.002742 -0.002378 -0.005129
v -0.003239 -0.002365 -0.004847
v -0.002742 -0.002378 -0.005129
v -0.002748 -0.002365 -0.005142
v -0.003231 -0.002378 -0.004836
v -0.003698 -0.002365 -0.004507
v -0.003231 -0.002378 -0.004836
v -0.003239 -0.002365 -0.004847
v -0.00369 -0.002378 -0.004496
v -0.004122 -0.002365 -0.004122
v -0.00369 -0.002378 -0.004496
v -0.003698 -0.002365 -0.004507
v -0.004112 -0.002378 -0.004112
v -0.00369 -0.002378 -0.004496
v -0.004122 -0.002365 -0.004122
v -0.004507 -0.002365 -0.003698
v -0.004112 -0.002378 -0.004112
v -0.004122 -0.002365 -0.004122
v -0.004496 -0.002378 -0.00369
v -0.004112 -0.002378 -0.004112
v -0.004507 -0.002365 -0.003698
v -0.004847 -0.002365 -0.003239
v -0.004496 -0.002378 -0.00369
v -0.004507 -0.002365 -0.003698
v -0.004836 -0.002378 -0.003231
v -0.005142 -0.002365 -0.002748
v -0.004836 -0.002378 -0.003231
v -0.004847 -0.002365 -0.003239
v -0.005129 -0.002378 -0.002742
v -0.005386 -0.002365 -0.002231
v -0.005129 -0.002378 -0.002742
v -0.005142 -0.002365 -0.002748
v -0.005373 -0.002378 -0.002226
v -0.005579 -0.002365 -0.001692
v -0.005373 -0.002378 -0.002226
v -0.005386 -0.002365 -0.002231
v -0.005566 -0.002378 -0.001688
v -0.005373 -0.002378 -0.002226
v -0.005579 -0.002365 -0.001692
v -0.005718 -0.002365 -0.001137
v -0.005566 -0.002378 -0.001688
v -0.005579 -0.002365 -0.001692
v -0.005704 -0.002378 -0.001135
v -0.005802 -0.002365 -0.000571
v -0.005704 -0.002378 -0.001135
v -0.005718 -0.002365 -0.001137
v -0.005788 -0.002378 -0.00057
v -0.00583 -0.002365 -0
v -0.005788 -0.002378 -0.00057
v -0.005802 -0.002365 -0.000571
v -0.005816 -0.002378 -0
v -0.005802 -0.002365 0.000571
v -0.005816 -0.002378 -0
v -0.00583 -0.002365 -0
v -0.005788 -0.002378 0.00057
v -0.005718 -0.002365 0.001137
v -0.005788 -0.002378 0.00057
v -0.005802 -0.002365 0.000571
v -0.005704 -0.002378 0.001135
v -0.005579 -0.002365 0.001692
v -0.005704 -0.002378 0.001135
v -0.005718 -0.002365 0.001137
v -0.005566 -0.002378 0.001688
v -0.005386 -0.002365 0.002231
v -0.005566 -0.002378 0.001688
v -0.005579 -0.002365 0.001692
v -0.005373 -0.002378 0.002226
v -0.005142 -0.002365 0.002748
v -0.005373 -0.002378 0.002226
v -0.005386 -0.002365 0.002231
v -0.005129 -0.002378 0.002742
v -0.004847 -0.002365 0.003239
v -0.005129 -0.002378 0.002742
v -0.005142 -0.002365 0.002748
v -0.004836 -0.002378 0.003231
v -0.004507 -0.002365 0.003698
v -0.004836 -0.002378 0.003231
v -0.004847 -0.002365 0.003239
v -0.004496 -0.002378 0.00369
v -0.004122 -0.002365 0.004122
v -0.004496 -0.002378 0.00369
v -0.004507 -0.002365 0.003698
v -0.004112 -0.002378 0.004112
v -0.003698 -0.002365 0.004507
v -0.004112 -0.002378 0.004112
v -0.004122 -0.002365 0.004122
v -0.004105 -0.002395 0.004105
v -0.004488 -0.002395 0.003683
v -0.004112 -0.002378 0.004112
v -0.004484 -0.002413 0.00368
v -0.004488 -0.002395 0.003683
v -0.004105 -0.002395 0.004105
v -0.004101 -0.002413 0.004101
v -0.000579 -0.002356 -0.005875
v 0 -0.002351 -0.005885
v 0 -0.002356 -0.005903
v -0.000577 -0.002351 -0.005856
v -0.001152 -0.002356 -0.00579
v -0.000577 -0.002351 -0.005856
v -0.000579 -0.002356 -0.005875
v -0.001148 -0.002351 -0.005772
v -0.001714 -0.002356 -0.005649
v -0.001148 -0.002351 -0.005772
v -0.001152 -0.002356 -0.00579
v -0.001708 -0.002351 -0.005631
v -0.002259 -0.002356 -0.005454
v -0.001708 -0.002351 -0.005631
v -0.001714 -0.002356 -0.005649
v -0.002252 -0.002351 -0.005437
v -0.002783 -0.002356 -0.005206
v -0.002252 -0.002351 -0.005437
v -0.002259 -0.002356 -0.005454
v -0.002774 -0.002351 -0.00519
v -0.00328 -0.002356 -0.004908
v -0.002774 -0.002351 -0.00519
v -0.002783 -0.002356 -0.005206
v -0.003269 -0.002351 -0.004893
v -0.002774 -0.002351 -0.00519
v -0.00328 -0.002356 -0.004908
v -0.003745 -0.002356 -0.004563
v -0.003269 -0.002351 -0.004893
v -0.00328 -0.002356 -0.004908
v -0.003733 -0.002351 -0.004549
v -0.003269 -0.002351 -0.004893
v -0.003745 -0.002356 -0.004563
v -0.004174 -0.002356 -0.004174
v -0.003733 -0.002351 -0.004549
v -0.003745 -0.002356 -0.004563
v -0.004161 -0.002351 -0.004161
v -0.003733 -0.002351 -0.004549
v -0.004174 -0.002356 -0.004174
v -0.004563 -0.002356 -0.003745
v -0.004161 -0.002351 -0.004161
v -0.004174 -0.002356 -0.004174
v -0.004549 -0.002351 -0.003733
v -0.004908 -0.002356 -0.00328
v -0.004549 -0.002351 -0.003733
v -0.004563 -0.002356 -0.003745
v -0.004893 -0.002351 -0.003269
v -0.004549 -0.002351 -0.003733
v -0.004908 -0.002356 -0.00328
v -0.005206 -0.002356 -0.002783
v -0.004893 -0.002351 -0.003269
v -0.004908 -0.002356 -0.00328
v -0.00519 -0.002351 -0.002774
v -0.004893 -0.002351 -0.003269
v -0.005206 -0.002356 -0.002783
v -0.005454 -0.002356 -0.002259
v -0.00519 -0.002351 -0.002774
v -0.005206 -0.002356 -0.002783
v -0.005437 -0.002351 -0.002252
v -0.005649 -0.002356 -0.001714
v -0.005437 -0.002351 -0.002252
v -0.005454 -0.002356 -0.002259
v -0.005631 -0.002351 -0.001708
v -0.00579 -0.002356 -0.001152
v -0.005631 -0.002351 -0.001708
v -0.005649 -0.002356 -0.001714
v -0.005772 -0.002351 -0.001148
v -0.005875 -0.002356 -0.000579
v -0.005772 -0.002351 -0.001148
v -0.00579 -0.002356 -0.001152
v -0.005856 -0.002351 -0.000577
v -0.005903 -0.002356 -0
v -0.005856 -0.002351 -0.000577
v -0.005875 -0.002356 -0.000579
v -0.005885 -0.002351 -0
v -0.005875 -0.002356 0.000579
v -0.005885 -0.002351 -0
v -0.005903 -0.002356 -0
v -0.005856 -0.002351 0.000577
v -0.00579 -0.002356 0.001152
v -0.005856 -0.002351 0.000577
v -0.005875 -0.002356 0.000579
v -0.005772 -0.002351 0.001148
v -0.005649 -0.002356 0.001714
v -0.005772 -0.002351 0.001148
v -0.00579 -0.002356 0.001152
v -0.005631 -0.002351 0.001708
v -0.005454 -0.002356 0.002259
v -0.005631 -0.002351 0.001708
v -0.005649 -0.002356 0.001714
v -0.005437 -0.002351 0.002252
v -0.005206 -0.002356 0.002783
v -0.005437 -0.002351 0.002252
v -0.005454 -0.002356 0.002259
v -0.00519 -0.002351 0.002774
v -0.004908 -0.002356 0.00328
v -0.00519 -0.002351 0.002774
v -0.005206 -0.002356 0.002783
v -0.004893 -0.002351 0.003269
v -0.004563 -0.002356 0.003745
v -0.004893 -0.002351 0.003269
v -0.004908 -0.002356 0.00328
v -0.004549 -0.002351 0.003733
v -0.004893 -0.002351 0.003269
v -0.004563 -0.002356 0.003745
v -0.004174 -0.002356 0.004174
v -0.004549 -0.002351 0.003733
v -0.004563 -0.002356 0.003745
v -0.004161 -0.002351 0.004161
v -0.004549 -0.002351 0.003733
v -0.004174 -0.002356 0.004174
v -0.003745 -0.002356 0.004563
v -0.004161 -0.002351 0.004161
v -0.004174 -0.002356 0.004174
v -0.003733 -0.002351 0.004549
v -0.004161 -0.002351 0.004161
v -0.003745 -0.002356 0.004563
v -0.00328 -0.002356 0.004908
v -0.003733 -0.002351 0.004549
v -0.003745 -0.002356 0.004563
v -0.003269 -0.002351 0.004893
v -0.003733 -0.002351 0.004549
v -0.00328 -0.002356 0.004908
v -0.002783 -0.002356 0.005206
v -0.003269 -0.002351 0.004893
v -0.00328 -0.002356 0.004908
v -0.002774 -0.002351 0.00519
v -0.002259 -0.002356 0.005454
v -0.002774 -0.002351 0.00519
v -0.002783 -0.002356 0.005206
v -0.002252 -0.002351 0.005437
v -0.001714 -0.002356 0.005649
v -0.002252 -0.002351 0.005437
v -0.002259 -0.002356 0.005454
v -0.001708 -0.002351 0.005631
v -0.001152 -0.002356 0.00579
v -0.001708 -0.002351 0.005631
v -0.001714 -0.002356 0.005649
v -0.001148 -0.002351 0.005772
v -0.000579 -0.002356 0.005875
v -0.001148 -0.002351 0.005772
v -0.001152 -0.002356 0.00579
v -0.000577 -0.002351 0.005856
v -0 -0.002356 0.005903
v -0.000577 -0.002351 0.005856
v -0.000579 -0.002356 0.005875
v -0 -0.002351 0.005885
v 0.000579 -0.002356 0.005875
v -0 -0.002351 0.005885
v -0 -0.002356 0.005903
v 0.000577 -0.002351 0.005856
v -0.00058 -0.002365 -0.005892
v 0 -0.002356 -0.005903
v 0 -0.002365 -0.00592
v -0.000579 -0.002356 -0.005875
v -0.001155 -0.002365 -0.005806
v -0.000579 -0.002356 -0.005875
v -0.00058 -0.002365 -0.005892
v -0.001152 -0.002356 -0.00579
v -0.001719 -0.002365 -0.005665
v -0.001152 -0.002356 -0.00579
v -0.001155 -0.002365 -0.005806
v -0.001714 -0.002356 -0.005649
v -0.001152 -0.002356 -0.00579
v -0.001719 -0.002365 -0.005665
v -0.002266 -0.002365 -0.00547
v -0.001714 -0.002356 -0.005649
v -0.001719 -0.002365 -0.005665
v -0.002259 -0.002356 -0.005454
v -0.001714 -0.002356 -0.005649
v -0.002266 -0.002365 -0.00547
v -0.002791 -0.002365 -0.005221
v -0.002259 -0.002356 -0.005454
v -0.002266 -0.002365 -0.00547
v -0.002783 -0.002356 -0.005206
v -0.002259 -0.002356 -0.005454
v -0.002791 -0.002365 -0.005221
v -0.003289 -0.002365 -0.004922
v -0.002783 -0.002356 -0.005206
v -0.002791 -0.002365 -0.005221
v -0.00328 -0.002356 -0.004908
v -0.003756 -0.002365 -0.004576
v -0.00328 -0.002356 -0.004908
v -0.003289 -0.002365 -0.004922
v -0.003745 -0.002356 -0.004563
v -0.004186 -0.002365 -0.004186
v -0.003745 -0.002356 -0.004563
v -0.003756 -0.002365 -0.004576
v -0.004174 -0.002356 -0.004174
v -0.004576 -0.002365 -0.003756
v -0.004174 -0.002356 -0.004174
v -0.004186 -0.002365 -0.004186
v -0.004563 -0.002356 -0.003745
v -0.004922 -0.002365 -0.003289
v -0.004563 -0.002356 -0.003745
v -0.004576 -0.002365 -0.003756
v -0.004908 -0.002356 -0.00328
v -0.005221 -0.002365 -0.002791
v -0.004908 -0.002356 -0.00328
v -0.004922 -0.002365 -0.003289
v -0.005206 -0.002356 -0.002783
v -0.00547 -0.002365 -0.002266
v -0.005206 -0.002356 -0.002783
v -0.005221 -0.002365 -0.002791
v -0.005454 -0.002356 -0.002259
v -0.005665 -0.002365 -0.001719
v -0.005454 -0.002356 -0.002259
v -0.00547 -0.002365 -0.002266
v -0.005649 -0.002356 -0.001714
v -0.005806 -0.002365 -0.001155
v -0.005649 -0.002356 -0.001714
v -0.005665 -0.002365 -0.001719
v -0.00579 -0.002356 -0.001152
v -0.005892 -0.002365 -0.00058
v -0.00579 -0.002356 -0.001152
v -0.005806 -0.002365 -0.001155
v -0.005875 -0.002356 -0.000579
v -0.00592 -0.002365 -0
v -0.005875 -0.002356 -0.000579
v -0.005892 -0.002365 -0.00058
v -0.005903 -0.002356 -0
v -0.005892 -0.002365 0.00058
v -0.005903 -0.002356 -0
v -0.00592 -0.002365 -0
v -0.005875 -0.002356 0.000579
v -0.005806 -0.002365 0.001155
v -0.005875 -0.002356 0.000579
v -0.005892 -0.002365 0.00058
v -0.00579 -0.002356 0.001152
v -0.005665 -0.002365 0.001719
v -0.00579 -0.002356 0.001152
v -0.005806 -0.002365 0.001155
v -0.005649 -0.002356 0.001714
v -0.00547 -0.002365 0.002266
v -0.005649 -0.002356 0.001714
v -0.005665 -0.002365 0.001719
v -0.005454 -0.002356 0.002259
v -0.005221 -0.002365 0.002791
v -0.005454 -0.002356 0.002259
v -0.00547 -0.002365 0.002266
v -0.005206 -0.002356 0.002783
v -0.004922 -0.002365 0.003289
v -0.005206 -0.002356 0.002783
v -0.005221 -0.002365 0.002791
v -0.004908 -0.002356 0.00328
v -0.004576 -0.002365 0.003756
v -0.004908 -0.002356 0.00328
v -0.004922 -0.002365 0.003289
v -0.004563 -0.002356 0.003745
v -0.004186 -0.002365 0.004186
v -0.004563 -0.002356 0.003745
v -0.004576 -0.002365 0.003756
v -0.004174 -0.002356 0.004174
v -0.003756 -0.002365 0.004576
v -0.004174 -0.002356 0.004174
v -0.004186 -0.002365 0.004186
v -0.003745 -0.002356 0.004563
v -0.003289 -0.002365 0.004922
v -0.003745 -0.002356 0.004563
v -0.003756 -0.002365 0.004576
v -0.00328 -0.002356 0.004908
v -0.002791 -0.002365 0.005221
v -0.00328 -0.002356 0.004908
v -0.003289 -0.002365 0.004922
v -0.002783 -0.002356 0.005206
v -0.002266 -0.002365 0.00547
v -0.002783 -0.002356 0.005206
v -0.002791 -0.002365 0.005221
v -0.002259 -0.002356 0.005454
v -0.002783 -0.002356 0.005206
v -0.002266 -0.002365 0.00547
v -0.001719 -0.002365 0.005665
v -0.002259 -0.002356 0.005454
v -0.002266 -0.002365 0.00547
v -0.001714 -0.002356 0.005649
v -0.002259 -0.002356 0.005454
v -0.001719 -0.002365 0.005665
v -0.001155 -0.002365 0.005806
v -0.001714 -0.002356 0.005649
v -0.001719 -0.002365 0.005665
v -0.001152 -0.002356 0.00579
v -0.001714 -0.002356 0.005649
v -0.001155 -0.002365 0.005806
v -0.00058 -0.002365 0.005892
v -0.001152 -0.002356 0.00579
v -0.001155 -0.002365 0.005806
v -0.000579 -0.002356 0.005875
v -0 -0.002365 0.00592
v -0.000579 -0.002356 0.005875
v -0.00058 -0.002365 0.005892
v -0 -0.002356 0.005903
v 0.00058 -0.002365 0.005892
v -0 -0.002356 0.005903
v -0 -0.002365 0.00592
v 0.000579 -0.002356 0.005875
v -0.000582 -0.002378 -0.005906
v 0 -0.002365 -0.00592
v 0 -0.002378 -0.005934
v -0.00058 -0.002365 -0.005892
v -0.001158 -0.002378 -0.00582
v -0.00058 -0.002365 -0.005892
v -0.000582 -0.002378 -0.005906
v -0.001155 -0.002365 -0.005806
v -0.00058 -0.002365 -0.005892
v -0.001158 -0.002378 -0.00582
v -0.001723 -0.002378 -0.005679
v -0.001155 -0.002365 -0.005806
v -0.001158 -0.002378 -0.00582
v -0.001719 -0.002365 -0.005665
v -0.002271 -0.002378 -0.005482
v -0.001719 -0.002365 -0.005665
v -0.001723 -0.002378 -0.005679
v -0.002266 -0.002365 -0.00547
v -0.001719 -0.002365 -0.005665
v -0.002271 -0.002378 -0.005482
v -0.002797 -0.002378 -0.005233
v -0.002266 -0.002365 -0.00547
v -0.002271 -0.002378 -0.005482
v -0.002791 -0.002365 -0.005221
v -0.003297 -0.002378 -0.004934
v -0.002791 -0.002365 -0.005221
v -0.002797 -0.002378 -0.005233
v -0.003289 -0.002365 -0.004922
v -0.003765 -0.002378 -0.004587
v -0.003289 -0.002365 -0.004922
v -0.003297 -0.002378 -0.004934
v -0.003756 -0.002365 -0.004576
v -0.004196 -0.002378 -0.004196
v -0.003756 -0.002365 -0.004576
v -0.003765 -0.002378 -0.004587
v -0.004186 -0.002365 -0.004186
v -0.004587 -0.002378 -0.003765
v -0.004186 -0.002365 -0.004186
v -0.004196 -0.002378 -0.004196
v -0.004576 -0.002365 -0.003756
v -0.004934 -0.002378 -0.003297
v -0.004576 -0.002365 -0.003756
v -0.004587 -0.002378 -0.003765
v -0.004922 -0.002365 -0.003289
v -0.005233 -0.002378 -0.002797
v -0.004922 -0.002365 -0.003289
v -0.004934 -0.002378 -0.003297
v -0.005221 -0.002365 -0.002791
v -0.005482 -0.002378 -0.002271
v -0.005221 -0.002365 -0.002791
v -0.005233 -0.002378 -0.002797
v -0.00547 -0.002365 -0.002266
v -0.005679 -0.002378 -0.001723
v -0.00547 -0.002365 -0.002266
v -0.005482 -0.002378 -0.002271
v -0.005665 -0.002365 -0.001719
v -0.00547 -0.002365 -0.002266
v -0.005679 -0.002378 -0.001723
v -0.00582 -0.002378 -0.001158
v -0.005665 -0.002365 -0.001719
v -0.005679 -0.002378 -0.001723
v -0.005806 -0.002365 -0.001155
v -0.005906 -0.002378 -0.000582
v -0.005806 -0.002365 -0.001155
v -0.00582 -0.002378 -0.001158
v -0.005892 -0.002365 -0.00058
v -0.005806 -0.002365 -0.001155
v -0.005906 -0.002378 -0.000582
v -0.005934 -0.002378 -0
v -0.005892 -0.002365 -0.00058
v -0.005906 -0.002378 -0.000582
v -0.00592 -0.002365 -0
v -0.005906 -0.002378 0.000582
v -0.00592 -0.002365 -0
v -0.005934 -0.002378 -0
v -0.005892 -0.002365 0.00058
v -0.00582 -0.002378 0.001158
v -0.005892 -0.002365 0.00058
v -0.005906 -0.002378 0.000582
v -0.005806 -0.002365 0.001155
v -0.005892 -0.002365 0.00058
v -0.00582 -0.002378 0.001158
v -0.005679 -0.002378 0.001723
v -0.005806 -0.002365 0.001155
v -0.00582 -0.002378 0.001158
v -0.005665 -0.002365 0.001719
v -0.005482 -0.002378 0.002271
v -0.005665 -0.002365 0.001719
v -0.005679 -0.002378 0.001723
v -0.00547 -0.002365 0.002266
v -0.005665 -0.002365 0.001719
v -0.005482 -0.002378 0.002271
v -0.005233 -0.002378 0.002797
v -0.00547 -0.002365 0.002266
v -0.005482 -0.002378 0.002271
v -0.005221 -0.002365 0.002791
v -0.004934 -0.002378 0.003297
v -0.005221 -0.002365 0.002791
v -0.005233 -0.002378 0.002797
v -0.004922 -0.002365 0.003289
v -0.004587 -0.002378 0.003765
v -0.004922 -0.002365 0.003289
v -0.004934 -0.002378 0.003297
v -0.004576 -0.002365 0.003756
v -0.004196 -0.002378 0.004196
v -0.004576 -0.002365 0.003756
v -0.004587 -0.002378 0.003765
v -0.004186 -0.002365 0.004186
v -0.004576 -0.002365 0.003756
v -0.004196 -0.002378 0.004196
v -0.003765 -0.002378 0.004587
v -0.004186 -0.002365 0.004186
v -0.004196 -0.002378 0.004196
v -0.003756 -0.002365 0.004576
v -0.004186 -0.002365 0.004186
v -0.003765 -0.002378 0.004587
v -0.003297 -0.002378 0.004934
v -0.003756 -0.002365 0.004576
v -0.003765 -0.002378 0.004587
v -0.003289 -0.002365 0.004922
v -0.002797 -0.002378 0.005233
v -0.003289 -0.002365 0.004922
v -0.003297 -0.002378 0.004934
v -0.002791 -0.002365 0.005221
v -0.002271 -0.002378 0.005482
v -0.002791 -0.002365 0.005221
v -0.002797 -0.002378 0.005233
v -0.002266 -0.002365 0.00547
v -0.001723 -0.002378 0.005679
v -0.002266 -0.002365 0.00547
v -0.002271 -0.002378 0.005482
v -0.001719 -0.002365 0.005665
v -0.002266 -0.002365 0.00547
v -0.001723 -0.002378 0.005679
v -0.001158 -0.002378 0.00582
v -0.001719 -0.002365 0.005665
v -0.001723 -0.002378 0.005679
v -0.001155 -0.002365 0.005806
v -0.000582 -0.002378 0.005906
v -0.001155 -0.002365 0.005806
v -0.001158 -0.002378 0.00582
v -0.00058 -0.002365 0.005892
v -0 -0.002378 0.005934
v -0.00058 -0.002365 0.005892
v -0.000582 -0.002378 0.005906
v -0 -0.002365 0.00592
v 0.000582 -0.002378 0.005906
v -0 -0.002365 0.00592
v -0 -0.002378 0.005934
v 0.00058 -0.002365 0.005892
v -0.000583 -0.002395 -0.005916
v 0 -0.002378 -0.005934
v 0 -0.002395 -0.005944
v -0.000582 -0.002378 -0.005906
v -0.00116 -0.002395 -0.00583
v -0.000582 -0.002378 -0.005906
v -0.000583 -0.002395 -0.005916
v -0.001158 -0.002378 -0.00582
v -0.001726 -0.002395 -0.005688
v -0.001158 -0.002378 -0.00582
v -0.00116 -0.002395 -0.00583
v -0.001723 -0.002378 -0.005679
v -0.001158 -0.002378 -0.00582
v -0.001726 -0.002395 -0.005688
v -0.002275 -0.002395 -0.005492
v -0.001723 -0.002378 -0.005679
v -0.001726 -0.002395 -0.005688
v -0.002271 -0.002378 -0.005482
v -0.001723 -0.002378 -0.005679
v -0.002275 -0.002395 -0.005492
v -0.002802 -0.002395 -0.005242
v -0.002271 -0.002378 -0.005482
v -0.002275 -0.002395 -0.005492
v -0.002797 -0.002378 -0.005233
v -0.003302 -0.002395 -0.004942
v -0.002797 -0.002378 -0.005233
v -0.002802 -0.002395 -0.005242
v -0.003297 -0.002378 -0.004934
v -0.002797 -0.002378 -0.005233
v -0.003302 -0.002395 -0.004942
v -0.003771 -0.002395 -0.004595
v -0.003297 -0.002378 -0.004934
v -0.003302 -0.002395 -0.004942
v -0.003765 -0.002378 -0.004587
v -0.003297 -0.002378 -0.004934
v -0.003771 -0.002395 -0.004595
v -0.004203 -0.002395 -0.004203
v -0.003765 -0.002378 -0.004587
v -0.003771 -0.002395 -0.004595
v -0.004196 -0.002378 -0.004196
v -0.004595 -0.002395 -0.003771
v -0.004196 -0.002378 -0.004196
v -0.004203 -0.002395 -0.004203
v -0.004587 -0.002378 -0.003765
v -0.004942 -0.002395 -0.003302
v -0.004587 -0.002378 -0.003765
v -0.004595 -0.002395 -0.003771
v -0.004934 -0.002378 -0.003297
v -0.004587 -0.002378 -0.003765
v -0.004942 -0.002395 -0.003302
v -0.005242 -0.002395 -0.002802
v -0.004934 -0.002378 -0.003297
v -0.004942 -0.002395 -0.003302
v -0.005233 -0.002378 -0.002797
v -0.004934 -0.002378 -0.003297
v -0.005242 -0.002395 -0.002802
v -0.005492 -0.002395 -0.002275
v -0.005233 -0.002378 -0.002797
v -0.005242 -0.002395 -0.002802
v -0.005482 -0.002378 -0.002271
v -0.005233 -0.002378 -0.002797
v -0.005492 -0.002395 -0.002275
v -0.005688 -0.002395 -0.001726
v -0.005482 -0.002378 -0.002271
v -0.005492 -0.002395 -0.002275
v -0.005679 -0.002378 -0.001723
v -0.00583 -0.002395 -0.00116
v -0.005679 -0.002378 -0.001723
v -0.005688 -0.002395 -0.001726
v -0.00582 -0.002378 -0.001158
v -0.005916 -0.002395 -0.000583
v -0.00582 -0.002378 -0.001158
v -0.00583 -0.002395 -0.00116
v -0.005906 -0.002378 -0.000582
v -0.005944 -0.002395 -0
v -0.005906 -0.002378 -0.000582
v -0.005916 -0.002395 -0.000583
v -0.005934 -0.002378 -0
v -0.005916 -0.002395 0.000583
v -0.005934 -0.002378 -0
v -0.005944 -0.002395 -0
v -0.005906 -0.002378 0.000582
v -0.00583 -0.002395 0.00116
v -0.005906 -0.002378 0.000582
v -0.005916 -0.002395 0.000583
v -0.00582 -0.002378 0.001158
v -0.005688 -0.002395 0.001726
v -0.00582 -0.002378 0.001158
v -0.00583 -0.002395 0.00116
v -0.005679 -0.002378 0.001723
v -0.005492 -0.002395 0.002275
v -0.005679 -0.002378 0.001723
v -0.005688 -0.002395 0.001726
v -0.005482 -0.002378 0.002271
v -0.005679 -0.002378 0.001723
v -0.005492 -0.002395 0.002275
v -0.005242 -0.002395 0.002802
v -0.005482 -0.002378 0.002271
v -0.005492 -0.002395 0.002275
v -0.005233 -0.002378 0.002797
v -0.005482 -0.002378 0.002271
v -0.005242 -0.002395 0.002802
v -0.004942 -0.002395 0.003302
v -0.005233 -0.002378 0.002797
v -0.005242 -0.002395 0.002802
v -0.004934 -0.002378 0.003297
v -0.004595 -0.002395 0.003771
v -0.004934 -0.002378 0.003297
v -0.004942 -0.002395 0.003302
v -0.004587 -0.002378 0.003765
v -0.004203 -0.002395 0.004203
v -0.004587 -0.002378 0.003765
v -0.004595 -0.002395 0.003771
v -0.004196 -0.002378 0.004196
v -0.004587 -0.002378 0.003765
v -0.004203 -0.002395 0.004203
v -0.003771 -0.002395 0.004595
v -0.004196 -0.002378 0.004196
v -0.004203 -0.002395 0.004203
v -0.003765 -0.002378 0.004587
v -0.003302 -0.002395 0.004942
v -0.003765 -0.002378 0.004587
v -0.003771 -0.002395 0.004595
v -0.003297 -0.002378 0.004934
v -0.003765 -0.002378 0.004587
v -0.003302 -0.002395 0.004942
v -0.002802 -0.002395 0.005242
v -0.003297 -0.002378 0.004934
v -0.003302 -0.002395 0.004942
v -0.002797 -0.002378 0.005233
v -0.003297 -0.002378 0.004934
v -0.002802 -0.002395 0.005242
v -0.002275 -0.002395 0.005492
v -0.002797 -0.002378 0.005233
v -0.002802 -0.002395 0.005242
v -0.002271 -0.002378 0.005482
v -0.001726 -0.002395 0.005688
v -0.002271 -0.002378 0.005482
v -0.002275 -0.002395 0.005492
v -0.001723 -0.002378 0.005679
v -0.002271 -0.002378 0.005482
v -0.001726 -0.002395 0.005688
v -0.00116 -0.002395 0.00583
v -0.001723 -0.002378 0.005679
v -0.001726 -0.002395 0.005688
v -0.001158 -0.002378 0.00582
v -0.001723 -0.002378 0.005679
v -0.00116 -0.002395 0.00583
v -0.000583 -0.002395 0.005916
v -0.001158 -0.002378 0.00582
v -0.00116 -0.002395 0.00583
v -0.000582 -0.002378 0.005906
v -0 -0.002395 0.005944
v -0.000582 -0.002378 0.005906
v -0.000583 -0.002395 0.005916
v -0 -0.002378 0.005934
v 0.000583 -0.002395 0.005916
v -0 -0.002378 0.005934
v -0 -0.002395 0.005944
v 0.000582 -0.002378 0.005906
v -0.003231 -0.002378 0.004836
v -0.00369 -0.002378 0.004496
v -0.003239 -0.002365 0.004847
v -0.003683 -0.002395 0.004488
v -0.00369 -0.002378 0.004496
v -0.003231 -0.002378 0.004836
v -0.003226 -0.002395 0.004827
v -0.003683 -0.002395 0.004488
v -0.003231 -0.002378 0.004836
v -0.003401 -0.002413 0.00469
v -0.003683 -0.002395 0.004488
v -0.003226 -0.002395 0.004827
v -0.003222 -0.002413 0.004823
v -0.003226 -0.002395 0.004827
v -0.002737 -0.002395 0.00512
v -0.003222 -0.002413 0.004823
v -0.002742 -0.002378 0.005129
v -0.002737 -0.002395 0.00512
v -0.003226 -0.002395 0.004827
v -0.003231 -0.002378 0.004836
v -0.002748 -0.002365 0.005142
v -0.002742 -0.002378 0.005129
v -0.003231 -0.002378 0.004836
v -0.003239 -0.002365 0.004847
v -0.002226 -0.002378 0.005373
v -0.002742 -0.002378 0.005129
v -0.002231 -0.002365 0.005386
v -0.002737 -0.002395 0.00512
v -0.002742 -0.002378 0.005129
v -0.002226 -0.002378 0.005373
v -0.002222 -0.002395 0.005364
v -0.00271 -0.002413 0.005127
v -0.002737 -0.002395 0.00512
v -0.002222 -0.002395 0.005364
v -0.00222 -0.002413 0.005359
v -0.002802 -0.002395 0.005242
v -0.002805 -0.002413 0.005247
v -0.002277 -0.002413 0.005497
v -0.002805 -0.002413 0.005247
v -0.002802 -0.002395 0.005242
v -0.005364 -0.002395 0.002222
v -0.005371 -0.002413 0.002186
v -0.00555 -0.002413 0.001684
v -0.005359 -0.002413 0.00222
v -0.00512 -0.002395 0.002737
v -0.005359 -0.002413 0.00222
v -0.005364 -0.002395 0.002222
v -0.005115 -0.002413 0.002734
v -0.005023 -0.002413 0.0029
v -0.005115 -0.002413 0.002734
v -0.00512 -0.002395 0.002737
v -0.004942 -0.002395 0.003302
v -0.004947 -0.002413 0.003306
v -0.005147 -0.002413 0.002972
v -0.004947 -0.002413 0.003306
v -0.004942 -0.002395 0.003302
v -0.005242 -0.002395 0.002802
v -0.005247 -0.002413 0.002805
v -0.005492 -0.002395 0.002275
v -0.005247 -0.002413 0.002805
v -0.005242 -0.002395 0.002802
v -0.005497 -0.002413 0.002277
v -0.005688 -0.002395 0.001726
v -0.005497 -0.002413 0.002277
v -0.005492 -0.002395 0.002275
v -0.005694 -0.002413 0.001727
v -0.005741 -0.002413 0.001538
v -0.005694 -0.002413 0.001727
v -0.005688 -0.002395 0.001726
v -0.00057 -0.002378 -0.005788
v 0 -0.002395 -0.005806
v 0 -0.002378 -0.005816
v -0.000569 -0.002395 -0.005778
v -0.001135 -0.002378 -0.005704
v -0.000569 -0.002395 -0.005778
v -0.00057 -0.002378 -0.005788
v -0.001133 -0.002395 -0.005694
v -0.001688 -0.002378 -0.005566
v -0.001133 -0.002395 -0.005694
v -0.001135 -0.002378 -0.005704
v -0.001685 -0.002395 -0.005556
v -0.002226 -0.002378 -0.005373
v -0.001685 -0.002395 -0.005556
v -0.001688 -0.002378 -0.005566
v -0.002222 -0.002395 -0.005364
v -0.001685 -0.002395 -0.005556
v -0.002226 -0.002378 -0.005373
v -0.002742 -0.002378 -0.005129
v -0.002222 -0.002395 -0.005364
v -0.002226 -0.002378 -0.005373
v -0.002737 -0.002395 -0.00512
v -0.003231 -0.002378 -0.004836
v -0.002737 -0.002395 -0.00512
v -0.002742 -0.002378 -0.005129
v -0.003226 -0.002395 -0.004827
v -0.00369 -0.002378 -0.004496
v -0.003226 -0.002395 -0.004827
v -0.003231 -0.002378 -0.004836
v -0.003683 -0.002395 -0.004488
v -0.003226 -0.002395 -0.004827
v -0.00369 -0.002378 -0.004496
v -0.004112 -0.002378 -0.004112
v -0.003683 -0.002395 -0.004488
v -0.00369 -0.002378 -0.004496
v -0.004105 -0.002395 -0.004105
v -0.004496 -0.002378 -0.00369
v -0.004105 -0.002395 -0.004105
v -0.004112 -0.002378 -0.004112
v -0.004488 -0.002395 -0.003683
v -0.004836 -0.002378 -0.003231
v -0.004488 -0.002395 -0.003683
v -0.004496 -0.002378 -0.00369
v -0.004827 -0.002395 -0.003226
v -0.004488 -0.002395 -0.003683
v -0.004836 -0.002378 -0.003231
v -0.005129 -0.002378 -0.002742
v -0.004827 -0.002395 -0.003226
v -0.004836 -0.002378 -0.003231
v -0.00512 -0.002395 -0.002737
v -0.005373 -0.002378 -0.002226
v -0.00512 -0.002395 -0.002737
v -0.005129 -0.002378 -0.002742
v -0.005364 -0.002395 -0.002222
v -0.005566 -0.002378 -0.001688
v -0.005364 -0.002395 -0.002222
v -0.005373 -0.002378 -0.002226
v -0.005556 -0.002395 -0.001685
v -0.005704 -0.002378 -0.001135
v -0.005556 -0.002395 -0.001685
v -0.005566 -0.002378 -0.001688
v -0.005694 -0.002395 -0.001133
v -0.005788 -0.002378 -0.00057
v -0.005694 -0.002395 -0.001133
v -0.005704 -0.002378 -0.001135
v -0.005778 -0.002395 -0.000569
v -0.005816 -0.002378 -0
v -0.005778 -0.002395 -0.000569
v -0.005788 -0.002378 -0.00057
v -0.005806 -0.002395 -0
v -0.005788 -0.002378 0.00057
v -0.005806 -0.002395 -0
v -0.005816 -0.002378 -0
v -0.005778 -0.002395 0.000569
v -0.005704 -0.002378 0.001135
v -0.005778 -0.002395 0.000569
v -0.005788 -0.002378 0.00057
v -0.005694 -0.002395 0.001133
v -0.005566 -0.002378 0.001688
v -0.005694 -0.002395 0.001133
v -0.005704 -0.002378 0.001135
v -0.005556 -0.002395 0.001685
v -0.005373 -0.002378 0.002226
v -0.005556 -0.002395 0.001685
v -0.005566 -0.002378 0.001688
v -0.005364 -0.002395 0.002222
v -0.005129 -0.002378 0.002742
v -0.005364 -0.002395 0.002222
v -0.005373 -0.002378 0.002226
v -0.00512 -0.002395 0.002737
v -0.004836 -0.002378 0.003231
v -0.00512 -0.002395 0.002737
v -0.005129 -0.002378 0.002742
v -0.004827 -0.002395 0.003226
v -0.004496 -0.002378 0.00369
v -0.004827 -0.002395 0.003226
v -0.004836 -0.002378 0.003231
v -0.004488 -0.002395 0.003683
v -0.004827 -0.002395 0.003226
v -0.004496 -0.002378 0.00369
v -0.004496 -0.002378 0.00369
v -0.005556 -0.002395 0.001685
v -0.00562 -0.002413 0.001406
v -0.005556 -0.002395 0.001685
v -0.00555 -0.002413 0.001684
v -0.005694 -0.002395 0.001133
v -0.005689 -0.002413 0.001132
v -0.005767 -0.002413 0.000601
v -0.005689 -0.002413 0.001132
v -0.005694 -0.002395 0.001133
v -0.004575 -0.002413 0.003556
v -0.004488 -0.002395 0.003683
v -0.004484 -0.002413 0.00368
v -0.004827 -0.002395 0.003226
v -0.004823 -0.002413 0.003222
v -0.005023 -0.002413 0.0029
v -0.004827 -0.002395 0.003226
v -0.004823 -0.002413 0.003222
v -0.00583 -0.002395 0.00116
v -0.005836 -0.002413 0.001161
v -0.005893 -0.002413 0.000776
v -0.005836 -0.002413 0.001161
v -0.00583 -0.002395 0.00116
v -0.005916 -0.002395 0.000583
v -0.005921 -0.002413 0.000583
v -0.005944 -0.002395 -0
v -0.005921 -0.002413 0.000583
v -0.005916 -0.002395 0.000583
v -0.00595 -0.002413 -0
v -0.005916 -0.002395 -0.000583
v -0.00595 -0.002413 -0
v -0.005944 -0.002395 -0
v -0.005921 -0.002413 -0.000583
v -0.005893 -0.002413 -0.000776
v -0.005921 -0.002413 -0.000583
v -0.005916 -0.002395 -0.000583
v -0 -0.002395 0.005944
v 0.000583 -0.002413 0.005921
v 0.000583 -0.002395 0.005916
v -0 -0.002413 0.00595
v -0.000583 -0.002395 0.005916
v -0 -0.002413 0.00595
v -0 -0.002395 0.005944
v -0.000583 -0.002413 0.005921
v -0.000776 -0.002413 0.005893
v -0.000583 -0.002413 0.005921
v -0.000583 -0.002395 0.005916
v -0.000569 -0.002395 -0.005778
v 0 -0.002413 -0.0058
v 0 -0.002395 -0.005806
v -0.000569 -0.002413 -0.005772
v 0 -0.002413 -0.0058
v -0.000569 -0.002395 -0.005778
v -0.000792 -0.002413 -0.005739
v -0.000569 -0.002413 -0.005772
v -0.000569 -0.002395 -0.005778
v -0.005778 -0.002395 -0.000569
v -0.005772 -0.002413 -0.000569
v -0.005712 -0.002413 -0.001007
v -0.005789 -0.002413 -0.000217
v -0.005772 -0.002413 -0.000569
v -0.005778 -0.002395 -0.000569
v -0.005806 -0.002395 -0
v -0.0058 -0.002413 -0
v -0.005778 -0.002395 0.000569
v -0.0058 -0.002413 -0
v -0.005806 -0.002395 -0
v -0.005772 -0.002413 0.000569
v -0.005772 -0.002413 0.000569
v -0.005778 -0.002395 0.000569
v -0 -0.002395 0.005806
v 0.00057 -0.002378 0.005788
v 0.000569 -0.002395 0.005778
v -0 -0.002395 0.005806
v -0 -0.002378 0.005816
v 0.000571 -0.002365 0.005802
v 0.00057 -0.002378 0.005788
v -0 -0.002378 0.005816
v -0 -0.002365 0.00583
v -0 -0.002378 0.005816
v -0.00057 -0.002378 0.005788
v -0 -0.002365 0.00583
v -0.000569 -0.002395 0.005778
v -0.00057 -0.002378 0.005788
v -0 -0.002378 0.005816
v -0 -0.002395 0.005806
v -0.000409 -0.002413 0.00578
v -0.000569 -0.002395 0.005778
v -0 -0.002395 0.005806
v -0 -0.002413 0.0058
v -0.00116 -0.002395 0.00583
v -0.001161 -0.002413 0.005836
v -0.001538 -0.002413 0.005741
v -0.001161 -0.002413 0.005836
v -0.00116 -0.002395 0.00583
v -0.001726 -0.002395 0.005688
v -0.001727 -0.002413 0.005694
v -0.002275 -0.002395 0.005492
v -0.001727 -0.002413 0.005694
v -0.001726 -0.002395 0.005688
v -0.002277 -0.002413 0.005497
v -0.002275 -0.002395 0.005492
v -0.001685 -0.002395 0.005556
v -0.001684 -0.002413 0.00555
v -0.001984 -0.002413 0.00545
v -0.001219 -0.002413 0.005667
v -0.001684 -0.002413 0.00555
v -0.001685 -0.002395 0.005556
v -0.001133 -0.002395 0.005694
v -0.001132 -0.002413 0.005689
v -0.001219 -0.002413 0.005667
v -0.001133 -0.002395 0.005694
v -0.000569 -0.002395 0.005778
v -0.001132 -0.002413 0.005689
v -0.001133 -0.002395 0.005694
v -0.000569 -0.002413 0.005772
v -0.001132 -0.002413 0.005689
v -0.000569 -0.002395 0.005778
v -0.000569 -0.002413 0.005772
v -0.00583 -0.002395 -0.00116
v -0.005836 -0.002413 -0.001161
v -0.005741 -0.002413 -0.001538
v -0.005836 -0.002413 -0.001161
v -0.00583 -0.002395 -0.00116
v -0.005364 -0.002395 -0.002222
v -0.005359 -0.002413 -0.00222
v -0.005209 -0.002413 -0.002535
v -0.005517 -0.002413 -0.001777
v -0.005359 -0.002413 -0.00222
v -0.005364 -0.002395 -0.002222
v -0.005556 -0.002395 -0.001685
v -0.00555 -0.002413 -0.001684
v -0.005694 -0.002395 -0.001133
v -0.00555 -0.002413 -0.001684
v -0.005556 -0.002395 -0.001685
v -0.005689 -0.002413 -0.001132
v -0.005712 -0.002413 -0.001007
v -0.005689 -0.002413 -0.001132
v -0.005694 -0.002395 -0.001133
v -0.001133 -0.002395 -0.005694
v -0.001132 -0.002413 -0.005689
v -0.001593 -0.002413 -0.005573
v -0.001132 -0.002413 -0.005689
v -0.001133 -0.002395 -0.005694
v -0.001685 -0.002395 -0.005556
v -0.001593 -0.002413 -0.005573
v -0.001133 -0.002395 -0.005694
v -0.001684 -0.002413 -0.00555
v -0.001685 -0.002395 -0.005556
v -0.002222 -0.002395 -0.005364
v -0.001684 -0.002413 -0.00555
v -0.001685 -0.002395 -0.005556
v -0.00222 -0.002413 -0.005359
v -0.001684 -0.002413 -0.00555
v -0.002222 -0.002395 -0.005364
v -0.002361 -0.002413 -0.005292
v -0.00222 -0.002413 -0.005359
v -0.002222 -0.002395 -0.005364
v -0.00057 -0.002378 0.005788
v -0.001135 -0.002378 0.005704
v -0.000571 -0.002365 0.005802
v -0.001133 -0.002395 0.005694
v -0.001135 -0.002378 0.005704
v -0.00057 -0.002378 0.005788
v -0.000569 -0.002395 0.005778
v -0.001692 -0.002365 0.005579
v -0.002226 -0.002378 0.005373
v -0.002231 -0.002365 0.005386
v -0.001688 -0.002378 0.005566
v -0.002226 -0.002378 0.005373
v -0.001692 -0.002365 0.005579
v -0.001137 -0.002365 0.005718
v -0.001688 -0.002378 0.005566
v -0.001692 -0.002365 0.005579
v -0.001135 -0.002378 0.005704
v -0.001137 -0.002365 0.005718
v -0.001726 -0.002395 -0.005688
v -0.001727 -0.002413 -0.005694
v -0.002277 -0.002413 -0.005497
v -0.001538 -0.002413 -0.005741
v -0.001727 -0.002413 -0.005694
v -0.001726 -0.002395 -0.005688
v -0.00116 -0.002395 -0.00583
v -0.001161 -0.002413 -0.005836
v -0.000776 -0.002413 -0.005893
v -0.001161 -0.002413 -0.005836
v -0.00116 -0.002395 -0.00583
v -0.001685 -0.002395 0.005556
v -0.001135 -0.002378 0.005704
v -0.001133 -0.002395 0.005694
v -0.001688 -0.002378 0.005566
v -0.002222 -0.002395 0.005364
v -0.001688 -0.002378 0.005566
v -0.001685 -0.002395 0.005556
v -0.002226 -0.002378 0.005373
v -0.000583 -0.002395 -0.005916
v -0.000583 -0.002413 -0.005921
v 0 -0.002395 -0.005944
v -0.000583 -0.002413 -0.005921
v -0.000583 -0.002395 -0.005916
v 0 -0.002413 -0.00595
v -0.005688 -0.002395 -0.001726
v -0.005694 -0.002413 -0.001727
v -0.005492 -0.002395 -0.002275
v -0.005694 -0.002413 -0.001727
v -0.005688 -0.002395 -0.001726
v -0.005497 -0.002413 -0.002277
v -0.005242 -0.002395 -0.002802
v -0.005497 -0.002413 -0.002277
v -0.005492 -0.002395 -0.002275
v -0.005247 -0.002413 -0.002805
v -0.005147 -0.002413 -0.002972
v -0.005247 -0.002413 -0.002805
v -0.005242 -0.002395 -0.002802
v -0.002737 -0.002395 -0.00512
v -0.002734 -0.002413 -0.005115
v -0.003083 -0.002413 -0.004906
v -0.002734 -0.002413 -0.005115
v -0.002737 -0.002395 -0.00512
v -0.003226 -0.002395 -0.004827
v -0.003222 -0.002413 -0.004823
v -0.003683 -0.002395 -0.004488
v -0.003222 -0.002413 -0.004823
v -0.003226 -0.002395 -0.004827
v -0.00368 -0.002413 -0.004484
v -0.003728 -0.002413 -0.004443
v -0.00368 -0.002413 -0.004484
v -0.003683 -0.002395 -0.004488
v -0.003302 -0.002395 -0.004942
v -0.003306 -0.002413 -0.004947
v -0.003618 -0.002413 -0.004715
v -0.002972 -0.002413 -0.005147
v -0.003306 -0.002413 -0.004947
v -0.003302 -0.002395 -0.004942
v -0.002802 -0.002395 -0.005242
v -0.002805 -0.002413 -0.005247
v -0.002275 -0.002395 -0.005492
v -0.002805 -0.002413 -0.005247
v -0.002802 -0.002395 -0.005242
v -0.002277 -0.002413 -0.005497
v -0.002275 -0.002395 -0.005492
v -0.004105 -0.002395 -0.004105
v -0.004101 -0.002413 -0.004101
v -0.003728 -0.002413 -0.004443
v -0.004295 -0.002413 -0.003887
v -0.004101 -0.002413 -0.004101
v -0.004105 -0.002395 -0.004105
v -0.004488 -0.002395 -0.003683
v -0.004484 -0.002413 -0.00368
v -0.004827 -0.002395 -0.003226
v -0.004484 -0.002413 -0.00368
v -0.004488 -0.002395 -0.003683
v -0.004805 -0.002413 -0.003247
v -0.004823 -0.002413 -0.003222
v -0.004942 -0.002395 -0.003302
v -0.004947 -0.002413 -0.003306
v -0.004715 -0.002413 -0.003618
v -0.004947 -0.002413 -0.003306
v -0.004942 -0.002395 -0.003302
v -0.004595 -0.002395 -0.003771
v -0.004599 -0.002413 -0.003775
v -0.004203 -0.002395 -0.004203
v -0.004599 -0.002413 -0.003775
v -0.004595 -0.002395 -0.003771
v -0.004207 -0.002413 -0.004207
v -0.003771 -0.002395 -0.004595
v -0.004207 -0.002413 -0.004207
v -0.004203 -0.002395 -0.004203
v -0.003775 -0.002413 -0.004599
v -0.003775 -0.002413 -0.004599
v -0.003771 -0.002395 -0.004595
v -0.002734 -0.002413 0.005115
v -0.002737 -0.002395 0.00512
v -0.00271 -0.002413 0.005127
v -0.002734 -0.002413 0.005115
v -0.002222 -0.002395 0.005364
v -0.001984 -0.002413 0.00545
v -0.00222 -0.002413 0.005359
v -0.001685 -0.002395 0.005556
v -0.001984 -0.002413 0.00545
v -0.002222 -0.002395 0.005364
v -0.00512 -0.002395 -0.002737
v -0.005115 -0.002413 -0.002734
v -0.004823 -0.002413 -0.003222
v -0.005115 -0.002413 -0.002734
v -0.00512 -0.002395 -0.002737
v -0.003698 -0.002365 0.004507
v -0.002748 -0.002365 0.005142
v -0.005023 -0.002413 0.0029
v -0.00512 -0.002395 0.002737
v -0.004827 -0.002395 0.003226
v -0.000571 -0.002365 0.005802
v -0.005712 -0.002413 -0.001007
v -0.005694 -0.002395 -0.001133
v -0.005778 -0.002395 -0.000569
v -0.004827 -0.002395 -0.003226
v -0.003728 -0.002413 -0.004443
v -0.003683 -0.002395 -0.004488
v -0.004105 -0.002395 -0.004105
v -0.00403 -0.002413 0.004166
v -0.004101 -0.002413 0.004101
v -0.004105 -0.002395 0.004105
v -0.00368 -0.002413 0.004484
v -0 -0.002413 0.0058
v -0.000792 -0.002413 -0.005739
v -0.000569 -0.002395 -0.005778
v -0.001133 -0.002395 -0.005694
v -0.001591 -0.004004 -0.005567
v -0.00236 -0.004005 -0.005289
v -0.001984 -0.004397 -0.00545
v -0.00222 -0.002413 -0.005359
v -0.00236 -0.004005 -0.005289
v -0.001591 -0.004004 -0.005567
v -0.001684 -0.002413 -0.00555
v -0.00222 -0.002413 -0.005359
v -0.001591 -0.004004 -0.005567
v -0.001593 -0.002413 -0.005573
v -0.001684 -0.002413 -0.00555
v -0.001591 -0.004004 -0.005567
v -0.003173 -0.003103 -0.004855
v -0.00368 -0.002413 -0.004484
v -0.003728 -0.002413 -0.004443
v -0.003222 -0.002413 -0.004823
v -0.00368 -0.002413 -0.004484
v -0.003173 -0.003103 -0.004855
v -0.003083 -0.003205 -0.004906
v -0.003222 -0.002413 -0.004823
v -0.003173 -0.003103 -0.004855
v -0.003083 -0.002413 -0.004906
v -0.003222 -0.002413 -0.004823
v -0.003083 -0.003205 -0.004906
v -0.002573 -0.003784 -0.005198
v -0.003083 -0.002413 -0.004906
v -0.003083 -0.003205 -0.004906
v -0.002734 -0.002413 -0.005115
v -0.003083 -0.002413 -0.004906
v -0.002573 -0.003784 -0.005198
v -0.00236 -0.004005 -0.005289
v -0.002734 -0.002413 -0.005115
v -0.002573 -0.003784 -0.005198
v -0.002361 -0.002413 -0.005292
v -0.002734 -0.002413 -0.005115
v -0.00236 -0.004005 -0.005289
v -0.00222 -0.002413 -0.005359
v -0.001321 -0.003734 -0.005648
v -0.001593 -0.002413 -0.005573
v -0.001591 -0.004004 -0.005567
v -0.001132 -0.002413 -0.005689
v -0.001593 -0.002413 -0.005573
v -0.001321 -0.003734 -0.005648
v -0.000792 -0.003205 -0.005739
v -0.001132 -0.002413 -0.005689
v -0.001321 -0.003734 -0.005648
v -0.000792 -0.002413 -0.005739
v -0.001132 -0.002413 -0.005689
v -0.000792 -0.003205 -0.005739
v -0.00064 -0.003053 -0.005765
v -0.000792 -0.002413 -0.005739
v -0.000792 -0.003205 -0.005739
v -0.000569 -0.002413 -0.005772
v -0.000792 -0.002413 -0.005739
v -0.00064 -0.003053 -0.005765
v 0 -0.002413 -0.0058
v -0.000569 -0.002413 -0.005772
v -0.00064 -0.003053 -0.005765
v 0.001592 -0.004005 -0.005569
v 0.001593 -0.002413 -0.005573
v 0.001132 -0.002413 -0.005689
v 0.001684 -0.002413 -0.00555
v 0.00222 -0.002413 -0.005359
v 0.001684 -0.002413 -0.00555
v 0.001592 -0.004005 -0.005569
v 0.001371 -0.003784 -0.005636
v 0.001592 -0.004005 -0.005569
v 0.001132 -0.002413 -0.005689
v 0.000792 -0.002413 -0.005739
v 0.001371 -0.003784 -0.005636
v 0.001132 -0.002413 -0.005689
v 0.000792 -0.003205 -0.00574
v 0.001371 -0.003784 -0.005636
v 0.000792 -0.002413 -0.005739
v 0.000569 -0.002413 -0.005772
v 0.000792 -0.003205 -0.00574
v 0.000792 -0.002413 -0.005739
v 0.00069 -0.003103 -0.005759
v 0.000792 -0.003205 -0.00574
v 0.000569 -0.002413 -0.005772
v 0 -0.002413 -0.0058
v 0.00069 -0.003103 -0.005759
v 0.000569 -0.002413 -0.005772
v 0.003083 -0.002413 -0.004906
v 0.003215 -0.003053 -0.004827
v 0.003222 -0.002413 -0.004823
v 0.003082 -0.003205 -0.004905
v 0.003215 -0.003053 -0.004827
v 0.003083 -0.002413 -0.004906
v 0.002734 -0.002413 -0.005115
v 0.003082 -0.003205 -0.004905
v 0.003083 -0.002413 -0.004906
v 0.002618 -0.003734 -0.005176
v 0.003082 -0.003205 -0.004905
v 0.002734 -0.002413 -0.005115
v 0.002361 -0.002413 -0.005292
v 0.002618 -0.003734 -0.005176
v 0.002734 -0.002413 -0.005115
v 0.00236 -0.004004 -0.005288
v 0.002618 -0.003734 -0.005176
v 0.002361 -0.002413 -0.005292
v 0.00368 -0.002413 -0.004484
v 0.003215 -0.003053 -0.004827
v 0.003728 -0.002413 -0.004443
v 0.003222 -0.002413 -0.004823
v 0.003215 -0.003053 -0.004827
v 0.00368 -0.002413 -0.004484
v 0.00236 -0.004004 -0.005288
v 0.001592 -0.004005 -0.005569
v 0.001984 -0.004397 -0.00545
v 0.00222 -0.002413 -0.005359
v 0.001592 -0.004005 -0.005569
v 0.00236 -0.004004 -0.005288
v 0.002361 -0.002413 -0.005292
v 0.00222 -0.002413 -0.005359
v 0.00236 -0.004004 -0.005288
v -0.005552 -0.003103 -0.00168
v -0.005689 -0.002413 -0.001132
v -0.005712 -0.002413 -0.001007
v -0.00555 -0.002413 -0.001684
v -0.005689 -0.002413 -0.001132
v -0.005552 -0.003103 -0.00168
v -0.005516 -0.003205 -0.001777
v -0.00555 -0.002413 -0.001684
v -0.005552 -0.003103 -0.00168
v -0.005517 -0.002413 -0.001777
v -0.00555 -0.002413 -0.001684
v -0.005516 -0.003205 -0.001777
v -0.005312 -0.003784 -0.002328
v -0.005517 -0.002413 -0.001777
v -0.005516 -0.003205 -0.001777
v -0.005359 -0.002413 -0.00222
v -0.005517 -0.002413 -0.001777
v -0.005312 -0.003784 -0.002328
v -0.005208 -0.004005 -0.002535
v -0.005359 -0.002413 -0.00222
v -0.005312 -0.003784 -0.002328
v -0.005209 -0.002413 -0.002535
v -0.005359 -0.002413 -0.00222
v -0.005208 -0.004005 -0.002535
v -0.005023 -0.004397 -0.0029
v -0.005209 -0.002413 -0.002535
v -0.005208 -0.004005 -0.002535
v -0.005115 -0.002413 -0.002734
v -0.005209 -0.002413 -0.002535
v -0.005023 -0.004397 -0.0029
v -0.004797 -0.004004 -0.003242
v -0.005115 -0.002413 -0.002734
v -0.005023 -0.004397 -0.0029
v -0.004823 -0.002413 -0.003222
v -0.005115 -0.002413 -0.002734
v -0.004797 -0.004004 -0.003242
v -0.004805 -0.002413 -0.003247
v -0.004823 -0.002413 -0.003222
v -0.004797 -0.004004 -0.003242
v -0.004642 -0.003734 -0.003477
v -0.004805 -0.002413 -0.003247
v -0.004797 -0.004004 -0.003242
v -0.004484 -0.002413 -0.00368
v -0.004805 -0.002413 -0.003247
v -0.004642 -0.003734 -0.003477
v -0.004295 -0.003205 -0.003887
v -0.004484 -0.002413 -0.00368
v -0.004642 -0.003734 -0.003477
v -0.004295 -0.002413 -0.003887
v -0.004484 -0.002413 -0.00368
v -0.004295 -0.003205 -0.003887
v -0.004196 -0.003053 -0.004005
v -0.004295 -0.002413 -0.003887
v -0.004295 -0.003205 -0.003887
v -0.004101 -0.002413 -0.004101
v -0.004295 -0.002413 -0.003887
v -0.004196 -0.003053 -0.004005
v -0.003728 -0.002413 -0.004443
v -0.004101 -0.002413 -0.004101
v -0.004196 -0.003053 -0.004005
v 0.004799 -0.004005 -0.003243
v 0.004805 -0.002413 -0.003247
v 0.004484 -0.002413 -0.00368
v 0.004823 -0.002413 -0.003222
v 0.005023 -0.004397 -0.0029
v 0.004823 -0.002413 -0.003222
v 0.004799 -0.004005 -0.003243
v 0.005115 -0.002413 -0.002734
v 0.004823 -0.002413 -0.003222
v 0.005023 -0.004397 -0.0029
v 0.005206 -0.004004 -0.002534
v 0.005115 -0.002413 -0.002734
v 0.005023 -0.004397 -0.0029
v 0.005209 -0.002413 -0.002535
v 0.005115 -0.002413 -0.002734
v 0.005206 -0.004004 -0.002534
v 0.005332 -0.003734 -0.002282
v 0.005209 -0.002413 -0.002535
v 0.005206 -0.004004 -0.002534
v 0.005359 -0.002413 -0.00222
v 0.005209 -0.002413 -0.002535
v 0.005332 -0.003734 -0.002282
v 0.005514 -0.003205 -0.001776
v 0.005359 -0.002413 -0.00222
v 0.005332 -0.003734 -0.002282
v 0.005517 -0.002413 -0.001777
v 0.005359 -0.002413 -0.00222
v 0.005514 -0.003205 -0.001776
v 0.005566 -0.003053 -0.001631
v 0.005517 -0.002413 -0.001777
v 0.005514 -0.003205 -0.001776
v 0.00555 -0.002413 -0.001684
v 0.005517 -0.002413 -0.001777
v 0.005566 -0.003053 -0.001631
v 0.005689 -0.002413 -0.001132
v 0.00555 -0.002413 -0.001684
v 0.005566 -0.003053 -0.001631
v 0.004673 -0.003784 -0.003436
v 0.004799 -0.004005 -0.003243
v 0.004484 -0.002413 -0.00368
v 0.005712 -0.002413 -0.001007
v 0.005689 -0.002413 -0.001132
v 0.005566 -0.003053 -0.001631
v 0.004295 -0.002413 -0.003887
v 0.004673 -0.003784 -0.003436
v 0.004484 -0.002413 -0.00368
v 0.004297 -0.003205 -0.003888
v 0.004673 -0.003784 -0.003436
v 0.004295 -0.002413 -0.003887
v 0.004101 -0.002413 -0.004101
v 0.004297 -0.003205 -0.003888
v 0.004295 -0.002413 -0.003887
v 0.00423 -0.003103 -0.003968
v 0.004297 -0.003205 -0.003888
v 0.004101 -0.002413 -0.004101
v 0.003728 -0.002413 -0.004443
v 0.00423 -0.003103 -0.003968
v 0.004101 -0.002413 -0.004101
v -0.005332 -0.003103 0.002282
v -0.005115 -0.002413 0.002734
v -0.005023 -0.002413 0.0029
v -0.005359 -0.002413 0.00222
v -0.005115 -0.002413 0.002734
v -0.005332 -0.003103 0.002282
v -0.005367 -0.003205 0.002184
v -0.005359 -0.002413 0.00222
v -0.005332 -0.003103 0.002282
v -0.005371 -0.002413 0.002186
v -0.005359 -0.002413 0.00222
v -0.005367 -0.003205 0.002184
v -0.005566 -0.003784 0.001631
v -0.005371 -0.002413 0.002186
v -0.005367 -0.003205 0.002184
v -0.00555 -0.002413 0.001684
v -0.005371 -0.002413 0.002186
v -0.005566 -0.003784 0.001631
v -0.005619 -0.004005 0.001406
v -0.00555 -0.002413 0.001684
v -0.005566 -0.003784 0.001631
v -0.00562 -0.002413 0.001406
v -0.00555 -0.002413 0.001684
v -0.005619 -0.004005 0.001406
v -0.005712 -0.004397 0.001007
v -0.00562 -0.002413 0.001406
v -0.005619 -0.004005 0.001406
v -0.005689 -0.002413 0.001132
v -0.00562 -0.002413 0.001406
v -0.005712 -0.004397 0.001007
v -0.005759 -0.004004 0.0006
v -0.005689 -0.002413 0.001132
v -0.005712 -0.004397 0.001007
v -0.005767 -0.002413 0.000601
v -0.005689 -0.002413 0.001132
v -0.005759 -0.004004 0.0006
v -0.005772 -0.002413 0.000569
v -0.005767 -0.002413 0.000601
v -0.005759 -0.004004 0.0006
v -0.005791 -0.003734 0.00032
v -0.005772 -0.002413 0.000569
v -0.005759 -0.004004 0.0006
v -0.0058 -0.002413 -0
v -0.005772 -0.002413 0.000569
v -0.005791 -0.003734 0.00032
v -0.005789 -0.003205 -0.000217
v -0.0058 -0.002413 -0
v -0.005791 -0.003734 0.00032
v -0.005789 -0.002413 -0.000217
v -0.0058 -0.002413 -0
v -0.005789 -0.003205 -0.000217
v -0.005788 -0.003053 -0.000371
v -0.005789 -0.002413 -0.000217
v -0.005789 -0.003205 -0.000217
v -0.005772 -0.002413 -0.000569
v -0.005789 -0.002413 -0.000217
v -0.005788 -0.003053 -0.000371
v -0.005712 -0.002413 -0.001007
v -0.005772 -0.002413 -0.000569
v -0.005788 -0.003053 -0.000371
v -0.004574 -0.003205 0.003555
v -0.004101 -0.002413 0.004101
v -0.00423 -0.003734 0.003968
v -0.004484 -0.002413 0.00368
v -0.004101 -0.002413 0.004101
v -0.004574 -0.003205 0.003555
v -0.004575 -0.002413 0.003556
v -0.004484 -0.002413 0.00368
v -0.004574 -0.003205 0.003555
v -0.004575 -0.002413 0.003556
v -0.004574 -0.003205 0.003555
v -0.004673 -0.003053 0.003436
v -0.004101 -0.002413 0.004101
v -0.004026 -0.004004 0.004162
v -0.00423 -0.003734 0.003968
v -0.004823 -0.002413 0.003222
v -0.004673 -0.003053 0.003436
v -0.005023 -0.002413 0.0029
v -0.004575 -0.002413 0.003556
v -0.004673 -0.003053 0.003436
v -0.004823 -0.002413 0.003222
v -0.002618 -0.003103 0.005176
v -0.00222 -0.002413 0.005359
v -0.001984 -0.002413 0.00545
v -0.00271 -0.002413 0.005127
v -0.00222 -0.002413 0.005359
v -0.002618 -0.003103 0.005176
v -0.002707 -0.003205 0.005123
v -0.00271 -0.002413 0.005127
v -0.002618 -0.003103 0.005176
v -0.002734 -0.002413 0.005115
v -0.00271 -0.002413 0.005127
v -0.002707 -0.003205 0.005123
v -0.003215 -0.003784 0.004827
v -0.002734 -0.002413 0.005115
v -0.002707 -0.003205 0.005123
v -0.003222 -0.002413 0.004823
v -0.002734 -0.002413 0.005115
v -0.003215 -0.003784 0.004827
v -0.0034 -0.004005 0.004689
v -0.003222 -0.002413 0.004823
v -0.003215 -0.003784 0.004827
v -0.003401 -0.002413 0.00469
v -0.003222 -0.002413 0.004823
v -0.0034 -0.004005 0.004689
v -0.003728 -0.004397 0.004443
v -0.003401 -0.002413 0.00469
v -0.0034 -0.004005 0.004689
v -0.00368 -0.002413 0.004484
v -0.003401 -0.002413 0.00469
v -0.003728 -0.004397 0.004443
v -0.004026 -0.004004 0.004162
v -0.00368 -0.002413 0.004484
v -0.003728 -0.004397 0.004443
v -0.00403 -0.002413 0.004166
v -0.00368 -0.002413 0.004484
v -0.004026 -0.004004 0.004162
v -0.004101 -0.002413 0.004101
v 0.005366 -0.003205 0.002184
v 0.005371 -0.002413 0.002186
v 0.00555 -0.002413 0.001684
v 0.005359 -0.002413 0.00222
v 0.005312 -0.003053 0.002328
v 0.005359 -0.002413 0.00222
v 0.005366 -0.003205 0.002184
v 0.005115 -0.002413 0.002734
v 0.005359 -0.002413 0.00222
v 0.005312 -0.003053 0.002328
v 0.005023 -0.002413 0.0029
v 0.005115 -0.002413 0.002734
v 0.005312 -0.003053 0.002328
v 0.005767 -0.002413 0.000601
v 0.005761 -0.004005 0.0006
v 0.005712 -0.004397 0.001007
v 0.005789 -0.002413 -0.000217
v 0.005772 -0.002413 -0.000569
v 0.005791 -0.003205 -0.000217
v 0.005689 -0.002413 0.001132
v 0.005712 -0.004397 0.001007
v 0.005617 -0.004004 0.001406
v 0.005767 -0.002413 0.000601
v 0.005712 -0.004397 0.001007
v 0.005689 -0.002413 0.001132
v 0.005788 -0.003784 0.000371
v 0.005789 -0.002413 -0.000217
v 0.005791 -0.003205 -0.000217
v 0.0058 -0.002413 -0
v 0.005789 -0.002413 -0.000217
v 0.005788 -0.003784 0.000371
v 0.005761 -0.004005 0.0006
v 0.0058 -0.002413 -0
v 0.005788 -0.003784 0.000371
v 0.005772 -0.002413 0.000569
v 0.0058 -0.002413 -0
v 0.005761 -0.004005 0.0006
v 0.005767 -0.002413 0.000601
v 0.005772 -0.002413 0.000569
v 0.005761 -0.004005 0.0006
v 0.00562 -0.002413 0.001406
v 0.005617 -0.004004 0.001406
v 0.005552 -0.003734 0.00168
v 0.005689 -0.002413 0.001132
v 0.005617 -0.004004 0.001406
v 0.00562 -0.002413 0.001406
v 0.00555 -0.002413 0.001684
v 0.005552 -0.003734 0.00168
v 0.005366 -0.003205 0.002184
v 0.00562 -0.002413 0.001406
v 0.005552 -0.003734 0.00168
v 0.00555 -0.002413 0.001684
v 0.005791 -0.003103 -0.00032
v 0.005772 -0.002413 -0.000569
v 0.005712 -0.002413 -0.001007
v 0.005791 -0.003205 -0.000217
v 0.005772 -0.002413 -0.000569
v 0.005791 -0.003103 -0.00032
v 0.004642 -0.003103 0.003477
v 0.004823 -0.002413 0.003222
v 0.005023 -0.002413 0.0029
v 0.004575 -0.003205 0.003556
v 0.004823 -0.002413 0.003222
v 0.004642 -0.003103 0.003477
v 0.004575 -0.003205 0.003556
v 0.004575 -0.002413 0.003556
v 0.004823 -0.002413 0.003222
v 0.004484 -0.002413 0.00368
v 0.004196 -0.003784 0.004005
v 0.004484 -0.002413 0.00368
v 0.004575 -0.003205 0.003556
v 0.004101 -0.002413 0.004101
v 0.004484 -0.002413 0.00368
v 0.004196 -0.003784 0.004005
v 0.004027 -0.004005 0.004163
v 0.004101 -0.002413 0.004101
v 0.004196 -0.003784 0.004005
v 0.00403 -0.002413 0.004166
v 0.004101 -0.002413 0.004101
v 0.004027 -0.004005 0.004163
v 0.003728 -0.004397 0.004443
v 0.00403 -0.002413 0.004166
v 0.004027 -0.004005 0.004163
v 0.00368 -0.002413 0.004484
v 0.00403 -0.002413 0.004166
v 0.003728 -0.004397 0.004443
v 0.003399 -0.004004 0.004687
v 0.00368 -0.002413 0.004484
v 0.003728 -0.004397 0.004443
v 0.003401 -0.002413 0.00469
v 0.00368 -0.002413 0.004484
v 0.003399 -0.004004 0.004687
v 0.003173 -0.003734 0.004855
v 0.003401 -0.002413 0.00469
v 0.003399 -0.004004 0.004687
v 0.003222 -0.002413 0.004823
v 0.003401 -0.002413 0.00469
v 0.003173 -0.003734 0.004855
v 0.002707 -0.003205 0.005122
v 0.003222 -0.002413 0.004823
v 0.003173 -0.003734 0.004855
v 0.002707 -0.003205 0.005122
v 0.002734 -0.002413 0.005115
v 0.003222 -0.002413 0.004823
v 0.00271 -0.002413 0.005127
v 0.002734 -0.002413 0.005115
v 0.002707 -0.003205 0.005122
v 0.002573 -0.003053 0.005198
v 0.00271 -0.002413 0.005127
v 0.002707 -0.003205 0.005122
v 0.00222 -0.002413 0.005359
v 0.00271 -0.002413 0.005127
v 0.002573 -0.003053 0.005198
v 0.001984 -0.002413 0.00545
v 0.00222 -0.002413 0.005359
v 0.002573 -0.003053 0.005198
v 0.001321 -0.003103 0.005648
v 0.001684 -0.002413 0.00555
v 0.001984 -0.002413 0.00545
v 0.001219 -0.002413 0.005667
v 0.001684 -0.002413 0.00555
v 0.001321 -0.003103 0.005648
v 0.001219 -0.003205 0.005665
v 0.001219 -0.002413 0.005667
v 0.001321 -0.003103 0.005648
v 0.001132 -0.002413 0.005689
v 0.001219 -0.002413 0.005667
v 0.001219 -0.003205 0.005665
v 0.00064 -0.003784 0.005765
v 0.001132 -0.002413 0.005689
v 0.001219 -0.003205 0.005665
v 0.000569 -0.002413 0.005772
v 0.001132 -0.002413 0.005689
v 0.00064 -0.003784 0.005765
v 0.000409 -0.004005 0.005777
v 0.000569 -0.002413 0.005772
v 0.00064 -0.003784 0.005765
v 0.000409 -0.002413 0.00578
v 0.000569 -0.002413 0.005772
v 0.000409 -0.004005 0.005777
v -0 -0.004397 0.0058
v 0.000409 -0.002413 0.00578
v 0.000409 -0.004005 0.005777
v -0 -0.002413 0.0058
v 0.000409 -0.002413 0.00578
v -0 -0.004397 0.0058
v -0.000409 -0.004004 0.005776
v -0 -0.002413 0.0058
v -0 -0.004397 0.0058
v -0.000409 -0.002413 0.00578
v -0 -0.002413 0.0058
v -0.000409 -0.004004 0.005776
v -0.00069 -0.003734 0.005759
v -0.000409 -0.002413 0.00578
v -0.000409 -0.004004 0.005776
v -0.000569 -0.002413 0.005772
v -0.000409 -0.002413 0.00578
v -0.00069 -0.003734 0.005759
v -0.001219 -0.003205 0.005663
v -0.000569 -0.002413 0.005772
v -0.00069 -0.003734 0.005759
v -0.001132 -0.002413 0.005689
v -0.000569 -0.002413 0.005772
v -0.001219 -0.003205 0.005663
v -0.001219 -0.002413 0.005667
v -0.001132 -0.002413 0.005689
v -0.001219 -0.003205 0.005663
v -0.001219 -0.002413 0.005667
v -0.001219 -0.003205 0.005663
v -0.001371 -0.003053 0.005636
v -0.001684 -0.002413 0.00555
v -0.001371 -0.003053 0.005636
v -0.001984 -0.002413 0.00545
v -0.001219 -0.002413 0.005667
v -0.001371 -0.003053 0.005636
v -0.001684 -0.002413 0.00555
v 0.003017 -0.006336 -0.006265
v 0.003566 -0.006336 -0.005969
v 0.003068 -0.00635 -0.00637
v 0.003509 -0.006296 -0.005874
v 0.003566 -0.006336 -0.005969
v 0.003017 -0.006336 -0.006265
v 0.002969 -0.006296 -0.006165
v 0.003459 -0.006231 -0.005789
v 0.003509 -0.006296 -0.005874
v 0.002969 -0.006296 -0.006165
v 0.002926 -0.006231 -0.006076
v 0.003417 -0.006145 -0.00572
v 0.003459 -0.006231 -0.005789
v 0.002926 -0.006231 -0.006076
v 0.002891 -0.006145 -0.006003
v 0.003387 -0.006043 -0.005669
v 0.003417 -0.006145 -0.00572
v 0.002891 -0.006145 -0.006003
v 0.002865 -0.006043 -0.00595
v 0.003283 -0.00593 -0.005687
v 0.003387 -0.006043 -0.005669
v 0.002865 -0.006043 -0.00595
v 0.002851 -0.00593 -0.00592
v -0.004749 -0.00593 -0.00454
v -0.004773 -0.006043 -0.004564
v -0.005163 -0.006043 -0.004118
v 0.004749 -0.00593 -0.00454
v 0.004773 -0.006043 -0.004564
v 0.004642 -0.00593 -0.004642
v -0.005786 -0.00593 -0.003113
v -0.005815 -0.006043 -0.003129
v -0.006073 -0.006043 -0.002596
v -0.003862 -0.00593 0.005315
v -0.003882 -0.006043 0.005343
v -0.003387 -0.006043 0.005669
v -0.006405 -0.00593 -0.001462
v -0.006438 -0.006043 -0.00147
v -0.006544 -0.006043 -0.000886
v 0.004749 -0.00593 0.00454
v 0.004773 -0.006043 0.004564
v 0.005163 -0.006043 0.004118
v 0.005786 -0.00593 0.003113
v 0.005815 -0.006043 0.003129
v 0.006073 -0.006043 0.002596
v -0.005137 -0.00593 0.004096
v -0.005163 -0.006043 0.004118
v -0.004773 -0.006043 0.004564
v 0.003862 -0.00593 -0.005315
v 0.003996 -0.00593 -0.005208
v 0.003882 -0.006043 -0.005343
v 0.002309 -0.00593 -0.006151
v 0.00232 -0.006043 -0.006183
v 0.001757 -0.006043 -0.006366
v -0.002309 -0.00593 0.006151
v -0.00232 -0.006043 0.006183
v -0.001757 -0.006043 0.006366
v 0.00634 -0.00593 -0.001699
v 0.006438 -0.006043 -0.00147
v 0.006281 -0.006043 -0.002041
v 0.00689 -0.006336 -0.000933
v 0.006836 -0.006296 -0.000307
v 0.006946 -0.006336 -0.000312
v 0.00689 -0.006336 -0.000933
v 0.006779 -0.006336 -0.001547
v 0.006781 -0.006296 -0.000918
v 0.00535 -0.006296 -0.004266
v 0.004946 -0.006296 -0.004729
v 0.005273 -0.006231 -0.004205
v 0.005163 -0.006043 -0.004118
v 0.005512 -0.006043 -0.003638
v 0.005209 -0.006145 -0.004154
v 0.005512 -0.006043 -0.003638
v 0.005815 -0.006043 -0.003129
v 0.005561 -0.006145 -0.003671
v -0.000592 -0.006043 -0.006577
v -0.001179 -0.006043 -0.006498
v -0.000857 -0.00593 -0.006507
v -0.00634 -0.00593 0.001699
v -0.006438 -0.006043 0.00147
v -0.006281 -0.006043 0.002041
v 0.002512 -0.00593 0.006064
v 0.00232 -0.006043 0.006183
v 0.002865 -0.006043 0.00595
v 0.004652 -0.00635 -0.005325
v 0.004156 -0.00635 -0.00572
v 0.004575 -0.006336 -0.005236
v 0.007063 -0.00635 0.000317
v 0.007063 -0.00635 -0.000317
v 0.006946 -0.006336 0.000312
v 0.003626 -0.00635 -0.00607
v 0.006249 -0.00593 -0.00203
v 0.006281 -0.006043 -0.002041
v 0.006073 -0.006043 -0.002596
v 0.006249 -0.00593 -0.00203
v 0.006067 -0.00593 -0.002513
v 0.006041 -0.00593 -0.002582
v -0.002865 -0.006043 -0.00595
v -0.002512 -0.00593 -0.006064
v -0.00232 -0.006043 -0.006183
v -0.002851 -0.00593 -0.00592
v -0.003387 -0.006043 -0.005669
v -0.002851 -0.00593 -0.00592
v -0.002865 -0.006043 -0.00595
v 0.002851 -0.00593 0.00592
v 0.002865 -0.006043 0.00595
v 0.003387 -0.006043 0.005669
v 0.002851 -0.00593 0.00592
v 0 -0.006043 -0.006604
v 0.000589 -0.00593 -0.006544
v 0.000592 -0.006043 -0.006577
v 0 -0.00593 -0.00657
v -0.000592 -0.006043 -0.006577
v 0 -0.00593 -0.00657
v 0 -0.006043 -0.006604
v -0.000589 -0.00593 -0.006544
v -0.000589 -0.00593 -0.006544
v 0.006544 -0.006043 0.000886
v 0.006405 -0.00593 0.001462
v 0.006438 -0.006043 0.00147
v 0.006511 -0.00593 0.000882
v 0.006513 -0.00593 0.000857
v 0.006511 -0.00593 0.000882
v 0.006544 -0.006043 0.000886
v 0.00337 -0.00593 -0.00564
v 0.003862 -0.00593 -0.005315
v 0.003387 -0.006043 -0.005669
v 0.00337 -0.00593 -0.00564
v -0.006249 -0.00593 0.00203
v -0.006281 -0.006043 0.002041
v -0.006073 -0.006043 0.002596
v -0.006249 -0.00593 0.00203
v 0.006781 -0.006296 -0.000918
v 0.006836 -0.006296 -0.000307
v 0.00689 -0.006336 -0.000933
v 0.006737 -0.006231 -0.000303
v 0.006836 -0.006296 -0.000307
v 0.006781 -0.006296 -0.000918
v 0.006683 -0.006231 -0.000905
v 0.006414 -0.006231 -0.002084
v 0.006292 -0.006296 -0.002689
v 0.006201 -0.006231 -0.002651
v 0.006508 -0.006296 -0.002114
v 0.006575 -0.006231 -0.001501
v 0.006508 -0.006296 -0.002114
v 0.006414 -0.006231 -0.002084
v 0.006671 -0.006296 -0.001523
v 0.006337 -0.006145 -0.002059
v 0.006201 -0.006231 -0.002651
v 0.006127 -0.006145 -0.002619
v 0.006414 -0.006231 -0.002084
v 0.006496 -0.006145 -0.001483
v 0.006414 -0.006231 -0.002084
v 0.006337 -0.006145 -0.002059
v 0.006575 -0.006231 -0.001501
v 0.006613 -0.006336 -0.002149
v 0.006671 -0.006296 -0.001523
v 0.006779 -0.006336 -0.001547
v 0.006508 -0.006296 -0.002114
v 0.006394 -0.006336 -0.002733
v 0.006508 -0.006296 -0.002114
v 0.006613 -0.006336 -0.002149
v 0.006292 -0.006296 -0.002689
v 0.006656 -0.006145 -0.000299
v 0.006683 -0.006231 -0.000905
v 0.006603 -0.006145 -0.000894
v 0.006737 -0.006231 -0.000303
v -0.004345 -0.006043 -0.004973
v -0.003996 -0.00593 -0.005208
v -0.003882 -0.006043 -0.005343
v -0.004323 -0.00593 -0.004948
v -0.004773 -0.006043 -0.004564
v -0.004323 -0.00593 -0.004948
v -0.004345 -0.006043 -0.004973
v -0.004642 -0.00593 -0.004642
v -0.004749 -0.00593 -0.00454
v -0.001748 -0.00593 0.006333
v -0.0017 -0.00593 0.006344
v -0.001748 -0.00593 0.006333
v -0.001757 -0.006043 0.006366
v -0.001179 -0.006043 0.006498
v -0.001173 -0.00593 0.006465
v -0.000592 -0.006043 0.006577
v -0.001173 -0.00593 0.006465
v -0.001179 -0.006043 0.006498
v -0.003283 -0.00593 -0.005687
v -0.00337 -0.00593 -0.00564
v -0.003882 -0.006043 -0.005343
v -0.00337 -0.00593 -0.00564
v -0.003387 -0.006043 -0.005669
v -0.003862 -0.00593 -0.005315
v -0.003862 -0.00593 -0.005315
v 0.006671 -0.006296 -0.001523
v 0.006683 -0.006231 -0.000905
v 0.006781 -0.006296 -0.000918
v 0.006671 -0.006296 -0.001523
v 0.006575 -0.006231 -0.001501
v 0.006603 -0.006145 -0.000894
v 0.006683 -0.006231 -0.000905
v 0.006575 -0.006231 -0.001501
v 0.006496 -0.006145 -0.001483
v 0.006281 -0.006043 -0.002041
v 0.006127 -0.006145 -0.002619
v 0.006073 -0.006043 -0.002596
v 0.006337 -0.006145 -0.002059
v 0.006438 -0.006043 -0.00147
v 0.006337 -0.006145 -0.002059
v 0.006281 -0.006043 -0.002041
v 0.006496 -0.006145 -0.001483
v 0.006544 -0.006043 -0.000886
v 0.006496 -0.006145 -0.001483
v 0.006438 -0.006043 -0.00147
v 0.006603 -0.006145 -0.000894
v 0.006597 -0.006043 -0.000296
v 0.006603 -0.006145 -0.000894
v 0.006544 -0.006043 -0.000886
v 0.006656 -0.006145 -0.000299
v -0.005137 -0.00593 -0.004096
v -0.005209 -0.00593 -0.003997
v -0.005137 -0.00593 -0.004096
v -0.005163 -0.006043 -0.004118
v -0.005512 -0.006043 -0.003638
v -0.005483 -0.00593 -0.003619
v -0.005815 -0.006043 -0.003129
v -0.005483 -0.00593 -0.003619
v -0.005512 -0.006043 -0.003638
v -0.005685 -0.00593 -0.003282
v -0.005786 -0.00593 -0.003113
v 0.004874 -0.006231 -0.00466
v 0.005209 -0.006145 -0.004154
v 0.005273 -0.006231 -0.004205
v 0.004874 -0.006231 -0.00466
v 0.004816 -0.006145 -0.004605
v 0.005163 -0.006043 -0.004118
v 0.005209 -0.006145 -0.004154
v 0.004816 -0.006145 -0.004605
v 0.004773 -0.006043 -0.004564
v 0.005137 -0.00593 -0.004096
v 0.005163 -0.006043 -0.004118
v 0.004773 -0.006043 -0.004564
v 0.004749 -0.00593 -0.00454
v -0.004773 -0.006043 0.004564
v -0.004749 -0.00593 0.00454
v -0.005137 -0.00593 0.004096
v -0.004642 -0.00593 0.004642
v -0.004749 -0.00593 0.00454
v -0.004773 -0.006043 0.004564
v -0.004345 -0.006043 0.004973
v -0.004323 -0.00593 0.004948
v -0.003882 -0.006043 0.005343
v -0.004323 -0.00593 0.004948
v -0.004345 -0.006043 0.004973
v -0.003996 -0.00593 0.005208
v -0.003862 -0.00593 0.005315
v -0.003996 -0.00593 0.005208
v -0.003882 -0.006043 0.005343
v 0.005561 -0.006145 -0.003671
v 0.005273 -0.006231 -0.004205
v 0.005209 -0.006145 -0.004154
v 0.005561 -0.006145 -0.003671
v 0.005628 -0.006231 -0.003715
v 0.00535 -0.006296 -0.004266
v 0.005273 -0.006231 -0.004205
v 0.005628 -0.006231 -0.003715
v 0.005711 -0.006296 -0.003769
v -0.006564 -0.00593 -0.000295
v -0.006597 -0.006043 0.000296
v -0.006564 -0.00593 -0
v -0.006597 -0.006043 -0.000296
v -0.006513 -0.00593 -0.000857
v -0.006597 -0.006043 -0.000296
v -0.006564 -0.00593 -0.000295
v -0.006544 -0.006043 -0.000886
v -0.006511 -0.00593 -0.000882
v -0.006511 -0.00593 -0.000882
v 0.005867 -0.006145 -0.003157
v 0.005628 -0.006231 -0.003715
v 0.005561 -0.006145 -0.003671
v 0.005867 -0.006145 -0.003157
v 0.005939 -0.006231 -0.003196
v 0.005711 -0.006296 -0.003769
v 0.005628 -0.006231 -0.003715
v 0.005939 -0.006231 -0.003196
v 0.006025 -0.006296 -0.003242
v 0.005803 -0.006336 -0.003831
v 0.006025 -0.006296 -0.003242
v 0.006123 -0.006336 -0.003295
v 0.005711 -0.006296 -0.003769
v 0.005436 -0.006336 -0.004335
v 0.005711 -0.006296 -0.003769
v 0.005803 -0.006336 -0.003831
v 0.00535 -0.006296 -0.004266
v 0.005026 -0.006336 -0.004805
v 0.00535 -0.006296 -0.004266
v 0.005436 -0.006336 -0.004335
v 0.004946 -0.006296 -0.004729
v -0.00337 -0.00593 0.00564
v -0.003283 -0.00593 0.005687
v -0.00337 -0.00593 0.00564
v -0.003387 -0.006043 0.005669
v -0.002865 -0.006043 0.00595
v -0.002851 -0.00593 0.00592
v -0.00232 -0.006043 0.006183
v -0.002851 -0.00593 0.00592
v -0.002865 -0.006043 0.00595
v -0.002512 -0.00593 0.006064
v -0.002309 -0.00593 0.006151
v 0.006073 -0.006043 -0.002596
v 0.005815 -0.006043 -0.003129
v 0.006041 -0.00593 -0.002582
v 0.005867 -0.006145 -0.003157
v 0.005815 -0.006043 -0.003129
v 0.006073 -0.006043 -0.002596
v 0.006127 -0.006145 -0.002619
v 0.005939 -0.006231 -0.003196
v 0.005867 -0.006145 -0.003157
v 0.006127 -0.006145 -0.002619
v 0.006201 -0.006231 -0.002651
v 0.006025 -0.006296 -0.003242
v 0.005939 -0.006231 -0.003196
v 0.006201 -0.006231 -0.002651
v 0.006292 -0.006296 -0.002689
v 0.006123 -0.006336 -0.003295
v 0.006025 -0.006296 -0.003242
v 0.006292 -0.006296 -0.002689
v 0.006394 -0.006336 -0.002733
v 0.007006 -0.00635 -0.000949
v 0.006946 -0.006336 -0.000312
v 0.007063 -0.00635 -0.000317
v 0.00689 -0.006336 -0.000933
v 0.006893 -0.00635 -0.001573
v 0.00689 -0.006336 -0.000933
v 0.007006 -0.00635 -0.000949
v 0.006779 -0.006336 -0.001547
v 0.006724 -0.00635 -0.002185
v 0.006779 -0.006336 -0.001547
v 0.006893 -0.00635 -0.001573
v 0.006613 -0.006336 -0.002149
v 0.006501 -0.00635 -0.002779
v 0.006613 -0.006336 -0.002149
v 0.006724 -0.00635 -0.002185
v 0.006394 -0.006336 -0.002733
v 0.006226 -0.00635 -0.00335
v 0.006394 -0.006336 -0.002733
v 0.006501 -0.00635 -0.002779
v 0.006123 -0.006336 -0.003295
v 0.005901 -0.00635 -0.003895
v 0.006123 -0.006336 -0.003295
v 0.006226 -0.00635 -0.00335
v 0.005803 -0.006336 -0.003831
v 0.005528 -0.00635 -0.004408
v 0.005803 -0.006336 -0.003831
v 0.005901 -0.00635 -0.003895
v 0.005436 -0.006336 -0.004335
v 0.00511 -0.00635 -0.004886
v 0.005436 -0.006336 -0.004335
v 0.005528 -0.00635 -0.004408
v 0.005026 -0.006336 -0.004805
v 0.004652 -0.00635 -0.005325
v 0.005026 -0.006336 -0.004805
v 0.00511 -0.00635 -0.004886
v -0.001173 -0.00593 -0.006465
v -0.0017 -0.00593 -0.006344
v -0.001173 -0.00593 -0.006465
v -0.001179 -0.006043 -0.006498
v -0.001757 -0.006043 -0.006366
v -0.001748 -0.00593 -0.006333
v -0.0017 -0.00593 -0.006344
v -0.001757 -0.006043 -0.006366
v -0.00232 -0.006043 -0.006183
v -0.001748 -0.00593 -0.006333
v -0.001757 -0.006043 -0.006366
v -0.002309 -0.00593 -0.006151
v -0.002309 -0.00593 -0.006151
v -0.006041 -0.00593 -0.002582
v -0.006067 -0.00593 -0.002513
v -0.006041 -0.00593 -0.002582
v -0.006073 -0.006043 -0.002596
v -0.006281 -0.006043 -0.002041
v -0.006249 -0.00593 -0.00203
v -0.006438 -0.006043 -0.00147
v -0.006249 -0.00593 -0.00203
v -0.006281 -0.006043 -0.002041
v -0.00634 -0.00593 -0.001699
v -0.006405 -0.00593 -0.001462
v 0.005786 -0.00593 -0.003113
v 0.005685 -0.00593 -0.003282
v 0.005786 -0.00593 -0.003113
v 0.005815 -0.006043 -0.003129
v 0.005512 -0.006043 -0.003638
v 0.005483 -0.00593 -0.003619
v 0.005163 -0.006043 -0.004118
v 0.005483 -0.00593 -0.003619
v 0.005512 -0.006043 -0.003638
v 0.005209 -0.00593 -0.003997
v 0.005137 -0.00593 -0.004096
v 0.004345 -0.006043 0.004973
v 0.003996 -0.00593 0.005208
v 0.003882 -0.006043 0.005343
v 0.004323 -0.00593 0.004948
v 0.004773 -0.006043 0.004564
v 0.004323 -0.00593 0.004948
v 0.004345 -0.006043 0.004973
v 0.004642 -0.00593 0.004642
v 0.004749 -0.00593 0.00454
v 0.005137 -0.00593 0.004096
v 0.005209 -0.00593 0.003997
v 0.005137 -0.00593 0.004096
v 0.005163 -0.006043 0.004118
v 0.005512 -0.006043 0.003638
v 0.005483 -0.00593 0.003619
v 0.005815 -0.006043 0.003129
v 0.005483 -0.00593 0.003619
v 0.005512 -0.006043 0.003638
v 0.005685 -0.00593 0.003282
v 0.005786 -0.00593 0.003113
v 0.003283 -0.00593 0.005687
v 0.00337 -0.00593 0.00564
v 0.003882 -0.006043 0.005343
v 0.00337 -0.00593 0.00564
v 0.003387 -0.006043 0.005669
v 0.003862 -0.00593 0.005315
v 0.003996 -0.00593 0.005208
v 0.003862 -0.00593 0.005315
v 0.003882 -0.006043 0.005343
v 0.001748 -0.00593 -0.006333
v 0.0017 -0.00593 -0.006344
v 0.001748 -0.00593 -0.006333
v 0.001757 -0.006043 -0.006366
v 0.001179 -0.006043 -0.006498
v 0.0017 -0.00593 -0.006344
v 0.001757 -0.006043 -0.006366
v 0.001173 -0.00593 -0.006465
v 0.000592 -0.006043 -0.006577
v 0.001173 -0.00593 -0.006465
v 0.001179 -0.006043 -0.006498
v 0.000857 -0.00593 -0.006507
v 0.000589 -0.00593 -0.006544
v -0.006564 -0.00593 0.000295
v -0.006513 -0.00593 0.000857
v -0.006564 -0.00593 0.000295
v -0.006597 -0.006043 0.000296
v -0.006544 -0.006043 0.000886
v -0.006511 -0.00593 0.000882
v -0.006438 -0.006043 0.00147
v -0.006511 -0.00593 0.000882
v -0.006544 -0.006043 0.000886
v -0.006405 -0.00593 0.001462
v -0.006405 -0.00593 0.001462
v 0.004575 -0.006336 -0.005236
v 0.004946 -0.006296 -0.004729
v 0.005026 -0.006336 -0.004805
v 0.004575 -0.006336 -0.005236
v 0.004502 -0.006296 -0.005153
v 0.004874 -0.006231 -0.00466
v 0.004946 -0.006296 -0.004729
v 0.004502 -0.006296 -0.005153
v 0.004437 -0.006231 -0.005079
v 0.004816 -0.006145 -0.004605
v 0.004874 -0.006231 -0.00466
v 0.004437 -0.006231 -0.005079
v 0.004384 -0.006145 -0.005018
v 0.004773 -0.006043 -0.004564
v 0.004816 -0.006145 -0.004605
v 0.004384 -0.006145 -0.005018
v 0.004345 -0.006043 -0.004973
v 0.004345 -0.006043 -0.004973
v 0.004323 -0.00593 -0.004948
v 0.001757 -0.006043 0.006366
v 0.0017 -0.00593 0.006344
v 0.001179 -0.006043 0.006498
v 0.001748 -0.00593 0.006333
v 0.00232 -0.006043 0.006183
v 0.001748 -0.00593 0.006333
v 0.001757 -0.006043 0.006366
v 0.002309 -0.00593 0.006151
v 0.002309 -0.00593 0.006151
v 0.004087 -0.006336 -0.005625
v 0.004575 -0.006336 -0.005236
v 0.004156 -0.00635 -0.00572
v 0.004502 -0.006296 -0.005153
v 0.004575 -0.006336 -0.005236
v 0.004087 -0.006336 -0.005625
v 0.004022 -0.006296 -0.005536
v 0.004437 -0.006231 -0.005079
v 0.004502 -0.006296 -0.005153
v 0.004022 -0.006296 -0.005536
v 0.003964 -0.006231 -0.005456
v 0.004437 -0.006231 -0.005079
v 0.004022 -0.006296 -0.005536
v 0.004384 -0.006145 -0.005018
v 0.004437 -0.006231 -0.005079
v 0.003964 -0.006231 -0.005456
v 0.003916 -0.006145 -0.00539
v 0.004345 -0.006043 -0.004973
v 0.004384 -0.006145 -0.005018
v 0.003916 -0.006145 -0.00539
v 0.003882 -0.006043 -0.005343
v 0.004323 -0.00593 -0.004948
v 0.004345 -0.006043 -0.004973
v 0.006041 -0.00593 0.002582
v 0.006067 -0.00593 0.002513
v 0.006041 -0.00593 0.002582
v 0.006073 -0.006043 0.002596
v 0.006281 -0.006043 0.002041
v 0.006249 -0.00593 0.00203
v 0.006438 -0.006043 0.00147
v 0.006249 -0.00593 0.00203
v 0.006281 -0.006043 0.002041
v 0.00634 -0.00593 0.001699
v 0.006405 -0.00593 0.001462
v -0.005512 -0.006043 0.003638
v -0.005685 -0.00593 0.003282
v -0.005815 -0.006043 0.003129
v -0.005483 -0.00593 0.003619
v -0.005163 -0.006043 0.004118
v -0.005483 -0.00593 0.003619
v -0.005512 -0.006043 0.003638
v -0.005209 -0.00593 0.003997
v -0.005137 -0.00593 0.004096
v 0.003882 -0.006043 -0.005343
v 0.003417 -0.006145 -0.00572
v 0.003387 -0.006043 -0.005669
v 0.003882 -0.006043 -0.005343
v 0.003916 -0.006145 -0.00539
v 0.003459 -0.006231 -0.005789
v 0.003417 -0.006145 -0.00572
v 0.003916 -0.006145 -0.00539
v 0.003964 -0.006231 -0.005456
v 0.003509 -0.006296 -0.005874
v 0.003459 -0.006231 -0.005789
v 0.003964 -0.006231 -0.005456
v 0.004022 -0.006296 -0.005536
v 0.003566 -0.006336 -0.005969
v 0.003509 -0.006296 -0.005874
v 0.004022 -0.006296 -0.005536
v 0.004087 -0.006336 -0.005625
v 0.003626 -0.00635 -0.00607
v 0.003566 -0.006336 -0.005969
v 0.004087 -0.006336 -0.005625
v 0.004156 -0.00635 -0.00572
v 0.006597 -0.006043 -0.000296
v 0.006564 -0.00593 -0.000295
v 0.006564 -0.00593 -0
v 0.006513 -0.00593 -0.000857
v 0.006564 -0.00593 -0.000295
v 0.006597 -0.006043 -0.000296
v 0.006544 -0.006043 -0.000886
v 0.006511 -0.00593 -0.000882
v 0.006438 -0.006043 -0.00147
v 0.006511 -0.00593 -0.000882
v 0.006544 -0.006043 -0.000886
v 0.006405 -0.00593 -0.001462
v 0.006405 -0.00593 -0.001462
v 0.006946 -0.006336 -0.000312
v 0.006836 -0.006296 0.000307
v 0.006946 -0.006336 0.000312
v 0.006946 -0.006336 -0.000312
v 0.006836 -0.006296 -0.000307
v 0.006737 -0.006231 0.000303
v 0.006836 -0.006296 0.000307
v 0.006836 -0.006296 -0.000307
v 0.006737 -0.006231 -0.000303
v 0.006656 -0.006145 0.000299
v 0.006737 -0.006231 0.000303
v 0.006737 -0.006231 -0.000303
v 0.006656 -0.006145 -0.000299
v 0.006597 -0.006043 0.000296
v 0.006656 -0.006145 0.000299
v 0.006656 -0.006145 -0.000299
v 0.006597 -0.006043 -0.000296
v 0.006564 -0.00593 0.000295
v 0.006597 -0.006043 0.000296
v 0.006671 -0.006296 0.001523
v 0.00689 -0.006336 0.000933
v 0.006781 -0.006296 0.000918
v 0.006779 -0.006336 0.001547
v 0.006508 -0.006296 0.002114
v 0.006779 -0.006336 0.001547
v 0.006671 -0.006296 0.001523
v 0.006613 -0.006336 0.002149
v 0.006292 -0.006296 0.002689
v 0.006613 -0.006336 0.002149
v 0.006508 -0.006296 0.002114
v 0.006394 -0.006336 0.002733
v 0.006025 -0.006296 0.003242
v 0.006394 -0.006336 0.002733
v 0.006292 -0.006296 0.002689
v 0.006123 -0.006336 0.003295
v 0.005711 -0.006296 0.003769
v 0.006123 -0.006336 0.003295
v 0.006025 -0.006296 0.003242
v 0.005803 -0.006336 0.003831
v 0.00535 -0.006296 0.004266
v 0.005803 -0.006336 0.003831
v 0.005711 -0.006296 0.003769
v 0.005436 -0.006336 0.004335
v 0.004946 -0.006296 0.004729
v 0.005436 -0.006336 0.004335
v 0.00535 -0.006296 0.004266
v 0.005026 -0.006336 0.004805
v 0.004502 -0.006296 0.005153
v 0.005026 -0.006336 0.004805
v 0.004946 -0.006296 0.004729
v 0.004575 -0.006336 0.005236
v 0.004022 -0.006296 0.005536
v 0.004575 -0.006336 0.005236
v 0.004502 -0.006296 0.005153
v 0.004087 -0.006336 0.005625
v 0.003509 -0.006296 0.005874
v 0.004087 -0.006336 0.005625
v 0.004022 -0.006296 0.005536
v 0.003566 -0.006336 0.005969
v 0.002969 -0.006296 0.006165
v 0.003566 -0.006336 0.005969
v 0.003509 -0.006296 0.005874
v 0.003017 -0.006336 0.006265
v 0.002404 -0.006296 0.006406
v 0.003017 -0.006336 0.006265
v 0.002969 -0.006296 0.006165
v 0.002443 -0.006336 0.00651
v 0.00182 -0.006296 0.006596
v 0.002443 -0.006336 0.00651
v 0.002404 -0.006296 0.006406
v 0.00185 -0.006336 0.006703
v 0.001222 -0.006296 0.006732
v 0.00185 -0.006336 0.006703
v 0.00182 -0.006296 0.006596
v 0.001242 -0.006336 0.006842
v 0.000613 -0.006296 0.006815
v 0.001242 -0.006336 0.006842
v 0.001222 -0.006296 0.006732
v 0.000623 -0.006336 0.006925
v 0 -0.006296 0.006842
v 0.000623 -0.006336 0.006925
v 0.000613 -0.006296 0.006815
v 0 -0.006336 0.006953
v -0.000613 -0.006296 0.006815
v 0 -0.006336 0.006953
v 0 -0.006296 0.006842
v -0.000623 -0.006336 0.006925
v -0.001222 -0.006296 0.006732
v -0.000623 -0.006336 0.006925
v -0.000613 -0.006296 0.006815
v -0.001242 -0.006336 0.006842
v -0.00182 -0.006296 0.006596
v -0.001242 -0.006336 0.006842
v -0.001222 -0.006296 0.006732
v -0.00185 -0.006336 0.006703
v -0.002404 -0.006296 0.006406
v -0.00185 -0.006336 0.006703
v -0.00182 -0.006296 0.006596
v -0.002443 -0.006336 0.00651
v -0.002969 -0.006296 0.006165
v -0.002443 -0.006336 0.00651
v -0.002404 -0.006296 0.006406
v -0.003017 -0.006336 0.006265
v -0.003509 -0.006296 0.005874
v -0.003017 -0.006336 0.006265
v -0.002969 -0.006296 0.006165
v -0.003566 -0.006336 0.005969
v -0.004022 -0.006296 0.005536
v -0.003566 -0.006336 0.005969
v -0.003509 -0.006296 0.005874
v -0.004087 -0.006336 0.005625
v -0.004502 -0.006296 0.005153
v -0.004087 -0.006336 0.005625
v -0.004022 -0.006296 0.005536
v -0.004575 -0.006336 0.005236
v -0.004946 -0.006296 0.004729
v -0.004575 -0.006336 0.005236
v -0.004502 -0.006296 0.005153
v -0.005026 -0.006336 0.004805
v -0.00535 -0.006296 0.004266
v -0.005026 -0.006336 0.004805
v -0.004946 -0.006296 0.004729
v -0.005436 -0.006336 0.004335
v -0.005711 -0.006296 0.003769
v -0.005436 -0.006336 0.004335
v -0.00535 -0.006296 0.004266
v -0.005803 -0.006336 0.003831
v -0.005436 -0.006336 0.004335
v -0.005711 -0.006296 0.003769
v -0.006025 -0.006296 0.003242
v -0.005803 -0.006336 0.003831
v -0.005711 -0.006296 0.003769
v -0.006123 -0.006336 0.003295
v -0.006292 -0.006296 0.002689
v -0.006123 -0.006336 0.003295
v -0.006025 -0.006296 0.003242
v -0.006394 -0.006336 0.002733
v -0.006508 -0.006296 0.002114
v -0.006394 -0.006336 0.002733
v -0.006292 -0.006296 0.002689
v -0.006613 -0.006336 0.002149
v -0.006671 -0.006296 0.001523
v -0.006613 -0.006336 0.002149
v -0.006508 -0.006296 0.002114
v -0.006779 -0.006336 0.001547
v -0.006781 -0.006296 0.000918
v -0.006779 -0.006336 0.001547
v -0.006671 -0.006296 0.001523
v -0.00689 -0.006336 0.000933
v -0.006836 -0.006296 0.000307
v -0.00689 -0.006336 0.000933
v -0.006781 -0.006296 0.000918
v -0.006946 -0.006336 0.000312
v -0.00689 -0.006336 0.000933
v -0.006836 -0.006296 0.000307
v -0.006836 -0.006296 -0.000307
v -0.006946 -0.006336 0.000312
v -0.006836 -0.006296 0.000307
v -0.006946 -0.006336 -0.000312
v -0.006781 -0.006296 -0.000918
v -0.006946 -0.006336 -0.000312
v -0.006836 -0.006296 -0.000307
v -0.00689 -0.006336 -0.000933
v -0.006946 -0.006336 -0.000312
v -0.006781 -0.006296 -0.000918
v -0.006671 -0.006296 -0.001523
v -0.00689 -0.006336 -0.000933
v -0.006781 -0.006296 -0.000918
v -0.006779 -0.006336 -0.001547
v -0.006508 -0.006296 -0.002114
v -0.006779 -0.006336 -0.001547
v -0.006671 -0.006296 -0.001523
v -0.006613 -0.006336 -0.002149
v -0.006292 -0.006296 -0.002689
v -0.006613 -0.006336 -0.002149
v -0.006508 -0.006296 -0.002114
v -0.006394 -0.006336 -0.002733
v -0.006025 -0.006296 -0.003242
v -0.006394 -0.006336 -0.002733
v -0.006292 -0.006296 -0.002689
v -0.006123 -0.006336 -0.003295
v -0.005711 -0.006296 -0.003769
v -0.006123 -0.006336 -0.003295
v -0.006025 -0.006296 -0.003242
v -0.005803 -0.006336 -0.003831
v -0.00535 -0.006296 -0.004266
v -0.005803 -0.006336 -0.003831
v -0.005711 -0.006296 -0.003769
v -0.005436 -0.006336 -0.004335
v -0.005803 -0.006336 -0.003831
v -0.00535 -0.006296 -0.004266
v -0.004946 -0.006296 -0.004729
v -0.005436 -0.006336 -0.004335
v -0.00535 -0.006296 -0.004266
v -0.005026 -0.006336 -0.004805
v -0.004502 -0.006296 -0.005153
v -0.005026 -0.006336 -0.004805
v -0.004946 -0.006296 -0.004729
v -0.004575 -0.006336 -0.005236
v -0.004022 -0.006296 -0.005536
v -0.004575 -0.006336 -0.005236
v -0.004502 -0.006296 -0.005153
v -0.004087 -0.006336 -0.005625
v -0.003509 -0.006296 -0.005874
v -0.004087 -0.006336 -0.005625
v -0.004022 -0.006296 -0.005536
v -0.003566 -0.006336 -0.005969
v -0.002969 -0.006296 -0.006165
v -0.003566 -0.006336 -0.005969
v -0.003509 -0.006296 -0.005874
v -0.003017 -0.006336 -0.006265
v -0.002404 -0.006296 -0.006406
v -0.003017 -0.006336 -0.006265
v -0.002969 -0.006296 -0.006165
v -0.002443 -0.006336 -0.00651
v -0.00182 -0.006296 -0.006596
v -0.002443 -0.006336 -0.00651
v -0.002404 -0.006296 -0.006406
v -0.00185 -0.006336 -0.006703
v -0.001222 -0.006296 -0.006732
v -0.00185 -0.006336 -0.006703
v -0.00182 -0.006296 -0.006596
v -0.001242 -0.006336 -0.006842
v -0.000613 -0.006296 -0.006815
v -0.001242 -0.006336 -0.006842
v -0.001222 -0.006296 -0.006732
v -0.000623 -0.006336 -0.006925
v 0 -0.006296 -0.006842
v -0.000623 -0.006336 -0.006925
v -0.000613 -0.006296 -0.006815
v 0 -0.006336 -0.006953
v 0.000613 -0.006296 -0.006815
v 0 -0.006336 -0.006953
v 0 -0.006296 -0.006842
v 0.000623 -0.006336 -0.006925
v 0.001222 -0.006296 -0.006732
v 0.000623 -0.006336 -0.006925
v 0.000613 -0.006296 -0.006815
v 0.001242 -0.006336 -0.006842
v 0.00182 -0.006296 -0.006596
v 0.001242 -0.006336 -0.006842
v 0.001222 -0.006296 -0.006732
v 0.00185 -0.006336 -0.006703
v 0.002404 -0.006296 -0.006406
v 0.00185 -0.006336 -0.006703
v 0.00182 -0.006296 -0.006596
v 0.002443 -0.006336 -0.00651
v 0.002969 -0.006296 -0.006165
v 0.002443 -0.006336 -0.00651
v 0.002404 -0.006296 -0.006406
v 0.003017 -0.006336 -0.006265
v -0.000857 -0.00593 0.006507
v -0.000589 -0.00593 0.006544
v 0 -0.006043 0.006604
v -0.000589 -0.00593 0.006544
v -0.000592 -0.006043 0.006577
v 0 -0.00593 0.00657
v 0.000592 -0.006043 0.006577
v 0 -0.00593 0.00657
v 0 -0.006043 0.006604
v 0.00232 -0.006043 -0.006183
v 0.002851 -0.00593 -0.00592
v 0.002865 -0.006043 -0.00595
v 0.002512 -0.00593 -0.006064
v 0.002309 -0.00593 -0.006151
v 0.002484 -0.00635 -0.00662
v 0.003017 -0.006336 -0.006265
v 0.003068 -0.00635 -0.00637
v 0.002443 -0.006336 -0.00651
v 0.001881 -0.00635 -0.006816
v 0.002443 -0.006336 -0.00651
v 0.002484 -0.00635 -0.00662
v 0.00185 -0.006336 -0.006703
v 0.001262 -0.00635 -0.006957
v 0.00185 -0.006336 -0.006703
v 0.001881 -0.00635 -0.006816
v 0.001242 -0.006336 -0.006842
v 0.000634 -0.00635 -0.007042
v 0.001242 -0.006336 -0.006842
v 0.001262 -0.00635 -0.006957
v 0.000623 -0.006336 -0.006925
v 0 -0.00635 -0.00707
v 0.000623 -0.006336 -0.006925
v 0.000634 -0.00635 -0.007042
v 0 -0.006336 -0.006953
v -0.000634 -0.00635 -0.007042
v 0 -0.006336 -0.006953
v 0 -0.00635 -0.00707
v -0.000623 -0.006336 -0.006925
v -0.001262 -0.00635 -0.006957
v -0.000623 -0.006336 -0.006925
v -0.000634 -0.00635 -0.007042
v -0.001242 -0.006336 -0.006842
v -0.001881 -0.00635 -0.006816
v -0.001242 -0.006336 -0.006842
v -0.001262 -0.00635 -0.006957
v -0.00185 -0.006336 -0.006703
v -0.002484 -0.00635 -0.00662
v -0.00185 -0.006336 -0.006703
v -0.001881 -0.00635 -0.006816
v -0.002443 -0.006336 -0.00651
v -0.003068 -0.00635 -0.00637
v -0.002443 -0.006336 -0.00651
v -0.002484 -0.00635 -0.00662
v -0.003017 -0.006336 -0.006265
v -0.003626 -0.00635 -0.00607
v -0.003017 -0.006336 -0.006265
v -0.003068 -0.00635 -0.00637
v -0.003566 -0.006336 -0.005969
v -0.004156 -0.00635 -0.00572
v -0.003566 -0.006336 -0.005969
v -0.003626 -0.00635 -0.00607
v -0.004087 -0.006336 -0.005625
v -0.004652 -0.00635 -0.005325
v -0.004087 -0.006336 -0.005625
v -0.004156 -0.00635 -0.00572
v -0.004575 -0.006336 -0.005236
v -0.004087 -0.006336 -0.005625
v -0.004652 -0.00635 -0.005325
v -0.00511 -0.00635 -0.004886
v -0.004575 -0.006336 -0.005236
v -0.004652 -0.00635 -0.005325
v -0.005026 -0.006336 -0.004805
v -0.005528 -0.00635 -0.004408
v -0.005026 -0.006336 -0.004805
v -0.00511 -0.00635 -0.004886
v -0.005436 -0.006336 -0.004335
v -0.005901 -0.00635 -0.003895
v -0.005436 -0.006336 -0.004335
v -0.005528 -0.00635 -0.004408
v -0.005803 -0.006336 -0.003831
v -0.006226 -0.00635 -0.00335
v -0.005803 -0.006336 -0.003831
v -0.005901 -0.00635 -0.003895
v -0.006123 -0.006336 -0.003295
v -0.006501 -0.00635 -0.002779
v -0.006123 -0.006336 -0.003295
v -0.006226 -0.00635 -0.00335
v -0.006394 -0.006336 -0.002733
v -0.006724 -0.00635 -0.002185
v -0.006394 -0.006336 -0.002733
v -0.006501 -0.00635 -0.002779
v -0.006613 -0.006336 -0.002149
v -0.006893 -0.00635 -0.001573
v -0.006613 -0.006336 -0.002149
v -0.006724 -0.00635 -0.002185
v -0.006779 -0.006336 -0.001547
v -0.007006 -0.00635 -0.000949
v -0.006779 -0.006336 -0.001547
v -0.006893 -0.00635 -0.001573
v -0.00689 -0.006336 -0.000933
v -0.007063 -0.00635 -0.000317
v -0.00689 -0.006336 -0.000933
v -0.007006 -0.00635 -0.000949
v -0.006946 -0.006336 -0.000312
v -0.007063 -0.00635 0.000317
v -0.006946 -0.006336 -0.000312
v -0.007063 -0.00635 -0.000317
v -0.006946 -0.006336 0.000312
v -0.007006 -0.00635 0.000949
v -0.006946 -0.006336 0.000312
v -0.007063 -0.00635 0.000317
v -0.00689 -0.006336 0.000933
v -0.006893 -0.00635 0.001573
v -0.00689 -0.006336 0.000933
v -0.007006 -0.00635 0.000949
v -0.006779 -0.006336 0.001547
v -0.006724 -0.00635 0.002185
v -0.006779 -0.006336 0.001547
v -0.006893 -0.00635 0.001573
v -0.006613 -0.006336 0.002149
v -0.006501 -0.00635 0.002779
v -0.006613 -0.006336 0.002149
v -0.006724 -0.00635 0.002185
v -0.006394 -0.006336 0.002733
v -0.006226 -0.00635 0.00335
v -0.006394 -0.006336 0.002733
v -0.006501 -0.00635 0.002779
v -0.006123 -0.006336 0.003295
v -0.005901 -0.00635 0.003895
v -0.006123 -0.006336 0.003295
v -0.006226 -0.00635 0.00335
v -0.005803 -0.006336 0.003831
v -0.005528 -0.00635 0.004408
v -0.005803 -0.006336 0.003831
v -0.005901 -0.00635 0.003895
v -0.005436 -0.006336 0.004335
v -0.00511 -0.00635 0.004886
v -0.005436 -0.006336 0.004335
v -0.005528 -0.00635 0.004408
v -0.005026 -0.006336 0.004805
v -0.004652 -0.00635 0.005325
v -0.005026 -0.006336 0.004805
v -0.00511 -0.00635 0.004886
v -0.004575 -0.006336 0.005236
v -0.004156 -0.00635 0.00572
v -0.004575 -0.006336 0.005236
v -0.004652 -0.00635 0.005325
v -0.004087 -0.006336 0.005625
v -0.003626 -0.00635 0.00607
v -0.004087 -0.006336 0.005625
v -0.004156 -0.00635 0.00572
v -0.003566 -0.006336 0.005969
v -0.003068 -0.00635 0.00637
v -0.003566 -0.006336 0.005969
v -0.003626 -0.00635 0.00607
v -0.003017 -0.006336 0.006265
v -0.002484 -0.00635 0.00662
v -0.003017 -0.006336 0.006265
v -0.003068 -0.00635 0.00637
v -0.002443 -0.006336 0.00651
v -0.001881 -0.00635 0.006816
v -0.002443 -0.006336 0.00651
v -0.002484 -0.00635 0.00662
v -0.00185 -0.006336 0.006703
v -0.001262 -0.00635 0.006957
v -0.00185 -0.006336 0.006703
v -0.001881 -0.00635 0.006816
v -0.001242 -0.006336 0.006842
v -0.000634 -0.00635 0.007042
v -0.001242 -0.006336 0.006842
v -0.001262 -0.00635 0.006957
v -0.000623 -0.006336 0.006925
v -0 -0.00635 0.00707
v -0.000623 -0.006336 0.006925
v -0.000634 -0.00635 0.007042
v 0 -0.006336 0.006953
v 0.000634 -0.00635 0.007042
v 0 -0.006336 0.006953
v -0 -0.00635 0.00707
v 0.000623 -0.006336 0.006925
v 0.001262 -0.00635 0.006957
v 0.000623 -0.006336 0.006925
v 0.000634 -0.00635 0.007042
v 0.001242 -0.006336 0.006842
v 0.001881 -0.00635 0.006816
v 0.001242 -0.006336 0.006842
v 0.001262 -0.00635 0.006957
v 0.00185 -0.006336 0.006703
v 0.002484 -0.00635 0.00662
v 0.00185 -0.006336 0.006703
v 0.001881 -0.00635 0.006816
v 0.002443 -0.006336 0.00651
v 0.003068 -0.00635 0.00637
v 0.002443 -0.006336 0.00651
v 0.002484 -0.00635 0.00662
v 0.003017 -0.006336 0.006265
v 0.003626 -0.00635 0.00607
v 0.003017 -0.006336 0.006265
v 0.003068 -0.00635 0.00637
v 0.003566 -0.006336 0.005969
v 0.004156 -0.00635 0.00572
v 0.003566 -0.006336 0.005969
v 0.003626 -0.00635 0.00607
v 0.004087 -0.006336 0.005625
v 0.004652 -0.00635 0.005325
v 0.004087 -0.006336 0.005625
v 0.004156 -0.00635 0.00572
v 0.004575 -0.006336 0.005236
v 0.00511 -0.00635 0.004886
v 0.004575 -0.006336 0.005236
v 0.004652 -0.00635 0.005325
v 0.005026 -0.006336 0.004805
v 0.005528 -0.00635 0.004408
v 0.005026 -0.006336 0.004805
v 0.00511 -0.00635 0.004886
v 0.005436 -0.006336 0.004335
v 0.005901 -0.00635 0.003895
v 0.005436 -0.006336 0.004335
v 0.005528 -0.00635 0.004408
v 0.005803 -0.006336 0.003831
v 0.006226 -0.00635 0.00335
v 0.005803 -0.006336 0.003831
v 0.005901 -0.00635 0.003895
v 0.006123 -0.006336 0.003295
v 0.006501 -0.00635 0.002779
v 0.006123 -0.006336 0.003295
v 0.006226 -0.00635 0.00335
v 0.006394 -0.006336 0.002733
v 0.006724 -0.00635 0.002185
v 0.006394 -0.006336 0.002733
v 0.006501 -0.00635 0.002779
v 0.006613 -0.006336 0.002149
v 0.006893 -0.00635 0.001573
v 0.006613 -0.006336 0.002149
v 0.006724 -0.00635 0.002185
v 0.006779 -0.006336 0.001547
v 0.007006 -0.00635 0.000949
v 0.006779 -0.006336 0.001547
v 0.006893 -0.00635 0.001573
v 0.00689 -0.006336 0.000933
v 0.007063 -0.00635 0.000317
v 0.00689 -0.006336 0.000933
v 0.007006 -0.00635 0.000949
v 0.000589 -0.00593 0.006544
v 0.000857 -0.00593 0.006507
v 0.000589 -0.00593 0.006544
v 0.000592 -0.006043 0.006577
v 0.001179 -0.006043 0.006498
v 0.001173 -0.00593 0.006465
v 0.001173 -0.00593 0.006465
v 0.002404 -0.006296 -0.006406
v 0.002926 -0.006231 -0.006076
v 0.002969 -0.006296 -0.006165
v 0.00237 -0.006231 -0.006314
v 0.00182 -0.006296 -0.006596
v 0.00237 -0.006231 -0.006314
v 0.002404 -0.006296 -0.006406
v 0.001794 -0.006231 -0.006501
v 0.001222 -0.006296 -0.006732
v 0.001794 -0.006231 -0.006501
v 0.00182 -0.006296 -0.006596
v 0.001204 -0.006231 -0.006636
v 0.000613 -0.006296 -0.006815
v 0.001204 -0.006231 -0.006636
v 0.001222 -0.006296 -0.006732
v 0.000605 -0.006231 -0.006717
v 0 -0.006296 -0.006842
v 0.000605 -0.006231 -0.006717
v 0.000613 -0.006296 -0.006815
v 0 -0.006231 -0.006744
v -0.000613 -0.006296 -0.006815
v 0 -0.006231 -0.006744
v 0 -0.006296 -0.006842
v -0.000605 -0.006231 -0.006717
v -0.001222 -0.006296 -0.006732
v -0.000605 -0.006231 -0.006717
v -0.000613 -0.006296 -0.006815
v -0.001204 -0.006231 -0.006636
v -0.00182 -0.006296 -0.006596
v -0.001204 -0.006231 -0.006636
v -0.001222 -0.006296 -0.006732
v -0.001794 -0.006231 -0.006501
v -0.002404 -0.006296 -0.006406
v -0.001794 -0.006231 -0.006501
v -0.00182 -0.006296 -0.006596
v -0.00237 -0.006231 -0.006314
v -0.002969 -0.006296 -0.006165
v -0.00237 -0.006231 -0.006314
v -0.002404 -0.006296 -0.006406
v -0.002926 -0.006231 -0.006076
v -0.003509 -0.006296 -0.005874
v -0.002926 -0.006231 -0.006076
v -0.002969 -0.006296 -0.006165
v -0.003459 -0.006231 -0.005789
v -0.004022 -0.006296 -0.005536
v -0.003459 -0.006231 -0.005789
v -0.003509 -0.006296 -0.005874
v -0.003964 -0.006231 -0.005456
v -0.004502 -0.006296 -0.005153
v -0.003964 -0.006231 -0.005456
v -0.004022 -0.006296 -0.005536
v -0.004437 -0.006231 -0.005079
v -0.004946 -0.006296 -0.004729
v -0.004437 -0.006231 -0.005079
v -0.004502 -0.006296 -0.005153
v -0.004874 -0.006231 -0.00466
v -0.00535 -0.006296 -0.004266
v -0.004874 -0.006231 -0.00466
v -0.004946 -0.006296 -0.004729
v -0.005273 -0.006231 -0.004205
v -0.005711 -0.006296 -0.003769
v -0.005273 -0.006231 -0.004205
v -0.00535 -0.006296 -0.004266
v -0.005628 -0.006231 -0.003715
v -0.006025 -0.006296 -0.003242
v -0.005628 -0.006231 -0.003715
v -0.005711 -0.006296 -0.003769
v -0.005939 -0.006231 -0.003196
v -0.006292 -0.006296 -0.002689
v -0.005939 -0.006231 -0.003196
v -0.006025 -0.006296 -0.003242
v -0.006201 -0.006231 -0.002651
v -0.006508 -0.006296 -0.002114
v -0.006201 -0.006231 -0.002651
v -0.006292 -0.006296 -0.002689
v -0.006414 -0.006231 -0.002084
v -0.006671 -0.006296 -0.001523
v -0.006414 -0.006231 -0.002084
v -0.006508 -0.006296 -0.002114
v -0.006575 -0.006231 -0.001501
v -0.006781 -0.006296 -0.000918
v -0.006575 -0.006231 -0.001501
v -0.006671 -0.006296 -0.001523
v -0.006683 -0.006231 -0.000905
v -0.006836 -0.006296 -0.000307
v -0.006683 -0.006231 -0.000905
v -0.006781 -0.006296 -0.000918
v -0.006737 -0.006231 -0.000303
v -0.006836 -0.006296 0.000307
v -0.006737 -0.006231 -0.000303
v -0.006836 -0.006296 -0.000307
v -0.006737 -0.006231 0.000303
v -0.006781 -0.006296 0.000918
v -0.006737 -0.006231 0.000303
v -0.006836 -0.006296 0.000307
v -0.006683 -0.006231 0.000905
v -0.006671 -0.006296 0.001523
v -0.006683 -0.006231 0.000905
v -0.006781 -0.006296 0.000918
v -0.006575 -0.006231 0.001501
v -0.006508 -0.006296 0.002114
v -0.006575 -0.006231 0.001501
v -0.006671 -0.006296 0.001523
v -0.006414 -0.006231 0.002084
v -0.006292 -0.006296 0.002689
v -0.006414 -0.006231 0.002084
v -0.006508 -0.006296 0.002114
v -0.006201 -0.006231 0.002651
v -0.006025 -0.006296 0.003242
v -0.006201 -0.006231 0.002651
v -0.006292 -0.006296 0.002689
v -0.005939 -0.006231 0.003196
v -0.005711 -0.006296 0.003769
v -0.005939 -0.006231 0.003196
v -0.006025 -0.006296 0.003242
v -0.005628 -0.006231 0.003715
v -0.00535 -0.006296 0.004266
v -0.005628 -0.006231 0.003715
v -0.005711 -0.006296 0.003769
v -0.005273 -0.006231 0.004205
v -0.004946 -0.006296 0.004729
v -0.005273 -0.006231 0.004205
v -0.00535 -0.006296 0.004266
v -0.004874 -0.006231 0.00466
v -0.004502 -0.006296 0.005153
v -0.004874 -0.006231 0.00466
v -0.004946 -0.006296 0.004729
v -0.004437 -0.006231 0.005079
v -0.004022 -0.006296 0.005536
v -0.004437 -0.006231 0.005079
v -0.004502 -0.006296 0.005153
v -0.003964 -0.006231 0.005456
v -0.003509 -0.006296 0.005874
v -0.003964 -0.006231 0.005456
v -0.004022 -0.006296 0.005536
v -0.003459 -0.006231 0.005789
v -0.002969 -0.006296 0.006165
v -0.003459 -0.006231 0.005789
v -0.003509 -0.006296 0.005874
v -0.002926 -0.006231 0.006076
v -0.002404 -0.006296 0.006406
v -0.002926 -0.006231 0.006076
v -0.002969 -0.006296 0.006165
v -0.00237 -0.006231 0.006314
v -0.00182 -0.006296 0.006596
v -0.00237 -0.006231 0.006314
v -0.002404 -0.006296 0.006406
v -0.001794 -0.006231 0.006501
v -0.001222 -0.006296 0.006732
v -0.001794 -0.006231 0.006501
v -0.00182 -0.006296 0.006596
v -0.001204 -0.006231 0.006636
v -0.000613 -0.006296 0.006815
v -0.001204 -0.006231 0.006636
v -0.001222 -0.006296 0.006732
v -0.000605 -0.006231 0.006717
v 0 -0.006296 0.006842
v -0.000605 -0.006231 0.006717
v -0.000613 -0.006296 0.006815
v 0 -0.006231 0.006744
v 0.000613 -0.006296 0.006815
v 0 -0.006231 0.006744
v 0 -0.006296 0.006842
v 0.000605 -0.006231 0.006717
v 0.001222 -0.006296 0.006732
v 0.000605 -0.006231 0.006717
v 0.000613 -0.006296 0.006815
v 0.001204 -0.006231 0.006636
v 0.00182 -0.006296 0.006596
v 0.001204 -0.006231 0.006636
v 0.001222 -0.006296 0.006732
v 0.001794 -0.006231 0.006501
v 0.002404 -0.006296 0.006406
v 0.001794 -0.006231 0.006501
v 0.00182 -0.006296 0.006596
v 0.00237 -0.006231 0.006314
v 0.002969 -0.006296 0.006165
v 0.00237 -0.006231 0.006314
v 0.002404 -0.006296 0.006406
v 0.002926 -0.006231 0.006076
v 0.003509 -0.006296 0.005874
v 0.002926 -0.006231 0.006076
v 0.002969 -0.006296 0.006165
v 0.003459 -0.006231 0.005789
v 0.004022 -0.006296 0.005536
v 0.003459 -0.006231 0.005789
v 0.003509 -0.006296 0.005874
v 0.003964 -0.006231 0.005456
v 0.004502 -0.006296 0.005153
v 0.003964 -0.006231 0.005456
v 0.004022 -0.006296 0.005536
v 0.004437 -0.006231 0.005079
v 0.004946 -0.006296 0.004729
v 0.004437 -0.006231 0.005079
v 0.004502 -0.006296 0.005153
v 0.004874 -0.006231 0.00466
v 0.00535 -0.006296 0.004266
v 0.004874 -0.006231 0.00466
v 0.004946 -0.006296 0.004729
v 0.005273 -0.006231 0.004205
v 0.005711 -0.006296 0.003769
v 0.005273 -0.006231 0.004205
v 0.00535 -0.006296 0.004266
v 0.005628 -0.006231 0.003715
v 0.006025 -0.006296 0.003242
v 0.005628 -0.006231 0.003715
v 0.005711 -0.006296 0.003769
v 0.005939 -0.006231 0.003196
v 0.006292 -0.006296 0.002689
v 0.005939 -0.006231 0.003196
v 0.006025 -0.006296 0.003242
v 0.006201 -0.006231 0.002651
v 0.006508 -0.006296 0.002114
v 0.006201 -0.006231 0.002651
v 0.006292 -0.006296 0.002689
v 0.006414 -0.006231 0.002084
v 0.006671 -0.006296 0.001523
v 0.006414 -0.006231 0.002084
v 0.006508 -0.006296 0.002114
v 0.006575 -0.006231 0.001501
v 0.006781 -0.006296 0.000918
v 0.006575 -0.006231 0.001501
v 0.006671 -0.006296 0.001523
v 0.006683 -0.006231 0.000905
v 0.00237 -0.006231 -0.006314
v 0.002891 -0.006145 -0.006003
v 0.002926 -0.006231 -0.006076
v 0.002341 -0.006145 -0.006238
v 0.001794 -0.006231 -0.006501
v 0.002341 -0.006145 -0.006238
v 0.00237 -0.006231 -0.006314
v 0.001773 -0.006145 -0.006423
v 0.001204 -0.006231 -0.006636
v 0.001773 -0.006145 -0.006423
v 0.001794 -0.006231 -0.006501
v 0.00119 -0.006145 -0.006556
v 0.000605 -0.006231 -0.006717
v 0.00119 -0.006145 -0.006556
v 0.001204 -0.006231 -0.006636
v 0.000597 -0.006145 -0.006636
v 0 -0.006231 -0.006744
v 0.000597 -0.006145 -0.006636
v 0.000605 -0.006231 -0.006717
v 0 -0.006145 -0.006663
v -0.000605 -0.006231 -0.006717
v 0 -0.006145 -0.006663
v 0 -0.006231 -0.006744
v -0.000597 -0.006145 -0.006636
v -0.001204 -0.006231 -0.006636
v -0.000597 -0.006145 -0.006636
v -0.000605 -0.006231 -0.006717
v -0.00119 -0.006145 -0.006556
v -0.001794 -0.006231 -0.006501
v -0.00119 -0.006145 -0.006556
v -0.001204 -0.006231 -0.006636
v -0.001773 -0.006145 -0.006423
v -0.00237 -0.006231 -0.006314
v -0.001773 -0.006145 -0.006423
v -0.001794 -0.006231 -0.006501
v -0.002341 -0.006145 -0.006238
v -0.002926 -0.006231 -0.006076
v -0.002341 -0.006145 -0.006238
v -0.00237 -0.006231 -0.006314
v -0.002891 -0.006145 -0.006003
v -0.003459 -0.006231 -0.005789
v -0.002891 -0.006145 -0.006003
v -0.002926 -0.006231 -0.006076
v -0.003417 -0.006145 -0.00572
v -0.003964 -0.006231 -0.005456
v -0.003417 -0.006145 -0.00572
v -0.003459 -0.006231 -0.005789
v -0.003916 -0.006145 -0.00539
v -0.004437 -0.006231 -0.005079
v -0.003916 -0.006145 -0.00539
v -0.003964 -0.006231 -0.005456
v -0.004384 -0.006145 -0.005018
v -0.003916 -0.006145 -0.00539
v -0.004437 -0.006231 -0.005079
v -0.004874 -0.006231 -0.00466
v -0.004384 -0.006145 -0.005018
v -0.004437 -0.006231 -0.005079
v -0.004816 -0.006145 -0.004605
v -0.005273 -0.006231 -0.004205
v -0.004816 -0.006145 -0.004605
v -0.004874 -0.006231 -0.00466
v -0.005209 -0.006145 -0.004154
v -0.005628 -0.006231 -0.003715
v -0.005209 -0.006145 -0.004154
v -0.005273 -0.006231 -0.004205
v -0.005561 -0.006145 -0.003671
v -0.005939 -0.006231 -0.003196
v -0.005561 -0.006145 -0.003671
v -0.005628 -0.006231 -0.003715
v -0.005867 -0.006145 -0.003157
v -0.006201 -0.006231 -0.002651
v -0.005867 -0.006145 -0.003157
v -0.005939 -0.006231 -0.003196
v -0.006127 -0.006145 -0.002619
v -0.006414 -0.006231 -0.002084
v -0.006127 -0.006145 -0.002619
v -0.006201 -0.006231 -0.002651
v -0.006337 -0.006145 -0.002059
v -0.006575 -0.006231 -0.001501
v -0.006337 -0.006145 -0.002059
v -0.006414 -0.006231 -0.002084
v -0.006496 -0.006145 -0.001483
v -0.006683 -0.006231 -0.000905
v -0.006496 -0.006145 -0.001483
v -0.006575 -0.006231 -0.001501
v -0.006603 -0.006145 -0.000894
v -0.006737 -0.006231 -0.000303
v -0.006603 -0.006145 -0.000894
v -0.006683 -0.006231 -0.000905
v -0.006656 -0.006145 -0.000299
v -0.006737 -0.006231 0.000303
v -0.006656 -0.006145 -0.000299
v -0.006737 -0.006231 -0.000303
v -0.006656 -0.006145 0.000299
v -0.006683 -0.006231 0.000905
v -0.006656 -0.006145 0.000299
v -0.006737 -0.006231 0.000303
v -0.006603 -0.006145 0.000894
v -0.006575 -0.006231 0.001501
v -0.006603 -0.006145 0.000894
v -0.006683 -0.006231 0.000905
v -0.006496 -0.006145 0.001483
v -0.006414 -0.006231 0.002084
v -0.006496 -0.006145 0.001483
v -0.006575 -0.006231 0.001501
v -0.006337 -0.006145 0.002059
v -0.006201 -0.006231 0.002651
v -0.006337 -0.006145 0.002059
v -0.006414 -0.006231 0.002084
v -0.006127 -0.006145 0.002619
v -0.005939 -0.006231 0.003196
v -0.006127 -0.006145 0.002619
v -0.006201 -0.006231 0.002651
v -0.005867 -0.006145 0.003157
v -0.005628 -0.006231 0.003715
v -0.005867 -0.006145 0.003157
v -0.005939 -0.006231 0.003196
v -0.005561 -0.006145 0.003671
v -0.005273 -0.006231 0.004205
v -0.005561 -0.006145 0.003671
v -0.005628 -0.006231 0.003715
v -0.005209 -0.006145 0.004154
v -0.004874 -0.006231 0.00466
v -0.005209 -0.006145 0.004154
v -0.005273 -0.006231 0.004205
v -0.004816 -0.006145 0.004605
v -0.004437 -0.006231 0.005079
v -0.004816 -0.006145 0.004605
v -0.004874 -0.006231 0.00466
v -0.004384 -0.006145 0.005018
v -0.003964 -0.006231 0.005456
v -0.004384 -0.006145 0.005018
v -0.004437 -0.006231 0.005079
v -0.003916 -0.006145 0.00539
v -0.003459 -0.006231 0.005789
v -0.003916 -0.006145 0.00539
v -0.003964 -0.006231 0.005456
v -0.003417 -0.006145 0.00572
v -0.002926 -0.006231 0.006076
v -0.003417 -0.006145 0.00572
v -0.003459 -0.006231 0.005789
v -0.002891 -0.006145 0.006003
v -0.00237 -0.006231 0.006314
v -0.002891 -0.006145 0.006003
v -0.002926 -0.006231 0.006076
v -0.002341 -0.006145 0.006238
v -0.001794 -0.006231 0.006501
v -0.002341 -0.006145 0.006238
v -0.00237 -0.006231 0.006314
v -0.001773 -0.006145 0.006423
v -0.001204 -0.006231 0.006636
v -0.001773 -0.006145 0.006423
v -0.001794 -0.006231 0.006501
v -0.00119 -0.006145 0.006556
v -0.000605 -0.006231 0.006717
v -0.00119 -0.006145 0.006556
v -0.001204 -0.006231 0.006636
v -0.000597 -0.006145 0.006636
v 0 -0.006231 0.006744
v -0.000597 -0.006145 0.006636
v -0.000605 -0.006231 0.006717
v 0 -0.006145 0.006663
v 0.000605 -0.006231 0.006717
v 0 -0.006145 0.006663
v 0 -0.006231 0.006744
v 0.000597 -0.006145 0.006636
v 0.001204 -0.006231 0.006636
v 0.000597 -0.006145 0.006636
v 0.000605 -0.006231 0.006717
v 0.00119 -0.006145 0.006556
v 0.001794 -0.006231 0.006501
v 0.00119 -0.006145 0.006556
v 0.001204 -0.006231 0.006636
v 0.001773 -0.006145 0.006423
v 0.00237 -0.006231 0.006314
v 0.001773 -0.006145 0.006423
v 0.001794 -0.006231 0.006501
v 0.002341 -0.006145 0.006238
v 0.002926 -0.006231 0.006076
v 0.002341 -0.006145 0.006238
v 0.00237 -0.006231 0.006314
v 0.002891 -0.006145 0.006003
v 0.003459 -0.006231 0.005789
v 0.002891 -0.006145 0.006003
v 0.002926 -0.006231 0.006076
v 0.003417 -0.006145 0.00572
v 0.003964 -0.006231 0.005456
v 0.003417 -0.006145 0.00572
v 0.003459 -0.006231 0.005789
v 0.003916 -0.006145 0.00539
v 0.004437 -0.006231 0.005079
v 0.003916 -0.006145 0.00539
v 0.003964 -0.006231 0.005456
v 0.004384 -0.006145 0.005018
v 0.003916 -0.006145 0.00539
v 0.004437 -0.006231 0.005079
v 0.004874 -0.006231 0.00466
v 0.004384 -0.006145 0.005018
v 0.004437 -0.006231 0.005079
v 0.004816 -0.006145 0.004605
v 0.005273 -0.006231 0.004205
v 0.004816 -0.006145 0.004605
v 0.004874 -0.006231 0.00466
v 0.005209 -0.006145 0.004154
v 0.005628 -0.006231 0.003715
v 0.005209 -0.006145 0.004154
v 0.005273 -0.006231 0.004205
v 0.005561 -0.006145 0.003671
v 0.005939 -0.006231 0.003196
v 0.005561 -0.006145 0.003671
v 0.005628 -0.006231 0.003715
v 0.005867 -0.006145 0.003157
v 0.006201 -0.006231 0.002651
v 0.005867 -0.006145 0.003157
v 0.005939 -0.006231 0.003196
v 0.006127 -0.006145 0.002619
v 0.006414 -0.006231 0.002084
v 0.006127 -0.006145 0.002619
v 0.006201 -0.006231 0.002651
v 0.006337 -0.006145 0.002059
v 0.006575 -0.006231 0.001501
v 0.006337 -0.006145 0.002059
v 0.006414 -0.006231 0.002084
v 0.006496 -0.006145 0.001483
v 0.006683 -0.006231 0.000905
v 0.006496 -0.006145 0.001483
v 0.006575 -0.006231 0.001501
v 0.006603 -0.006145 0.000894
v 0.002341 -0.006145 -0.006238
v 0.002865 -0.006043 -0.00595
v 0.002891 -0.006145 -0.006003
v 0.00232 -0.006043 -0.006183
v 0.001773 -0.006145 -0.006423
v 0.00232 -0.006043 -0.006183
v 0.002341 -0.006145 -0.006238
v 0.001757 -0.006043 -0.006366
v 0.00119 -0.006145 -0.006556
v 0.001757 -0.006043 -0.006366
v 0.001773 -0.006145 -0.006423
v 0.001179 -0.006043 -0.006498
v 0.000597 -0.006145 -0.006636
v 0.001179 -0.006043 -0.006498
v 0.00119 -0.006145 -0.006556
v 0.000592 -0.006043 -0.006577
v 0 -0.006145 -0.006663
v 0.000592 -0.006043 -0.006577
v 0.000597 -0.006145 -0.006636
v 0 -0.006043 -0.006604
v -0.000597 -0.006145 -0.006636
v 0 -0.006043 -0.006604
v 0 -0.006145 -0.006663
v -0.000592 -0.006043 -0.006577
v -0.00119 -0.006145 -0.006556
v -0.000592 -0.006043 -0.006577
v -0.000597 -0.006145 -0.006636
v -0.001179 -0.006043 -0.006498
v -0.001773 -0.006145 -0.006423
v -0.001179 -0.006043 -0.006498
v -0.00119 -0.006145 -0.006556
v -0.001757 -0.006043 -0.006366
v -0.002341 -0.006145 -0.006238
v -0.001757 -0.006043 -0.006366
v -0.001773 -0.006145 -0.006423
v -0.00232 -0.006043 -0.006183
v -0.002891 -0.006145 -0.006003
v -0.00232 -0.006043 -0.006183
v -0.002341 -0.006145 -0.006238
v -0.002865 -0.006043 -0.00595
v -0.003417 -0.006145 -0.00572
v -0.002865 -0.006043 -0.00595
v -0.002891 -0.006145 -0.006003
v -0.003387 -0.006043 -0.005669
v -0.003916 -0.006145 -0.00539
v -0.003387 -0.006043 -0.005669
v -0.003417 -0.006145 -0.00572
v -0.003882 -0.006043 -0.005343
v -0.004384 -0.006145 -0.005018
v -0.003882 -0.006043 -0.005343
v -0.003916 -0.006145 -0.00539
v -0.004345 -0.006043 -0.004973
v -0.004816 -0.006145 -0.004605
v -0.004345 -0.006043 -0.004973
v -0.004384 -0.006145 -0.005018
v -0.004773 -0.006043 -0.004564
v -0.005209 -0.006145 -0.004154
v -0.004773 -0.006043 -0.004564
v -0.004816 -0.006145 -0.004605
v -0.005163 -0.006043 -0.004118
v -0.005561 -0.006145 -0.003671
v -0.005163 -0.006043 -0.004118
v -0.005209 -0.006145 -0.004154
v -0.005512 -0.006043 -0.003638
v -0.005867 -0.006145 -0.003157
v -0.005512 -0.006043 -0.003638
v -0.005561 -0.006145 -0.003671
v -0.005815 -0.006043 -0.003129
v -0.006127 -0.006145 -0.002619
v -0.005815 -0.006043 -0.003129
v -0.005867 -0.006145 -0.003157
v -0.006073 -0.006043 -0.002596
v -0.006337 -0.006145 -0.002059
v -0.006073 -0.006043 -0.002596
v -0.006127 -0.006145 -0.002619
v -0.006281 -0.006043 -0.002041
v -0.006496 -0.006145 -0.001483
v -0.006281 -0.006043 -0.002041
v -0.006337 -0.006145 -0.002059
v -0.006438 -0.006043 -0.00147
v -0.006603 -0.006145 -0.000894
v -0.006438 -0.006043 -0.00147
v -0.006496 -0.006145 -0.001483
v -0.006544 -0.006043 -0.000886
v -0.006656 -0.006145 -0.000299
v -0.006544 -0.006043 -0.000886
v -0.006603 -0.006145 -0.000894
v -0.006597 -0.006043 -0.000296
v -0.006544 -0.006043 -0.000886
v -0.006656 -0.006145 -0.000299
v -0.006656 -0.006145 0.000299
v -0.006597 -0.006043 -0.000296
v -0.006656 -0.006145 -0.000299
v -0.006597 -0.006043 0.000296
v -0.006603 -0.006145 0.000894
v -0.006597 -0.006043 0.000296
v -0.006656 -0.006145 0.000299
v -0.006544 -0.006043 0.000886
v -0.006496 -0.006145 0.001483
v -0.006544 -0.006043 0.000886
v -0.006603 -0.006145 0.000894
v -0.006438 -0.006043 0.00147
v -0.006337 -0.006145 0.002059
v -0.006438 -0.006043 0.00147
v -0.006496 -0.006145 0.001483
v -0.006281 -0.006043 0.002041
v -0.006127 -0.006145 0.002619
v -0.006281 -0.006043 0.002041
v -0.006337 -0.006145 0.002059
v -0.006073 -0.006043 0.002596
v -0.005867 -0.006145 0.003157
v -0.006073 -0.006043 0.002596
v -0.006127 -0.006145 0.002619
v -0.005815 -0.006043 0.003129
v -0.005561 -0.006145 0.003671
v -0.005815 -0.006043 0.003129
v -0.005867 -0.006145 0.003157
v -0.005512 -0.006043 0.003638
v -0.005209 -0.006145 0.004154
v -0.005512 -0.006043 0.003638
v -0.005561 -0.006145 0.003671
v -0.005163 -0.006043 0.004118
v -0.004816 -0.006145 0.004605
v -0.005163 -0.006043 0.004118
v -0.005209 -0.006145 0.004154
v -0.004773 -0.006043 0.004564
v -0.004384 -0.006145 0.005018
v -0.004773 -0.006043 0.004564
v -0.004816 -0.006145 0.004605
v -0.004345 -0.006043 0.004973
v -0.003916 -0.006145 0.00539
v -0.004345 -0.006043 0.004973
v -0.004384 -0.006145 0.005018
v -0.003882 -0.006043 0.005343
v -0.003417 -0.006145 0.00572
v -0.003882 -0.006043 0.005343
v -0.003916 -0.006145 0.00539
v -0.003387 -0.006043 0.005669
v -0.002891 -0.006145 0.006003
v -0.003387 -0.006043 0.005669
v -0.003417 -0.006145 0.00572
v -0.002865 -0.006043 0.00595
v -0.002341 -0.006145 0.006238
v -0.002865 -0.006043 0.00595
v -0.002891 -0.006145 0.006003
v -0.00232 -0.006043 0.006183
v -0.001773 -0.006145 0.006423
v -0.00232 -0.006043 0.006183
v -0.002341 -0.006145 0.006238
v -0.001757 -0.006043 0.006366
v -0.00119 -0.006145 0.006556
v -0.001757 -0.006043 0.006366
v -0.001773 -0.006145 0.006423
v -0.001179 -0.006043 0.006498
v -0.000597 -0.006145 0.006636
v -0.001179 -0.006043 0.006498
v -0.00119 -0.006145 0.006556
v -0.000592 -0.006043 0.006577
v 0 -0.006145 0.006663
v -0.000592 -0.006043 0.006577
v -0.000597 -0.006145 0.006636
v 0 -0.006043 0.006604
v 0.000597 -0.006145 0.006636
v 0 -0.006043 0.006604
v 0 -0.006145 0.006663
v 0.000592 -0.006043 0.006577
v 0.00119 -0.006145 0.006556
v 0.000592 -0.006043 0.006577
v 0.000597 -0.006145 0.006636
v 0.001179 -0.006043 0.006498
v 0.001773 -0.006145 0.006423
v 0.001179 -0.006043 0.006498
v 0.00119 -0.006145 0.006556
v 0.001757 -0.006043 0.006366
v 0.002341 -0.006145 0.006238
v 0.001757 -0.006043 0.006366
v 0.001773 -0.006145 0.006423
v 0.00232 -0.006043 0.006183
v 0.002891 -0.006145 0.006003
v 0.00232 -0.006043 0.006183
v 0.002341 -0.006145 0.006238
v 0.002865 -0.006043 0.00595
v 0.003417 -0.006145 0.00572
v 0.002865 -0.006043 0.00595
v 0.002891 -0.006145 0.006003
v 0.003387 -0.006043 0.005669
v 0.003916 -0.006145 0.00539
v 0.003387 -0.006043 0.005669
v 0.003417 -0.006145 0.00572
v 0.003882 -0.006043 0.005343
v 0.004384 -0.006145 0.005018
v 0.003882 -0.006043 0.005343
v 0.003916 -0.006145 0.00539
v 0.004345 -0.006043 0.004973
v 0.004816 -0.006145 0.004605
v 0.004345 -0.006043 0.004973
v 0.004384 -0.006145 0.005018
v 0.004773 -0.006043 0.004564
v 0.005209 -0.006145 0.004154
v 0.004773 -0.006043 0.004564
v 0.004816 -0.006145 0.004605
v 0.005163 -0.006043 0.004118
v 0.005561 -0.006145 0.003671
v 0.005163 -0.006043 0.004118
v 0.005209 -0.006145 0.004154
v 0.005512 -0.006043 0.003638
v 0.005867 -0.006145 0.003157
v 0.005512 -0.006043 0.003638
v 0.005561 -0.006145 0.003671
v 0.005815 -0.006043 0.003129
v 0.006127 -0.006145 0.002619
v 0.005815 -0.006043 0.003129
v 0.005867 -0.006145 0.003157
v 0.006073 -0.006043 0.002596
v 0.006337 -0.006145 0.002059
v 0.006073 -0.006043 0.002596
v 0.006127 -0.006145 0.002619
v 0.006281 -0.006043 0.002041
v 0.006496 -0.006145 0.001483
v 0.006281 -0.006043 0.002041
v 0.006337 -0.006145 0.002059
v 0.006438 -0.006043 0.00147
v 0.006603 -0.006145 0.000894
v 0.006438 -0.006043 0.00147
v 0.006496 -0.006145 0.001483
v 0.006544 -0.006043 0.000886
v -0.006067 -0.00593 0.002513
v -0.006041 -0.00593 0.002582
v -0.005815 -0.006043 0.003129
v -0.006041 -0.00593 0.002582
v -0.006073 -0.006043 0.002596
v -0.005786 -0.00593 0.003113
v -0.005786 -0.00593 0.003113
v 0.006946 -0.006336 0.000312
v 0.006781 -0.006296 0.000918
v 0.00689 -0.006336 0.000933
v 0.006946 -0.006336 0.000312
v 0.006836 -0.006296 0.000307
v 0.006781 -0.006296 0.000918
v 0.006946 -0.006336 0.000312
v 0.006683 -0.006231 0.000905
v 0.006781 -0.006296 0.000918
v 0.006836 -0.006296 0.000307
v 0.006737 -0.006231 0.000303
v 0.006603 -0.006145 0.000894
v 0.006683 -0.006231 0.000905
v 0.006737 -0.006231 0.000303
v 0.006656 -0.006145 0.000299
v 0.006544 -0.006043 0.000886
v 0.006603 -0.006145 0.000894
v 0.006656 -0.006145 0.000299
v 0.006597 -0.006043 0.000296
v 0.006544 -0.006043 0.000886
v 0.006656 -0.006145 0.000299
v 0.006597 -0.006043 0.000296
v 0.006564 -0.00593 0.000295
v -0.007414 -0.006333 0.000801
v -0.007285 -0.00635 0.000787
v -0.007326 -0.00635 0.000158
v -0.007318 -0.006333 0.001435
v -0.007285 -0.00635 0.000787
v -0.007414 -0.006333 0.000801
v -0.007437 -0.006283 0.001459
v -0.007318 -0.006333 0.001435
v -0.007414 -0.006333 0.000801
v -0.007284 -0.006283 0.002093
v -0.007318 -0.006333 0.001435
v -0.007437 -0.006283 0.001459
v -0.007385 -0.006204 0.002121
v -0.007284 -0.006283 0.002093
v -0.007437 -0.006283 0.001459
v -0.007175 -0.006204 0.002748
v -0.007284 -0.006283 0.002093
v -0.007385 -0.006204 0.002121
v -0.007251 -0.006101 0.002777
v -0.007175 -0.006204 0.002748
v -0.007385 -0.006204 0.002121
v -0.006985 -0.006101 0.00339
v -0.007175 -0.006204 0.002748
v -0.007251 -0.006101 0.002777
v -0.007032 -0.005981 0.003413
v -0.006985 -0.006101 0.00339
v -0.007251 -0.006101 0.002777
v -0.006712 -0.005981 0.004005
v -0.006985 -0.006101 0.00339
v -0.007032 -0.005981 0.003413
v -0.006729 -0.005851 0.004015
v -0.006712 -0.005981 0.004005
v -0.007032 -0.005981 0.003413
v -0.006444 -0.005851 0.004448
v -0.006712 -0.005981 0.004005
v -0.006729 -0.005851 0.004015
v -0.00586 -0.005851 -0.005192
v -0.006156 -0.005851 -0.004848
v -0.005702 -0.005981 -0.005346
v -0.005235 -0.005851 -0.00583
v -0.005716 -0.005851 -0.005359
v -0.005222 -0.005981 -0.005816
v -0.004714 -0.005851 -0.006259
v -0.005195 -0.005851 -0.005863
v -0.004702 -0.005981 -0.006243
v 0.006895 -0.005851 -0.003721
v 0.00655 -0.005851 -0.0043
v 0.006878 -0.005981 -0.003712
v -0.00655 -0.005851 -0.0043
v -0.006895 -0.005851 -0.003721
v -0.006534 -0.005981 -0.00429
v -0.003638 -0.005851 0.006932
v -0.003269 -0.005851 0.007121
v -0.003859 -0.005981 0.006797
v -0.006935 -0.005851 -0.00364
v -0.00719 -0.005851 -0.003115
v -0.006878 -0.005981 -0.003712
v -0.002645 -0.005851 0.007376
v -0.002001 -0.005851 0.007576
v -0.002638 -0.005981 0.007358
v -0.00364 -0.005851 -0.006935
v -0.004158 -0.005851 -0.006641
v -0.003563 -0.005981 -0.006957
v -0.006359 -0.005851 0.004578
v -0.005942 -0.005851 0.005108
v -0.006343 -0.005981 0.004567
v -0.007431 -0.005851 -0.002485
v -0.007606 -0.005851 -0.001875
v -0.007413 -0.005981 -0.002479
v -0.007617 -0.005851 -0.001837
v -0.007747 -0.005851 -0.001176
v -0.007598 -0.005981 -0.001833
v -0.005862 -0.005851 0.005193
v -0.005481 -0.005851 0.0056
v -0.005927 -0.005981 0.005095
v -0.002959 -0.005851 -0.007255
v -0.003572 -0.005851 -0.006974
v -0.002952 -0.005981 -0.007237
v -0.004979 -0.005851 0.00605
v -0.004451 -0.005851 0.006448
v -0.004967 -0.005981 0.006035
v 0.005716 -0.005851 -0.005359
v 0.005235 -0.005851 -0.00583
v 0.005702 -0.005981 -0.005346
v -0.001009 -0.005851 -0.00777
v -0.001673 -0.005851 -0.007655
v -0.001006 -0.005981 -0.007751
v -0.007772 -0.005851 -0.000944
v -0.007819 -0.005851 -0.000505
v -0.007728 -0.005981 -0.001173
v -0.00444 -0.005851 0.006456
v -0.003869 -0.005851 0.006814
v -0.004429 -0.005981 0.00644
v -0.001874 -0.005851 -0.007602
v -0.002325 -0.005851 -0.007483
v -0.001669 -0.005981 -0.007636
v 0.006444 -0.005851 -0.004448
v 0.006156 -0.005851 -0.004848
v 0.006534 -0.005981 -0.00429
v 0.002777 -0.005851 0.007322
v 0.003269 -0.005851 0.007121
v 0.002638 -0.005981 0.007358
v 0.007049 -0.005851 0.003421
v 0.007317 -0.005851 0.002803
v 0.007032 -0.005981 0.003413
v -0.007531 -0.005851 0.002163
v -0.007325 -0.005851 0.002778
v -0.007512 -0.005981 0.002158
v 0.001673 -0.005851 -0.007655
v 0.001009 -0.005851 -0.00777
v 0.001669 -0.005981 -0.007636
v 0.002001 -0.005851 0.007576
v 0.002645 -0.005851 0.007376
v 0.001996 -0.005981 0.007557
v 0.003869 -0.005851 0.006814
v 0.00444 -0.005851 0.006456
v 0.003859 -0.005981 0.006797
v 0.005942 -0.005851 0.005108
v 0.006359 -0.005851 0.004578
v 0.005927 -0.005981 0.005095
v 0.006444 -0.005851 0.004448
v 0.006729 -0.005851 0.004015
v 0.006343 -0.005981 0.004567
v -0.007834 -0.005851 0.000169
v -0.00779 -0.005851 0.000841
v -0.007814 -0.005981 0.000168
v -0.007775 -0.005851 0.000944
v -0.007689 -0.005851 0.001508
v -0.007771 -0.005981 0.000839
v 0.000944 -0.005851 0.007771
v 0.001342 -0.005851 0.00772
v 0.000672 -0.005981 0.007787
v 0.00779 -0.005851 0.000841
v 0.007834 -0.005851 0.000169
v 0.007771 -0.005981 0.000839
v 0.00783 -0.005851 0
v 0.007819 -0.005851 -0.000505
v 0.007814 -0.005981 0.000168
v 0.003572 -0.005851 -0.006974
v 0.002959 -0.005851 -0.007255
v 0.003563 -0.005981 -0.006957
v -0.006932 -0.005851 0.003638
v 0.002776 -0.005851 -0.007321
v 0.002325 -0.005851 -0.007483
v 0.002952 -0.005981 -0.007237
v 0.007747 -0.005851 -0.001176
v 0.007617 -0.005851 -0.001837
v 0.007728 -0.005981 -0.001173
v -0.007317 -0.005851 0.002803
v -0.007049 -0.005851 0.003421
v -0.007299 -0.005981 0.002796
v 0.007319 -0.005851 -0.002776
v 0.007413 -0.005981 -0.002479
v 0.007431 -0.005851 -0.002485
v 0.00719 -0.005851 -0.003115
v 0.007413 -0.005981 -0.002479
v 0.007319 -0.005851 -0.002776
v 0.007601 -0.005851 0.001873
v 0.007512 -0.005981 0.002158
v 0.007531 -0.005851 0.002163
v 0.007689 -0.005851 0.001508
v 0 -0.005851 -0.007828
v 0.000336 -0.005981 -0.007809
v 0.000337 -0.005851 -0.007828
v -0.000337 -0.005851 -0.007828
v 0.005191 -0.005851 0.00586
v 0.004967 -0.005981 0.006035
v 0.004979 -0.005851 0.00605
v 0.005481 -0.005851 0.0056
v 0.004447 -0.005851 -0.006442
v 0.004702 -0.005981 -0.006243
v 0.004714 -0.005851 -0.006259
v 0.004158 -0.005851 -0.006641
v 0.004702 -0.005981 -0.006243
v 0.004447 -0.005851 -0.006442
v -0.004487 -0.006333 -0.005957
v -0.004408 -0.00635 -0.005853
v -0.003889 -0.00635 -0.00621
v -0.004982 -0.006333 -0.005549
v -0.004408 -0.00635 -0.005853
v -0.004487 -0.006333 -0.005957
v -0.005063 -0.006283 -0.005639
v -0.004982 -0.006333 -0.005549
v -0.004487 -0.006333 -0.005957
v -0.005529 -0.006283 -0.005183
v -0.004982 -0.006333 -0.005549
v -0.005063 -0.006283 -0.005639
v -0.005606 -0.006204 -0.005255
v -0.005529 -0.006283 -0.005183
v -0.005063 -0.006283 -0.005639
v -0.006037 -0.006204 -0.004754
v -0.005529 -0.006283 -0.005183
v -0.005606 -0.006204 -0.005255
v -0.0061 -0.006101 -0.004804
v -0.006037 -0.006204 -0.004754
v -0.005606 -0.006204 -0.005255
v -0.00649 -0.006101 -0.004261
v -0.006037 -0.006204 -0.004754
v -0.0061 -0.006101 -0.004804
v -0.006534 -0.005981 -0.00429
v -0.00649 -0.006101 -0.004261
v -0.0061 -0.006101 -0.004804
v -0.006878 -0.005981 -0.003712
v -0.00649 -0.006101 -0.004261
v -0.006534 -0.005981 -0.00429
v -0.006878 -0.005981 -0.003712
v -0.006895 -0.005851 -0.003721
v -0.003958 -0.006333 -0.006321
v -0.003889 -0.00635 -0.00621
v -0.003341 -0.00635 -0.006522
v -0.003958 -0.006333 -0.006321
v -0.00456 -0.006283 -0.006054
v -0.004487 -0.006333 -0.005957
v -0.003958 -0.006333 -0.006321
v -0.00456 -0.006283 -0.006054
v -0.005133 -0.006204 -0.005717
v -0.005063 -0.006283 -0.005639
v -0.00456 -0.006283 -0.006054
v -0.005133 -0.006204 -0.005717
v -0.005665 -0.006101 -0.00531
v -0.005606 -0.006204 -0.005255
v -0.005133 -0.006204 -0.005717
v -0.005665 -0.006101 -0.00531
v -0.006141 -0.005981 -0.004836
v -0.0061 -0.006101 -0.004804
v -0.005665 -0.006101 -0.00531
v -0.006141 -0.005981 -0.004836
v -0.006444 -0.005851 -0.004448
v -0.006534 -0.005981 -0.00429
v -0.006141 -0.005981 -0.004836
v -0.00655 -0.005851 -0.0043
v -0.0034 -0.006333 -0.006637
v -0.003341 -0.00635 -0.006522
v -0.002768 -0.00635 -0.006785
v -0.0034 -0.006333 -0.006637
v -0.004022 -0.006283 -0.006423
v -0.003958 -0.006333 -0.006321
v -0.0034 -0.006333 -0.006637
v -0.004022 -0.006283 -0.006423
v -0.004623 -0.006204 -0.006137
v -0.00456 -0.006283 -0.006054
v -0.004022 -0.006283 -0.006423
v -0.004623 -0.006204 -0.006137
v -0.005187 -0.006101 -0.005778
v -0.005133 -0.006204 -0.005717
v -0.004623 -0.006204 -0.006137
v -0.005187 -0.006101 -0.005778
v -0.005702 -0.005981 -0.005346
v -0.005665 -0.006101 -0.00531
v -0.005187 -0.006101 -0.005778
v -0.005702 -0.005981 -0.005346
v -0.006156 -0.005851 -0.004848
v -0.006141 -0.005981 -0.004836
v -0.005702 -0.005981 -0.005346
v -0.006156 -0.005851 -0.004848
v -0.004895 -0.00635 -0.005452
v -0.005441 -0.006333 -0.0051
v -0.004895 -0.00635 -0.005452
v -0.004982 -0.006333 -0.005549
v -0.005441 -0.006333 -0.0051
v -0.005954 -0.006283 -0.004689
v -0.005441 -0.006333 -0.0051
v -0.005529 -0.006283 -0.005183
v -0.005954 -0.006283 -0.004689
v -0.006423 -0.006204 -0.004217
v -0.005954 -0.006283 -0.004689
v -0.006037 -0.006204 -0.004754
v -0.006423 -0.006204 -0.004217
v -0.006833 -0.006101 -0.003688
v -0.006423 -0.006204 -0.004217
v -0.00649 -0.006101 -0.004261
v -0.006833 -0.006101 -0.003688
v -0.007172 -0.005981 -0.003107
v -0.006833 -0.006101 -0.003688
v -0.006878 -0.005981 -0.003712
v -0.007172 -0.005981 -0.003107
v -0.007319 -0.005851 -0.002776
v -0.007172 -0.005981 -0.003107
v -0.00719 -0.005851 -0.003115
v -0.002817 -0.006333 -0.006905
v -0.002768 -0.00635 -0.006785
v -0.002174 -0.00635 -0.006997
v -0.002817 -0.006333 -0.006905
v -0.003455 -0.006283 -0.006745
v -0.0034 -0.006333 -0.006637
v -0.002817 -0.006333 -0.006905
v -0.003455 -0.006283 -0.006745
v -0.004078 -0.006204 -0.006512
v -0.004022 -0.006283 -0.006423
v -0.003455 -0.006283 -0.006745
v -0.004078 -0.006204 -0.006512
v -0.004671 -0.006101 -0.006202
v -0.004623 -0.006204 -0.006137
v -0.004078 -0.006204 -0.006512
v -0.004671 -0.006101 -0.006202
v -0.005222 -0.005981 -0.005816
v -0.005187 -0.006101 -0.005778
v -0.004671 -0.006101 -0.006202
v -0.005702 -0.005981 -0.005346
v -0.005187 -0.006101 -0.005778
v -0.005222 -0.005981 -0.005816
v -0.005702 -0.005981 -0.005346
v -0.00586 -0.005851 -0.005192
v -0.005716 -0.005851 -0.005359
v -0.005346 -0.00635 -0.005011
v -0.005859 -0.006333 -0.004614
v -0.005346 -0.00635 -0.005011
v -0.005441 -0.006333 -0.0051
v -0.005859 -0.006333 -0.004614
v -0.006335 -0.006283 -0.00416
v -0.005859 -0.006333 -0.004614
v -0.005954 -0.006283 -0.004689
v -0.006335 -0.006283 -0.00416
v -0.006762 -0.006204 -0.003649
v -0.006335 -0.006283 -0.00416
v -0.006423 -0.006204 -0.004217
v -0.006762 -0.006204 -0.003649
v -0.007124 -0.006101 -0.003087
v -0.006762 -0.006204 -0.003649
v -0.006833 -0.006101 -0.003688
v -0.007172 -0.005981 -0.003107
v -0.007124 -0.006101 -0.003087
v -0.006833 -0.006101 -0.003688
v -0.007413 -0.005981 -0.002479
v -0.007124 -0.006101 -0.003087
v -0.007172 -0.005981 -0.003107
v -0.007413 -0.005981 -0.002479
v -0.007431 -0.005851 -0.002485
v -0.007413 -0.005981 -0.002479
v -0.007319 -0.005851 -0.002776
v 0.007373 -0.006333 -0.001119
v 0.007244 -0.00635 -0.0011
v 0.007312 -0.00635 -0.000473
v 0.00725 -0.006333 -0.001749
v 0.007244 -0.00635 -0.0011
v 0.007373 -0.006333 -0.001119
v 0.007368 -0.006283 -0.001777
v 0.00725 -0.006333 -0.001749
v 0.007373 -0.006333 -0.001119
v 0.007188 -0.006283 -0.002404
v 0.00725 -0.006333 -0.001749
v 0.007368 -0.006283 -0.001777
v 0.007287 -0.006204 -0.002437
v 0.007188 -0.006283 -0.002404
v 0.007368 -0.006283 -0.001777
v 0.00705 -0.006204 -0.003055
v 0.007188 -0.006283 -0.002404
v 0.007287 -0.006204 -0.002437
v 0.007124 -0.006101 -0.003087
v 0.00705 -0.006204 -0.003055
v 0.007287 -0.006204 -0.002437
v 0.006833 -0.006101 -0.003688
v 0.00705 -0.006204 -0.003055
v 0.007124 -0.006101 -0.003087
v 0.006878 -0.005981 -0.003712
v 0.006833 -0.006101 -0.003688
v 0.007124 -0.006101 -0.003087
v 0.006534 -0.005981 -0.00429
v 0.006833 -0.006101 -0.003688
v 0.006878 -0.005981 -0.003712
v 0.006534 -0.005981 -0.00429
v 0.00655 -0.005851 -0.0043
v -0.003682 -0.006333 0.006485
v -0.003618 -0.00635 0.006372
v -0.004152 -0.00635 0.006037
v -0.003111 -0.006333 0.006778
v -0.003618 -0.00635 0.006372
v -0.003682 -0.006333 0.006485
v -0.003162 -0.006283 0.006888
v -0.003111 -0.006333 0.006778
v -0.003682 -0.006333 0.006485
v -0.002558 -0.006283 0.007134
v -0.003111 -0.006333 0.006778
v -0.003162 -0.006283 0.006888
v -0.002593 -0.006204 0.007233
v -0.002558 -0.006283 0.007134
v -0.003162 -0.006283 0.006888
v -0.001962 -0.006204 0.007429
v -0.002558 -0.006283 0.007134
v -0.002593 -0.006204 0.007233
v -0.001983 -0.006101 0.007507
v -0.001962 -0.006204 0.007429
v -0.002593 -0.006204 0.007233
v -0.00133 -0.006101 0.00765
v -0.001962 -0.006204 0.007429
v -0.001983 -0.006101 0.007507
v -0.001339 -0.005981 0.007701
v -0.00133 -0.006101 0.00765
v -0.001983 -0.006101 0.007507
v -0.000672 -0.005981 0.007787
v -0.00133 -0.006101 0.00765
v -0.001339 -0.005981 0.007701
v -0.005757 -0.00635 -0.004533
v -0.006234 -0.006333 -0.004093
v -0.005757 -0.00635 -0.004533
v -0.005859 -0.006333 -0.004614
v -0.006234 -0.006333 -0.004093
v -0.00667 -0.006283 -0.0036
v -0.006234 -0.006333 -0.004093
v -0.006335 -0.006283 -0.00416
v -0.00667 -0.006283 -0.0036
v -0.00705 -0.006204 -0.003055
v -0.00667 -0.006283 -0.0036
v -0.006762 -0.006204 -0.003649
v -0.00705 -0.006204 -0.003055
v -0.007363 -0.006101 -0.002463
v -0.00705 -0.006204 -0.003055
v -0.007124 -0.006101 -0.003087
v -0.007363 -0.006101 -0.002463
v -0.007598 -0.005981 -0.001833
v -0.007363 -0.006101 -0.002463
v -0.007413 -0.005981 -0.002479
v -0.007598 -0.005981 -0.001833
v -0.007617 -0.005851 -0.001837
v -0.001592 -0.006333 -0.007286
v -0.001565 -0.00635 -0.007158
v -0.000943 -0.00635 -0.007266
v -0.002213 -0.006333 -0.007122
v -0.001565 -0.00635 -0.007158
v -0.001592 -0.006333 -0.007286
v -0.002249 -0.006283 -0.007238
v -0.002213 -0.006333 -0.007122
v -0.001592 -0.006333 -0.007286
v -0.002863 -0.006283 -0.007017
v -0.002213 -0.006333 -0.007122
v -0.002249 -0.006283 -0.007238
v -0.002902 -0.006204 -0.007114
v -0.002863 -0.006283 -0.007017
v -0.002249 -0.006283 -0.007238
v -0.003503 -0.006204 -0.006839
v -0.002863 -0.006283 -0.007017
v -0.002902 -0.006204 -0.007114
v -0.00354 -0.006101 -0.006911
v -0.003503 -0.006204 -0.006839
v -0.002902 -0.006204 -0.007114
v -0.004121 -0.006101 -0.006581
v -0.003503 -0.006204 -0.006839
v -0.00354 -0.006101 -0.006911
v -0.004148 -0.005981 -0.006625
v -0.004121 -0.006101 -0.006581
v -0.00354 -0.006101 -0.006911
v -0.004702 -0.005981 -0.006243
v -0.004121 -0.006101 -0.006581
v -0.004148 -0.005981 -0.006625
v -0.004447 -0.005851 -0.006442
v -0.004702 -0.005981 -0.006243
v -0.004148 -0.005981 -0.006625
v -0.004714 -0.005851 -0.006259
v -0.006234 -0.006333 -0.004093
v -0.006125 -0.00635 -0.004022
v -0.005757 -0.00635 -0.004533
v -0.006563 -0.006333 -0.003542
v -0.006125 -0.00635 -0.004022
v -0.006234 -0.006333 -0.004093
v -0.006563 -0.006333 -0.003542
v -0.006954 -0.006283 -0.003013
v -0.006563 -0.006333 -0.003542
v -0.00667 -0.006283 -0.0036
v -0.006954 -0.006283 -0.003013
v -0.007287 -0.006204 -0.002437
v -0.006954 -0.006283 -0.003013
v -0.00705 -0.006204 -0.003055
v -0.007287 -0.006204 -0.002437
v -0.007548 -0.006101 -0.001821
v -0.007287 -0.006204 -0.002437
v -0.007363 -0.006101 -0.002463
v -0.007548 -0.006101 -0.001821
v -0.007728 -0.005981 -0.001173
v -0.007548 -0.006101 -0.001821
v -0.007598 -0.005981 -0.001833
v -0.007728 -0.005981 -0.001173
v -0.007747 -0.005851 -0.001176
v -0.002174 -0.00635 -0.006997
v -0.002213 -0.006333 -0.007122
v -0.002817 -0.006333 -0.006905
v -0.002863 -0.006283 -0.007017
v -0.003455 -0.006283 -0.006745
v -0.004078 -0.006204 -0.006512
v -0.003455 -0.006283 -0.006745
v -0.003503 -0.006204 -0.006839
v -0.004121 -0.006101 -0.006581
v -0.004078 -0.006204 -0.006512
v -0.003503 -0.006204 -0.006839
v -0.004671 -0.006101 -0.006202
v -0.004078 -0.006204 -0.006512
v -0.004121 -0.006101 -0.006581
v -0.004671 -0.006101 -0.006202
v -0.004702 -0.005981 -0.006243
v -0.005222 -0.005981 -0.005816
v -0.005235 -0.005851 -0.00583
v -0.005222 -0.005981 -0.005816
v -0.005195 -0.005851 -0.005863
v 0.006563 -0.006333 -0.003542
v 0.006448 -0.00635 -0.00348
v 0.006724 -0.00635 -0.002913
v 0.006234 -0.006333 -0.004093
v 0.006448 -0.00635 -0.00348
v 0.006563 -0.006333 -0.003542
v 0.006335 -0.006283 -0.00416
v 0.006234 -0.006333 -0.004093
v 0.006563 -0.006333 -0.003542
v 0.005954 -0.006283 -0.004689
v 0.006234 -0.006333 -0.004093
v 0.006335 -0.006283 -0.00416
v 0.006037 -0.006204 -0.004754
v 0.005954 -0.006283 -0.004689
v 0.006335 -0.006283 -0.00416
v 0.005606 -0.006204 -0.005255
v 0.005954 -0.006283 -0.004689
v 0.006037 -0.006204 -0.004754
v 0.005665 -0.006101 -0.00531
v 0.005606 -0.006204 -0.005255
v 0.006037 -0.006204 -0.004754
v 0.005187 -0.006101 -0.005778
v 0.005606 -0.006204 -0.005255
v 0.005665 -0.006101 -0.00531
v 0.005222 -0.005981 -0.005816
v 0.005187 -0.006101 -0.005778
v 0.005665 -0.006101 -0.00531
v 0.004702 -0.005981 -0.006243
v 0.005187 -0.006101 -0.005778
v 0.005222 -0.005981 -0.005816
v 0.005195 -0.005851 -0.005863
v 0.004702 -0.005981 -0.006243
v 0.005222 -0.005981 -0.005816
v 0.004714 -0.005851 -0.006259
v 0.006843 -0.006333 -0.002965
v 0.006724 -0.00635 -0.002913
v 0.006949 -0.00635 -0.002324
v 0.006843 -0.006333 -0.002965
v 0.00667 -0.006283 -0.0036
v 0.006563 -0.006333 -0.003542
v 0.006843 -0.006333 -0.002965
v 0.00667 -0.006283 -0.0036
v 0.006423 -0.006204 -0.004217
v 0.006335 -0.006283 -0.00416
v 0.00667 -0.006283 -0.0036
v 0.006423 -0.006204 -0.004217
v 0.0061 -0.006101 -0.004804
v 0.006037 -0.006204 -0.004754
v 0.006423 -0.006204 -0.004217
v 0.0061 -0.006101 -0.004804
v 0.005702 -0.005981 -0.005346
v 0.005665 -0.006101 -0.00531
v 0.0061 -0.006101 -0.004804
v 0.005702 -0.005981 -0.005346
v 0.005222 -0.005981 -0.005816
v 0.005195 -0.005851 -0.005863
v 0.005222 -0.005981 -0.005816
v 0.005235 -0.005851 -0.00583
v -0.005655 -0.006333 0.004862
v -0.005556 -0.00635 0.004777
v -0.005947 -0.00635 0.004281
v -0.005216 -0.006333 0.00533
v -0.005556 -0.00635 0.004777
v -0.005655 -0.006333 0.004862
v -0.005301 -0.006283 0.005416
v -0.005216 -0.006333 0.00533
v -0.005655 -0.006333 0.004862
v -0.004816 -0.006283 0.005852
v -0.005216 -0.006333 0.00533
v -0.005301 -0.006283 0.005416
v -0.004882 -0.006204 0.005933
v -0.004816 -0.006283 0.005852
v -0.005301 -0.006283 0.005416
v -0.004354 -0.006204 0.006331
v -0.004816 -0.006283 0.005852
v -0.004882 -0.006204 0.005933
v -0.0044 -0.006101 0.006397
v -0.004354 -0.006204 0.006331
v -0.004882 -0.006204 0.005933
v -0.003834 -0.006101 0.006752
v -0.004354 -0.006204 0.006331
v -0.0044 -0.006101 0.006397
v -0.003859 -0.005981 0.006797
v -0.003834 -0.006101 0.006752
v -0.0044 -0.006101 0.006397
v -0.003261 -0.005981 0.007103
v -0.003834 -0.006101 0.006752
v -0.003859 -0.005981 0.006797
v -0.003261 -0.005981 0.007103
v -0.002777 -0.005851 0.007322
v -0.003261 -0.005981 0.007103
v -0.003269 -0.005851 0.007121
v -0.005125 -0.00635 0.005237
v -0.004739 -0.006333 0.005758
v -0.005125 -0.00635 0.005237
v -0.005216 -0.006333 0.00533
v -0.004739 -0.006333 0.005758
v -0.004295 -0.006283 0.006244
v -0.004739 -0.006333 0.005758
v -0.004816 -0.006283 0.005852
v -0.004295 -0.006283 0.006244
v -0.003794 -0.006204 0.006682
v -0.004295 -0.006283 0.006244
v -0.004354 -0.006204 0.006331
v -0.003834 -0.006101 0.006752
v -0.003794 -0.006204 0.006682
v -0.004354 -0.006204 0.006331
v -0.003239 -0.006101 0.007056
v -0.003794 -0.006204 0.006682
v -0.003834 -0.006101 0.006752
v -0.003239 -0.006101 0.007056
v -0.002638 -0.005981 0.007358
v -0.003239 -0.006101 0.007056
v -0.003261 -0.005981 0.007103
v -0.002638 -0.005981 0.007358
v -0.002645 -0.005851 0.007376
v -0.006843 -0.006333 -0.002965
v -0.006724 -0.00635 -0.002913
v -0.006448 -0.00635 -0.00348
v -0.007072 -0.006333 -0.002365
v -0.006724 -0.00635 -0.002913
v -0.006843 -0.006333 -0.002965
v -0.007188 -0.006283 -0.002404
v -0.007072 -0.006333 -0.002365
v -0.006843 -0.006333 -0.002965
v -0.007368 -0.006283 -0.001777
v -0.007072 -0.006333 -0.002365
v -0.007188 -0.006283 -0.002404
v -0.007469 -0.006204 -0.001802
v -0.007368 -0.006283 -0.001777
v -0.007188 -0.006283 -0.002404
v -0.007597 -0.006204 -0.001153
v -0.007368 -0.006283 -0.001777
v -0.007469 -0.006204 -0.001802
v -0.007676 -0.006101 -0.001165
v -0.007597 -0.006204 -0.001153
v -0.007469 -0.006204 -0.001802
v -0.007748 -0.006101 -0.000501
v -0.007597 -0.006204 -0.001153
v -0.007676 -0.006101 -0.001165
v -0.0078 -0.005981 -0.000504
v -0.007748 -0.006101 -0.000501
v -0.007676 -0.006101 -0.001165
v -0.007814 -0.005981 0.000168
v -0.007748 -0.006101 -0.000501
v -0.0078 -0.005981 -0.000504
v -0.00783 -0.005851 0
v -0.007814 -0.005981 0.000168
v -0.0078 -0.005981 -0.000504
v -0.007834 -0.005851 0.000169
v -0.006448 -0.00635 -0.00348
v -0.006563 -0.006333 -0.003542
v -0.006843 -0.006333 -0.002965
v -0.006954 -0.006283 -0.003013
v -0.007188 -0.006283 -0.002404
v -0.007287 -0.006204 -0.002437
v -0.007469 -0.006204 -0.001802
v -0.007676 -0.006101 -0.001165
v -0.007469 -0.006204 -0.001802
v -0.007548 -0.006101 -0.001821
v -0.007676 -0.006101 -0.001165
v -0.007728 -0.005981 -0.001173
v -0.0078 -0.005981 -0.000504
v -0.007819 -0.005851 -0.000505
v -0.00096 -0.006333 -0.007395
v -0.000943 -0.00635 -0.007266
v -0.000315 -0.00635 -0.007321
v -0.00096 -0.006333 -0.007395
v -0.001618 -0.006283 -0.007404
v -0.001592 -0.006333 -0.007286
v -0.00096 -0.006333 -0.007395
v -0.001618 -0.006283 -0.007404
v -0.00228 -0.006204 -0.007337
v -0.002249 -0.006283 -0.007238
v -0.001618 -0.006283 -0.007404
v -0.00228 -0.006204 -0.007337
v -0.002933 -0.006101 -0.007189
v -0.002902 -0.006204 -0.007114
v -0.00228 -0.006204 -0.007337
v -0.00354 -0.006101 -0.006911
v -0.002902 -0.006204 -0.007114
v -0.002933 -0.006101 -0.007189
v -0.003563 -0.005981 -0.006957
v -0.00354 -0.006101 -0.006911
v -0.002933 -0.006101 -0.007189
v -0.003563 -0.005981 -0.006957
v -0.004148 -0.005981 -0.006625
v -0.004158 -0.005851 -0.006641
v -0.004656 -0.00635 0.005658
v -0.004226 -0.006333 0.006144
v -0.004656 -0.00635 0.005658
v -0.004739 -0.006333 0.005758
v -0.004226 -0.006333 0.006144
v -0.003742 -0.006283 0.006591
v -0.004226 -0.006333 0.006144
v -0.004295 -0.006283 0.006244
v -0.003742 -0.006283 0.006591
v -0.003206 -0.006204 0.006983
v -0.003742 -0.006283 0.006591
v -0.003794 -0.006204 0.006682
v -0.003239 -0.006101 0.007056
v -0.003206 -0.006204 0.006983
v -0.003794 -0.006204 0.006682
v -0.002621 -0.006101 0.007309
v -0.003206 -0.006204 0.006983
v -0.003239 -0.006101 0.007056
v -0.002621 -0.006101 0.007309
v -0.001996 -0.005981 0.007557
v -0.002621 -0.006101 0.007309
v -0.002638 -0.005981 0.007358
v -0.001996 -0.005981 0.007557
v -0.004152 -0.00635 0.006037
v -0.004226 -0.006333 0.006144
v -0.003682 -0.006333 0.006485
v -0.003742 -0.006283 0.006591
v -0.003162 -0.006283 0.006888
v -0.003206 -0.006204 0.006983
v -0.002593 -0.006204 0.007233
v -0.002621 -0.006101 0.007309
v -0.001983 -0.006101 0.007507
v -0.001996 -0.005981 0.007557
v 0.007123 -0.00635 -0.001718
v 0.007072 -0.006333 -0.002365
v 0.007123 -0.00635 -0.001718
v 0.00725 -0.006333 -0.001749
v 0.007072 -0.006333 -0.002365
v 0.006954 -0.006283 -0.003013
v 0.007072 -0.006333 -0.002365
v 0.007188 -0.006283 -0.002404
v 0.006954 -0.006283 -0.003013
v 0.006762 -0.006204 -0.003649
v 0.006954 -0.006283 -0.003013
v 0.00705 -0.006204 -0.003055
v 0.006762 -0.006204 -0.003649
v 0.00649 -0.006101 -0.004261
v 0.006762 -0.006204 -0.003649
v 0.006833 -0.006101 -0.003688
v 0.00649 -0.006101 -0.004261
v 0.006141 -0.005981 -0.004836
v 0.00649 -0.006101 -0.004261
v 0.006534 -0.005981 -0.00429
v 0.006141 -0.005981 -0.004836
v 0.00586 -0.005851 -0.005192
v 0.006141 -0.005981 -0.004836
v 0.006156 -0.005851 -0.004848
v 0.006949 -0.00635 -0.002324
v 0.007072 -0.006333 -0.002365
v 0.006843 -0.006333 -0.002965
v 0.006954 -0.006283 -0.003013
v 0.00667 -0.006283 -0.0036
v 0.006762 -0.006204 -0.003649
v 0.006423 -0.006204 -0.004217
v 0.00649 -0.006101 -0.004261
v 0.0061 -0.006101 -0.004804
v 0.006141 -0.005981 -0.004836
v 0.005702 -0.005981 -0.005346
v 0.005716 -0.005851 -0.005359
v -0.000321 -0.006333 -0.007451
v -0.000315 -0.00635 -0.007321
v 0.000315 -0.00635 -0.007321
v -0.000321 -0.006333 -0.007451
v -0.000976 -0.006283 -0.007516
v -0.00096 -0.006333 -0.007395
v -0.000321 -0.006333 -0.007451
v -0.001618 -0.006283 -0.007404
v -0.00096 -0.006333 -0.007395
v -0.000976 -0.006283 -0.007516
v -0.001641 -0.006204 -0.007506
v -0.001618 -0.006283 -0.007404
v -0.000976 -0.006283 -0.007516
v -0.001641 -0.006204 -0.007506
v -0.002304 -0.006101 -0.007415
v -0.00228 -0.006204 -0.007337
v -0.001641 -0.006204 -0.007506
v -0.002304 -0.006101 -0.007415
v -0.002952 -0.005981 -0.007237
v -0.002933 -0.006101 -0.007189
v -0.002304 -0.006101 -0.007415
v -0.002952 -0.005981 -0.007237
v -0.003563 -0.005981 -0.006957
v -0.003572 -0.005851 -0.006974
v 0.005216 -0.006333 0.00533
v 0.005125 -0.00635 0.005237
v 0.004656 -0.00635 0.005658
v 0.005655 -0.006333 0.004862
v 0.005125 -0.00635 0.005237
v 0.005216 -0.006333 0.00533
v 0.005747 -0.006283 0.004941
v 0.005655 -0.006333 0.004862
v 0.005216 -0.006333 0.00533
v 0.006151 -0.006283 0.004428
v 0.005655 -0.006333 0.004862
v 0.005747 -0.006283 0.004941
v 0.006235 -0.006204 0.004489
v 0.006151 -0.006283 0.004428
v 0.005747 -0.006283 0.004941
v 0.006598 -0.006204 0.003937
v 0.006151 -0.006283 0.004428
v 0.006235 -0.006204 0.004489
v 0.006668 -0.006101 0.003978
v 0.006598 -0.006204 0.003937
v 0.006235 -0.006204 0.004489
v 0.006985 -0.006101 0.00339
v 0.006598 -0.006204 0.003937
v 0.006668 -0.006101 0.003978
v 0.007032 -0.005981 0.003413
v 0.006985 -0.006101 0.00339
v 0.006668 -0.006101 0.003978
v 0.007299 -0.005981 0.002796
v 0.006985 -0.006101 0.00339
v 0.007032 -0.005981 0.003413
v 0.007299 -0.005981 0.002796
v 0.007325 -0.005851 0.002778
v 0.007299 -0.005981 0.002796
v 0.007317 -0.005851 0.002803
v 0.004739 -0.006333 0.005758
v 0.004656 -0.00635 0.005658
v 0.004152 -0.00635 0.006037
v 0.004739 -0.006333 0.005758
v 0.005301 -0.006283 0.005416
v 0.005216 -0.006333 0.00533
v 0.004739 -0.006333 0.005758
v 0.005301 -0.006283 0.005416
v 0.005826 -0.006204 0.005009
v 0.005747 -0.006283 0.004941
v 0.005301 -0.006283 0.005416
v 0.005826 -0.006204 0.005009
v 0.006301 -0.006101 0.004537
v 0.006235 -0.006204 0.004489
v 0.005826 -0.006204 0.005009
v 0.006301 -0.006101 0.004537
v 0.006712 -0.005981 0.004005
v 0.006668 -0.006101 0.003978
v 0.006301 -0.006101 0.004537
v 0.006712 -0.005981 0.004005
v 0.006932 -0.005851 0.003638
v 0.007032 -0.005981 0.003413
v 0.006712 -0.005981 0.004005
v 0.007049 -0.005851 0.003421
v 0.004226 -0.006333 0.006144
v 0.004152 -0.00635 0.006037
v 0.003618 -0.00635 0.006372
v 0.004226 -0.006333 0.006144
v 0.004816 -0.006283 0.005852
v 0.004739 -0.006333 0.005758
v 0.004226 -0.006333 0.006144
v 0.004816 -0.006283 0.005852
v 0.005374 -0.006204 0.005491
v 0.005301 -0.006283 0.005416
v 0.004816 -0.006283 0.005852
v 0.005374 -0.006204 0.005491
v 0.005888 -0.006101 0.005062
v 0.005826 -0.006204 0.005009
v 0.005374 -0.006204 0.005491
v 0.005888 -0.006101 0.005062
v 0.006343 -0.005981 0.004567
v 0.006301 -0.006101 0.004537
v 0.005888 -0.006101 0.005062
v 0.006712 -0.005981 0.004005
v 0.006301 -0.006101 0.004537
v 0.006343 -0.005981 0.004567
v 0.006712 -0.005981 0.004005
v 0.006729 -0.005851 0.004015
v 0.005556 -0.00635 0.004777
v 0.006052 -0.006333 0.004357
v 0.005556 -0.00635 0.004777
v 0.005655 -0.006333 0.004862
v 0.006052 -0.006333 0.004357
v 0.006508 -0.006283 0.003883
v 0.006052 -0.006333 0.004357
v 0.006151 -0.006283 0.004428
v 0.006508 -0.006283 0.003883
v 0.006912 -0.006204 0.003355
v 0.006508 -0.006283 0.003883
v 0.006598 -0.006204 0.003937
v 0.006912 -0.006204 0.003355
v 0.007251 -0.006101 0.002777
v 0.006912 -0.006204 0.003355
v 0.006985 -0.006101 0.00339
v 0.007251 -0.006101 0.002777
v 0.007512 -0.005981 0.002158
v 0.007251 -0.006101 0.002777
v 0.007299 -0.005981 0.002796
v 0.007512 -0.005981 0.002158
v 0.007531 -0.005851 0.002163
v 0.005947 -0.00635 0.004281
v 0.006404 -0.006333 0.003821
v 0.005947 -0.00635 0.004281
v 0.006052 -0.006333 0.004357
v 0.006404 -0.006333 0.003821
v 0.006818 -0.006283 0.003309
v 0.006404 -0.006333 0.003821
v 0.006508 -0.006283 0.003883
v 0.006818 -0.006283 0.003309
v 0.007175 -0.006204 0.002748
v 0.006818 -0.006283 0.003309
v 0.006912 -0.006204 0.003355
v 0.007175 -0.006204 0.002748
v 0.007463 -0.006101 0.002144
v 0.007175 -0.006204 0.002748
v 0.007251 -0.006101 0.002777
v 0.007463 -0.006101 0.002144
v 0.00767 -0.005981 0.001504
v 0.007463 -0.006101 0.002144
v 0.007512 -0.005981 0.002158
v 0.00767 -0.005981 0.001504
v 0.007775 -0.005851 0.000944
v 0.00767 -0.005981 0.001504
v 0.007689 -0.005851 0.001508
v 0.000321 -0.006333 -0.007451
v 0.000315 -0.00635 -0.007321
v 0.000943 -0.00635 -0.007266
v 0.000321 -0.006333 -0.007451
v -0.000326 -0.006283 -0.007572
v -0.000321 -0.006333 -0.007451
v 0.000321 -0.006333 -0.007451
v -0.000326 -0.006283 -0.007572
v -0.000989 -0.006204 -0.00762
v -0.000976 -0.006283 -0.007516
v -0.000326 -0.006283 -0.007572
v -0.000989 -0.006204 -0.00762
v -0.001658 -0.006101 -0.007585
v -0.001641 -0.006204 -0.007506
v -0.000989 -0.006204 -0.00762
v -0.001658 -0.006101 -0.007585
v -0.002319 -0.005981 -0.007464
v -0.002304 -0.006101 -0.007415
v -0.001658 -0.006101 -0.007585
v -0.002319 -0.005981 -0.007464
v -0.002776 -0.005851 -0.007321
v -0.002952 -0.005981 -0.007237
v -0.002319 -0.005981 -0.007464
v -0.002959 -0.005851 -0.007255
v 0.003111 -0.006333 0.006778
v 0.003057 -0.00635 0.006659
v 0.002473 -0.00635 0.006897
v 0.003682 -0.006333 0.006485
v 0.003057 -0.00635 0.006659
v 0.003111 -0.006333 0.006778
v 0.003742 -0.006283 0.006591
v 0.003682 -0.006333 0.006485
v 0.003111 -0.006333 0.006778
v 0.004295 -0.006283 0.006244
v 0.003682 -0.006333 0.006485
v 0.003742 -0.006283 0.006591
v 0.004354 -0.006204 0.006331
v 0.004295 -0.006283 0.006244
v 0.003742 -0.006283 0.006591
v 0.004882 -0.006204 0.005933
v 0.004295 -0.006283 0.006244
v 0.004354 -0.006204 0.006331
v 0.004934 -0.006101 0.005995
v 0.004882 -0.006204 0.005933
v 0.004354 -0.006204 0.006331
v 0.005431 -0.006101 0.005549
v 0.004882 -0.006204 0.005933
v 0.004934 -0.006101 0.005995
v 0.005467 -0.005981 0.005586
v 0.005431 -0.006101 0.005549
v 0.004934 -0.006101 0.005995
v 0.005927 -0.005981 0.005095
v 0.005431 -0.006101 0.005549
v 0.005467 -0.005981 0.005586
v 0.005862 -0.005851 0.005193
v 0.005927 -0.005981 0.005095
v 0.005467 -0.005981 0.005586
v 0.005942 -0.005851 0.005108
v 0.002517 -0.006333 0.00702
v 0.002473 -0.00635 0.006897
v 0.001871 -0.00635 0.007085
v 0.002517 -0.006333 0.00702
v 0.003162 -0.006283 0.006888
v 0.003111 -0.006333 0.006778
v 0.002517 -0.006333 0.00702
v 0.003162 -0.006283 0.006888
v 0.003794 -0.006204 0.006682
v 0.003742 -0.006283 0.006591
v 0.003162 -0.006283 0.006888
v 0.003794 -0.006204 0.006682
v 0.0044 -0.006101 0.006397
v 0.004354 -0.006204 0.006331
v 0.003794 -0.006204 0.006682
v 0.0044 -0.006101 0.006397
v 0.004967 -0.005981 0.006035
v 0.004934 -0.006101 0.005995
v 0.0044 -0.006101 0.006397
v 0.004967 -0.005981 0.006035
v 0.005467 -0.005981 0.005586
v 0.005481 -0.005851 0.0056
v 0.003618 -0.00635 0.006372
v 0.003682 -0.006333 0.006485
v 0.004226 -0.006333 0.006144
v 0.004295 -0.006283 0.006244
v 0.004816 -0.006283 0.005852
v 0.004882 -0.006204 0.005933
v 0.005431 -0.006101 0.005549
v 0.005374 -0.006204 0.005491
v 0.004882 -0.006204 0.005933
v 0.005888 -0.006101 0.005062
v 0.005374 -0.006204 0.005491
v 0.005431 -0.006101 0.005549
v 0.005888 -0.006101 0.005062
v 0.005927 -0.005981 0.005095
v 0.006343 -0.005981 0.004567
v 0.006359 -0.005851 0.004578
v 0.00096 -0.006333 -0.007395
v 0.000943 -0.00635 -0.007266
v 0.001565 -0.00635 -0.007158
v 0.00096 -0.006333 -0.007395
v 0.000326 -0.006283 -0.007572
v 0.000321 -0.006333 -0.007451
v 0.00096 -0.006333 -0.007395
v 0.000326 -0.006283 -0.007572
v -0.000331 -0.006204 -0.007676
v -0.000326 -0.006283 -0.007572
v 0.000326 -0.006283 -0.007572
v -0.000331 -0.006204 -0.007676
v -0.001 -0.006101 -0.0077
v -0.000989 -0.006204 -0.00762
v -0.000331 -0.006204 -0.007676
v -0.001 -0.006101 -0.0077
v -0.001669 -0.005981 -0.007636
v -0.001658 -0.006101 -0.007585
v -0.001 -0.006101 -0.0077
v -0.002319 -0.005981 -0.007464
v -0.001658 -0.006101 -0.007585
v -0.001669 -0.005981 -0.007636
v -0.002319 -0.005981 -0.007464
v -0.002325 -0.005851 -0.007483
v -0.007442 -0.006333 -0.000481
v -0.007312 -0.00635 -0.000473
v -0.007244 -0.00635 -0.0011
v -0.007456 -0.006333 0.00016
v -0.007312 -0.00635 -0.000473
v -0.007442 -0.006333 -0.000481
v -0.007577 -0.006283 0.000163
v -0.007456 -0.006333 0.00016
v -0.007442 -0.006333 -0.000481
v -0.007535 -0.006283 0.000814
v -0.007456 -0.006333 0.00016
v -0.007577 -0.006283 0.000163
v -0.007639 -0.006204 0.000825
v -0.007535 -0.006283 0.000814
v -0.007577 -0.006283 0.000163
v -0.00754 -0.006204 0.001479
v -0.007535 -0.006283 0.000814
v -0.007639 -0.006204 0.000825
v -0.007619 -0.006101 0.001494
v -0.00754 -0.006204 0.001479
v -0.007639 -0.006204 0.000825
v -0.007463 -0.006101 0.002144
v -0.00754 -0.006204 0.001479
v -0.007619 -0.006101 0.001494
v -0.007512 -0.005981 0.002158
v -0.007463 -0.006101 0.002144
v -0.007619 -0.006101 0.001494
v -0.007299 -0.005981 0.002796
v -0.007463 -0.006101 0.002144
v -0.007512 -0.005981 0.002158
v -0.007299 -0.005981 0.002796
v -0.007317 -0.005851 0.002803
v 0.001592 -0.006333 -0.007286
v 0.001565 -0.00635 -0.007158
v 0.002174 -0.00635 -0.006997
v 0.001592 -0.006333 -0.007286
v 0.000976 -0.006283 -0.007516
v 0.00096 -0.006333 -0.007395
v 0.001592 -0.006333 -0.007286
v 0.000326 -0.006283 -0.007572
v 0.00096 -0.006333 -0.007395
v 0.000976 -0.006283 -0.007516
v 0.000331 -0.006204 -0.007676
v 0.000326 -0.006283 -0.007572
v 0.000976 -0.006283 -0.007516
v 0.000331 -0.006204 -0.007676
v -0.000334 -0.006101 -0.007757
v -0.000331 -0.006204 -0.007676
v 0.000331 -0.006204 -0.007676
v -0.000334 -0.006101 -0.007757
v -0.001006 -0.005981 -0.007751
v -0.001 -0.006101 -0.0077
v -0.000334 -0.006101 -0.007757
v -0.001006 -0.005981 -0.007751
v -0.001669 -0.005981 -0.007636
v -0.001673 -0.005851 -0.007655
v -0.007373 -0.006333 -0.001119
v -0.007244 -0.00635 -0.0011
v -0.007123 -0.00635 -0.001718
v -0.007442 -0.006333 -0.000481
v -0.007244 -0.00635 -0.0011
v -0.007373 -0.006333 -0.001119
v -0.007563 -0.006283 -0.000489
v -0.007442 -0.006333 -0.000481
v -0.007373 -0.006333 -0.001119
v -0.007563 -0.006283 -0.000489
v -0.007682 -0.006204 0.000165
v -0.007577 -0.006283 0.000163
v -0.007563 -0.006283 -0.000489
v -0.007682 -0.006204 0.000165
v -0.00772 -0.006101 0.000834
v -0.007639 -0.006204 0.000825
v -0.007682 -0.006204 0.000165
v -0.007619 -0.006101 0.001494
v -0.007639 -0.006204 0.000825
v -0.00772 -0.006101 0.000834
v -0.00767 -0.005981 0.001504
v -0.007619 -0.006101 0.001494
v -0.00772 -0.006101 0.000834
v -0.00767 -0.005981 0.001504
v -0.007601 -0.005851 0.001873
v -0.007512 -0.005981 0.002158
v -0.00767 -0.005981 0.001504
v -0.007531 -0.005851 0.002163
v 0.001904 -0.006333 0.00721
v 0.001871 -0.00635 0.007085
v 0.001255 -0.00635 0.007219
v 0.001904 -0.006333 0.00721
v 0.002558 -0.006283 0.007134
v 0.002517 -0.006333 0.00702
v 0.001904 -0.006333 0.00721
v 0.002558 -0.006283 0.007134
v 0.003206 -0.006204 0.006983
v 0.003162 -0.006283 0.006888
v 0.002558 -0.006283 0.007134
v 0.003206 -0.006204 0.006983
v 0.003834 -0.006101 0.006752
v 0.003794 -0.006204 0.006682
v 0.003206 -0.006204 0.006983
v 0.0044 -0.006101 0.006397
v 0.003794 -0.006204 0.006682
v 0.003834 -0.006101 0.006752
v 0.004429 -0.005981 0.00644
v 0.0044 -0.006101 0.006397
v 0.003834 -0.006101 0.006752
v 0.004967 -0.005981 0.006035
v 0.0044 -0.006101 0.006397
v 0.004429 -0.005981 0.00644
v 0.004451 -0.005851 0.006448
v 0.004967 -0.005981 0.006035
v 0.004429 -0.005981 0.00644
v 0.004979 -0.005851 0.00605
v -0.006949 -0.00635 -0.002324
v -0.00725 -0.006333 -0.001749
v -0.006949 -0.00635 -0.002324
v -0.007072 -0.006333 -0.002365
v -0.00725 -0.006333 -0.001749
v -0.007493 -0.006283 -0.001137
v -0.00725 -0.006333 -0.001749
v -0.007368 -0.006283 -0.001777
v -0.007493 -0.006283 -0.001137
v -0.007668 -0.006204 -0.000496
v -0.007493 -0.006283 -0.001137
v -0.007597 -0.006204 -0.001153
v -0.007668 -0.006204 -0.000496
v -0.007763 -0.006101 0.000167
v -0.007668 -0.006204 -0.000496
v -0.007748 -0.006101 -0.000501
v -0.007763 -0.006101 0.000167
v -0.007771 -0.005981 0.000839
v -0.007763 -0.006101 0.000167
v -0.007814 -0.005981 0.000168
v -0.007771 -0.005981 0.000839
v -0.007775 -0.005851 0.000944
v -0.007771 -0.005981 0.000839
v -0.00779 -0.005851 0.000841
v 0.002213 -0.006333 -0.007122
v 0.002174 -0.00635 -0.006997
v 0.002768 -0.00635 -0.006785
v 0.002213 -0.006333 -0.007122
v 0.001618 -0.006283 -0.007404
v 0.001592 -0.006333 -0.007286
v 0.002213 -0.006333 -0.007122
v 0.000976 -0.006283 -0.007516
v 0.001592 -0.006333 -0.007286
v 0.001618 -0.006283 -0.007404
v 0.000989 -0.006204 -0.00762
v 0.000976 -0.006283 -0.007516
v 0.001618 -0.006283 -0.007404
v 0.000989 -0.006204 -0.00762
v 0.000334 -0.006101 -0.007757
v 0.000331 -0.006204 -0.007676
v 0.000989 -0.006204 -0.00762
v -0.000334 -0.006101 -0.007757
v 0.000331 -0.006204 -0.007676
v 0.000334 -0.006101 -0.007757
v -0.000336 -0.005981 -0.007809
v -0.000334 -0.006101 -0.007757
v 0.000334 -0.006101 -0.007757
v -0.000336 -0.005981 -0.007809
v -0.000944 -0.005851 -0.007776
v -0.001006 -0.005981 -0.007751
v -0.000336 -0.005981 -0.007809
v -0.001009 -0.005851 -0.00777
v -0.007123 -0.00635 -0.001718
v -0.00725 -0.006333 -0.001749
v -0.007373 -0.006333 -0.001119
v -0.007493 -0.006283 -0.001137
v -0.007563 -0.006283 -0.000489
v -0.007668 -0.006204 -0.000496
v -0.007682 -0.006204 0.000165
v -0.00772 -0.006101 0.000834
v -0.007682 -0.006204 0.000165
v -0.007763 -0.006101 0.000167
v -0.00772 -0.006101 0.000834
v -0.007771 -0.005981 0.000839
v -0.00767 -0.005981 0.001504
v -0.007689 -0.005851 0.001508
v 0.006293 -0.00635 0.003754
v 0.006709 -0.006333 0.003256
v 0.006293 -0.00635 0.003754
v 0.006404 -0.006333 0.003821
v 0.006709 -0.006333 0.003256
v 0.007077 -0.006283 0.002711
v 0.006709 -0.006333 0.003256
v 0.006818 -0.006283 0.003309
v 0.007077 -0.006283 0.002711
v 0.007385 -0.006204 0.002121
v 0.007077 -0.006283 0.002711
v 0.007175 -0.006204 0.002748
v 0.007463 -0.006101 0.002144
v 0.007385 -0.006204 0.002121
v 0.007175 -0.006204 0.002748
v 0.007619 -0.006101 0.001494
v 0.007385 -0.006204 0.002121
v 0.007463 -0.006101 0.002144
v 0.007619 -0.006101 0.001494
v 0.007771 -0.005981 0.000839
v 0.007619 -0.006101 0.001494
v 0.00767 -0.005981 0.001504
v 0.007771 -0.005981 0.000839
v 0.00779 -0.005851 0.000841
v 0.007771 -0.005981 0.000839
v 0.007775 -0.005851 0.000944
v -0.006052 -0.006333 0.004357
v -0.005947 -0.00635 0.004281
v -0.006293 -0.00635 0.003754
v -0.006052 -0.006333 0.004357
v -0.005747 -0.006283 0.004941
v -0.005655 -0.006333 0.004862
v -0.006052 -0.006333 0.004357
v -0.005747 -0.006283 0.004941
v -0.005374 -0.006204 0.005491
v -0.005301 -0.006283 0.005416
v -0.005747 -0.006283 0.004941
v -0.005374 -0.006204 0.005491
v -0.004934 -0.006101 0.005995
v -0.004882 -0.006204 0.005933
v -0.005374 -0.006204 0.005491
v -0.004934 -0.006101 0.005995
v -0.004429 -0.005981 0.00644
v -0.0044 -0.006101 0.006397
v -0.004934 -0.006101 0.005995
v -0.004429 -0.005981 0.00644
v -0.003859 -0.005981 0.006797
v -0.003869 -0.005851 0.006814
v 0.006125 -0.00635 -0.004022
v 0.005859 -0.006333 -0.004614
v 0.006125 -0.00635 -0.004022
v 0.006234 -0.006333 -0.004093
v 0.005859 -0.006333 -0.004614
v 0.005529 -0.006283 -0.005183
v 0.005859 -0.006333 -0.004614
v 0.005954 -0.006283 -0.004689
v 0.005529 -0.006283 -0.005183
v 0.005133 -0.006204 -0.005717
v 0.005529 -0.006283 -0.005183
v 0.005606 -0.006204 -0.005255
v 0.005133 -0.006204 -0.005717
v 0.004671 -0.006101 -0.006202
v 0.005133 -0.006204 -0.005717
v 0.005187 -0.006101 -0.005778
v 0.004671 -0.006101 -0.006202
v 0.004148 -0.005981 -0.006625
v 0.004671 -0.006101 -0.006202
v 0.004702 -0.005981 -0.006243
v 0.004158 -0.005851 -0.006641
v 0.004148 -0.005981 -0.006625
v 0.00364 -0.005851 -0.006935
v 0.004148 -0.005981 -0.006625
v 0.004158 -0.005851 -0.006641
v 0.000641 -0.006333 0.00743
v 0.00063 -0.00635 0.0073
v 0 -0.00635 0.007327
v 0.001277 -0.006333 0.007347
v 0.00063 -0.00635 0.0073
v 0.000641 -0.006333 0.00743
v 0.001298 -0.006283 0.007467
v 0.001277 -0.006333 0.007347
v 0.000641 -0.006333 0.00743
v 0.001935 -0.006283 0.007328
v 0.001277 -0.006333 0.007347
v 0.001298 -0.006283 0.007467
v 0.001962 -0.006204 0.007429
v 0.001935 -0.006283 0.007328
v 0.001298 -0.006283 0.007467
v 0.002593 -0.006204 0.007233
v 0.001935 -0.006283 0.007328
v 0.001962 -0.006204 0.007429
v 0.002621 -0.006101 0.007309
v 0.002593 -0.006204 0.007233
v 0.001962 -0.006204 0.007429
v 0.003239 -0.006101 0.007056
v 0.002593 -0.006204 0.007233
v 0.002621 -0.006101 0.007309
v 0.003261 -0.005981 0.007103
v 0.003239 -0.006101 0.007056
v 0.002621 -0.006101 0.007309
v 0.003859 -0.005981 0.006797
v 0.003239 -0.006101 0.007056
v 0.003261 -0.005981 0.007103
v 0.003638 -0.005851 0.006932
v 0.003859 -0.005981 0.006797
v 0.003261 -0.005981 0.007103
v 0.003869 -0.005851 0.006814
v -0.006404 -0.006333 0.003821
v -0.006293 -0.00635 0.003754
v -0.006592 -0.00635 0.0032
v -0.006404 -0.006333 0.003821
v -0.006151 -0.006283 0.004428
v -0.006052 -0.006333 0.004357
v -0.006404 -0.006333 0.003821
v -0.006151 -0.006283 0.004428
v -0.005826 -0.006204 0.005009
v -0.005747 -0.006283 0.004941
v -0.006151 -0.006283 0.004428
v -0.005826 -0.006204 0.005009
v -0.005431 -0.006101 0.005549
v -0.005374 -0.006204 0.005491
v -0.005826 -0.006204 0.005009
v -0.005431 -0.006101 0.005549
v -0.004967 -0.005981 0.006035
v -0.004934 -0.006101 0.005995
v -0.005431 -0.006101 0.005549
v -0.004429 -0.005981 0.00644
v -0.004934 -0.006101 0.005995
v -0.004967 -0.005981 0.006035
v -0.004429 -0.005981 0.00644
v -0.00444 -0.005851 0.006456
v 0.001255 -0.00635 0.007219
v 0.001277 -0.006333 0.007347
v 0.001904 -0.006333 0.00721
v 0.001935 -0.006283 0.007328
v 0.002558 -0.006283 0.007134
v 0.002593 -0.006204 0.007233
v 0.003206 -0.006204 0.006983
v 0.003834 -0.006101 0.006752
v 0.003206 -0.006204 0.006983
v 0.003239 -0.006101 0.007056
v 0.003834 -0.006101 0.006752
v 0.003859 -0.005981 0.006797
v 0.004429 -0.005981 0.00644
v 0.00444 -0.005851 0.006456
v 0.006964 -0.006333 0.002668
v 0.006843 -0.00635 0.002621
v 0.006592 -0.00635 0.0032
v 0.007168 -0.006333 0.002059
v 0.006843 -0.00635 0.002621
v 0.006964 -0.006333 0.002668
v 0.007284 -0.006283 0.002093
v 0.007168 -0.006333 0.002059
v 0.006964 -0.006333 0.002668
v 0.007437 -0.006283 0.001459
v 0.007168 -0.006333 0.002059
v 0.007284 -0.006283 0.002093
v 0.00754 -0.006204 0.001479
v 0.007437 -0.006283 0.001459
v 0.007284 -0.006283 0.002093
v 0.007639 -0.006204 0.000825
v 0.007437 -0.006283 0.001459
v 0.00754 -0.006204 0.001479
v 0.00772 -0.006101 0.000834
v 0.007639 -0.006204 0.000825
v 0.00754 -0.006204 0.001479
v 0.007763 -0.006101 0.000167
v 0.007639 -0.006204 0.000825
v 0.00772 -0.006101 0.000834
v 0.007814 -0.005981 0.000168
v 0.007763 -0.006101 0.000167
v 0.00772 -0.006101 0.000834
v 0.0078 -0.005981 -0.000504
v 0.007763 -0.006101 0.000167
v 0.007814 -0.005981 0.000168
v 0.0078 -0.005981 -0.000504
v 0.007772 -0.005851 -0.000944
v 0.0078 -0.005981 -0.000504
v 0.007819 -0.005851 -0.000505
v 0.006592 -0.00635 0.0032
v 0.006964 -0.006333 0.002668
v 0.006592 -0.00635 0.0032
v 0.006709 -0.006333 0.003256
v 0.006964 -0.006333 0.002668
v 0.007077 -0.006283 0.002711
v 0.007284 -0.006283 0.002093
v 0.007385 -0.006204 0.002121
v 0.00754 -0.006204 0.001479
v 0.00772 -0.006101 0.000834
v 0.00754 -0.006204 0.001479
v 0.007619 -0.006101 0.001494
v 0.00772 -0.006101 0.000834
v 0.007771 -0.005981 0.000839
v 0.007814 -0.005981 0.000168
v 0.007834 -0.005851 0.000169
v 0.005859 -0.006333 -0.004614
v 0.005757 -0.00635 -0.004533
v 0.006125 -0.00635 -0.004022
v 0.005441 -0.006333 -0.0051
v 0.005757 -0.00635 -0.004533
v 0.005859 -0.006333 -0.004614
v 0.005441 -0.006333 -0.0051
v 0.005063 -0.006283 -0.005639
v 0.005441 -0.006333 -0.0051
v 0.005529 -0.006283 -0.005183
v 0.005063 -0.006283 -0.005639
v 0.004623 -0.006204 -0.006137
v 0.005063 -0.006283 -0.005639
v 0.005133 -0.006204 -0.005717
v 0.004671 -0.006101 -0.006202
v 0.004623 -0.006204 -0.006137
v 0.005133 -0.006204 -0.005717
v 0.004121 -0.006101 -0.006581
v 0.004623 -0.006204 -0.006137
v 0.004671 -0.006101 -0.006202
v 0.004121 -0.006101 -0.006581
v 0.003563 -0.005981 -0.006957
v 0.004121 -0.006101 -0.006581
v 0.004148 -0.005981 -0.006625
v 0.003563 -0.005981 -0.006957
v 0.003572 -0.005851 -0.006974
v -0.006709 -0.006333 0.003256
v -0.006592 -0.00635 0.0032
v -0.006843 -0.00635 0.002621
v -0.006709 -0.006333 0.003256
v -0.006508 -0.006283 0.003883
v -0.006404 -0.006333 0.003821
v -0.006709 -0.006333 0.003256
v -0.006508 -0.006283 0.003883
v -0.006235 -0.006204 0.004489
v -0.006151 -0.006283 0.004428
v -0.006508 -0.006283 0.003883
v -0.006235 -0.006204 0.004489
v -0.005888 -0.006101 0.005062
v -0.005826 -0.006204 0.005009
v -0.006235 -0.006204 0.004489
v -0.005431 -0.006101 0.005549
v -0.005826 -0.006204 0.005009
v -0.005888 -0.006101 0.005062
v -0.005467 -0.005981 0.005586
v -0.005431 -0.006101 0.005549
v -0.005888 -0.006101 0.005062
v -0.005467 -0.005981 0.005586
v -0.005191 -0.005851 0.00586
v -0.004967 -0.005981 0.006035
v -0.005467 -0.005981 0.005586
v -0.004979 -0.005851 0.00605
v 0.005346 -0.00635 -0.005011
v 0.004982 -0.006333 -0.005549
v 0.005346 -0.00635 -0.005011
v 0.005441 -0.006333 -0.0051
v 0.004982 -0.006333 -0.005549
v 0.00456 -0.006283 -0.006054
v 0.004982 -0.006333 -0.005549
v 0.005063 -0.006283 -0.005639
v 0.00456 -0.006283 -0.006054
v 0.004078 -0.006204 -0.006512
v 0.00456 -0.006283 -0.006054
v 0.004623 -0.006204 -0.006137
v 0.004121 -0.006101 -0.006581
v 0.004078 -0.006204 -0.006512
v 0.004623 -0.006204 -0.006137
v 0.00354 -0.006101 -0.006911
v 0.004078 -0.006204 -0.006512
v 0.004121 -0.006101 -0.006581
v 0.00354 -0.006101 -0.006911
v 0.002952 -0.005981 -0.007237
v 0.00354 -0.006101 -0.006911
v 0.003563 -0.005981 -0.006957
v 0.002952 -0.005981 -0.007237
v 0.002959 -0.005851 -0.007255
v 0.007442 -0.006333 -0.000481
v 0.007312 -0.00635 -0.000473
v 0.007326 -0.00635 0.000158
v 0.007442 -0.006333 -0.000481
v 0.007493 -0.006283 -0.001137
v 0.007373 -0.006333 -0.001119
v 0.007442 -0.006333 -0.000481
v 0.007493 -0.006283 -0.001137
v 0.007469 -0.006204 -0.001802
v 0.007368 -0.006283 -0.001777
v 0.007493 -0.006283 -0.001137
v 0.007469 -0.006204 -0.001802
v 0.007363 -0.006101 -0.002463
v 0.007287 -0.006204 -0.002437
v 0.007469 -0.006204 -0.001802
v 0.007124 -0.006101 -0.003087
v 0.007287 -0.006204 -0.002437
v 0.007363 -0.006101 -0.002463
v 0.007172 -0.005981 -0.003107
v 0.007124 -0.006101 -0.003087
v 0.007363 -0.006101 -0.002463
v 0.006878 -0.005981 -0.003712
v 0.007124 -0.006101 -0.003087
v 0.007172 -0.005981 -0.003107
v 0.006935 -0.005851 -0.00364
v 0.006878 -0.005981 -0.003712
v 0.007172 -0.005981 -0.003107
v 0.006895 -0.005851 -0.003721
v -0.000641 -0.006333 0.00743
v -0.00063 -0.00635 0.0073
v -0.001255 -0.00635 0.007219
v 0 -0.006333 0.007458
v -0.00063 -0.00635 0.0073
v -0.000641 -0.006333 0.00743
v 0 -0.006283 0.007579
v 0 -0.006333 0.007458
v -0.000641 -0.006333 0.00743
v 0.000652 -0.006283 0.007551
v 0 -0.006333 0.007458
v 0 -0.006283 0.007579
v 0.000661 -0.006204 0.007655
v 0.000652 -0.006283 0.007551
v 0 -0.006283 0.007579
v 0.001316 -0.006204 0.00757
v 0.000652 -0.006283 0.007551
v 0.000661 -0.006204 0.007655
v 0.00133 -0.006101 0.00765
v 0.001316 -0.006204 0.00757
v 0.000661 -0.006204 0.007655
v 0.001983 -0.006101 0.007507
v 0.001316 -0.006204 0.00757
v 0.00133 -0.006101 0.00765
v 0.001996 -0.005981 0.007557
v 0.001983 -0.006101 0.007507
v 0.00133 -0.006101 0.00765
v 0.002638 -0.005981 0.007358
v 0.001983 -0.006101 0.007507
v 0.001996 -0.005981 0.007557
v 0.002638 -0.005981 0.007358
v 0.002645 -0.005851 0.007376
v 0.007318 -0.006333 0.001435
v 0.00719 -0.00635 0.00141
v 0.007043 -0.00635 0.002023
v 0.007414 -0.006333 0.000801
v 0.00719 -0.00635 0.00141
v 0.007318 -0.006333 0.001435
v 0.007535 -0.006283 0.000814
v 0.007414 -0.006333 0.000801
v 0.007318 -0.006333 0.001435
v 0.007577 -0.006283 0.000163
v 0.007414 -0.006333 0.000801
v 0.007535 -0.006283 0.000814
v 0.007682 -0.006204 0.000165
v 0.007577 -0.006283 0.000163
v 0.007535 -0.006283 0.000814
v 0.007668 -0.006204 -0.000496
v 0.007577 -0.006283 0.000163
v 0.007682 -0.006204 0.000165
v 0.007748 -0.006101 -0.000501
v 0.007668 -0.006204 -0.000496
v 0.007682 -0.006204 0.000165
v 0.007676 -0.006101 -0.001165
v 0.007668 -0.006204 -0.000496
v 0.007748 -0.006101 -0.000501
v 0.007728 -0.005981 -0.001173
v 0.007676 -0.006101 -0.001165
v 0.007748 -0.006101 -0.000501
v 0.007598 -0.005981 -0.001833
v 0.007676 -0.006101 -0.001165
v 0.007728 -0.005981 -0.001173
v 0.007598 -0.005981 -0.001833
v 0.007606 -0.005851 -0.001875
v 0.007598 -0.005981 -0.001833
v 0.007617 -0.005851 -0.001837
v 0.002817 -0.006333 -0.006905
v 0.002768 -0.00635 -0.006785
v 0.003341 -0.00635 -0.006522
v 0.002817 -0.006333 -0.006905
v 0.002249 -0.006283 -0.007238
v 0.002213 -0.006333 -0.007122
v 0.002817 -0.006333 -0.006905
v 0.002249 -0.006283 -0.007238
v 0.001641 -0.006204 -0.007506
v 0.001618 -0.006283 -0.007404
v 0.002249 -0.006283 -0.007238
v 0.001641 -0.006204 -0.007506
v 0.001 -0.006101 -0.0077
v 0.000989 -0.006204 -0.00762
v 0.001641 -0.006204 -0.007506
v 0.001 -0.006101 -0.0077
v 0.000336 -0.005981 -0.007809
v 0.000334 -0.006101 -0.007757
v 0.001 -0.006101 -0.0077
v 0.000336 -0.005981 -0.007809
v -0.000337 -0.005851 -0.007828
v -0.000336 -0.005981 -0.007809
v 0.000336 -0.005981 -0.007809
v -0.000337 -0.005851 -0.007828
v 0.007285 -0.00635 0.000787
v 0.007456 -0.006333 0.00016
v 0.007285 -0.00635 0.000787
v 0.007414 -0.006333 0.000801
v 0.007456 -0.006333 0.00016
v 0.007563 -0.006283 -0.000489
v 0.007456 -0.006333 0.00016
v 0.007577 -0.006283 0.000163
v 0.007563 -0.006283 -0.000489
v 0.007597 -0.006204 -0.001153
v 0.007563 -0.006283 -0.000489
v 0.007668 -0.006204 -0.000496
v 0.007597 -0.006204 -0.001153
v 0.007548 -0.006101 -0.001821
v 0.007597 -0.006204 -0.001153
v 0.007676 -0.006101 -0.001165
v 0.007548 -0.006101 -0.001821
v 0.007413 -0.005981 -0.002479
v 0.007548 -0.006101 -0.001821
v 0.007598 -0.005981 -0.001833
v 0.007413 -0.005981 -0.002479
v 0.007431 -0.005851 -0.002485
v -0.001904 -0.006333 0.00721
v -0.001871 -0.00635 0.007085
v -0.002473 -0.00635 0.006897
v -0.001277 -0.006333 0.007347
v -0.001871 -0.00635 0.007085
v -0.001904 -0.006333 0.00721
v -0.001298 -0.006283 0.007467
v -0.001277 -0.006333 0.007347
v -0.001904 -0.006333 0.00721
v -0.000652 -0.006283 0.007551
v -0.001277 -0.006333 0.007347
v -0.001298 -0.006283 0.007467
v -0.000661 -0.006204 0.007655
v -0.000652 -0.006283 0.007551
v -0.001298 -0.006283 0.007467
v 0 -0.006204 0.007684
v -0.000652 -0.006283 0.007551
v -0.000661 -0.006204 0.007655
v 0 -0.006101 0.007764
v 0 -0.006204 0.007684
v -0.000661 -0.006204 0.007655
v 0.000667 -0.006101 0.007736
v 0 -0.006204 0.007684
v 0 -0.006101 0.007764
v 0.000672 -0.005981 0.007787
v 0.000667 -0.006101 0.007736
v 0 -0.006101 0.007764
v 0.001339 -0.005981 0.007701
v 0.000667 -0.006101 0.007736
v 0.000672 -0.005981 0.007787
v 0.001342 -0.005851 0.00772
v 0.001339 -0.005981 0.007701
v 0.000672 -0.005981 0.007787
v 0.001874 -0.005851 0.007603
v 0.001339 -0.005981 0.007701
v 0.001342 -0.005851 0.00772
v -0.001255 -0.00635 0.007219
v -0.001277 -0.006333 0.007347
v -0.000641 -0.006333 0.00743
v -0.000652 -0.006283 0.007551
v 0 -0.006283 0.007579
v 0 -0.006204 0.007684
v 0.000661 -0.006204 0.007655
v 0.00133 -0.006101 0.00765
v 0.000661 -0.006204 0.007655
v 0.000667 -0.006101 0.007736
v 0.00133 -0.006101 0.00765
v 0.001339 -0.005981 0.007701
v 0.001996 -0.005981 0.007557
v 0.002001 -0.005851 0.007576
v 0 -0.00635 0.007327
v 0 -0.006333 0.007458
v 0.000641 -0.006333 0.00743
v 0.000652 -0.006283 0.007551
v 0.001298 -0.006283 0.007467
v 0.001316 -0.006204 0.00757
v 0.001962 -0.006204 0.007429
v 0.002621 -0.006101 0.007309
v 0.001962 -0.006204 0.007429
v 0.001983 -0.006101 0.007507
v 0.002621 -0.006101 0.007309
v 0.002638 -0.005981 0.007358
v 0.003261 -0.005981 0.007103
v 0.003269 -0.005851 0.007121
v 0.007326 -0.00635 0.000158
v 0.007456 -0.006333 0.00016
v 0.007442 -0.006333 -0.000481
v 0.007563 -0.006283 -0.000489
v 0.007493 -0.006283 -0.001137
v 0.007597 -0.006204 -0.001153
v 0.007469 -0.006204 -0.001802
v 0.007548 -0.006101 -0.001821
v 0.007363 -0.006101 -0.002463
v 0.007413 -0.005981 -0.002479
v 0.007172 -0.005981 -0.003107
v 0.00719 -0.005851 -0.003115
v 0.004895 -0.00635 -0.005452
v 0.004487 -0.006333 -0.005957
v 0.004895 -0.00635 -0.005452
v 0.004982 -0.006333 -0.005549
v 0.004487 -0.006333 -0.005957
v 0.004022 -0.006283 -0.006423
v 0.004487 -0.006333 -0.005957
v 0.00456 -0.006283 -0.006054
v 0.004022 -0.006283 -0.006423
v 0.003503 -0.006204 -0.006839
v 0.004022 -0.006283 -0.006423
v 0.004078 -0.006204 -0.006512
v 0.00354 -0.006101 -0.006911
v 0.003503 -0.006204 -0.006839
v 0.004078 -0.006204 -0.006512
v 0.002933 -0.006101 -0.007189
v 0.003503 -0.006204 -0.006839
v 0.00354 -0.006101 -0.006911
v 0.002933 -0.006101 -0.007189
v 0.002319 -0.005981 -0.007464
v 0.002933 -0.006101 -0.007189
v 0.002952 -0.005981 -0.007237
v 0.002319 -0.005981 -0.007464
v 0.001874 -0.005851 -0.007602
v 0.002319 -0.005981 -0.007464
v 0.002325 -0.005851 -0.007483
v 0.004408 -0.00635 -0.005853
v 0.003958 -0.006333 -0.006321
v 0.004408 -0.00635 -0.005853
v 0.004487 -0.006333 -0.005957
v 0.004022 -0.006283 -0.006423
v 0.003958 -0.006333 -0.006321
v 0.004487 -0.006333 -0.005957
v 0.003455 -0.006283 -0.006745
v 0.003958 -0.006333 -0.006321
v 0.004022 -0.006283 -0.006423
v 0.003455 -0.006283 -0.006745
v 0.002902 -0.006204 -0.007114
v 0.003455 -0.006283 -0.006745
v 0.003503 -0.006204 -0.006839
v 0.002933 -0.006101 -0.007189
v 0.002902 -0.006204 -0.007114
v 0.003503 -0.006204 -0.006839
v 0.002304 -0.006101 -0.007415
v 0.002902 -0.006204 -0.007114
v 0.002933 -0.006101 -0.007189
v 0.002304 -0.006101 -0.007415
v 0.001669 -0.005981 -0.007636
v 0.002304 -0.006101 -0.007415
v 0.002319 -0.005981 -0.007464
v 0.001669 -0.005981 -0.007636
v 0.001673 -0.005851 -0.007655
v -0.003057 -0.00635 0.006659
v -0.002517 -0.006333 0.00702
v -0.003057 -0.00635 0.006659
v -0.003111 -0.006333 0.006778
v -0.002517 -0.006333 0.00702
v -0.001935 -0.006283 0.007328
v -0.002517 -0.006333 0.00702
v -0.002558 -0.006283 0.007134
v -0.001935 -0.006283 0.007328
v -0.001316 -0.006204 0.00757
v -0.001935 -0.006283 0.007328
v -0.001962 -0.006204 0.007429
v -0.001316 -0.006204 0.00757
v -0.000667 -0.006101 0.007736
v -0.001316 -0.006204 0.00757
v -0.00133 -0.006101 0.00765
v -0.000667 -0.006101 0.007736
v 0 -0.005981 0.007816
v -0.000667 -0.006101 0.007736
v -0.000672 -0.005981 0.007787
v 0 -0.005851 0.007835
v 0 -0.005981 0.007816
v -0.000672 -0.005981 0.007787
v 0.000674 -0.005851 0.007806
v 0 -0.005981 0.007816
v 0 -0.005851 0.007835
v 0.007043 -0.00635 0.002023
v 0.007168 -0.006333 0.002059
v 0.007318 -0.006333 0.001435
v 0.007437 -0.006283 0.001459
v 0.007535 -0.006283 0.000814
v 0.007639 -0.006204 0.000825
v 0.007682 -0.006204 0.000165
v 0.007763 -0.006101 0.000167
v 0.007748 -0.006101 -0.000501
v 0.0078 -0.005981 -0.000504
v 0.007728 -0.005981 -0.001173
v 0.007747 -0.005851 -0.001176
v -0.007326 -0.00635 0.000158
v -0.007456 -0.006333 0.00016
v -0.007414 -0.006333 0.000801
v -0.007535 -0.006283 0.000814
v -0.007437 -0.006283 0.001459
v -0.00754 -0.006204 0.001479
v -0.007385 -0.006204 0.002121
v -0.007463 -0.006101 0.002144
v -0.007251 -0.006101 0.002777
v -0.007299 -0.005981 0.002796
v -0.007032 -0.005981 0.003413
v -0.007049 -0.005851 0.003421
v 0.0034 -0.006333 -0.006637
v 0.003341 -0.00635 -0.006522
v 0.003889 -0.00635 -0.00621
v 0.0034 -0.006333 -0.006637
v 0.002863 -0.006283 -0.007017
v 0.002817 -0.006333 -0.006905
v 0.0034 -0.006333 -0.006637
v 0.002863 -0.006283 -0.007017
v 0.00228 -0.006204 -0.007337
v 0.002249 -0.006283 -0.007238
v 0.002863 -0.006283 -0.007017
v 0.00228 -0.006204 -0.007337
v 0.001658 -0.006101 -0.007585
v 0.001641 -0.006204 -0.007506
v 0.00228 -0.006204 -0.007337
v 0.001658 -0.006101 -0.007585
v 0.001006 -0.005981 -0.007751
v 0.001 -0.006101 -0.0077
v 0.001658 -0.006101 -0.007585
v 0.001006 -0.005981 -0.007751
v 0.000944 -0.005851 -0.007776
v 0.000336 -0.005981 -0.007809
v 0.001006 -0.005981 -0.007751
v 0.000337 -0.005851 -0.007828
v 0.003889 -0.00635 -0.00621
v 0.003958 -0.006333 -0.006321
v 0.0034 -0.006333 -0.006637
v 0.003455 -0.006283 -0.006745
v 0.002863 -0.006283 -0.007017
v 0.002902 -0.006204 -0.007114
v 0.002304 -0.006101 -0.007415
v 0.00228 -0.006204 -0.007337
v 0.002902 -0.006204 -0.007114
v 0.002304 -0.006101 -0.007415
v 0.001669 -0.005981 -0.007636
v 0.001658 -0.006101 -0.007585
v 0.002304 -0.006101 -0.007415
v 0.001669 -0.005981 -0.007636
v 0.001006 -0.005981 -0.007751
v 0.000944 -0.005851 -0.007776
v 0.001006 -0.005981 -0.007751
v 0.001009 -0.005851 -0.00777
v -0.007168 -0.006333 0.002059
v -0.007043 -0.00635 0.002023
v -0.00719 -0.00635 0.00141
v -0.006964 -0.006333 0.002668
v -0.007043 -0.00635 0.002023
v -0.007168 -0.006333 0.002059
v -0.007077 -0.006283 0.002711
v -0.006964 -0.006333 0.002668
v -0.007168 -0.006333 0.002059
v -0.006818 -0.006283 0.003309
v -0.006964 -0.006333 0.002668
v -0.007077 -0.006283 0.002711
v -0.006912 -0.006204 0.003355
v -0.006818 -0.006283 0.003309
v -0.007077 -0.006283 0.002711
v -0.006598 -0.006204 0.003937
v -0.006818 -0.006283 0.003309
v -0.006912 -0.006204 0.003355
v -0.006668 -0.006101 0.003978
v -0.006598 -0.006204 0.003937
v -0.006912 -0.006204 0.003355
v -0.006301 -0.006101 0.004537
v -0.006598 -0.006204 0.003937
v -0.006668 -0.006101 0.003978
v -0.006343 -0.005981 0.004567
v -0.006301 -0.006101 0.004537
v -0.006668 -0.006101 0.003978
v -0.005927 -0.005981 0.005095
v -0.006301 -0.006101 0.004537
v -0.006343 -0.005981 0.004567
v -0.005927 -0.005981 0.005095
v -0.005942 -0.005851 0.005108
v -0.007318 -0.006333 0.001435
v -0.00719 -0.00635 0.00141
v -0.007285 -0.00635 0.000787
v -0.007318 -0.006333 0.001435
v -0.007168 -0.006333 0.002059
v -0.007284 -0.006283 0.002093
v -0.007077 -0.006283 0.002711
v -0.006912 -0.006204 0.003355
v -0.007077 -0.006283 0.002711
v -0.007175 -0.006204 0.002748
v -0.006912 -0.006204 0.003355
v -0.006668 -0.006101 0.003978
v -0.006912 -0.006204 0.003355
v -0.006985 -0.006101 0.00339
v -0.006668 -0.006101 0.003978
v -0.006343 -0.005981 0.004567
v -0.006668 -0.006101 0.003978
v -0.006712 -0.005981 0.004005
v -0.006343 -0.005981 0.004567
v -0.006359 -0.005851 0.004578
v -0.006843 -0.00635 0.002621
v -0.006709 -0.006333 0.003256
v -0.006843 -0.00635 0.002621
v -0.006964 -0.006333 0.002668
v -0.006709 -0.006333 0.003256
v -0.006818 -0.006283 0.003309
v -0.006508 -0.006283 0.003883
v -0.006598 -0.006204 0.003937
v -0.006235 -0.006204 0.004489
v -0.005888 -0.006101 0.005062
v -0.006235 -0.006204 0.004489
v -0.006301 -0.006101 0.004537
v -0.005888 -0.006101 0.005062
v -0.005927 -0.005981 0.005095
v -0.005467 -0.005981 0.005586
v -0.005481 -0.005851 0.0056
v -0.002473 -0.00635 0.006897
v -0.002517 -0.006333 0.00702
v -0.001904 -0.006333 0.00721
v -0.001935 -0.006283 0.007328
v -0.001298 -0.006283 0.007467
v -0.001316 -0.006204 0.00757
v -0.000661 -0.006204 0.007655
v -0.000667 -0.006101 0.007736
v 0 -0.006101 0.007764
v 0 -0.005981 0.007816
v 0.000672 -0.005981 0.007787
v 0.000944 -0.005851 0.007771
v 0.000674 -0.005851 0.007806
v -0.000674 -0.005851 0.007806
v -0.000944 -0.005851 0.007771
v -0.000674 -0.005851 0.007806
v -0.000672 -0.005981 0.007787
v -0.001339 -0.005981 0.007701
v -0.001342 -0.005851 0.00772
v -0.001996 -0.005981 0.007557
v -0.001342 -0.005851 0.00772
v -0.001339 -0.005981 0.007701
v -0.001874 -0.005851 0.007603
v -0.002001 -0.005851 0.007576
v -0.006226 -0.00635 0.00335
v -0.006293 -0.00635 0.003754
v -0.005947 -0.00635 0.004281
v -0.006592 -0.00635 0.0032
v -0.006501 -0.00635 0.002779
v -0.006843 -0.00635 0.002621
v -0.006724 -0.00635 0.002185
v -0.007043 -0.00635 0.002023
v -0.006893 -0.00635 0.001573
v -0.00719 -0.00635 0.00141
v -0.007006 -0.00635 0.000949
v -0.007285 -0.00635 0.000787
v -0.007063 -0.00635 0.000317
v -0.007326 -0.00635 0.000158
v -0.007063 -0.00635 -0.000317
v -0.007312 -0.00635 -0.000473
v -0.007006 -0.00635 -0.000949
v -0.007244 -0.00635 -0.0011
v -0.006893 -0.00635 -0.001573
v -0.007123 -0.00635 -0.001718
v -0.006724 -0.00635 -0.002185
v -0.006949 -0.00635 -0.002324
v -0.006501 -0.00635 -0.002779
v -0.006724 -0.00635 -0.002913
v -0.006226 -0.00635 -0.00335
v -0.006448 -0.00635 -0.00348
v -0.005901 -0.00635 -0.003895
v -0.006125 -0.00635 -0.004022
v -0.005528 -0.00635 -0.004408
v -0.005757 -0.00635 -0.004533
v -0.00511 -0.00635 -0.004886
v -0.005346 -0.00635 -0.005011
v -0.004652 -0.00635 -0.005325
v -0.004895 -0.00635 -0.005452
v -0.004156 -0.00635 -0.00572
v -0.004408 -0.00635 -0.005853
v -0.003626 -0.00635 -0.00607
v -0.003889 -0.00635 -0.00621
v -0.003068 -0.00635 -0.00637
v -0.003341 -0.00635 -0.006522
v -0.002484 -0.00635 -0.00662
v -0.002768 -0.00635 -0.006785
v -0.001881 -0.00635 -0.006816
v -0.002174 -0.00635 -0.006997
v -0.001262 -0.00635 -0.006957
v -0.001565 -0.00635 -0.007158
v -0.000634 -0.00635 -0.007042
v -0.000943 -0.00635 -0.007266
v 0 -0.00635 -0.00707
v -0.000315 -0.00635 -0.007321
v 0.000315 -0.00635 -0.007321
v 0.000634 -0.00635 -0.007042
v 0.000943 -0.00635 -0.007266
v 0.001262 -0.00635 -0.006957
v 0.001565 -0.00635 -0.007158
v 0.001881 -0.00635 -0.006816
v 0.002174 -0.00635 -0.006997
v 0.002484 -0.00635 -0.00662
v 0.002768 -0.00635 -0.006785
v 0.003068 -0.00635 -0.00637
v 0.003341 -0.00635 -0.006522
v 0.003626 -0.00635 -0.00607
v 0.003889 -0.00635 -0.00621
v 0.004156 -0.00635 -0.00572
v 0.004408 -0.00635 -0.005853
v 0.004652 -0.00635 -0.005325
v 0.004895 -0.00635 -0.005452
v 0.00511 -0.00635 -0.004886
v 0.005346 -0.00635 -0.005011
v 0.005528 -0.00635 -0.004408
v 0.005757 -0.00635 -0.004533
v 0.005901 -0.00635 -0.003895
v 0.006125 -0.00635 -0.004022
v 0.006226 -0.00635 -0.00335
v 0.006448 -0.00635 -0.00348
v 0.006501 -0.00635 -0.002779
v 0.006724 -0.00635 -0.002913
v 0.006724 -0.00635 -0.002185
v 0.006949 -0.00635 -0.002324
v 0.006893 -0.00635 -0.001573
v 0.007123 -0.00635 -0.001718
v 0.007006 -0.00635 -0.000949
v 0.007244 -0.00635 -0.0011
v 0.007063 -0.00635 -0.000317
v 0.007312 -0.00635 -0.000473
v 0.007063 -0.00635 0.000317
v 0.007326 -0.00635 0.000158
v 0.007006 -0.00635 0.000949
v 0.007285 -0.00635 0.000787
v 0.006893 -0.00635 0.001573
v 0.00719 -0.00635 0.00141
v 0.006724 -0.00635 0.002185
v 0.007043 -0.00635 0.002023
v 0.006501 -0.00635 0.002779
v 0.006843 -0.00635 0.002621
v 0.006226 -0.00635 0.00335
v 0.006592 -0.00635 0.0032
v 0.006293 -0.00635 0.003754
v 0.005901 -0.00635 0.003895
v 0.005947 -0.00635 0.004281
v 0.005528 -0.00635 0.004408
v 0.005556 -0.00635 0.004777
v 0.00511 -0.00635 0.004886
v 0.005125 -0.00635 0.005237
v 0.004652 -0.00635 0.005325
v 0.004656 -0.00635 0.005658
v 0.004156 -0.00635 0.00572
v 0.004152 -0.00635 0.006037
v 0.003626 -0.00635 0.00607
v 0.003618 -0.00635 0.006372
v 0.003068 -0.00635 0.00637
v 0.003057 -0.00635 0.006659
v 0.002484 -0.00635 0.00662
v 0.002473 -0.00635 0.006897
v 0.001881 -0.00635 0.006816
v 0.001871 -0.00635 0.007085
v 0.001262 -0.00635 0.006957
v 0.001255 -0.00635 0.007219
v 0.000634 -0.00635 0.007042
v 0.00063 -0.00635 0.0073
v -0 -0.00635 0.00707
v 0 -0.00635 0.007327
v -0.000634 -0.00635 0.007042
v -0.00063 -0.00635 0.0073
v -0.001262 -0.00635 0.006957
v -0.001255 -0.00635 0.007219
v -0.001881 -0.00635 0.006816
v -0.001871 -0.00635 0.007085
v -0.002484 -0.00635 0.00662
v -0.002473 -0.00635 0.006897
v -0.003068 -0.00635 0.00637
v -0.003057 -0.00635 0.006659
v -0.003626 -0.00635 0.00607
v -0.003618 -0.00635 0.006372
v -0.004156 -0.00635 0.00572
v -0.004152 -0.00635 0.006037
v -0.004652 -0.00635 0.005325
v -0.004656 -0.00635 0.005658
v -0.00511 -0.00635 0.004886
v -0.005125 -0.00635 0.005237
v -0.005528 -0.00635 0.004408
v -0.005556 -0.00635 0.004777
v -0.005901 -0.00635 0.003895
v -0.001727 -0.002413 0.005694
v -0.001748 -0.00593 0.006333
v -0.0017 -0.00593 0.006344
v -0.002309 -0.00593 0.006151
v -0.001748 -0.00593 0.006333
v -0.001727 -0.002413 0.005694
v -0.002277 -0.002413 0.005497
v -0.002309 -0.00593 0.006151
v -0.001727 -0.002413 0.005694
v -0.002512 -0.00593 0.006064
v -0.002309 -0.00593 0.006151
v -0.002277 -0.002413 0.005497
v -0.002851 -0.00593 0.00592
v -0.002851 -0.00593 0.00592
v -0.002277 -0.002413 0.005497
v -0.002805 -0.002413 0.005247
v -0.004207 -0.002413 -0.004207
v -0.004749 -0.00593 -0.00454
v -0.004599 -0.002413 -0.003775
v -0.004642 -0.00593 -0.004642
v -0.004749 -0.00593 -0.00454
v -0.004207 -0.002413 -0.004207
v -0.003775 -0.002413 -0.004599
v -0.004642 -0.00593 -0.004642
v -0.004207 -0.002413 -0.004207
v -0.004323 -0.00593 -0.004948
v -0.004642 -0.00593 -0.004642
v -0.003775 -0.002413 -0.004599
v -0.003618 -0.002413 -0.004715
v -0.004323 -0.00593 -0.004948
v -0.003775 -0.002413 -0.004599
v -0.003996 -0.00593 -0.005208
v -0.004323 -0.00593 -0.004948
v -0.003618 -0.002413 -0.004715
v -0.003306 -0.002413 -0.004947
v -0.003996 -0.00593 -0.005208
v -0.003618 -0.002413 -0.004715
v -0.005921 -0.002413 -0.000583
v -0.006564 -0.00593 -0.000295
v -0.00595 -0.002413 -0
v -0.006513 -0.00593 -0.000857
v -0.006564 -0.00593 -0.000295
v -0.005921 -0.002413 -0.000583
v -0.005893 -0.002413 -0.000776
v -0.006513 -0.00593 -0.000857
v -0.005921 -0.002413 -0.000583
v -0.006511 -0.00593 -0.000882
v -0.006513 -0.00593 -0.000857
v -0.005893 -0.002413 -0.000776
v -0.005836 -0.002413 -0.001161
v -0.006511 -0.00593 -0.000882
v -0.005893 -0.002413 -0.000776
v -0.006405 -0.00593 -0.001462
v -0.006511 -0.00593 -0.000882
v -0.005836 -0.002413 -0.001161
v -0.005741 -0.002413 -0.001538
v -0.006405 -0.00593 -0.001462
v -0.005836 -0.002413 -0.001161
v -0.00634 -0.00593 -0.001699
v -0.006405 -0.00593 -0.001462
v -0.005741 -0.002413 -0.001538
v -0.005694 -0.002413 -0.001727
v -0.00634 -0.00593 -0.001699
v -0.005741 -0.002413 -0.001538
v -0.006249 -0.00593 -0.00203
v -0.00634 -0.00593 -0.001699
v -0.005694 -0.002413 -0.001727
v -0.005497 -0.002413 -0.002277
v -0.006249 -0.00593 -0.00203
v -0.005694 -0.002413 -0.001727
v 0.005247 -0.002413 0.002805
v 0.006041 -0.00593 0.002582
v 0.005497 -0.002413 0.002277
v 0.005786 -0.00593 0.003113
v 0.006041 -0.00593 0.002582
v 0.005247 -0.002413 0.002805
v 0.005147 -0.002413 0.002972
v 0.005786 -0.00593 0.003113
v 0.005247 -0.002413 0.002805
v 0.005685 -0.00593 0.003282
v 0.005786 -0.00593 0.003113
v 0.005147 -0.002413 0.002972
v 0.004947 -0.002413 0.003306
v 0.005685 -0.00593 0.003282
v 0.005147 -0.002413 0.002972
v 0.005483 -0.00593 0.003619
v 0.005685 -0.00593 0.003282
v 0.004947 -0.002413 0.003306
v 0.004715 -0.002413 0.003618
v 0.005483 -0.00593 0.003619
v 0.004947 -0.002413 0.003306
v 0.005209 -0.00593 0.003997
v 0.005483 -0.00593 0.003619
v 0.004715 -0.002413 0.003618
v 0.004599 -0.002413 0.003775
v 0.005209 -0.00593 0.003997
v 0.004715 -0.002413 0.003618
v -0.005497 -0.002413 0.002277
v -0.006041 -0.00593 0.002582
v -0.005247 -0.002413 0.002805
v -0.006067 -0.00593 0.002513
v -0.006041 -0.00593 0.002582
v -0.005497 -0.002413 0.002277
v -0.005694 -0.002413 0.001727
v -0.006067 -0.00593 0.002513
v -0.005497 -0.002413 0.002277
v -0.006249 -0.00593 0.00203
v -0.006067 -0.00593 0.002513
v -0.005694 -0.002413 0.001727
v -0.005741 -0.002413 0.001538
v -0.006249 -0.00593 0.00203
v -0.005694 -0.002413 0.001727
v 0.005893 -0.002413 -0.000776
v 0.006511 -0.00593 -0.000882
v 0.005836 -0.002413 -0.001161
v 0.006513 -0.00593 -0.000857
v 0.006511 -0.00593 -0.000882
v 0.005893 -0.002413 -0.000776
v 0.005921 -0.002413 -0.000583
v 0.006513 -0.00593 -0.000857
v 0.005893 -0.002413 -0.000776
v 0.006564 -0.00593 -0.000295
v 0.005921 -0.002413 -0.000583
v 0.00595 -0.002413 -0
v 0.006513 -0.00593 -0.000857
v 0.005921 -0.002413 -0.000583
v 0.006564 -0.00593 -0.000295
v 0.0017 -0.00593 -0.006344
v 0.001727 -0.002413 -0.005694
v 0.001748 -0.00593 -0.006333
v 0.001538 -0.002413 -0.005741
v 0.001727 -0.002413 -0.005694
v 0.0017 -0.00593 -0.006344
v 0.001173 -0.00593 -0.006465
v 0.001538 -0.002413 -0.005741
v 0.0017 -0.00593 -0.006344
v 0.001161 -0.002413 -0.005836
v 0.001538 -0.002413 -0.005741
v 0.001173 -0.00593 -0.006465
v 0.000857 -0.00593 -0.006507
v 0.001161 -0.002413 -0.005836
v 0.001173 -0.00593 -0.006465
v 0.000776 -0.002413 -0.005893
v 0.001161 -0.002413 -0.005836
v 0.000857 -0.00593 -0.006507
v 0.000589 -0.00593 -0.006544
v 0.000776 -0.002413 -0.005893
v 0.000857 -0.00593 -0.006507
v 0.000583 -0.002413 -0.005921
v 0.000776 -0.002413 -0.005893
v 0.000589 -0.00593 -0.006544
v 0 -0.00593 -0.00657
v 0.000583 -0.002413 -0.005921
v 0.000589 -0.00593 -0.006544
v 0 -0.002413 -0.00595
v 0.000583 -0.002413 -0.005921
v 0 -0.00593 -0.00657
v -0.000589 -0.00593 -0.006544
v 0 -0.002413 -0.00595
v 0 -0.00593 -0.00657
v -0.000583 -0.002413 -0.005921
v 0 -0.002413 -0.00595
v -0.000589 -0.00593 -0.006544
v -0.000857 -0.00593 -0.006507
v -0.000583 -0.002413 -0.005921
v -0.000589 -0.00593 -0.006544
v -0.000776 -0.002413 -0.005893
v -0.000583 -0.002413 -0.005921
v -0.000857 -0.00593 -0.006507
v -0.001173 -0.00593 -0.006465
v -0.000776 -0.002413 -0.005893
v -0.000857 -0.00593 -0.006507
v -0.001161 -0.002413 -0.005836
v -0.000776 -0.002413 -0.005893
v -0.001173 -0.00593 -0.006465
v -0.0017 -0.00593 -0.006344
v -0.001161 -0.002413 -0.005836
v -0.001173 -0.00593 -0.006465
v -0.001538 -0.002413 -0.005741
v -0.001161 -0.002413 -0.005836
v -0.0017 -0.00593 -0.006344
v -0.001748 -0.00593 -0.006333
v -0.001538 -0.002413 -0.005741
v -0.0017 -0.00593 -0.006344
v -0.001727 -0.002413 -0.005694
v -0.001538 -0.002413 -0.005741
v -0.001748 -0.00593 -0.006333
v -0.002309 -0.00593 -0.006151
v -0.001727 -0.002413 -0.005694
v -0.001748 -0.00593 -0.006333
v -0.002277 -0.002413 -0.005497
v -0.001727 -0.002413 -0.005694
v -0.002309 -0.00593 -0.006151
v -0.00634 -0.00593 0.001699
v -0.005741 -0.002413 0.001538
v -0.005836 -0.002413 0.001161
v -0.006249 -0.00593 0.00203
v -0.005741 -0.002413 0.001538
v -0.00634 -0.00593 0.001699
v 0.001727 -0.002413 0.005694
v 0.002309 -0.00593 0.006151
v 0.002277 -0.002413 0.005497
v 0.001748 -0.00593 0.006333
v 0.002309 -0.00593 0.006151
v 0.001727 -0.002413 0.005694
v 0.001538 -0.002413 0.005741
v 0.001748 -0.00593 0.006333
v 0.001727 -0.002413 0.005694
v 0.0017 -0.00593 0.006344
v 0.001748 -0.00593 0.006333
v 0.001538 -0.002413 0.005741
v 0.001161 -0.002413 0.005836
v 0.0017 -0.00593 0.006344
v 0.001538 -0.002413 0.005741
v 0.001173 -0.00593 0.006465
v 0.0017 -0.00593 0.006344
v 0.001161 -0.002413 0.005836
v 0.000776 -0.002413 0.005893
v 0.001173 -0.00593 0.006465
v 0.001161 -0.002413 0.005836
v 0.000857 -0.00593 0.006507
v 0.001173 -0.00593 0.006465
v 0.000776 -0.002413 0.005893
v 0.000583 -0.002413 0.005921
v 0.000857 -0.00593 0.006507
v 0.000776 -0.002413 0.005893
v 0.000589 -0.00593 0.006544
v 0.000857 -0.00593 0.006507
v 0.000583 -0.002413 0.005921
v -0 -0.002413 0.00595
v 0.000589 -0.00593 0.006544
v 0.000583 -0.002413 0.005921
v 0 -0.00593 0.00657
v 0.000589 -0.00593 0.006544
v -0 -0.002413 0.00595
v -0.000583 -0.002413 0.005921
v 0 -0.00593 0.00657
v -0 -0.002413 0.00595
v -0.000589 -0.00593 0.006544
v 0 -0.00593 0.00657
v -0.000583 -0.002413 0.005921
v -0.000776 -0.002413 0.005893
v -0.000589 -0.00593 0.006544
v -0.000583 -0.002413 0.005921
v -0.000857 -0.00593 0.006507
v -0.000589 -0.00593 0.006544
v -0.000776 -0.002413 0.005893
v -0.001161 -0.002413 0.005836
v -0.000857 -0.00593 0.006507
v -0.000776 -0.002413 0.005893
v -0.001173 -0.00593 0.006465
v -0.000857 -0.00593 0.006507
v -0.001161 -0.002413 0.005836
v -0.001538 -0.002413 0.005741
v -0.001173 -0.00593 0.006465
v -0.001161 -0.002413 0.005836
v -0.0017 -0.00593 0.006344
v -0.001173 -0.00593 0.006465
v -0.001538 -0.002413 0.005741
v -0.001727 -0.002413 0.005694
v -0.0017 -0.00593 0.006344
v -0.001538 -0.002413 0.005741
v -0.003283 -0.00593 0.005687
v -0.002805 -0.002413 0.005247
v -0.002972 -0.002413 0.005147
v -0.002851 -0.00593 0.00592
v -0.002805 -0.002413 0.005247
v -0.003283 -0.00593 0.005687
v -0.00337 -0.00593 0.00564
v -0.002972 -0.002413 0.005147
v -0.003306 -0.002413 0.004947
v -0.003283 -0.00593 0.005687
v -0.002972 -0.002413 0.005147
v -0.00337 -0.00593 0.00564
v -0.003862 -0.00593 0.005315
v -0.003306 -0.002413 0.004947
v -0.003618 -0.002413 0.004715
v -0.00337 -0.00593 0.00564
v -0.003306 -0.002413 0.004947
v -0.003862 -0.00593 0.005315
v -0.003996 -0.00593 0.005208
v -0.003618 -0.002413 0.004715
v -0.003775 -0.002413 0.004599
v -0.003862 -0.00593 0.005315
v -0.003618 -0.002413 0.004715
v -0.003996 -0.00593 0.005208
v -0.004323 -0.00593 0.004948
v -0.003775 -0.002413 0.004599
v -0.004207 -0.002413 0.004207
v -0.003996 -0.00593 0.005208
v -0.003775 -0.002413 0.004599
v -0.004323 -0.00593 0.004948
v 0.004599 -0.002413 -0.003775
v 0.004749 -0.00593 -0.00454
v 0.004207 -0.002413 -0.004207
v 0.005137 -0.00593 -0.004096
v 0.004749 -0.00593 -0.00454
v 0.004599 -0.002413 -0.003775
v 0.004715 -0.002413 -0.003618
v 0.005137 -0.00593 -0.004096
v 0.004599 -0.002413 -0.003775
v 0.005209 -0.00593 -0.003997
v 0.005137 -0.00593 -0.004096
v 0.004715 -0.002413 -0.003618
v 0.004947 -0.002413 -0.003306
v 0.005209 -0.00593 -0.003997
v 0.004715 -0.002413 -0.003618
v 0.005483 -0.00593 -0.003619
v 0.005209 -0.00593 -0.003997
v 0.004947 -0.002413 -0.003306
v 0.005147 -0.002413 -0.002972
v 0.005483 -0.00593 -0.003619
v 0.004947 -0.002413 -0.003306
v 0.005685 -0.00593 -0.003282
v 0.005483 -0.00593 -0.003619
v 0.005147 -0.002413 -0.002972
v 0.005247 -0.002413 -0.002805
v 0.005685 -0.00593 -0.003282
v 0.005147 -0.002413 -0.002972
v -0.005497 -0.002413 -0.002277
v -0.006067 -0.00593 -0.002513
v -0.006249 -0.00593 -0.00203
v -0.006041 -0.00593 -0.002582
v -0.005247 -0.002413 -0.002805
v -0.006041 -0.00593 -0.002582
v -0.005497 -0.002413 -0.002277
v -0.005786 -0.00593 -0.003113
v -0.006041 -0.00593 -0.002582
v -0.005247 -0.002413 -0.002805
v -0.005147 -0.002413 -0.002972
v -0.005786 -0.00593 -0.003113
v -0.005247 -0.002413 -0.002805
v -0.005685 -0.00593 -0.003282
v -0.005786 -0.00593 -0.003113
v -0.005147 -0.002413 -0.002972
v -0.004947 -0.002413 -0.003306
v -0.005685 -0.00593 -0.003282
v -0.005147 -0.002413 -0.002972
v -0.005483 -0.00593 -0.003619
v -0.005685 -0.00593 -0.003282
v -0.004947 -0.002413 -0.003306
v -0.004715 -0.002413 -0.003618
v -0.005483 -0.00593 -0.003619
v -0.004947 -0.002413 -0.003306
v -0.005209 -0.00593 -0.003997
v -0.005483 -0.00593 -0.003619
v -0.004715 -0.002413 -0.003618
v -0.004599 -0.002413 -0.003775
v -0.005209 -0.00593 -0.003997
v -0.004715 -0.002413 -0.003618
v -0.005137 -0.00593 -0.004096
v -0.005209 -0.00593 -0.003997
v -0.004599 -0.002413 -0.003775
v -0.004749 -0.00593 -0.00454
v -0.005137 -0.00593 -0.004096
v -0.004599 -0.002413 -0.003775
v 0.004599 -0.002413 0.003775
v 0.005137 -0.00593 0.004096
v 0.005209 -0.00593 0.003997
v 0.004749 -0.00593 0.00454
v 0.005137 -0.00593 0.004096
v 0.004599 -0.002413 0.003775
v 0.004207 -0.002413 0.004207
v 0.004749 -0.00593 0.00454
v 0.004599 -0.002413 0.003775
v 0.004642 -0.00593 0.004642
v 0.004749 -0.00593 0.00454
v 0.004207 -0.002413 0.004207
v 0.003775 -0.002413 0.004599
v 0.004642 -0.00593 0.004642
v 0.004207 -0.002413 0.004207
v 0.004323 -0.00593 0.004948
v 0.004642 -0.00593 0.004642
v 0.003775 -0.002413 0.004599
v 0.003618 -0.002413 0.004715
v 0.004323 -0.00593 0.004948
v 0.003775 -0.002413 0.004599
v 0.003996 -0.00593 0.005208
v 0.004323 -0.00593 0.004948
v 0.003618 -0.002413 0.004715
v 0.003306 -0.002413 0.004947
v 0.003996 -0.00593 0.005208
v 0.003618 -0.002413 0.004715
v -0.003306 -0.002413 -0.004947
v -0.003862 -0.00593 -0.005315
v -0.003996 -0.00593 -0.005208
v -0.00337 -0.00593 -0.00564
v -0.003862 -0.00593 -0.005315
v -0.003306 -0.002413 -0.004947
v -0.002972 -0.002413 -0.005147
v -0.00337 -0.00593 -0.00564
v -0.003306 -0.002413 -0.004947
v -0.003283 -0.00593 -0.005687
v -0.00337 -0.00593 -0.00564
v -0.002972 -0.002413 -0.005147
v -0.002805 -0.002413 -0.005247
v -0.003283 -0.00593 -0.005687
v -0.002972 -0.002413 -0.005147
v -0.002851 -0.00593 -0.00592
v -0.003283 -0.00593 -0.005687
v -0.002805 -0.002413 -0.005247
v -0.002277 -0.002413 -0.005497
v -0.002851 -0.00593 -0.00592
v -0.002805 -0.002413 -0.005247
v -0.002512 -0.00593 -0.006064
v -0.002851 -0.00593 -0.00592
v -0.002277 -0.002413 -0.005497
v -0.002309 -0.00593 -0.006151
v 0.003306 -0.002413 0.004947
v 0.003862 -0.00593 0.005315
v 0.003996 -0.00593 0.005208
v 0.00337 -0.00593 0.00564
v 0.003862 -0.00593 0.005315
v 0.003306 -0.002413 0.004947
v 0.002972 -0.002413 0.005147
v 0.00337 -0.00593 0.00564
v 0.003306 -0.002413 0.004947
v 0.003283 -0.00593 0.005687
v 0.00337 -0.00593 0.00564
v 0.002972 -0.002413 0.005147
v 0.002805 -0.002413 0.005247
v 0.003283 -0.00593 0.005687
v 0.002972 -0.002413 0.005147
v 0.002851 -0.00593 0.00592
v 0.003283 -0.00593 0.005687
v 0.002805 -0.002413 0.005247
v 0.002277 -0.002413 0.005497
v 0.002851 -0.00593 0.00592
v 0.002805 -0.002413 0.005247
v 0.002512 -0.00593 0.006064
v 0.002851 -0.00593 0.00592
v 0.002277 -0.002413 0.005497
v 0.002309 -0.00593 0.006151
v 0.002309 -0.00593 -0.006151
v 0.001727 -0.002413 -0.005694
v 0.002277 -0.002413 -0.005497
v 0.001748 -0.00593 -0.006333
v 0.001727 -0.002413 -0.005694
v 0.002309 -0.00593 -0.006151
v -0.005836 -0.002413 0.001161
v -0.006405 -0.00593 0.001462
v -0.00634 -0.00593 0.001699
v -0.006511 -0.00593 0.000882
v -0.006405 -0.00593 0.001462
v -0.005836 -0.002413 0.001161
v -0.005893 -0.002413 0.000776
v -0.006511 -0.00593 0.000882
v -0.005836 -0.002413 0.001161
v -0.006513 -0.00593 0.000857
v -0.006511 -0.00593 0.000882
v -0.005893 -0.002413 0.000776
v -0.005921 -0.002413 0.000583
v -0.006513 -0.00593 0.000857
v -0.005893 -0.002413 0.000776
v -0.006564 -0.00593 0.000295
v -0.006513 -0.00593 0.000857
v -0.005921 -0.002413 0.000583
v -0.00595 -0.002413 -0
v -0.006564 -0.00593 0.000295
v -0.005921 -0.002413 0.000583
v -0.006564 -0.00593 -0
v -0.006564 -0.00593 0.000295
v -0.00595 -0.002413 -0
v -0.006564 -0.00593 -0.000295
v 0.00595 -0.002413 -0
v 0.006564 -0.00593 -0
v 0.006564 -0.00593 -0.000295
v 0.006564 -0.00593 0.000295
v 0.005921 -0.002413 0.000583
v 0.006564 -0.00593 0.000295
v 0.00595 -0.002413 -0
v 0.006513 -0.00593 0.000857
v 0.006564 -0.00593 0.000295
v 0.005921 -0.002413 0.000583
v 0.005893 -0.002413 0.000776
v 0.006513 -0.00593 0.000857
v 0.005921 -0.002413 0.000583
v 0.006511 -0.00593 0.000882
v 0.006513 -0.00593 0.000857
v 0.005893 -0.002413 0.000776
v 0.005836 -0.002413 0.001161
v 0.006511 -0.00593 0.000882
v 0.005893 -0.002413 0.000776
v 0.006405 -0.00593 0.001462
v 0.006511 -0.00593 0.000882
v 0.005836 -0.002413 0.001161
v 0.005741 -0.002413 0.001538
v 0.006405 -0.00593 0.001462
v 0.005836 -0.002413 0.001161
v 0.00634 -0.00593 0.001699
v 0.006405 -0.00593 0.001462
v 0.005741 -0.002413 0.001538
v 0.005694 -0.002413 0.001727
v 0.00634 -0.00593 0.001699
v 0.005741 -0.002413 0.001538
v 0.006249 -0.00593 0.00203
v 0.00634 -0.00593 0.001699
v 0.005694 -0.002413 0.001727
v 0.005497 -0.002413 0.002277
v 0.006249 -0.00593 0.00203
v 0.005694 -0.002413 0.001727
v 0.006067 -0.00593 0.002513
v 0.006249 -0.00593 0.00203
v 0.005497 -0.002413 0.002277
v 0.006041 -0.00593 0.002582
v -0.004207 -0.002413 0.004207
v -0.004642 -0.00593 0.004642
v -0.004323 -0.00593 0.004948
v -0.004749 -0.00593 0.00454
v -0.004599 -0.002413 0.003775
v -0.004749 -0.00593 0.00454
v -0.004207 -0.002413 0.004207
v -0.005137 -0.00593 0.004096
v -0.004749 -0.00593 0.00454
v -0.004599 -0.002413 0.003775
v -0.004715 -0.002413 0.003618
v -0.005137 -0.00593 0.004096
v -0.004599 -0.002413 0.003775
v -0.005209 -0.00593 0.003997
v -0.005137 -0.00593 0.004096
v -0.004715 -0.002413 0.003618
v -0.004947 -0.002413 0.003306
v -0.005209 -0.00593 0.003997
v -0.004715 -0.002413 0.003618
v -0.005483 -0.00593 0.003619
v -0.005209 -0.00593 0.003997
v -0.004947 -0.002413 0.003306
v -0.005147 -0.002413 0.002972
v -0.005483 -0.00593 0.003619
v -0.004947 -0.002413 0.003306
v -0.005685 -0.00593 0.003282
v -0.005483 -0.00593 0.003619
v -0.005147 -0.002413 0.002972
v -0.005247 -0.002413 0.002805
v -0.005685 -0.00593 0.003282
v -0.005147 -0.002413 0.002972
v -0.005786 -0.00593 0.003113
v -0.005685 -0.00593 0.003282
v -0.005247 -0.002413 0.002805
v -0.006041 -0.00593 0.002582
v -0.005786 -0.00593 0.003113
v -0.005247 -0.002413 0.002805
v 0.002277 -0.002413 -0.005497
v 0.002512 -0.00593 -0.006064
v 0.002309 -0.00593 -0.006151
v 0.002851 -0.00593 -0.00592
v 0.002805 -0.002413 -0.005247
v 0.002851 -0.00593 -0.00592
v 0.002277 -0.002413 -0.005497
v 0.003283 -0.00593 -0.005687
v 0.002851 -0.00593 -0.00592
v 0.002805 -0.002413 -0.005247
v 0.002972 -0.002413 -0.005147
v 0.003283 -0.00593 -0.005687
v 0.002805 -0.002413 -0.005247
v 0.00337 -0.00593 -0.00564
v 0.003283 -0.00593 -0.005687
v 0.002972 -0.002413 -0.005147
v 0.003306 -0.002413 -0.004947
v 0.00337 -0.00593 -0.00564
v 0.002972 -0.002413 -0.005147
v 0.003862 -0.00593 -0.005315
v 0.00337 -0.00593 -0.00564
v 0.003306 -0.002413 -0.004947
v 0.003618 -0.002413 -0.004715
v 0.003862 -0.00593 -0.005315
v 0.003306 -0.002413 -0.004947
v 0.003996 -0.00593 -0.005208
v 0.003862 -0.00593 -0.005315
v 0.003618 -0.002413 -0.004715
v 0.003775 -0.002413 -0.004599
v 0.003996 -0.00593 -0.005208
v 0.003618 -0.002413 -0.004715
v 0.004323 -0.00593 -0.004948
v 0.003996 -0.00593 -0.005208
v 0.003775 -0.002413 -0.004599
v 0.004207 -0.002413 -0.004207
v 0.004323 -0.00593 -0.004948
v 0.003775 -0.002413 -0.004599
v 0.004642 -0.00593 -0.004642
v 0.004323 -0.00593 -0.004948
v 0.004207 -0.002413 -0.004207
v 0.004749 -0.00593 -0.00454
v 0.005247 -0.002413 -0.002805
v 0.005786 -0.00593 -0.003113
v 0.005685 -0.00593 -0.003282
v 0.006041 -0.00593 -0.002582
v 0.005786 -0.00593 -0.003113
v 0.005247 -0.002413 -0.002805
v 0.005497 -0.002413 -0.002277
v 0.006041 -0.00593 -0.002582
v 0.005247 -0.002413 -0.002805
v 0.006067 -0.00593 -0.002513
v 0.006041 -0.00593 -0.002582
v 0.005497 -0.002413 -0.002277
v 0.005694 -0.002413 -0.001727
v 0.006067 -0.00593 -0.002513
v 0.005497 -0.002413 -0.002277
v 0.006249 -0.00593 -0.00203
v 0.006067 -0.00593 -0.002513
v 0.005694 -0.002413 -0.001727
v 0.005741 -0.002413 -0.001538
v 0.006249 -0.00593 -0.00203
v 0.005694 -0.002413 -0.001727
v 0.00634 -0.00593 -0.001699
v 0.006249 -0.00593 -0.00203
v 0.005741 -0.002413 -0.001538
v 0.005836 -0.002413 -0.001161
v 0.00634 -0.00593 -0.001699
v 0.005741 -0.002413 -0.001538
v 0.006405 -0.00593 -0.001462
v 0.00634 -0.00593 -0.001699
v 0.005836 -0.002413 -0.001161
v 0.006511 -0.00593 -0.000882
v 0.006405 -0.00593 -0.001462
v 0.005836 -0.002413 -0.001161
v 0.007028 0 -0.003689
v 0.006935 -0.005851 -0.00364
v 0.00719 -0.005851 -0.003115
v 0.006895 -0.005851 -0.003721
v 0.006532 0 -0.004509
v 0.006895 -0.005851 -0.003721
v 0.007028 0 -0.003689
v 0.00655 -0.005851 -0.0043
v 0.006895 -0.005851 -0.003721
v 0.006532 0 -0.004509
v 0.006444 -0.005851 -0.004448
v 0.00655 -0.005851 -0.0043
v 0.006532 0 -0.004509
v 0.000957 -0 0.00788
v 0.0019 -0 0.007707
v 0.001342 -0.005851 0.00772
v -0.007707 -0 0.0019
v -0.007531 -0.005851 0.002163
v -0.007601 -0.005851 0.001873
v 0.002777 -0.005851 0.007322
v 0.002815 -0 0.007422
v 0.003689 -0 0.007028
v 0.003689 -0 0.007028
v 0.004509 -0 0.006532
v 0.003869 -0.005851 0.006814
v 0.006444 -0.005851 -0.004448
v 0.006532 0 -0.004509
v 0.005941 0 -0.005264
v 0.005941 0 -0.005264
v 0.005264 0 -0.005941
v 0.005716 -0.005851 -0.005359
v -0.005264 -0 0.005941
v -0.004979 -0.005851 0.00605
v -0.005191 -0.005851 0.00586
v -0.006359 -0.005851 0.004578
v -0.006532 -0 0.004509
v -0.005941 -0 0.005264
v -0.002645 -0.005851 0.007376
v -0.002815 -0 0.007422
v -0.0019 -0 0.007707
v -0.005941 0 -0.005264
v -0.006156 -0.005851 -0.004848
v -0.00586 -0.005851 -0.005192
v -0.006532 0 -0.004509
v -0.006156 -0.005851 -0.004848
v -0.005941 0 -0.005264
v -0.004509 0 -0.006532
v -0.004714 -0.005851 -0.006259
v -0.004447 -0.005851 -0.006442
v -0.005264 0 -0.005941
v -0.004714 -0.005851 -0.006259
v -0.004509 0 -0.006532
v -0.006532 0 -0.004509
v -0.006444 -0.005851 -0.004448
v -0.006156 -0.005851 -0.004848
v -0.00655 -0.005851 -0.0043
v -0.007028 0 -0.003689
v -0.00655 -0.005851 -0.0043
v -0.006532 0 -0.004509
v 0 0 -0.007938
v -0.000337 -0.005851 -0.007828
v 0 -0.005851 -0.007828
v -0.000957 0 -0.00788
v -0.000337 -0.005851 -0.007828
v 0 0 -0.007938
v -0.00788 0 -0.000957
v -0.007819 -0.005851 -0.000505
v -0.007772 -0.005851 -0.000944
v -0.007938 0 -0
v -0.007819 -0.005851 -0.000505
v -0.00788 0 -0.000957
v -0.002815 0 -0.007422
v -0.002776 -0.005851 -0.007321
v -0.002325 -0.005851 -0.007483
v -0.002959 -0.005851 -0.007255
v -0.003689 0 -0.007028
v -0.002959 -0.005851 -0.007255
v -0.002815 0 -0.007422
v -0.0019 0 -0.007707
v -0.002325 -0.005851 -0.007483
v -0.001874 -0.005851 -0.007602
v -0.002815 0 -0.007422
v -0.002325 -0.005851 -0.007483
v -0.0019 0 -0.007707
v -0.007422 0 -0.002815
v -0.007431 -0.005851 -0.002485
v -0.007319 -0.005851 -0.002776
v -0.007707 0 -0.0019
v -0.007431 -0.005851 -0.002485
v -0.007422 0 -0.002815
v 0.007707 -0 0.0019
v 0.007689 -0.005851 0.001508
v 0.007601 -0.005851 0.001873
v 0.00788 -0 0.000957
v 0.007689 -0.005851 0.001508
v 0.007707 -0 0.0019
v 0.002776 -0.005851 -0.007321
v 0.0019 0 -0.007707
v 0.002325 -0.005851 -0.007483
v 0.002815 0 -0.007422
v 0.0019 0 -0.007707
v 0.002776 -0.005851 -0.007321
v 0.0019 0 -0.007707
v 0.001874 -0.005851 -0.007602
v 0.002325 -0.005851 -0.007483
v 0.001673 -0.005851 -0.007655
v 0.000957 0 -0.00788
v 0.001673 -0.005851 -0.007655
v 0.0019 0 -0.007707
v -0.007938 0 -0
v -0.00783 -0.005851 0
v -0.007819 -0.005851 -0.000505
v -0.007834 -0.005851 0.000169
v -0.00788 -0 0.000957
v -0.007834 -0.005851 0.000169
v -0.007938 0 -0
v 0.006444 -0.005851 0.004448
v 0.007028 -0 0.003689
v 0.006729 -0.005851 0.004015
v 0.006532 -0 0.004509
v 0.007028 -0 0.003689
v 0.006444 -0.005851 0.004448
v 0.005264 -0 0.005941
v 0.005481 -0.005851 0.0056
v 0.005191 -0.005851 0.00586
v 0.005941 -0 0.005264
v 0.005481 -0.005851 0.0056
v 0.005264 -0 0.005941
v 0.003689 -0 0.007028
v 0.003269 -0.005851 0.007121
v 0.002777 -0.005851 0.007322
v 0.003638 -0.005851 0.006932
v 0.003269 -0.005851 0.007121
v 0.003689 -0 0.007028
v 0.003869 -0.005851 0.006814
v 0.007028 -0 0.003689
v 0.006932 -0.005851 0.003638
v 0.006729 -0.005851 0.004015
v 0.007049 -0.005851 0.003421
v 0.007422 -0 0.002815
v 0.007049 -0.005851 0.003421
v 0.007028 -0 0.003689
v -0.007422 -0 0.002815
v -0.007531 -0.005851 0.002163
v -0.007707 -0 0.0019
v -0.007325 -0.005851 0.002778
v -0.007531 -0.005851 0.002163
v -0.007422 -0 0.002815
v -0.007028 -0 0.003689
v -0.007325 -0.005851 0.002778
v -0.007422 -0 0.002815
v -0.004509 -0 0.006532
v -0.004979 -0.005851 0.00605
v -0.005264 -0 0.005941
v -0.004451 -0.005851 0.006448
v -0.004979 -0.005851 0.00605
v -0.004509 -0 0.006532
v -0.003689 -0 0.007028
v -0.004451 -0.005851 0.006448
v -0.004509 -0 0.006532
v 0.005941 0 -0.005264
v 0.006156 -0.005851 -0.004848
v 0.006444 -0.005851 -0.004448
v 0.00586 -0.005851 -0.005192
v 0.006156 -0.005851 -0.004848
v 0.005941 0 -0.005264
v 0.005716 -0.005851 -0.005359
v 0.00788 0 -0.000957
v 0.007747 -0.005851 -0.001176
v 0.007772 -0.005851 -0.000944
v 0.007707 0 -0.0019
v 0.007747 -0.005851 -0.001176
v 0.00788 0 -0.000957
v -0.000674 -0.005851 0.007806
v -0.000957 -0 0.00788
v -0 -0 0.007938
v -0.000944 -0.005851 0.007771
v -0.000957 -0 0.00788
v -0.000674 -0.005851 0.007806
v 0.004509 0 -0.006532
v 0.004158 -0.005851 -0.006641
v 0.004447 -0.005851 -0.006442
v 0.003689 0 -0.007028
v 0.004158 -0.005851 -0.006641
v 0.004509 0 -0.006532
v 0 -0.005851 0.007835
v -0 -0 0.007938
v 0.000957 -0 0.00788
v -0.000674 -0.005851 0.007806
v -0 -0 0.007938
v 0 -0.005851 0.007835
v 0.00788 0 -0.000957
v 0.00783 -0.005851 0
v 0.007938 -0 0
v 0.007819 -0.005851 -0.000505
v 0.00783 -0.005851 0
v 0.00788 0 -0.000957
v 0.007819 -0.005851 -0.000505
v 0.000957 -0 0.00788
v 0.000674 -0.005851 0.007806
v 0 -0.005851 0.007835
v 0.000944 -0.005851 0.007771
v 0.000674 -0.005851 0.007806
v 0.000957 -0 0.00788
v 0.001342 -0.005851 0.00772
v 0.007422 0 -0.002815
v 0.00719 -0.005851 -0.003115
v 0.007319 -0.005851 -0.002776
v 0.007028 0 -0.003689
v 0.00719 -0.005851 -0.003115
v 0.007422 0 -0.002815
v -0.005264 0 -0.005941
v -0.005195 -0.005851 -0.005863
v -0.004714 -0.005851 -0.006259
v -0.005235 -0.005851 -0.00583
v -0.005941 0 -0.005264
v -0.005235 -0.005851 -0.00583
v -0.005264 0 -0.005941
v -0.005716 -0.005851 -0.005359
v -0.005235 -0.005851 -0.00583
v -0.005941 0 -0.005264
v -0.005716 -0.005851 -0.005359
v -0.003689 0 -0.007028
v -0.003572 -0.005851 -0.006974
v -0.002959 -0.005851 -0.007255
v -0.00364 -0.005851 -0.006935
v -0.003572 -0.005851 -0.006974
v -0.003689 0 -0.007028
v -0.004509 0 -0.006532
v -0.00364 -0.005851 -0.006935
v -0.003689 0 -0.007028
v -0.004158 -0.005851 -0.006641
v -0.00364 -0.005851 -0.006935
v -0.004509 0 -0.006532
v -0.004158 -0.005851 -0.006641
v -0.007028 0 -0.003689
v -0.006895 -0.005851 -0.003721
v -0.00655 -0.005851 -0.0043
v -0.006935 -0.005851 -0.00364
v -0.006895 -0.005851 -0.003721
v -0.007028 0 -0.003689
v -0.007422 0 -0.002815
v -0.006935 -0.005851 -0.00364
v -0.007028 0 -0.003689
v -0.00719 -0.005851 -0.003115
v -0.006935 -0.005851 -0.00364
v -0.007422 0 -0.002815
v -0.00719 -0.005851 -0.003115
v -0.000957 0 -0.00788
v -0.000944 -0.005851 -0.007776
v -0.000337 -0.005851 -0.007828
v -0.001009 -0.005851 -0.00777
v -0.0019 0 -0.007707
v -0.001009 -0.005851 -0.00777
v -0.000957 0 -0.00788
v -0.001673 -0.005851 -0.007655
v -0.001009 -0.005851 -0.00777
v -0.0019 0 -0.007707
v -0.001673 -0.005851 -0.007655
v -0.007707 0 -0.0019
v -0.007606 -0.005851 -0.001875
v -0.007431 -0.005851 -0.002485
v -0.007617 -0.005851 -0.001837
v -0.007606 -0.005851 -0.001875
v -0.007707 0 -0.0019
v -0.00788 0 -0.000957
v -0.007617 -0.005851 -0.001837
v -0.007707 0 -0.0019
v -0.007747 -0.005851 -0.001176
v -0.007617 -0.005851 -0.001837
v -0.00788 0 -0.000957
v -0.007747 -0.005851 -0.001176
v 0.0019 -0 0.007707
v 0.001874 -0.005851 0.007603
v 0.001342 -0.005851 0.00772
v 0.002001 -0.005851 0.007576
v 0.002815 -0 0.007422
v 0.002001 -0.005851 0.007576
v 0.0019 -0 0.007707
v 0.002645 -0.005851 0.007376
v 0.002001 -0.005851 0.007576
v 0.002815 -0 0.007422
v 0.002777 -0.005851 0.007322
v 0.002645 -0.005851 0.007376
v 0.002815 -0 0.007422
v -0.007317 -0.005851 0.002803
v -0.007028 -0 0.003689
v -0.007049 -0.005851 0.003421
v -0.007325 -0.005851 0.002778
v -0.007028 -0 0.003689
v -0.007317 -0.005851 0.002803
v 0.000957 0 -0.00788
v 0.001009 -0.005851 -0.00777
v 0.001673 -0.005851 -0.007655
v 0.000944 -0.005851 -0.007776
v 0.001009 -0.005851 -0.00777
v 0.000957 0 -0.00788
v 0 0 -0.007938
v 0.000944 -0.005851 -0.007776
v 0.000957 0 -0.00788
v 0.000337 -0.005851 -0.007828
v 0.000944 -0.005851 -0.007776
v 0 0 -0.007938
v 0.000337 -0.005851 -0.007828
v 0.007422 -0 0.002815
v 0.007317 -0.005851 0.002803
v 0.007049 -0.005851 0.003421
v 0.007325 -0.005851 0.002778
v 0.007317 -0.005851 0.002803
v 0.007422 -0 0.002815
v 0.007707 -0 0.0019
v 0.007325 -0.005851 0.002778
v 0.007422 -0 0.002815
v 0.007531 -0.005851 0.002163
v 0.007325 -0.005851 0.002778
v 0.007707 -0 0.0019
v 0.007601 -0.005851 0.001873
v 0.007531 -0.005851 0.002163
v 0.007707 -0 0.0019
v 0.003689 0 -0.007028
v 0.00364 -0.005851 -0.006935
v 0.004158 -0.005851 -0.006641
v 0.003572 -0.005851 -0.006974
v 0.002815 0 -0.007422
v 0.003572 -0.005851 -0.006974
v 0.003689 0 -0.007028
v 0.002959 -0.005851 -0.007255
v 0.003572 -0.005851 -0.006974
v 0.002815 0 -0.007422
v 0.002776 -0.005851 -0.007321
v 0.002959 -0.005851 -0.007255
v 0.002815 0 -0.007422
v -0.00788 -0 0.000957
v -0.00779 -0.005851 0.000841
v -0.007834 -0.005851 0.000169
v -0.007775 -0.005851 0.000944
v -0.00779 -0.005851 0.000841
v -0.00788 -0 0.000957
v -0.007707 -0 0.0019
v -0.007775 -0.005851 0.000944
v -0.00788 -0 0.000957
v -0.007689 -0.005851 0.001508
v -0.007775 -0.005851 0.000944
v -0.007707 -0 0.0019
v -0.007601 -0.005851 0.001873
v -0.007689 -0.005851 0.001508
v -0.007707 -0 0.0019
v 0.005941 -0 0.005264
v 0.005862 -0.005851 0.005193
v 0.005481 -0.005851 0.0056
v 0.005942 -0.005851 0.005108
v 0.006532 -0 0.004509
v 0.005942 -0.005851 0.005108
v 0.005941 -0 0.005264
v 0.006359 -0.005851 0.004578
v 0.005942 -0.005851 0.005108
v 0.006532 -0 0.004509
v 0.006444 -0.005851 0.004448
v 0.006359 -0.005851 0.004578
v 0.006532 -0 0.004509
v 0.004509 -0 0.006532
v 0.00444 -0.005851 0.006456
v 0.003869 -0.005851 0.006814
v 0.004451 -0.005851 0.006448
v 0.00444 -0.005851 0.006456
v 0.004509 -0 0.006532
v 0.005264 -0 0.005941
v 0.004451 -0.005851 0.006448
v 0.004509 -0 0.006532
v 0.004979 -0.005851 0.00605
v 0.004451 -0.005851 0.006448
v 0.005264 -0 0.005941
v 0.004979 -0.005851 0.00605
v -0.00444 -0.005851 0.006456
v -0.003689 -0 0.007028
v -0.003869 -0.005851 0.006814
v -0.004451 -0.005851 0.006448
v -0.003689 -0 0.007028
v -0.00444 -0.005851 0.006456
v -0.0019 -0 0.007707
v -0.002001 -0.005851 0.007576
v -0.002645 -0.005851 0.007376
v -0.001874 -0.005851 0.007603
v -0.002001 -0.005851 0.007576
v -0.0019 -0 0.007707
v -0.000957 -0 0.00788
v -0.001874 -0.005851 0.007603
v -0.0019 -0 0.007707
v -0.001342 -0.005851 0.00772
v -0.001874 -0.005851 0.007603
v -0.000957 -0 0.00788
v -0.001342 -0.005851 0.00772
v 0.007707 0 -0.0019
v 0.007617 -0.005851 -0.001837
v 0.007747 -0.005851 -0.001176
v 0.007606 -0.005851 -0.001875
v 0.007617 -0.005851 -0.001837
v 0.007707 0 -0.0019
v 0.007422 0 -0.002815
v 0.007606 -0.005851 -0.001875
v 0.007707 0 -0.0019
v 0.007431 -0.005851 -0.002485
v 0.007606 -0.005851 -0.001875
v 0.007422 0 -0.002815
v 0.007431 -0.005851 -0.002485
v -0.007028 -0 0.003689
v -0.006932 -0.005851 0.003638
v -0.007049 -0.005851 0.003421
v -0.006729 -0.005851 0.004015
v -0.006532 -0 0.004509
v -0.006729 -0.005851 0.004015
v -0.007028 -0 0.003689
v -0.006444 -0.005851 0.004448
v -0.006729 -0.005851 0.004015
v -0.006532 -0 0.004509
v -0.006359 -0.005851 0.004578
v -0.006444 -0.005851 0.004448
v -0.006532 -0 0.004509
v 0.00788 -0 0.000957
v 0.007775 -0.005851 0.000944
v 0.007689 -0.005851 0.001508
v 0.00779 -0.005851 0.000841
v 0.007938 -0 0
v 0.00779 -0.005851 0.000841
v 0.00788 -0 0.000957
v 0.007834 -0.005851 0.000169
v 0.00779 -0.005851 0.000841
v 0.007938 -0 0
v 0.00783 -0.005851 0
v 0.007834 -0.005851 0.000169
v 0.007938 -0 0
v 0.005264 0 -0.005941
v 0.005235 -0.005851 -0.00583
v 0.005716 -0.005851 -0.005359
v 0.005195 -0.005851 -0.005863
v 0.005235 -0.005851 -0.00583
v 0.005264 0 -0.005941
v 0.004509 0 -0.006532
v 0.005195 -0.005851 -0.005863
v 0.005264 0 -0.005941
v 0.004714 -0.005851 -0.006259
v 0.005195 -0.005851 -0.005863
v 0.004509 0 -0.006532
v 0.004714 -0.005851 -0.006259
v -0.005941 -0 0.005264
v -0.005942 -0.005851 0.005108
v -0.006359 -0.005851 0.004578
v -0.005862 -0.005851 0.005193
v -0.005942 -0.005851 0.005108
v -0.005941 -0 0.005264
v -0.005264 -0 0.005941
v -0.005862 -0.005851 0.005193
v -0.005941 -0 0.005264
v -0.005481 -0.005851 0.0056
v -0.005862 -0.005851 0.005193
v -0.005264 -0 0.005941
v -0.005481 -0.005851 0.0056
v -0.003689 -0 0.007028
v -0.003638 -0.005851 0.006932
v -0.003869 -0.005851 0.006814
v -0.003269 -0.005851 0.007121
v -0.002815 -0 0.007422
v -0.003269 -0.005851 0.007121
v -0.003689 -0 0.007028
v -0.002777 -0.005851 0.007322
v -0.003269 -0.005851 0.007121
v -0.002815 -0 0.007422
v -0.002645 -0.005851 0.007376
v 0.007028 0 -0.003689
v 0.007422 0 -0.002815
v 0.007707 0 -0.0019
v 0.00788 0 -0.000957
v 0.007938 -0 0
v 0.00788 -0 0.000957
v 0.007707 -0 0.0019
v 0.007422 -0 0.002815
v 0.007028 -0 0.003689
v 0.006532 -0 0.004509
v 0.005941 -0 0.005264
v 0.005264 -0 0.005941
v 0.004509 -0 0.006532
v 0.003689 -0 0.007028
v 0.002815 -0 0.007422
v 0.0019 -0 0.007707
v 0.000957 -0 0.00788
v -0 -0 0.007938
v -0.000957 -0 0.00788
v -0.0019 -0 0.007707
v -0.002815 -0 0.007422
v -0.003689 -0 0.007028
v -0.004509 -0 0.006532
v -0.005264 -0 0.005941
v -0.005941 -0 0.005264
v -0.006532 -0 0.004509
v -0.007028 -0 0.003689
v -0.007422 -0 0.002815
v -0.007707 -0 0.0019
v -0.00788 -0 0.000957
v -0.007938 0 -0
v -0.00788 0 -0.000957
v -0.007707 0 -0.0019
v -0.007422 0 -0.002815
v -0.007028 0 -0.003689
v -0.006532 0 -0.004509
v -0.005941 0 -0.005264
v -0.005264 0 -0.005941
v -0.004509 0 -0.006532
v -0.003689 0 -0.007028
v -0.002815 0 -0.007422
v -0.0019 0 -0.007707
v -0.000957 0 -0.00788
v 0 0 -0.007938
v 0.000957 0 -0.00788
v 0.0019 0 -0.007707
v 0.002815 0 -0.007422
v 0.003689 0 -0.007028
v 0.004509 0 -0.006532
v 0.005264 0 -0.005941
v 0.005941 0 -0.005264
v 0.006532 0 -0.004509
v 0.002551 -0.00635 -0.007835
v 0.001294 -0.00635 -0.008137
v 0.001294 0 -0.008137
v 0.002551 0 -0.007835
v 0.005823 -0.00635 0.00583
v 0.006663 -0.00635 0.004847
v 0.006663 0 0.004847
v 0.005823 0 0.00583
v -0.007838 -0.00635 0.002541
v -0.007344 -0.00635 0.003736
v -0.007344 0 0.003736
v -0.007838 0 0.002541
v 0.000005 -0.00635 -0.00824
v 0.000005 0 -0.00824
v 0.007339 -0.00635 0.003745
v 0.007339 0 0.003745
v -0.006669 -0.00635 0.004839
v -0.006669 0 0.004839
v -0.001284 -0.00635 -0.008139
v -0.001284 0 -0.008139
v 0.007835 -0.00635 0.002551
v 0.007835 0 0.002551
v -0.00583 -0.00635 0.005823
v -0.00583 0 0.005823
v -0.002541 -0.00635 -0.007838
v -0.002541 0 -0.007838
v 0.008137 -0.00635 0.001294
v 0.008137 0 0.001294
v -0.004847 -0.00635 0.006663
v -0.004847 0 0.006663
v -0.003736 -0.00635 -0.007344
v -0.003736 0 -0.007344
v 0.00824 -0.00635 0.000005
v 0.00824 0 0.000005
v -0.003745 -0.00635 0.007339
v -0.003745 0 0.007339
v -0.004839 -0.00635 -0.006669
v -0.004839 0 -0.006669
v 0.008139 -0.00635 -0.001284
v 0.008139 0 -0.001284
v -0.002551 -0.00635 0.007835
v -0.002551 0 0.007835
v -0.005823 -0.00635 -0.00583
v -0.005823 0 -0.00583
v 0.007838 -0.00635 -0.002541
v 0.007838 0 -0.002541
v -0.001294 -0.00635 0.008137
v -0.001294 0 0.008137
v -0.006663 -0.00635 -0.004847
v -0.006663 0 -0.004847
v 0.007344 -0.00635 -0.003736
v 0.007344 0 -0.003736
v -0.000005 -0.00635 0.00824
v -0.000005 0 0.00824
v -0.007339 -0.00635 -0.003745
v -0.007339 0 -0.003745
v 0.006669 -0.00635 -0.004839
v 0.006669 0 -0.004839
v 0.001284 -0.00635 0.008139
v 0.001284 0 0.008139
v -0.007835 -0.00635 -0.002551
v -0.007835 0 -0.002551
v 0.00583 -0.00635 -0.005823
v 0.00583 0 -0.005823
v 0.002541 -0.00635 0.007838
v 0.002541 0 0.007838
v -0.008137 -0.00635 -0.001294
v -0.008137 0 -0.001294
v 0.004847 -0.00635 -0.006663
v 0.004847 0 -0.006663
v 0.003736 -0.00635 0.007344
v 0.003736 0 0.007344
v -0.00824 -0.00635 -0.000005
v -0.00824 0 -0.000005
v 0.003745 -0.00635 -0.007339
v 0.003745 0 -0.007339
v 0.004839 -0.00635 0.006669
v 0.004839 0 0.006669
v -0.008139 -0.00635 0.001284
v -0.008139 0 0.001284
v 0.005258 -0.00635 0.005265
v 0.006017 -0.00635 0.004377
v 0.006663 -0.00635 0.004847
v 0.005823 -0.00635 0.00583
v -0.007078 -0.00635 0.002295
v -0.006632 -0.00635 0.003374
v -0.007344 -0.00635 0.003736
v -0.007838 -0.00635 0.002541
v 0.001168 -0.00635 -0.007349
v 0.000005 -0.00635 -0.007441
v 0.000005 -0.00635 -0.00824
v 0.001294 -0.00635 -0.008137
v 0.006628 -0.00635 0.003382
v 0.007339 -0.00635 0.003745
v -0.006023 -0.00635 0.00437
v -0.006669 -0.00635 0.004839
v -0.00116 -0.00635 -0.00735
v -0.001284 -0.00635 -0.008139
v 0.007075 -0.00635 0.002304
v 0.007835 -0.00635 0.002551
v -0.005265 -0.00635 0.005258
v -0.00583 -0.00635 0.005823
v -0.002295 -0.00635 -0.007078
v -0.002541 -0.00635 -0.007838
v 0.007349 -0.00635 0.001168
v 0.008137 -0.00635 0.001294
v -0.004377 -0.00635 0.006017
v -0.004847 -0.00635 0.006663
v -0.003374 -0.00635 -0.006632
v -0.003736 -0.00635 -0.007344
v 0.007441 -0.00635 0.000005
v 0.00824 -0.00635 0.000005
v -0.003382 -0.00635 0.006628
v -0.003745 -0.00635 0.007339
v -0.00437 -0.00635 -0.006023
v -0.004839 -0.00635 -0.006669
v 0.00735 -0.00635 -0.00116
v 0.008139 -0.00635 -0.001284
v -0.002304 -0.00635 0.007075
v -0.002551 -0.00635 0.007835
v -0.005258 -0.00635 -0.005265
v -0.005823 -0.00635 -0.00583
v 0.007078 -0.00635 -0.002295
v 0.007838 -0.00635 -0.002541
v -0.001168 -0.00635 0.007349
v -0.001294 -0.00635 0.008137
v -0.006017 -0.00635 -0.004377
v -0.006663 -0.00635 -0.004847
v 0.006632 -0.00635 -0.003374
v 0.007344 -0.00635 -0.003736
v -0.000005 -0.00635 0.007441
v -0.000005 -0.00635 0.00824
v -0.006628 -0.00635 -0.003382
v -0.007339 -0.00635 -0.003745
v 0.006023 -0.00635 -0.00437
v 0.006669 -0.00635 -0.004839
v 0.00116 -0.00635 0.00735
v 0.001284 -0.00635 0.008139
v -0.007075 -0.00635 -0.002304
v -0.007835 -0.00635 -0.002551
v 0.005265 -0.00635 -0.005258
v 0.00583 -0.00635 -0.005823
v 0.002295 -0.00635 0.007078
v 0.002541 -0.00635 0.007838
v -0.007349 -0.00635 -0.001168
v -0.008137 -0.00635 -0.001294
v 0.004377 -0.00635 -0.006017
v 0.004847 -0.00635 -0.006663
v 0.003374 -0.00635 0.006632
v 0.003736 -0.00635 0.007344
v -0.007441 -0.00635 -0.000005
v -0.00824 -0.00635 -0.000005
v 0.003382 -0.00635 -0.006628
v 0.003745 -0.00635 -0.007339
v 0.00437 -0.00635 0.006023
v 0.004839 -0.00635 0.006669
v -0.00735 -0.00635 0.00116
v -0.008139 -0.00635 0.001284
v 0.002304 -0.00635 -0.007075
v 0.002551 -0.00635 -0.007835
v -0.007078 -0.0127 0.002295
v -0.006632 -0.0127 0.003374
v -0.006632 -0.00635 0.003374
v -0.007078 -0.00635 0.002295
v 0.001168 -0.0127 -0.007349
v 0.000005 -0.0127 -0.007441
v 0.000005 -0.00635 -0.007441
v 0.001168 -0.00635 -0.007349
v 0.006017 -0.0127 0.004377
v 0.006628 -0.0127 0.003382
v 0.006628 -0.00635 0.003382
v 0.006017 -0.00635 0.004377
v -0.006023 -0.0127 0.00437
v -0.006023 -0.00635 0.00437
v -0.00116 -0.0127 -0.00735
v -0.00116 -0.00635 -0.00735
v 0.007075 -0.0127 0.002304
v 0.007075 -0.00635 0.002304
v -0.005265 -0.0127 0.005258
v -0.005265 -0.00635 0.005258
v -0.002295 -0.0127 -0.007078
v -0.002295 -0.00635 -0.007078
v 0.007349 -0.0127 0.001168
v 0.007349 -0.00635 0.001168
v -0.004377 -0.0127 0.006017
v -0.004377 -0.00635 0.006017
v -0.003374 -0.0127 -0.006632
v -0.003374 -0.00635 -0.006632
v 0.007441 -0.0127 0.000005
v 0.007441 -0.00635 0.000005
v -0.003382 -0.0127 0.006628
v -0.003382 -0.00635 0.006628
v -0.00437 -0.0127 -0.006023
v -0.00437 -0.00635 -0.006023
v 0.00735 -0.0127 -0.00116
v 0.00735 -0.00635 -0.00116
v -0.002304 -0.0127 0.007075
v -0.002304 -0.00635 0.007075
v -0.005258 -0.0127 -0.005265
v -0.005258 -0.00635 -0.005265
v 0.007078 -0.0127 -0.002295
v 0.007078 -0.00635 -0.002295
v -0.001168 -0.0127 0.007349
v -0.001168 -0.00635 0.007349
v -0.006017 -0.0127 -0.004377
v -0.006017 -0.00635 -0.004377
v 0.006632 -0.0127 -0.003374
v 0.006632 -0.00635 -0.003374
v -0.000005 -0.0127 0.007441
v -0.000005 -0.00635 0.007441
v -0.006628 -0.0127 -0.003382
v -0.006628 -0.00635 -0.003382
v 0.006023 -0.0127 -0.00437
v 0.006023 -0.00635 -0.00437
v 0.00116 -0.0127 0.00735
v 0.00116 -0.00635 0.00735
v -0.007075 -0.0127 -0.002304
v -0.007075 -0.00635 -0.002304
v 0.005265 -0.0127 -0.005258
v 0.005265 -0.00635 -0.005258
v 0.002295 -0.0127 0.007078
v 0.002295 -0.00635 0.007078
v -0.007349 -0.0127 -0.001168
v -0.007349 -0.00635 -0.001168
v 0.004377 -0.0127 -0.006017
v 0.004377 -0.00635 -0.006017
v 0.003374 -0.0127 0.006632
v 0.003374 -0.00635 0.006632
v -0.007441 -0.0127 -0.000005
v -0.007441 -0.00635 -0.000005
v 0.003382 -0.0127 -0.006628
v 0.003382 -0.00635 -0.006628
v 0.00437 -0.0127 0.006023
v 0.00437 -0.00635 0.006023
v -0.00735 -0.0127 0.00116
v -0.00735 -0.00635 0.00116
v 0.002304 -0.0127 -0.007075
v 0.002304 -0.00635 -0.007075
v 0.005258 -0.0127 0.005265
v 0.005258 -0.00635 0.005265
v -0.000005 -0.0127 0.007441
v -0.001168 -0.0127 0.007349
v -0.002304 -0.0127 0.007075
v -0.003382 -0.0127 0.006628
v -0.004377 -0.0127 0.006017
v -0.005265 -0.0127 0.005258
v -0.006023 -0.0127 0.00437
v -0.006632 -0.0127 0.003374
v -0.007078 -0.0127 0.002295
v -0.00735 -0.0127 0.00116
v -0.007441 -0.0127 -0.000005
v -0.007349 -0.0127 -0.001168
v -0.007075 -0.0127 -0.002304
v -0.006628 -0.0127 -0.003382
v -0.006017 -0.0127 -0.004377
v -0.005258 -0.0127 -0.005265
v -0.00437 -0.0127 -0.006023
v -0.003374 -0.0127 -0.006632
v -0.002295 -0.0127 -0.007078
v -0.00116 -0.0127 -0.00735
v 0.000005 -0.0127 -0.007441
v 0.001168 -0.0127 -0.007349
v 0.002304 -0.0127 -0.007075
v 0.003382 -0.0127 -0.006628
v 0.004377 -0.0127 -0.006017
v 0.005265 -0.0127 -0.005258
v 0.006023 -0.0127 -0.00437
v 0.006632 -0.0127 -0.003374
v 0.007078 -0.0127 -0.002295
v 0.00735 -0.0127 -0.00116
v 0.007441 -0.0127 0.000005
v 0.007349 -0.0127 0.001168
v 0.007075 -0.0127 0.002304
v 0.006628 -0.0127 0.003382
v 0.006017 -0.0127 0.004377
v 0.005258 -0.0127 0.005265
v 0.00437 -0.0127 0.006023
v 0.003374 -0.0127 0.006632
v 0.002295 -0.0127 0.007078
v 0.00116 -0.0127 0.00735
v -0.005265 -0.0254 0.005258
v -0.004377 -0.0254 0.006017
v -0.000005 -0.0254 0.007441
v -0.001168 -0.0254 0.007349
v -0.002304 -0.0254 0.007075
v -0.003382 -0.0254 0.006628
v -0.004377 -0.0254 0.006017
v -0.005265 -0.0254 0.005258
v -0.006023 -0.0254 0.00437
v -0.006632 -0.0254 0.003374
v -0.007078 -0.0254 0.002295
v -0.00735 -0.0254 0.00116
v -0.007441 -0.0254 -0.000005
v -0.007349 -0.0254 -0.001168
v -0.007075 -0.0254 -0.002304
v -0.006628 -0.0254 -0.003382
v -0.006017 -0.0254 -0.004377
v -0.005258 -0.0254 -0.005265
v -0.00437 -0.0254 -0.006023
v -0.003374 -0.0254 -0.006632
v -0.002295 -0.0254 -0.007078
v -0.00116 -0.0254 -0.00735
v 0.000005 -0.0254 -0.007441
v 0.001168 -0.0254 -0.007349
v 0.002304 -0.0254 -0.007075
v 0.003382 -0.0254 -0.006628
v 0.004377 -0.0254 -0.006017
v 0.005265 -0.0254 -0.005258
v 0.006023 -0.0254 -0.00437
v 0.006632 -0.0254 -0.003374
v 0.007078 -0.0254 -0.002295
v 0.00735 -0.0254 -0.00116
v 0.007441 -0.0254 0.000005
v 0.007349 -0.0254 0.001168
v 0.007075 -0.0254 0.002304
v 0.006628 -0.0254 0.003382
v 0.006017 -0.0254 0.004377
v 0.005258 -0.0254 0.005265
v 0.00437 -0.0254 0.006023
v 0.003374 -0.0254 0.006632
v 0.002295 -0.0254 0.007078
v 0.00116 -0.0254 0.00735
v -0.002295 -0.0254 -0.007078
v -0.003374 -0.0254 -0.006632
v 0.007349 -0.0254 0.001168
v 0.007441 -0.0254 0.000005
v -0.003382 -0.0254 0.006628
v -0.00437 -0.0254 -0.006023
v 0.00735 -0.0254 -0.00116
v -0.002304 -0.0254 0.007075
v -0.005258 -0.0254 -0.005265
v 0.007078 -0.0254 -0.002295
v -0.001168 -0.0254 0.007349
v -0.006017 -0.0254 -0.004377
v 0.006632 -0.0254 -0.003374
v -0.000005 -0.0254 0.007441
v -0.006628 -0.0254 -0.003382
v 0.006023 -0.0254 -0.00437
v 0.00116 -0.0254 0.00735
v -0.007075 -0.0254 -0.002304
v 0.005265 -0.0254 -0.005258
v 0.002295 -0.0254 0.007078
v -0.007349 -0.0254 -0.001168
v 0.004377 -0.0254 -0.006017
v 0.003374 -0.0254 0.006632
v -0.007441 -0.0254 -0.000005
v 0.003382 -0.0254 -0.006628
v 0.00437 -0.0254 0.006023
v -0.00735 -0.0254 0.00116
v 0.002304 -0.0254 -0.007075
v 0.005258 -0.0254 0.005265
v -0.007078 -0.0254 0.002295
v 0.001168 -0.0254 -0.007349
v 0.006017 -0.0254 0.004377
v -0.006632 -0.0254 0.003374
v 0.000005 -0.0254 -0.007441
v 0.006628 -0.0254 0.003382
v -0.006023 -0.0254 0.00437
v -0.00116 -0.0254 -0.00735
v 0.007075 -0.0254 0.002304
vt 0 0
vt 0 0
vt 0 0
vt 0 0
vt 0 0
vt 0 0
vt 0 0
vt 0 0
vt 0 0
vt 0 0
vt 0 0
vt 0 0
vt 0 0
vt 0 0
vt 0 0
vt 0 0
vt 0 0
vt 0 0
vt 0 0
vt 0 0
vt 0 0
vt 0 0
vt 0 0
vt 0 0
vt 0 0
vt 0 0
vt 0 0
vt 0 0
vt 0 0
vt 0 0
vt 0 0
vt 0 0
vt 0 0
vt 0 0
vt 0 0
vt 0 0
vt 0 0
vt 0 0
vt 0 0
vt 0 0
vt 0 0
vt 0 0
vt 0 0
vt 0 0
vt 0 0
vt 0 0
vt 0 0
vt 0 0
vt 0 0
vt 0 0
vt 0 0
vt 0 0
vt 0 0
vt 0 0
vt 0 0
vt 0 0
vt 0 0
vt 0 0
vt 0 0
vt 0 0
vt 0 0
vt 0 0
vt 0 0
vt 0 0
vt 0 0
vt 0 0
vt 0 0
vt 0 0
vt 0 0
vt 0 0
vt 0 0
vt 0 0
vt 0 0
vt 0 0
vt 0 0
vt 0 0
vt 0 0
vt 0 0
vt 0 0
vt 0 0
vt 0 0
vt 0 0
vt 0 0
vt 0 0
vt 0 0
vt 0 0
vt 0 0
vt 0 0
vt 0 0
vt 0 0
vt 0 0
vt 0 0
vt 0 0
vt 0 0
vt 0 0
vt 0 0
vt 0 0
vt 0 0
vt 0 0
vt 0 0
vt 0 0
vt 0 0
vt 0 0
vt 0 0
vt 0 0
vt 0 0
vt 0 0
vt 0 0
vt 0 0
vt 0 0
vt 0 0
vt 0 0
vt 0 0
vt 0 0
vt 0 0
vt 0 0
vt 0 0
vt 0 0
vt 0 0
vt 0 0
vt 0 0
vt 0 0
vt 0 0
vt 0 0
vt 0 0
vt 0 0
vt 0 0
vt 0 0
vt 0 0
vt 0 0
vt 0 0
vt 0 0
vt 0 0
vt 0 0
vt 0 0
vt 0 0
vt 0 0
vt 0 0
vt 0 0
vt 0 0
vt 0 0
vt 0 0
vt 0 0
vt 0 0
vt 0 0
vt 0 0
vt 0 0
vt 0 0
vt 0 0
vt 0 0
vt 0 0
vt 0 0
vt 0 0
vt 0 0
vt 0 0
vt 0 0
vt 0 0
vt 0 0
vt 0 0
vt 0 0
vt 0 0
vt 0 0
vt 0 0
vt 0 0
vt 0 0
vt 0 0
vt 0 0
vt 0 0
vt 0 0
vt 0 0
vt 0 0
vt 0 0
vt 0 0
vt 0 0
vt 0 0
vt 0 0
vt 0 0
vt 0 0
vt 0 0
vt 0 0
vt 0 0
vt 0 0
vt 0 0
vt 0 0
vt 0 0
vt 0 0
vt 0 0
vt 0 0
vt 0 0
vt 0 0
vt 0 0
vt 0 0
vt 0 0
vt 0 0
vt 0 0
vt 0 0
vt 0 0
vt 0 0
vt 0 0
vt 0 0
vt 0 0
vt 0 0
vt 0 0
vt 0 0
vt 0 0
vt 0 0
vt 0 0
vt 0 0
vt 0 0
vt 0 0
vt 0 0
vt 0 0
vt 0 0
vt 0 0
vt 0 0
vt 0 0
vt 0 0
vt 0 0
vt 0 0
vt 0 0
vt 0 0
vt 0 0
vt 0 0
vt 0 0
vt 0 0
vt 0 0
vt 0 0
vt 0 0
vt 0 0
vt 0 0
vt 0 0
vt 0 0
vt 0 0
vt 0 0
vt 0 0
vt 0 0
vt 0 0
vt 0 0
vt 0 0
vt 0 0
vt 0 0
vt 0 0
vt 0 0
vt 0 0
vt 0 0
vt 0 0
vt 0 0
vt 0 0
vt 0 0
vt 0 0
vt 0 0
vt 0 0
vt 0 0
vt 0 0
vt 0 0
vt 0 0
vt 0 0
vt 0 0
vt 0 0
vt 0 0
vt 0 0
vt 0 0
vt 0 0
vt 0 0
vt 0 0
vt 0 0
vt 0 0
vt 0 0
vt 0 0
vt 0 0
vt 0 0
vt 0 0
vt 0 0
vt 0 0
vt 0 0
vt 0 0
vt 0 0
vt 0 0
vt 0 0
vt 0 0
vt 0 0
vt 0 0
vt 0 0
vt 0 0
vt 0 0
vt 0 0
vt 0 0
vt 0 0
vt 0 0
vt 0 0
vt 0 0
vt 0 0
vt 0 0
vt 0 0
vt 0 0
vt 0 0
vt 0 0
vt 0 0
vt 0 0
vt 0 0
vt 0 0
vt 0 0
vt 0 0
vt 0 0
vt 0 0
vt 0 0
vt 0 0
vt 0 0
vt 0 0
vt 0 0
vt 0 0
vt 0 0
vt 0 0
vt 0 0
vt 0 0
vt 0 0
vt 0 0
vt 0 0
vt 0 0
vt 0 0
vt 0 0
vt 0 0
vt 0 0
vt 0 0
vt 0 0
vt 0 0
vt 0 0
vt 0 0
vt 0 0
vt 0 0
vt 0 0
vt 0 0
vt 0 0
vt 0 0
vt 0 0
vt 0 0
vt 0 0
vt 0 0
vt 0 0
vt 0 0
vt 0 0
vt 0 0
vt 0 0
vt 0 0
vt 0 0
vt 0 0
vt 0 0
vt 0 0
vt 0 0
vt 0 0
vt 0 0
vt 0 0
vt 0 0
vt 0 0
vt 0 0
vt 0 0
vt 0 0
vt 0 0
vt 0 0
vt 0 0
vt 0 0
vt 0 0
vt 0 0
vt 0 0
vt 0 0
vt 0 0
vt 0 0
vt 0 0
vt 0 0
vt 0 0
vt 0 0
vt 0 0
vt 0 0
vt 0 0
vt 0 0
vt 0 0
vt 0 0
vt 0 0
vt 0 0
vt 0 0
vt 0 0
vt 0 0
vt 0 0
vt 0 0
vt 0 0
vt 0 0
vt 0 0
vt 0 0
vt 0 0
vt 0 0
vt 0 0
vt 0 0
vt 0 0
vt 0 0
vt 0 0
vt 0 0
vt 0 0
vt 0 0
vt 0 0
vt 0 0
vt 0 0
vt 0 0
vt 0 0
vt 0 0
vt 0 0
vt 0 0
vt 0 0
vt 0 0
vt 0 0
vt 0 0
vt 0 0
vt 0 0
vt 0 0
vt 0 0
vt 0 0
vt 0 0
vt 0 0
vt 0 0
vt 0 0
vt 0 0
vt 0 0
vt 0 0
vt 0 0
vt 0 0
vt 0 0
vt 0 0
vt 0 0
vt 0 0
vt 0 0
vt 0 0
vt 0 0
vt 0 0
vt 0 0
vt 0 0
vt 0 0
vt 0 0
vt 0 0
vt 0 0
vt 0 0
vt 0 0
vt 0 0
vt 0 0
vt 0 0
vt 0 0
vt 0 0
vt 0 0
vt 0 0
vt 0 0
vt 0 0
vt 0 0
vt 0 0
vt 0 0
vt 0 0
vt 0 0
vt 0 0
vt 0 0
vt 0 0
vt 0 0
vt 0 0
vt 0 0
vt 0 0
vt 0 0
vt 0 0
vt 0 0
vt 0 0
vt 0 0
vt 0 0
vt 0 0
vt 0 0
vt 0 0
vt 0 0
vt 0 0
vt 0 0
vt 0 0
vt 0 0
vt 0 0
vt 0 0
vt 0 0
vt 0 0
vt 0 0
vt 0 0
vt 0 0
vt 0 0
vt 0 0
vt 0 0
vt 0 0
vt 0 0
vt 0 0
vt 0 0
vt 0 0
vt 0 0
vt 0 0
vt 0 0
vt 0 0
vt 0 0
vt 0 0
vt 0 0
vt 0 0
vt 0 0
vt 0 0
vt 0 0
vt 0 0
vt 0 0
vt 0 0
vt 0 0
vt 0 0
vt 0 0
vt 0 0
vt 0 0
vt 0 0
vt 0 0
vt 0 0
vt 0 0
vt 0 0
vt 0 0
vt 0 0
vt 0 0
vt 0 0
vt 0 0
vt 0 0
vt 0 0
vt 0 0
vt 0 0
vt 0 0
vt 0 0
vt 0 0
vt 0 0
vt 0 0
vt 0 0
vt 0 0
vt 0 0
vt 0 0
vt 0 0
vt 0 0
vt 0 0
vt 0 0
vt 0 0
vt 0 0
vt 0 0
vt 0 0
vt 0 0
vt 0 0
vt 0 0
vt 0 0
vt 0 0
vt 0 0
vt 0 0
vt 0 0
vt 0 0
vt 0 0
vt 0 0
vt 0 0
vt 0 0
vt 0 0
vt 0 0
vt 0 0
vt 0 0
vt 0 0
vt 0 0
vt 0 0
vt 0 0
vt 0 0
vt 0 0
vt 0 0
vt 0 0
vt 0 0
vt 0 0
vt 0 0
vt 0 0
vt 0 0
vt 0 0
vt 0 0
vt 0 0
vt 0 0
vt 0 0
vt 0 0
vt 0 0
vt 0 0
vt 0 0
vt 0 0
vt 0 0
vt 0 0
vt 0 0
vt 0 0
vt 0 0
vt 0 0
vt 0 0
vt 0 0
vt 0 0
vt 0 0
vt 0 0
vt 0 0
vt 0 0
vt 0 0
vt 0 0
vt 0 0
vt 0 0
vt 0 0
vt 0 0
vt 0 0
vt 0 0
vt 0 0
vt 0 0
vt 0 0
vt 0 0
vt 0 0
vt 0 0
vt 0 0
vt 0 0
vt 0 0
vt 0 0
vt 0 0
vt 0 0
vt 0 0
vt 0 0
vt 0 0
vt 0 0
vt 0 0
vt 0 0
vt 0 0
vt 0 0
vt 0 0
vt 0 0
vt 0 0
vt 0 0
vt 0 0
vt 0 0
vt 0 0
vt 0 0
vt 0 0
vt 0 0
vt 0 0
vt 0 0
vt 0 0
vt 0 0
vt 0 0
vt 0 0
vt 0 0
vt 0 0
vt 0 0
vt 0 0
vt 0 0
vt 0 0
vt 0 0
vt 0 0
vt 0 0
vt 0 0
vt 0 0
vt 0 0
vt 0 0
vt 0 0
vt 0 0
vt 0 0
vt 0 0
vt 0 0
vt 0 0
vt 0 0
vt 0 0
vt 0 0
vt 0 0
vt 0 0
vt 0 0
vt 0 0
vt 0 0
vt 0 0
vt 0 0
vt 0 0
vt 0 0
vt 0 0
vt 0 0
vt 0 0
vt 0 0
vt 0 0
vt 0 0
vt 0 0
vt 0 0
vt 0 0
vt 0 0
vt 0 0
vt 0 0
vt 0 0
vt 0 0
vt 0 0
vt 0 0
vt 0 0
vt 0 0
vt 0 0
vt 0 0
vt 0 0
vt 0 0
vt 0 0
vt 0 0
vt 0 0
vt 0 0
vt 0 0
vt 0 0
vt 0 0
vt 0 0
vt 0 0
vt 0 0
vt 0 0
vt 0 0
vt 0 0
vt 0 0
vt 0 0
vt 0 0
vt 0 0
vt 0 0
vt 0 0
vt 0 0
vt 0 0
vt 0 0
vt 0 0
vt 0 0
vt 0 0
vt 0 0
vt 0 0
vt 0 0
vt 0 0
vt 0 0
vt 0 0
vt 0 0
vt 0 0
vt 0 0
vt 0 0
vt 0 0
vt 0 0
vt 0 0
vt 0 0
vt 0 0
vt 0 0
vt 0 0
vt 0 0
vt 0 0
vt 0 0
vt 0 0
vt 0 0
vt 0 0
vt 0 0
vt 0 0
vt 0 0
vt 0 0
vt 0 0
vt 0 0
vt 0 0
vt 0 0
vt 0 0
vt 0 0
vt 0 0
vt 0 0
vt 0 0
vt 0 0
vt 0 0
vt 0 0
vt 0 0
vt 0 0
vt 0 0
vt 0 0
vt 0 0
vt 0 0
vt 0 0
vt 0 0
vt 0 0
vt 0 0
vt 0 0
vt 0 0
vt 0 0
vt 0 0
vt 0 0
vt 0 0
vt 0 0
vt 0 0
vt 0 0
vt 0 0
vt 0 0
vt 0 0
vt 0 0
vt 0 0
vt 0 0
vt 0 0
vt 0 0
vt 0 0
vt 0 0
vt 0 0
vt 0 0
vt 0 0
vt 0 0
vt 0 0
vt 0 0
vt 0 0
vt 0 0
vt 0 0
vt 0 0
vt 0 0
vt 0 0
vt 0 0
vt 0 0
vt 0 0
vt 0 0
vt 0 0
vt 0 0
vt 0 0
vt 0 0
vt 0 0
vt 0 0
vt 0 0
vt 0 0
vt 0 0
vt 0 0
vt 0 0
vt 0 0
vt 0 0
vt 0 0
vt 0 0
vt 0 0
vt 0 0
vt 0 0
vt 0 0
vt 0 0
vt 0 0
vt 0 0
vt 0 0
vt 0 0
vt 0 0
vt 0 0
vt 0 0
vt 0 0
vt 0 0
vt 0 0
vt 0 0
vt 0 0
vt 0 0
vt 0 0
vt 0 0
vt 0 0
vt 0 0
vt 0 0
vt 0 0
vt 0 0
vt 0 0
vt 0 0
vt 0 0
vt 0 0
vt 0 0
vt 0 0
vt 0 0
vt 0 0
vt 0 0
vt 0 0
vt 0 0
vt 0 0
vt 0 0
vt 0 0
vt 0 0
vt 0 0
vt 0 0
vt 0 0
vt 0 0
vt 0 0
vt 0 0
vt 0 0
vt 0 0
vt 0 0
vt 0 0
vt 0 0
vt 0 0
vt 0 0
vt 0 0
vt 0 0
vt 0 0
vt 0 0
vt 0 0
vt 0 0
vt 0 0
vt 0 0
vt 0 0
vt 0 0
vt 0 0
vt 0 0
vt 0 0
vt 0 0
vt 0 0
vt 0 0
vt 0 0
vt 0 0
vt 0 0
vt 0 0
vt 0 0
vt 0 0
vt 0 0
vt 0 0
vt 0 0
vt 0 0
vt 0 0
vt 0 0
vt 0 0
vt 0 0
vt 0 0
vt 0 0
vt 0 0
vt 0 0
vt 0 0
vt 0 0
vt 0 0
vt 0 0
vt 0 0
vt 0 0
vt 0 0
vt 0 0
vt 0 0
vt 0 0
vt 0 0
vt 0 0
vt 0 0
vt 0 0
vt 0 0
vt 0 0
vt 0 0
vt 0 0
vt 0 0
vt 0 0
vt 0 0
vt 0 0
vt 0 0
vt 0 0
vt 0 0
vt 0 0
vt 0 0
vt 0 0
vt 0 0
vt 0 0
vt 0 0
vt 0 0
vt 0 0
vt 0 0
vt 0 0
vt 0 0
vt 0 0
vt 0 0
vt 0 0
vt 0 0
vt 0 0
vt 0 0
vt 0 0
vt 0 0
vt 0 0
vt 0 0
vt 0 0
vt 0 0
vt 0 0
vt 0 0
vt 0 0
vt 0 0
vt 0 0
vt 0 0
vt 0 0
vt 0 0
vt 0 0
vt 0 0
vt 0 0
vt 0 0
vt 0 0
vt 0 0
vt 0 0
vt 0 0
vt 0 0
vt 0 0
vt 0 0
vt 0 0
vt 0 0
vt 0 0
vt 0 0
vt 0 0
vt 0 0
vt 0 0
vt 0 0
vt 0 0
vt 0 0
vt 0 0
vt 0 0
vt 0 0
vt 0 0
vt 0 0
vt 0 0
vt 0 0
vt 0 0
vt 0 0
vt 0 0
vt 0 0
vt 0 0
vt 0 0
vt 0 0
vt 0 0
vt 0 0
vt 0 0
vt 0 0
vt 0 0
vt 0 0
vt 0 0
vt 0 0
vt 0 0
vt 0 0
vt 0 0
vt 0 0
vt 0 0
vt 0 0
vt 0 0
vt 0 0
vt 0 0
vt 0 0
vt 0 0
vt 0 0
vt 0 0
vt 0 0
vt 0 0
vt 0 0
vt 0 0
vt 0 0
vt 0 0
vt 0 0
vt 0 0
vt 0 0
vt 0 0
vt 0 0
vt 0 0
vt 0 0
vt 0 0
vt 0 0
vt 0 0
vt 0 0
vt 0 0
vt 0 0
vt 0 0
vt 0 0
vt 0 0
vt 0 0
vt 0 0
vt 0 0
vt 0 0
vt 0 0
vt 0 0
vt 0 0
vt 0 0
vt 0 0
vt 0 0
vt 0 0
vt 0 0
vt 0 0
vt 0 0
vt 0 0
vt 0 0
vt 0 0
vt 0 0
vt 0 0
vt 0 0
vt 0 0
vt 0 0
vt 0 0
vt 0 0
vt 0 0
vt 0 0
vt 0 0
vt 0 0
vt 0 0
vt 0 0
vt 0 0
vt 0 0
vt 0 0
vt 0 0
vt 0 0
vt 0 0
vt 0 0
vt 0 0
vt 0 0
vt 0 0
vt 0 0
vt 0 0
vt 0 0
vt 0 0
vt 0 0
vt 0 0
vt 0 0
vt 0 0
vt 0 0
vt 0 0
vt 0 0
vt 0 0
vt 0 0
vt 0 0
vt 0 0
vt 0 0
vt 0 0
vt 0 0
vt 0 0
vt 0 0
vt 0 0
vt 0 0
vt 0 0
vt 0 0
vt 0 0
vt 0 0
vt 0 0
vt 0 0
vt 0 0
vt 0 0
vt 0 0
vt 0 0
vt 0 0
vt 0 0
vt 0 0
vt 0 0
vt 0 0
vt 0 0
vt 0 0
vt 0 0
vt 0 0
vt 0 0
vt 0 0
vt 0 0
vt 0 0
vt 0 0
vt 0 0
vt 0 0
vt 0 0
vt 0 0
vt 0 0
vt 0 0
vt 0 0
vt 0 0
vt 0 0
vt 0 0
vt 0 0
vt 0 0
vt 0 0
vt 0 0
vt 0 0
vt 0 0
vt 0 0
vt 0 0
vt 0 0
vt 0 0
vt 0 0
vt 0 0
vt 0 0
vt 0 0
vt 0 0
vt 0 0
vt 0 0
vt 0 0
vt 0 0
vt 0 0
vt 0 0
vt 0 0
vt 0 0
vt 0 0
vt 0 0
vt 0 0
vt 0 0
vt 0 0
vt 0 0
vt 0 0
vt 0 0
vt 0 0
vt 0 0
vt 0 0
vt 0 0
vt 0 0
vt 0 0
vt 0 0
vt 0 0
vt 0 0
vt 0 0
vt 0 0
vt 0 0
vt 0 0
vt 0 0
vt 0 0
vt 0 0
vt 0 0
vt 0 0
vt 0 0
vt 0 0
vt 0 0
vt 0 0
vt 0 0
vt 0 0
vt 0 0
vt 0 0
vt 0 0
vt 0 0
vt 0 0
vt 0 0
vt 0 0
vt 0 0
vt 0 0
vt 0 0
vt 0 0
vt 0 0
vt 0 0
vt 0 0
vt 0 0
vt 0 0
vt 0 0
vt 0 0
vt 0 0
vt 0 0
vt 0 0
vt 0 0
vt 0 0
vt 0 0
vt 0 0
vt 0 0
vt 0 0
vt 0 0
vt 0 0
vt 0 0
vt 0 0
vt 0 0
vt 0 0
vt 0 0
vt 0 0
vt 0 0
vt 0 0
vt 0 0
vt 0 0
vt 0 0
vt 0 0
vt 0 0
vt 0 0
vt 0 0
vt 0 0
vt 0 0
vt 0 0
vt 0 0
vt 0 0
vt 0 0
vt 0 0
vt 0 0
vt 0 0
vt 0 0
vt 0 0
vt 0 0
vt 0 0
vt 0 0
vt 0 0
vt 0 0
vt 0 0
vt 0 0
vt 0 0
vt 0 0
vt 0 0
vt 0 0
vt 0 0
vt 0 0
vt 0 0
vt 0 0
vt 0 0
vt 0 0
vt 0 0
vt 0 0
vt 0 0
vt 0 0
vt 0 0
vt 0 0
vt 0 0
vt 0 0
vt 0 0
vt 0 0
vt 0 0
vt 0 0
vt 0 0
vt 0 0
vt 0 0
vt 0 0
vt 0 0
vt 0 0
vt 0 0
vt 0 0
vt 0 0
vt 0 0
vt 0 0
vt 0 0
vt 0 0
vt 0 0
vt 0 0
vt 0 0
vt 0 0
vt 0 0
vt 0 0
vt 0 0
vt 0 0
vt 0 0
vt 0 0
vt 0 0
vt 0 0
vt 0 0
vt 0 0
vt 0 0
vt 0 0
vt 0 0
vt 0 0
vt 0 0
vt 0 0
vt 0 0
vt 0 0
vt 0 0
vt 0 0
vt 0 0
vt 0 0
vt 0 0
vt 0 0
vt 0 0
vt 0 0
vt 0 0
vt 0 0
vt 0 0
vt 0 0
vt 0 0
vt 0 0
vt 0 0
vt 0 0
vt 0 0
vt 0 0
vt 0 0
vt 0 0
vt 0 0
vt 0 0
vt 0 0
vt 0 0
vt 0 0
vt 0 0
vt 0 0
vt 0 0
vt 0 0
vt 0 0
vt 0 0
vt 0 0
vt 0 0
vt 0 0
vt 0 0
vt 0 0
vt 0 0
vt 0 0
vt 0 0
vt 0 0
vt 0 0
vt 0 0
vt 0 0
vt 0 0
vt 0 0
vt 0 0
vt 0 0
vt 0 0
vt 0 0
vt 0 0
vt 0 0
vt 0 0
vt 0 0
vt 0 0
vt 0 0
vt 0 0
vt 0 0
vt 0 0
vt 0 0
vt 0 0
vt 0 0
vt 0 0
vt 0 0
vt 0 0
vt 0 0
vt 0 0
vt 0 0
vt 0 0
vt 0 0
vt 0 0
vt 0 0
vt 0 0
vt 0 0
vt 0 0
vt 0 0
vt 0 0
vt 0 0
vt 0 0
vt 0 0
vt 0 0
vt 0 0
vt 0 0
vt 0 0
vt 0 0
vt 0 0
vt 0 0
vt 0 0
vt 0 0
vt 0 0
vt 0 0
vt 0 0
vt 0 0
vt 0 0
vt 0 0
vt 0 0
vt 0 0
vt 0 0
vt 0 0
vt 0 0
vt 0 0
vt 0 0
vt 0 0
vt 0 0
vt 0 0
vt 0 0
vt 0 0
vt 0 0
vt 0 0
vt 0 0
vt 0 0
vt 0 0
vt 0 0
vt 0 0
vt 0 0
vt 0 0
vt 0 0
vt 0 0
vt 0 0
vt 0 0
vt 0 0
vt 0 0
vt 0 0
vt 0 0
vt 0 0
vt 0 0
vt 0 0
vt 0 0
vt 0 0
vt 0 0
vt 0 0
vt 0 0
vt 0 0
vt 0 0
vt 0 0
vt 0 0
vt 0 0
vt 0 0
vt 0 0
vt 0 0
vt 0 0
vt 0 0
vt 0 0
vt 0 0
vt 0 0
vt 0 0
vt 0 0
vt 0 0
vt 0 0
vt 0 0
vt 0 0
vt 0 0
vt 0 0
vt 0 0
vt 0 0
vt 0 0
vt 0 0
vt 0 0
vt 0 0
vt 0 0
vt 0 0
vt 0 0
vt 0 0
vt 0 0
vt 0 0
vt 0 0
vt 0 0
vt 0 0
vt 0 0
vt 0 0
vt 0 0
vt 0 0
vt 0 0
vt 0 0
vt 0 0
vt 0 0
vt 0 0
vt 0 0
vt 0 0
vt 0 0
vt 0 0
vt 0 0
vt 0 0
vt 0 0
vt 0 0
vt 0 0
vt 0 0
vt 0 0
vt 0 0
vt 0 0
vt 0 0
vt 0 0
vt 0 0
vt 0 0
vt 0 0
vt 0 0
vt 0 0
vt 0 0
vt 0 0
vt 0 0
vt 0 0
vt 0 0
vt 0 0
vt 0 0
vt 0 0
vt 0 0
vt 0 0
vt 0 0
vt 0 0
vt 0 0
vt 0 0
vt 0 0
vt 0 0
vt 0 0
vt 0 0
vt 0 0
vt 0 0
vt 0 0
vt 0 0
vt 0 0
vt 0 0
vt 0 0
vt 0 0
vt 0 0
vt 0 0
vt 0 0
vt 0 0
vt 0 0
vt 0 0
vt 0 0
vt 0 0
vt 0 0
vt 0 0
vt 0 0
vt 0 0
vt 0 0
vt 0 0
vt 0 0
vt 0 0
vt 0 0
vt 0 0
vt 0 0
vt 0 0
vt 0 0
vt 0 0
vt 0 0
vt 0 0
vt 0 0
vt 0 0
vt 0 0
vt 0 0
vt 0 0
vt 0 0
vt 0 0
vt 0 0
vt 0 0
vt 0 0
vt 0 0
vt 0 0
vt 0 0
vt 0 0
vt 0 0
vt 0 0
vt 0 0
vt 0 0
vt 0 0
vt 0 0
vt 0 0
vt 0 0
vt 0 0
vt 0 0
vt 0 0
vt 0 0
vt 0 0
vt 0 0
vt 0 0
vt 0 0
vt 0 0
vt 0 0
vt 0 0
vt 0 0
vt 0 0
vt 0 0
vt 0 0
vt 0 0
vt 0 0
vt 0 0
vt 0 0
vt 0 0
vt 0 0
vt 0 0
vt 0 0
vt 0 0
vt 0 0
vt 0 0
vt 0 0
vt 0 0
vt 0 0
vt 0 0
vt 0 0
vt 0 0
vt 0 0
vt 0 0
vt 0 0
vt 0 0
vt 0 0
vt 0 0
vt 0 0
vt 0 0
vt 0 0
vt 0 0
vt 0 0
vt 0 0
vt 0 0
vt 0 0
vt 0 0
vt 0 0
vt 0 0
vt 0 0
vt 0 0
vt 0 0
vt 0 0
vt 0 0
vt 0 0
vt 0 0
vt 0 0
vt 0 0
vt 0 0
vt 0 0
vt 0 0
vt 0 0
vt 0 0
vt 0 0
vt 0 0
vt 0 0
vt 0 0
vt 0 0
vt 0 0
vt 0 0
vt 0 0
vt 0 0
vt 0 0
vt 0 0
vt 0 0
vt 0 0
vt 0 0
vt 0 0
vt 0 0
vt 0 0
vt 0 0
vt 0 0
vt 0 0
vt 0 0
vt 0 0
vt 0 0
vt 0 0
vt 0 0
vt 0 0
vt 0 0
vt 0 0
vt 0 0
vt 0 0
vt 0 0
vt 0 0
vt 0 0
vt 0 0
vt 0 0
vt 0 0
vt 0 0
vt 0 0
vt 0 0
vt 0 0
vt 0 0
vt 0 0
vt 0 0
vt 0 0
vt 0 0
vt 0 0
vt 0 0
vt 0 0
vt 0 0
vt 0 0
vt 0 0
vt 0 0
vt 0 0
vt 0 0
vt 0 0
vt 0 0
vt 0 0
vt 0 0
vt 0 0
vt 0 0
vt 0 0
vt 0 0
vt 0 0
vt 0 0
vt 0 0
vt 0 0
vt 0 0
vt 0 0
vt 0 0
vt 0 0
vt 0 0
vt 0 0
vt 0 0
vt 0 0
vt 0 0
vt 0 0
vt 0 0
vt 0 0
vt 0 0
vt 0 0
vt 0 0
vt 0 0
vt 0 0
vt 0 0
vt 0 0
vt 0 0
vt 0 0
vt 0 0
vt 0 0
vt 0 0
vt 0 0
vt 0 0
vt 0 0
vt 0 0
vt 0 0
vt 0 0
vt 0 0
vt 0 0
vt 0 0
vt 0 0
vt 0 0
vt 0 0
vt 0 0
vt 0 0
vt 0 0
vt 0 0
vt 0 0
vt 0 0
vt 0 0
vt 0 0
vt 0 0
vt 0 0
vt 0 0
vt 0 0
vt 0 0
vt 0 0
vt 0 0
vt 0 0
vt 0 0
vt 0 0
vt 0 0
vt 0 0
vt 0 0
vt 0 0
vt 0 0
vt 0 0
vt 0 0
vt 0 0
vt 0 0
vt 0 0
vt 0 0
vt 0 0
vt 0 0
vt 0 0
vt 0 0
vt 0 0
vt 0 0
vt 0 0
vt 0 0
vt 0 0
vt 0 0
vt 0 0
vt 0 0
vt 0 0
vt 0 0
vt 0 0
vt 0 0
vt 0 0
vt 0 0
vt 0 0
vt 0 0
vt 0 0
vt 0 0
vt 0 0
vt 0 0
vt 0 0
vt 0 0
vt 0 0
vt 0 0
vt 0 0
vt 0 0
vt 0 0
vt 0 0
vt 0 0
vt 0 0
vt 0 0
vt 0 0
vt 0 0
vt 0 0
vt 0 0
vt 0 0
vt 0 0
vt 0 0
vt 0 0
vt 0 0
vt 0 0
vt 0 0
vt 0 0
vt 0 0
vt 0 0
vt 0 0
vt 0 0
vt 0 0
vt 0 0
vt 0 0
vt 0 0
vt 0 0
vt 0 0
vt 0 0
vt 0 0
vt 0 0
vt 0 0
vt 0 0
vt 0 0
vt 0 0
vt 0 0
vt 0 0
vt 0 0
vt 0 0
vt 0 0
vt 0 0
vt 0 0
vt 0 0
vt 0 0
vt 0 0
vt 0 0
vt 0 0
vt 0 0
vt 0 0
vt 0 0
vt 0 0
vt 0 0
vt 0 0
vt 0 0
vt 0 0
vt 0 0
vt 0 0
vt 0 0
vt 0 0
vt 0 0
vt 0 0
vt 0 0
vt 0 0
vt 0 0
vt 0 0
vt 0 0
vt 0 0
vt 0 0
vt 0 0
vt 0 0
vt 0 0
vt 0 0
vt 0 0
vt 0 0
vt 0 0
vt 0 0
vt 0 0
vt 0 0
vt 0 0
vt 0 0
vt 0 0
vt 0 0
vt 0 0
vt 0 0
vt 0 0
vt 0 0
vt 0 0
vt 0 0
vt 0 0
vt 0 0
vt 0 0
vt 0 0
vt 0 0
vt 0 0
vt 0 0
vt 0 0
vt 0 0
vt 0 0
vt 0 0
vt 0 0
vt 0 0
vt 0 0
vt 0 0
vt 0 0
vt 0 0
vt 0 0
vt 0 0
vt 0 0
vt 0 0
vt 0 0
vt 0 0
vt 0 0
vt 0 0
vt 0 0
vt 0 0
vt 0 0
vt 0 0
vt 0 0
vt 0 0
vt 0 0
vt 0 0
vt 0 0
vt 0 0
vt 0 0
vt 0 0
vt 0 0
vt 0 0
vt 0 0
vt 0 0
vt 0 0
vt 0 0
vt 0 0
vt 0 0
vt 0 0
vt 0 0
vt 0 0
vt 0 0
vt 0 0
vt 0 0
vt 0 0
vt 0 0
vt 0 0
vt 0 0
vt 0 0
vt 0 0
vt 0 0
vt 0 0
vt 0 0
vt 0 0
vt 0 0
vt 0 0
vt 0 0
vt 0 0
vt 0 0
vt 0 0
vt 0 0
vt 0 0
vt 0 0
vt 0 0
vt 0 0
vt 0 0
vt 0 0
vt 0 0
vt 0 0
vt 0 0
vt 0 0
vt 0 0
vt 0 0
vt 0 0
vt 0 0
vt 0 0
vt 0 0
vt 0 0
vt 0 0
vt 0 0
vt 0 0
vt 0 0
vt 0 0
vt 0 0
vt 0 0
vt 0 0
vt 0 0
vt 0 0
vt 0 0
vt 0 0
vt 0 0
vt 0 0
vt 0 0
vt 0 0
vt 0 0
vt 0 0
vt 0 0
vt 0 0
vt 0 0
vt 0 0
vt 0 0
vt 0 0
vt 0 0
vt 0 0
vt 0 0
vt 0 0
vt 0 0
vt 0 0
vt 0 0
vt 0 0
vt 0 0
vt 0 0
vt 0 0
vt 0 0
vt 0 0
vt 0 0
vt 0 0
vt 0 0
vt 0 0
vt 0 0
vt 0 0
vt 0 0
vt 0 0
vt 0 0
vt 0 0
vt 0 0
vt 0 0
vt 0 0
vt 0 0
vt 0 0
vt 0 0
vt 0 0
vt 0 0
vt 0 0
vt 0 0
vt 0 0
vt 0 0
vt 0 0
vt 0 0
vt 0 0
vt 0 0
vt 0 0
vt 0 0
vt 0 0
vt 0 0
vt 0 0
vt 0 0
vt 0 0
vt 0 0
vt 0 0
vt 0 0
vt 0 0
vt 0 0
vt 0 0
vt 0 0
vt 0 0
vt 0 0
vt 0 0
vt 0 0
vt 0 0
vt 0 0
vt 0 0
vt 0 0
vt 0 0
vt 0 0
vt 0 0
vt 0 0
vt 0 0
vt 0 0
vt 0 0
vt 0 0
vt 0 0
vt 0 0
vt 0 0
vt 0 0
vt 0 0
vt 0 0
vt 0 0
vt 0 0
vt 0 0
vt 0 0
vt 0 0
vt 0 0
vt 0 0
vt 0 0
vt 0 0
vt 0 0
vt 0 0
vt 0 0
vt 0 0
vt 0 0
vt 0 0
vt 0 0
vt 0 0
vt 0 0
vt 0 0
vt 0 0
vt 0 0
vt 0 0
vt 0 0
vt 0 0
vt 0 0
vt 0 0
vt 0 0
vt 0 0
vt 0 0
vt 0 0
vt 0 0
vt 0 0
vt 0 0
vt 0 0
vt 0 0
vt 0 0
vt 0 0
vt 0 0
vt 0 0
vt 0 0
vt 0 0
vt 0 0
vt 0 0
vt 0 0
vt 0 0
vt 0 0
vt 0 0
vt 0 0
vt 0 0
vt 0 0
vt 0 0
vt 0 0
vt 0 0
vt 0 0
vt 0 0
vt 0 0
vt 0 0
vt 0 0
vt 0 0
vt 0 0
vt 0 0
vt 0 0
vt 0 0
vt 0 0
vt 0 0
vt 0 0
vt 0 0
vt 0 0
vt 0 0
vt 0 0
vt 0 0
vt 0 0
vt 0 0
vt 0 0
vt 0 0
vt 0 0
vt 0 0
vt 0 0
vt 0 0
vt 0 0
vt 0 0
vt 0 0
vt 0 0
vt 0 0
vt 0 0
vt 0 0
vt 0 0
vt 0 0
vt 0 0
vt 0 0
vt 0 0
vt 0 0
vt 0 0
vt 0 0
vt 0 0
vt 0 0
vt 0 0
vt 0 0
vt 0 0
vt 0 0
vt 0 0
vt 0 0
vt 0 0
vt 0 0
vt 0 0
vt 0 0
vt 0 0
vt 0 0
vt 0 0
vt 0 0
vt 0 0
vt 0 0
vt 0 0
vt 0 0
vt 0 0
vt 0 0
vt 0 0
vt 0 0
vt 0 0
vt 0 0
vt 0 0
vt 0 0
vt 0 0
vt 0 0
vt 0 0
vt 0 0
vt 0 0
vt 0 0
vt 0 0
vt 0 0
vt 0 0
vt 0 0
vt 0 0
vt 0 0
vt 0 0
vt 0 0
vt 0 0
vt 0 0
vt 0 0
vt 0 0
vt 0 0
vt 0 0
vt 0 0
vt 0 0
vt 0 0
vt 0 0
vt 0 0
vt 0 0
vt 0 0
vt 0 0
vt 0 0
vt 0 0
vt 0 0
vt 0 0
vt 0 0
vt 0 0
vt 0 0
vt 0 0
vt 0 0
vt 0 0
vt 0 0
vt 0 0
vt 0 0
vt 0 0
vt 0 0
vt 0 0
vt 0 0
vt 0 0
vt 0 0
vt 0 0
vt 0 0
vt 0 0
vt 0 0
vt 0 0
vt 0 0
vt 0 0
vt 0 0
vt 0 0
vt 0 0
vt 0 0
vt 0 0
vt 0 0
vt 0 0
vt 0 0
vt 0 0
vt 0 0
vt 0 0
vt 0 0
vt 0 0
vt 0 0
vt 0 0
vt 0 0
vt 0 0
vt 0 0
vt 0 0
vt 0 0
vt 0 0
vt 0 0
vt 0 0
vt 0 0
vt 0 0
vt 0 0
vt 0 0
vt 0 0
vt 0 0
vt 0 0
vt 0 0
vt 0 0
vt 0 0
vt 0 0
vt 0 0
vt 0 0
vt 0 0
vt 0 0
vt 0 0
vt 0 0
vt 0 0
vt 0 0
vt 0 0
vt 0 0
vt 0 0
vt 0 0
vt 0 0
vt 0 0
vt 0 0
vt 0 0
vt 0 0
vt 0 0
vt 0 0
vt 0 0
vt 0 0
vt 0 0
vt 0 0
vt 0 0
vt 0 0
vt 0 0
vt 0 0
vt 0 0
vt 0 0
vt 0 0
vt 0 0
vt 0 0
vt 0 0
vt 0 0
vt 0 0
vt 0 0
vt 0 0
vt 0 0
vt 0 0
vt 0 0
vt 0 0
vt 0 0
vt 0 0
vt 0 0
vt 0 0
vt 0 0
vt 0 0
vt 0 0
vt 0 0
vt 0 0
vt 0 0
vt 0 0
vt 0 0
vt 0 0
vt 0 0
vt 0 0
vt 0 0
vt 0 0
vt 0 0
vt 0 0
vt 0 0
vt 0 0
vt 0 0
vt 0 0
vt 0 0
vt 0 0
vt 0 0
vt 0 0
vt 0 0
vt 0 0
vt 0 0
vt 0 0
vt 0 0
vt 0 0
vt 0 0
vt 0 0
vt 0 0
vt 0 0
vt 0 0
vt 0 0
vt 0 0
vt 0 0
vt 0 0
vt 0 0
vt 0 0
vt 0 0
vt 0 0
vt 0 0
vt 0 0
vt 0 0
vt 0 0
vt 0 0
vt 0 0
vt 0 0
vt 0 0
vt 0 0
vt 0 0
vt 0 0
vt 0 0
vt 0 0
vt 0 0
vt 0 0
vt 0 0
vt 0 0
vt 0 0
vt 0 0
vt 0 0
vt 0 0
vt 0 0
vt 0 0
vt 0 0
vt 0 0
vt 0 0
vt 0 0
vt 0 0
vt 0 0
vt 0 0
vt 0 0
vt 0 0
vt 0 0
vt 0 0
vt 0 0
vt 0 0
vt 0 0
vt 0 0
vt 0 0
vt 0 0
vt 0 0
vt 0 0
vt 0 0
vt 0 0
vt 0 0
vt 0 0
vt 0 0
vt 0 0
vt 0 0
vt 0 0
vt 0 0
vt 0 0
vt 0 0
vt 0 0
vt 0 0
vt 0 0
vt 0 0
vt 0 0
vt 0 0
vt 0 0
vt 0 0
vt 0 0
vt 0 0
vt 0 0
vt 0 0
vt 0 0
vt 0 0
vt 0 0
vt 0 0
vt 0 0
vt 0 0
vt 0 0
vt 0 0
vt 0 0
vt 0 0
vt 0 0
vt 0 0
vt 0 0
vt 0 0
vt 0 0
vt 0 0
vt 0 0
vt 0 0
vt 0 0
vt 0 0
vt 0 0
vt 0 0
vt 0 0
vt 0 0
vt 0 0
vt 0 0
vt 0 0
vt 0 0
vt 0 0
vt 0 0
vt 0 0
vt 0 0
vt 0 0
vt 0 0
vt 0 0
vt 0 0
vt 0 0
vt 0 0
vt 0 0
vt 0 0
vt 0 0
vt 0 0
vt 0 0
vt 0 0
vt 0 0
vt 0 0
vt 0 0
vt 0 0
vt 0 0
vt 0 0
vt 0 0
vt 0 0
vt 0 0
vt 0 0
vt 0 0
vt 0 0
vt 0 0
vt 0 0
vt 0 0
vt 0 0
vt 0 0
vt 0 0
vt 0 0
vt 0 0
vt 0 0
vt 0 0
vt 0 0
vt 0 0
vt 0 0
vt 0 0
vt 0 0
vt 0 0
vt 0 0
vt 0 0
vt 0 0
vt 0 0
vt 0 0
vt 0 0
vt 0 0
vt 0 0
vt 0 0
vt 0 0
vt 0 0
vt 0 0
vt 0 0
vt 0 0
vt 0 0
vt 0 0
vt 0 0
vt 0 0
vt 0 0
vt 0 0
vt 0 0
vt 0 0
vt 0 0
vt 0 0
vt 0 0
vt 0 0
vt 0 0
vt 0 0
vt 0 0
vt 0 0
vt 0 0
vt 0 0
vt 0 0
vt 0 0
vt 0 0
vt 0 0
vt 0 0
vt 0 0
vt 0 0
vt 0 0
vt 0 0
vt 0 0
vt 0 0
vt 0 0
vt 0 0
vt 0 0
vt 0 0
vt 0 0
vt 0 0
vt 0 0
vt 0 0
vt 0 0
vt 0 0
vt 0 0
vt 0 0
vt 0 0
vt 0 0
vt 0 0
vt 0 0
vt 0 0
vt 0 0
vt 0 0
vt 0 0
vt 0 0
vt 0 0
vt 0 0
vt 0 0
vt 0 0
vt 0 0
vt 0 0
vt 0 0
vt 0 0
vt 0 0
vt 0 0
vt 0 0
vt 0 0
vt 0 0
vt 0 0
vt 0 0
vt 0 0
vt 0 0
vt 0 0
vt 0 0
vt 0 0
vt 0 0
vt 0 0
vt 0 0
vt 0 0
vt 0 0
vt 0 0
vt 0 0
vt 0 0
vt 0 0
vt 0 0
vt 0 0
vt 0 0
vt 0 0
vt 0 0
vt 0 0
vt 0 0
vt 0 0
vt 0 0
vt 0 0
vt 0 0
vt 0 0
vt 0 0
vt 0 0
vt 0 0
vt 0 0
vt 0 0
vt 0 0
vt 0 0
vt 0 0
vt 0 0
vt 0 0
vt 0 0
vt 0 0
vt 0 0
vt 0 0
vt 0 0
vt 0 0
vt 0 0
vt 0 0
vt 0 0
vt 0 0
vt 0 0
vt 0 0
vt 0 0
vt 0 0
vt 0 0
vt 0 0
vt 0 0
vt 0 0
vt 0 0
vt 0 0
vt 0 0
vt 0 0
vt 0 0
vt 0 0
vt 0 0
vt 0 0
vt 0 0
vt 0 0
vt 0 0
vt 0 0
vt 0 0
vt 0 0
vt 0 0
vt 0 0
vt 0 0
vt 0 0
vt 0 0
vt 0 0
vt 0 0
vt 0 0
vt 0 0
vt 0 0
vt 0 0
vt 0 0
vt 0 0
vt 0 0
vt 0 0
vt 0 0
vt 0 0
vt 0 0
vt 0 0
vt 0 0
vt 0 0
vt 0 0
vt 0 0
vt 0 0
vt 0 0
vt 0 0
vt 0 0
vt 0 0
vt 0 0
vt 0 0
vt 0 0
vt 0 0
vt 0 0
vt 0 0
vt 0 0
vt 0 0
vt 0 0
vt 0 0
vt 0 0
vt 0 0
vt 0 0
vt 0 0
vt 0 0
vt 0 0
vt 0 0
vt 0 0
vt 0 0
vt 0 0
vt 0 0
vt 0 0
vt 0 0
vt 0 0
vt 0 0
vt 0 0
vt 0 0
vt 0 0
vt 0 0
vt 0 0
vt 0 0
vt 0 0
vt 0 0
vt 0 0
vt 0 0
vt 0 0
vt 0 0
vt 0 0
vt 0 0
vt 0 0
vt 0 0
vt 0 0
vt 0 0
vt 0 0
vt 0 0
vt 0 0
vt 0 0
vt 0 0
vt 0 0
vt 0 0
vt 0 0
vt 0 0
vt 0 0
vt 0 0
vt 0 0
vt 0 0
vt 0 0
vt 0 0
vt 0 0
vt 0 0
vt 0 0
vt 0 0
vt 0 0
vt 0 0
vt 0 0
vt 0 0
vt 0 0
vt 0 0
vt 0 0
vt 0 0
vt 0 0
vt 0 0
vt 0 0
vt 0 0
vt 0 0
vt 0 0
vt 0 0
vt 0 0
vt 0 0
vt 0 0
vt 0 0
vt 0 0
vt 0 0
vt 0 0
vt 0 0
vt 0 0
vt 0 0
vt 0 0
vt 0 0
vt 0 0
vt 0 0
vt 0 0
vt 0 0
vt 0 0
vt 0 0
vt 0 0
vt 0 0
vt 0 0
vt 0 0
vt 0 0
vt 0 0
vt 0 0
vt 0 0
vt 0 0
vt 0 0
vt 0 0
vt 0 0
vt 0 0
vt 0 0
vt 0 0
vt 0 0
vt 0 0
vt 0 0
vt 0 0
vt 0 0
vt 0 0
vt 0 0
vt 0 0
vt 0 0
vt 0 0
vt 0 0
vt 0 0
vt 0 0
vt 0 0
vt 0 0
vt 0 0
vt 0 0
vt 0 0
vt 0 0
vt 0 0
vt 0 0
vt 0 0
vt 0 0
vt 0 0
vt 0 0
vt 0 0
vt 0 0
vt 0 0
vt 0 0
vt 0 0
vt 0 0
vt 0 0
vt 0 0
vt 0 0
vt 0 0
vt 0 0
vt 0 0
vt 0 0
vt 0 0
vt 0 0
vt 0 0
vt 0 0
vt 0 0
vt 0 0
vt 0 0
vt 0 0
vt 0 0
vt 0 0
vt 0 0
vt 0 0
vt 0 0
vt 0 0
vt 0 0
vt 0 0
vt 0 0
vt 0 0
vt 0 0
vt 0 0
vt 0 0
vt 0 0
vt 0 0
vt 0 0
vt 0 0
vt 0 0
vt 0 0
vt 0 0
vt 0 0
vt 0 0
vt 0 0
vt 0 0
vt 0 0
vt 0 0
vt 0 0
vt 0 0
vt 0 0
vt 0 0
vt 0 0
vt 0 0
vt 0 0
vt 0 0
vt 0 0
vt 0 0
vt 0 0
vt 0 0
vt 0 0
vt 0 0
vt 0 0
vt 0 0
vt 0 0
vt 0 0
vt 0 0
vt 0 0
vt 0 0
vt 0 0
vt 0 0
vt 0 0
vt 0 0
vt 0 0
vt 0 0
vt 0 0
vt 0 0
vt 0 0
vt 0 0
vt 0 0
vt 0 0
vt 0 0
vt 0 0
vt 0 0
vt 0 0
vt 0 0
vt 0 0
vt 0 0
vt 0 0
vt 0 0
vt 0 0
vt 0 0
vt 0 0
vt 0 0
vt 0 0
vt 0 0
vt 0 0
vt 0 0
vt 0 0
vt 0 0
vt 0 0
vt 0 0
vt 0 0
vt 0 0
vt 0 0
vt 0 0
vt 0 0
vt 0 0
vt 0 0
vt 0 0
vt 0 0
vt 0 0
vt 0 0
vt 0 0
vt 0 0
vt 0 0
vt 0 0
vt 0 0
vt 0 0
vt 0 0
vt 0 0
vt 0 0
vt 0 0
vt 0 0
vt 0 0
vt 0 0
vt 0 0
vt 0 0
vt 0 0
vt 0 0
vt 0 0
vt 0 0
vt 0 0
vt 0 0
vt 0 0
vt 0 0
vt 0 0
vt 0 0
vt 0 0
vt 0 0
vt 0 0
vt 0 0
vt 0 0
vt 0 0
vt 0 0
vt 0 0
vt 0 0
vt 0 0
vt 0 0
vt 0 0
vt 0 0
vt 0 0
vt 0 0
vt 0 0
vt 0 0
vt 0 0
vt 0 0
vt 0 0
vt 0 0
vt 0 0
vt 0 0
vt 0 0
vt 0 0
vt 0 0
vt 0 0
vt 0 0
vt 0 0
vt 0 0
vt 0 0
vt 0 0
vt 0 0
vt 0 0
vt 0 0
vt 0 0
vt 0 0
vt 0 0
vt 0 0
vt 0 0
vt 0 0
vt 0 0
vt 0 0
vt 0 0
vt 0 0
vt 0 0
vt 0 0
vt 0 0
vt 0 0
vt 0 0
vt 0 0
vt 0 0
vt 0 0
vt 0 0
vt 0 0
vt 0 0
vt 0 0
vt 0 0
vt 0 0
vt 0 0
vt 0 0
vt 0 0
vt 0 0
vt 0 0
vt 0 0
vt 0 0
vt 0 0
vt 0 0
vt 0 0
vt 0 0
vt 0 0
vt 0 0
vt 0 0
vt 0 0
vt 0 0
vt 0 0
vt 0 0
vt 0 0
vt 0 0
vt 0 0
vt 0 0
vt 0 0
vt 0 0
vt 0 0
vt 0 0
vt 0 0
vt 0 0
vt 0 0
vt 0 0
vt 0 0
vt 0 0
vt 0 0
vt 0 0
vt 0 0
vt 0 0
vt 0 0
vt 0 0
vt 0 0
vt 0 0
vt 0 0
vt 0 0
vt 0 0
vt 0 0
vt 0 0
vt 0 0
vt 0 0
vt 0 0
vt 0 0
vt 0 0
vt 0 0
vt 0 0
vt 0 0
vt 0 0
vt 0 0
vt 0 0
vt 0 0
vt 0 0
vt 0 0
vt 0 0
vt 0 0
vt 0 0
vt 0 0
vt 0 0
vt 0 0
vt 0 0
vt 0 0
vt 0 0
vt 0 0
vt 0 0
vt 0 0
vt 0 0
vt 0 0
vt 0 0
vt 0 0
vt 0 0
vt 0 0
vt 0 0
vt 0 0
vt 0 0
vt 0 0
vt 0 0
vt 0 0
vt 0 0
vt 0 0
vt 0 0
vt 0 0
vt 0 0
vt 0 0
vt 0 0
vt 0 0
vt 0 0
vt 0 0
vt 0 0
vt 0 0
vt 0 0
vt 0 0
vt 0 0
vt 0 0
vt 0 0
vt 0 0
vt 0 0
vt 0 0
vt 0 0
vt 0 0
vt 0 0
vt 0 0
vt 0 0
vt 0 0
vt 0 0
vt 0 0
vt 0 0
vt 0 0
vt 0 0
vt 0 0
vt 0 0
vt 0 0
vt 0 0
vt 0 0
vt 0 0
vt 0 0
vt 0 0
vt 0 0
vt 0 0
vt 0 0
vt 0 0
vt 0 0
vt 0 0
vt 0 0
vt 0 0
vt 0 0
vt 0 0
vt 0 0
vt 0 0
vt 0 0
vt 0 0
vt 0 0
vt 0 0
vt 0 0
vt 0 0
vt 0 0
vt 0 0
vt 0 0
vt 0 0
vt 0 0
vt 0 0
vt 0 0
vt 0 0
vt 0 0
vt 0 0
vt 0 0
vt 0 0
vt 0 0
vt 0 0
vt 0 0
vt 0 0
vt 0 0
vt 0 0
vt 0 0
vt 0 0
vt 0 0
vt 0 0
vt 0 0
vt 0 0
vt 0 0
vt 0 0
vt 0 0
vt 0 0
vt 0 0
vt 0 0
vt 0 0
vt 0 0
vt 0 0
vt 0 0
vt 0 0
vt 0 0
vt 0 0
vt 0 0
vt 0 0
vt 0 0
vt 0 0
vt 0 0
vt 0 0
vt 0 0
vt 0 0
vt 0 0
vt 0 0
vt 0 0
vt 0 0
vt 0 0
vt 0 0
vt 0 0
vt 0 0
vt 0 0
vt 0 0
vt 0 0
vt 0 0
vt 0 0
vt 0 0
vt 0 0
vt 0 0
vt 0 0
vt 0 0
vt 0 0
vt 0 0
vt 0 0
vt 0 0
vt 0 0
vt 0 0
vt 0 0
vt 0 0
vt 0 0
vt 0 0
vt 0 0
vt 0 0
vt 0 0
vt 0 0
vt 0 0
vt 0 0
vt 0 0
vt 0 0
vt 0 0
vt 0 0
vt 0 0
vt 0 0
vt 0 0
vt 0 0
vt 0 0
vt 0 0
vt 0 0
vt 0 0
vt 0 0
vt 0 0
vt 0 0
vt 0 0
vt 0 0
vt 0 0
vt 0 0
vt 0 0
vt 0 0
vt 0 0
vt 0 0
vt 0 0
vt 0 0
vt 0 0
vt 0 0
vt 0 0
vt 0 0
vt 0 0
vt 0 0
vt 0 0
vt 0 0
vt 0 0
vt 0 0
vt 0 0
vt 0 0
vt 0 0
vt 0 0
vt 0 0
vt 0 0
vt 0 0
vt 0 0
vt 0 0
vt 0 0
vt 0 0
vt 0 0
vt 0 0
vt 0 0
vt 0 0
vt 0 0
vt 0 0
vt 0 0
vt 0 0
vt 0 0
vt 0 0
vt 0 0
vt 0 0
vt 0 0
vt 0 0
vt 0 0
vt 0 0
vt 0 0
vt 0 0
vt 0 0
vt 0 0
vt 0 0
vt 0 0
vt 0 0
vt 0 0
vt 0 0
vt 0 0
vt 0 0
vt 0 0
vt 0 0
vt 0 0
vt 0 0
vt 0 0
vt 0 0
vt 0 0
vt 0 0
vt 0 0
vt 0 0
vt 0 0
vt 0 0
vt 0 0
vt 0 0
vt 0 0
vt 0 0
vt 0 0
vt 0 0
vt 0 0
vt 0 0
vt 0 0
vt 0 0
vt 0 0
vt 0 0
vt 0 0
vt 0 0
vt 0 0
vt 0 0
vt 0 0
vt 0 0
vt 0 0
vt 0 0
vt 0 0
vt 0 0
vt 0 0
vt 0 0
vt 0 0
vt 0 0
vt 0 0
vt 0 0
vt 0 0
vt 0 0
vt 0 0
vt 0 0
vt 0 0
vt 0 0
vt 0 0
vt 0 0
vt 0 0
vt 0 0
vt 0 0
vt 0 0
vt 0 0
vt 0 0
vt 0 0
vt 0 0
vt 0 0
vt 0 0
vt 0 0
vt 0 0
vt 0 0
vt 0 0
vt 0 0
vt 0 0
vt 0 0
vt 0 0
vt 0 0
vt 0 0
vt 0 0
vt 0 0
vt 0 0
vt 0 0
vt 0 0
vt 0 0
vt 0 0
vt 0 0
vt 0 0
vt 0 0
vt 0 0
vt 0 0
vt 0 0
vt 0 0
vt 0 0
vt 0 0
vt 0 0
vt 0 0
vt 0 0
vt 0 0
vt 0 0
vt 0 0
vt 0 0
vt 0 0
vt 0 0
vt 0 0
vt 0 0
vt 0 0
vt 0 0
vt 0 0
vt 0 0
vt 0 0
vt 0 0
vt 0 0
vt 0 0
vt 0 0
vt 0 0
vt 0 0
vt 0 0
vt 0 0
vt 0 0
vt 0 0
vt 0 0
vt 0 0
vt 0 0
vt 0 0
vt 0 0
vt 0 0
vt 0 0
vt 0 0
vt 0 0
vt 0 0
vt 0 0
vt 0 0
vt 0 0
vt 0 0
vt 0 0
vt 0 0
vt 0 0
vt 0 0
vt 0 0
vt 0 0
vt 0 0
vt 0 0
vt 0 0
vt 0 0
vt 0 0
vt 0 0
vt 0 0
vt 0 0
vt 0 0
vt 0 0
vt 0 0
vt 0 0
vt 0 0
vt 0 0
vt 0 0
vt 0 0
vt 0 0
vt 0 0
vt 0 0
vt 0 0
vt 0 0
vt 0 0
vt 0 0
vt 0 0
vt 0 0
vt 0 0
vt 0 0
vt 0 0
vt 0 0
vt 0 0
vt 0 0
vt 0 0
vt 0 0
vt 0 0
vt 0 0
vt 0 0
vt 0 0
vt 0 0
vt 0 0
vt 0 0
vt 0 0
vt 0 0
vt 0 0
vt 0 0
vt 0 0
vt 0 0
vt 0 0
vt 0 0
vt 0 0
vt 0 0
vt 0 0
vt 0 0
vt 0 0
vt 0 0
vt 0 0
vt 0 0
vt 0 0
vt 0 0
vt 0 0
vt 0 0
vt 0 0
vt 0 0
vt 0 0
vt 0 0
vt 0 0
vt 0 0
vt 0 0
vt 0 0
vt 0 0
vt 0 0
vt 0 0
vt 0 0
vt 0 0
vt 0 0
vt 0 0
vt 0 0
vt 0 0
vt 0 0
vt 0 0
vt 0 0
vt 0 0
vt 0 0
vt 0 0
vt 0 0
vt 0 0
vt 0 0
vt 0 0
vt 0 0
vt 0 0
vt 0 0
vt 0 0
vt 0 0
vt 0 0
vt 0 0
vt 0 0
vt 0 0
vt 0 0
vt 0 0
vt 0 0
vt 0 0
vt 0 0
vt 0 0
vt 0 0
vt 0 0
vt 0 0
vt 0 0
vt 0 0
vt 0 0
vt 0 0
vt 0 0
vt 0 0
vt 0 0
vt 0 0
vt 0 0
vt 0 0
vt 0 0
vt 0 0
vt 0 0
vt 0 0
vt 0 0
vt 0 0
vt 0 0
vt 0 0
vt 0 0
vt 0 0
vt 0 0
vt 0 0
vt 0 0
vt 0 0
vt 0 0
vt 0 0
vt 0 0
vt 0 0
vt 0 0
vt 0 0
vt 0 0
vt 0 0
vt 0 0
vt 0 0
vt 0 0
vt 0 0
vt 0 0
vt 0 0
vt 0 0
vt 0 0
vt 0 0
vt 0 0
vt 0 0
vt 0 0
vt 0 0
vt 0 0
vt 0 0
vt 0 0
vt 0 0
vt 0 0
vt 0 0
vt 0 0
vt 0 0
vt 0 0
vt 0 0
vt 0 0
vt 0 0
vt 0 0
vt 0 0
vt 0 0
vt 0 0
vt 0 0
vt 0 0
vt 0 0
vt 0 0
vt 0 0
vt 0 0
vt 0 0
vt 0 0
vt 0 0
vt 0 0
vt 0 0
vt 0 0
vt 0 0
vt 0 0
vt 0 0
vt 0 0
vt 0 0
vt 0 0
vt 0 0
vt 0 0
vt 0 0
vt 0 0
vt 0 0
vt 0 0
vt 0 0
vt 0 0
vt 0 0
vt 0 0
vt 0 0
vt 0 0
vt 0 0
vt 0 0
vt 0 0
vt 0 0
vt 0 0
vt 0 0
vt 0 0
vt 0 0
vt 0 0
vt 0 0
vt 0 0
vt 0 0
vt 0 0
vt 0 0
vt 0 0
vt 0 0
vt 0 0
vt 0 0
vt 0 0
vt 0 0
vt 0 0
vt 0 0
vt 0 0
vt 0 0
vt 0 0
vt 0 0
vt 0 0
vt 0 0
vt 0 0
vt 0 0
vt 0 0
vt 0 0
vt 0 0
vt 0 0
vt 0 0
vt 0 0
vt 0 0
vt 0 0
vt 0 0
vt 0 0
vt 0 0
vt 0 0
vt 0 0
vt 0 0
vt 0 0
vt 0 0
vt 0 0
vt 0 0
vt 0 0
vt 0 0
vt 0 0
vt 0 0
vt 0 0
vt 0 0
vt 0 0
vt 0 0
vt 0 0
vt 0 0
vt 0 0
vt 0 0
vt 0 0
vt 0 0
vt 0 0
vt 0 0
vt 0 0
vt 0 0
vt 0 0
vt 0 0
vt 0 0
vt 0 0
vt 0 0
vt 0 0
vt 0 0
vt 0 0
vt 0 0
vt 0 0
vt 0 0
vt 0 0
vt 0 0
vt 0 0
vt 0 0
vt 0 0
vt 0 0
vt 0 0
vt 0 0
vt 0 0
vt 0 0
vt 0 0
vt 0 0
vt 0 0
vt 0 0
vt 0 0
vt 0 0
vt 0 0
vt 0 0
vt 0 0
vt 0 0
vt 0 0
vt 0 0
vt 0 0
vt 0 0
vt 0 0
vt 0 0
vt 0 0
vt 0 0
vt 0 0
vt 0 0
vt 0 0
vt 0 0
vt 0 0
vt 0 0
vt 0 0
vt 0 0
vt 0 0
vt 0 0
vt 0 0
vt 0 0
vt 0 0
vt 0 0
vt 0 0
vt 0 0
vt 0 0
vt 0 0
vt 0 0
vt 0 0
vt 0 0
vt 0 0
vt 0 0
vt 0 0
vt 0 0
vt 0 0
vt 0 0
vt 0 0
vt 0 0
vt 0 0
vt 0 0
vt 0 0
vt 0 0
vt 0 0
vt 0 0
vt 0 0
vt 0 0
vt 0 0
vt 0 0
vt 0 0
vt 0 0
vt 0 0
vt 0 0
vt 0 0
vt 0 0
vt 0 0
vt 0 0
vt 0 0
vt 0 0
vt 0 0
vt 0 0
vt 0 0
vt 0 0
vt 0 0
vt 0 0
vt 0 0
vt 0 0
vt 0 0
vt 0 0
vt 0 0
vt 0 0
vt 0 0
vt 0 0
vt 0 0
vt 0 0
vt 0 0
vt 0 0
vt 0 0
vt 0 0
vt 0 0
vt 0 0
vt 0 0
vt 0 0
vt 0 0
vt 0 0
vt 0 0
vt 0 0
vt 0 0
vt 0 0
vt 0 0
vt 0 0
vt 0 0
vt 0 0
vt 0 0
vt 0 0
vt 0 0
vt 0 0
vt 0 0
vt 0 0
vt 0 0
vt 0 0
vt 0 0
vt 0 0
vt 0 0
vt 0 0
vt 0 0
vt 0 0
vt 0 0
vt 0 0
vt 0 0
vt 0 0
vt 0 0
vt 0 0
vt 0 0
vt 0 0
vt 0 0
vt 0 0
vt 0 0
vt 0 0
vt 0 0
vt 0 0
vt 0 0
vt 0 0
vt 0 0
vt 0 0
vt 0 0
vt 0 0
vt 0 0
vt 0 0
vt 0 0
vt 0 0
vt 0 0
vt 0 0
vt 0 0
vt 0 0
vt 0 0
vt 0 0
vt 0 0
vt 0 0
vt 0 0
vt 0 0
vt 0 0
vt 0 0
vt 0 0
vt 0 0
vt 0 0
vt 0 0
vt 0 0
vt 0 0
vt 0 0
vt 0 0
vt 0 0
vt 0 0
vt 0 0
vt 0 0
vt 0 0
vt 0 0
vt 0 0
vt 0 0
vt 0 0
vt 0 0
vt 0 0
vt 0 0
vt 0 0
vt 0 0
vt 0 0
vt 0 0
vt 0 0
vt 0 0
vt 0 0
vt 0 0
vt 0 0
vt 0 0
vt 0 0
vt 0 0
vt 0 0
vt 0 0
vt 0 0
vt 0 0
vt 0 0
vt 0 0
vt 0 0
vt 0 0
vt 0 0
vt 0 0
vt 0 0
vt 0 0
vt 0 0
vt 0 0
vt 0 0
vt 0 0
vt 0 0
vt 0 0
vt 0 0
vt 0 0
vt 0 0
vt 0 0
vt 0 0
vt 0 0
vt 0 0
vt 0 0
vt 0 0
vt 0 0
vt 0 0
vt 0 0
vt 0 0
vt 0 0
vt 0 0
vt 0 0
vt 0 0
vt 0 0
vt 0 0
vt 0 0
vt 0 0
vt 0 0
vt 0 0
vt 0 0
vt 0 0
vt 0 0
vt 0 0
vt 0 0
vt 0 0
vt 0 0
vt 0 0
vt 0 0
vt 0 0
vt 0 0
vt 0 0
vt 0 0
vt 0 0
vt 0 0
vt 0 0
vt 0 0
vt 0 0
vt 0 0
vt 0 0
vt 0 0
vt 0 0
vt 0 0
vt 0 0
vt 0 0
vt 0 0
vt 0 0
vt 0 0
vt 0 0
vt 0 0
vt 0 0
vt 0 0
vt 0 0
vt 0 0
vt 0 0
vt 0 0
vt 0 0
vt 0 0
vt 0 0
vt 0 0
vt 0 0
vt 0 0
vt 0 0
vt 0 0
vt 0 0
vt 0 0
vt 0 0
vt 0 0
vt 0 0
vt 0 0
vt 0 0
vt 0 0
vt 0 0
vt 0 0
vt 0 0
vt 0 0
vt 0 0
vt 0 0
vt 0 0
vt 0 0
vt 0 0
vt 0 0
vt 0 0
vt 0 0
vt 0 0
vt 0 0
vt 0 0
vt 0 0
vt 0 0
vt 0 0
vt 0 0
vt 0 0
vt 0 0
vt 0 0
vt 0 0
vt 0 0
vt 0 0
vt 0 0
vt 0 0
vt 0 0
vt 0 0
vt 0 0
vt 0 0
vt 0 0
vt 0 0
vt 0 0
vt 0 0
vt 0 0
vt 0 0
vt 0 0
vt 0 0
vt 0 0
vt 0 0
vt 0 0
vt 0 0
vt 0 0
vt 0 0
vt 0 0
vt 0 0
vt 0 0
vt 0 0
vt 0 0
vt 0 0
vt 0 0
vt 0 0
vt 0 0
vt 0 0
vt 0 0
vt 0 0
vt 0 0
vt 0 0
vt 0 0
vt 0 0
vt 0 0
vt 0 0
vt 0 0
vt 0 0
vt 0 0
vt 0 0
vt 0 0
vt 0 0
vt 0 0
vt 0 0
vt 0 0
vt 0 0
vt 0 0
vt 0 0
vt 0 0
vt 0 0
vt 0 0
vt 0 0
vt 0 0
vt 0 0
vt 0 0
vt 0 0
vt 0 0
vt 0 0
vt 0 0
vt 0 0
vt 0 0
vt 0 0
vt 0 0
vt 0 0
vt 0 0
vt 0 0
vt 0 0
vt 0 0
vt 0 0
vt 0 0
vt 0 0
vt 0 0
vt 0 0
vt 0 0
vt 0 0
vt 0 0
vt 0 0
vt 0 0
vt 0 0
vt 0 0
vt 0 0
vt 0 0
vt 0 0
vt 0 0
vt 0 0
vt 0 0
vt 0 0
vt 0 0
vt 0 0
vt 0 0
vt 0 0
vt 0 0
vt 0 0
vt 0 0
vt 0 0
vt 0 0
vt 0 0
vt 0 0
vt 0 0
vt 0 0
vt 0 0
vt 0 0
vt 0 0
vt 0 0
vt 0 0
vt 0 0
vt 0 0
vt 0 0
vt 0 0
vt 0 0
vt 0 0
vt 0 0
vt 0 0
vt 0 0
vt 0 0
vt 0 0
vt 0 0
vt 0 0
vt 0 0
vt 0 0
vt 0 0
vt 0 0
vt 0 0
vt 0 0
vt 0 0
vt 0 0
vt 0 0
vt 0 0
vt 0 0
vt 0 0
vt 0 0
vt 0 0
vt 0 0
vt 0 0
vt 0 0
vt 0 0
vt 0 0
vt 0 0
vt 0 0
vt 0 0
vt 0 0
vt 0 0
vt 0 0
vt 0 0
vt 0 0
vt 0 0
vt 0 0
vt 0 0
vt 0 0
vt 0 0
vt 0 0
vt 0 0
vt 0 0
vt 0 0
vt 0 0
vt 0 0
vt 0 0
vt 0 0
vt 0 0
vt 0 0
vt 0 0
vt 0 0
vt 0 0
vt 0 0
vt 0 0
vt 0 0
vt 0 0
vt 0 0
vt 0 0
vt 0 0
vt 0 0
vt 0 0
vt 0 0
vt 0 0
vt 0 0
vt 0 0
vt 0 0
vt 0 0
vt 0 0
vt 0 0
vt 0 0
vt 0 0
vt 0 0
vt 0 0
vt 0 0
vt 0 0
vt 0 0
vt 0 0
vt 0 0
vt 0 0
vt 0 0
vt 0 0
vt 0 0
vt 0 0
vt 0 0
vt 0 0
vt 0 0
vt 0 0
vt 0 0
vt 0 0
vt 0 0
vt 0 0
vt 0 0
vt 0 0
vt 0 0
vt 0 0
vt 0 0
vt 0 0
vt 0 0
vt 0 0
vt 0 0
vt 0 0
vt 0 0
vt 0 0
vt 0 0
vt 0 0
vt 0 0
vt 0 0
vt 0 0
vt 0 0
vt 0 0
vt 0 0
vt 0 0
vt 0 0
vt 0 0
vt 0 0
vt 0 0
vt 0 0
vt 0 0
vt 0 0
vt 0 0
vt 0 0
vt 0 0
vt 0 0
vt 0 0
vt 0 0
vt 0 0
vt 0 0
vt 0 0
vt 0 0
vt 0 0
vt 0 0
vt 0 0
vt 0 0
vt 0 0
vt 0 0
vt 0 0
vt 0 0
vt 0 0
vt 0 0
vt 0 0
vt 0 0
vt 0 0
vt 0 0
vt 0 0
vt 0 0
vt 0 0
vt 0 0
vt 0 0
vt 0 0
vt 0 0
vt 0 0
vt 0 0
vt 0 0
vt 0 0
vt 0 0
vt 0 0
vt 0 0
vt 0 0
vt 0 0
vt 0 0
vt 0 0
vt 0 0
vt 0 0
vt 0 0
vt 0 0
vt 0 0
vt 0 0
vt 0 0
vt 0 0
vt 0 0
vt 0 0
vt 0 0
vt 0 0
vt 0 0
vt 0 0
vt 0 0
vt 0 0
vt 0 0
vt 0 0
vt 0 0
vt 0 0
vt 0 0
vt 0 0
vt 0 0
vt 0 0
vt 0 0
vt 0 0
vt 0 0
vt 0 0
vt 0 0
vt 0 0
vt 0 0
vt 0 0
vt 0 0
vt 0 0
vt 0 0
vt 0 0
vt 0 0
vt 0 0
vt 0 0
vt 0 0
vt 0 0
vt 0 0
vt 0 0
vt 0 0
vt 0 0
vt 0 0
vt 0 0
vt 0 0
vt 0 0
vt 0 0
vt 0 0
vt 0 0
vt 0 0
vt 0 0
vt 0 0
vt 0 0
vt 0 0
vt 0 0
vt 0 0
vt 0 0
vt 0 0
vt 0 0
vt 0 0
vt 0 0
vt 0 0
vt 0 0
vt 0 0
vt 0 0
vt 0 0
vt 0 0
vt 0 0
vt 0 0
vt 0 0
vt 0 0
vt 0 0
vt 0 0
vt 0 0
vt 0 0
vt 0 0
vt 0 0
vt 0 0
vt 0 0
vt 0 0
vt 0 0
vt 0 0
vt 0 0
vt 0 0
vt 0 0
vt 0 0
vt 0 0
vt 0 0
vt 0 0
vt 0 0
vt 0 0
vt 0 0
vt 0 0
vt 0 0
vt 0 0
vt 0 0
vt 0 0
vt 0 0
vt 0 0
vt 0 0
vt 0 0
vt 0 0
vt 0 0
vt 0 0
vt 0 0
vt 0 0
vt 0 0
vt 0 0
vt 0 0
vt 0 0
vt 0 0
vt 0 0
vt 0 0
vt 0 0
vt 0 0
vt 0 0
vt 0 0
vt 0 0
vt 0 0
vt 0 0
vt 0 0
vt 0 0
vt 0 0
vt 0 0
vt 0 0
vt 0 0
vt 0 0
vt 0 0
vt 0 0
vt 0 0
vt 0 0
vt 0 0
vt 0 0
vt 0 0
vt 0 0
vt 0 0
vt 0 0
vt 0 0
vt 0 0
vt 0 0
vt 0 0
vt 0 0
vt 0 0
vt 0 0
vt 0 0
vt 0 0
vt 0 0
vt 0 0
vt 0 0
vt 0 0
vt 0 0
vt 0 0
vt 0 0
vt 0 0
vt 0 0
vt 0 0
vt 0 0
vt 0 0
vt 0 0
vt 0 0
vt 0 0
vt 0 0
vt 0 0
vt 0 0
vt 0 0
vt 0 0
vt 0 0
vt 0 0
vt 0 0
vt 0 0
vt 0 0
vt 0 0
vt 0 0
vt 0 0
vt 0 0
vt 0 0
vt 0 0
vt 0 0
vt 0 0
vt 0 0
vt 0 0
vt 0 0
vt 0 0
vt 0 0
vt 0 0
vt 0 0
vt 0 0
vt 0 0
vt 0 0
vt 0 0
vt 0 0
vt 0 0
vt 0 0
vt 0 0
vt 0 0
vt 0 0
vt 0 0
vt 0 0
vt 0 0
vt 0 0
vt 0 0
vt 0 0
vt 0 0
vt 0 0
vt 0 0
vt 0 0
vt 0 0
vt 0 0
vt 0 0
vt 0 0
vt 0 0
vt 0 0
vt 0 0
vt 0 0
vt 0 0
vt 0 0
vt 0 0
vt 0 0
vt 0 0
vt 0 0
vt 0 0
vt 0 0
vt 0 0
vt 0 0
vt 0 0
vt 0 0
vt 0 0
vt 0 0
vt 0 0
vt 0 0
vt 0 0
vt 0 0
vt 0 0
vt 0 0
vt 0 0
vt 0 0
vt 0 0
vt 0 0
vt 0 0
vt 0 0
vt 0 0
vt 0 0
vt 0 0
vt 0 0
vt 0 0
vt 0 0
vt 0 0
vt 0 0
vt 0 0
vt 0 0
vt 0 0
vt 0 0
vt 0 0
vt 0 0
vt 0 0
vt 0 0
vt 0 0
vt 0 0
vt 0 0
vt 0 0
vt 0 0
vt 0 0
vt 0 0
vt 0 0
vt 0 0
vt 0 0
vt 0 0
vt 0 0
vt 0 0
vt 0 0
vt 0 0
vt 0 0
vt 0 0
vt 0 0
vt 0 0
vt 0 0
vt 0 0
vt 0 0
vt 0 0
vt 0 0
vt 0 0
vt 0 0
vt 0 0
vt 0 0
vt 0 0
vt 0 0
vt 0 0
vt 0 0
vt 0 0
vt 0 0
vt 0 0
vt 0 0
vt 0 0
vt 0 0
vt 0 0
vt 0 0
vt 0 0
vt 0 0
vt 0 0
vt 0 0
vt 0 0
vt 0 0
vt 0 0
vt 0 0
vt 0 0
vt 0 0
vt 0 0
vt 0 0
vt 0 0
vt 0 0
vt 0 0
vt 0 0
vt 0 0
vt 0 0
vt 0 0
vt 0 0
vt 0 0
vt 0 0
vt 0 0
vt 0 0
vt 0 0
vt 0 0
vt 0 0
vt 0 0
vt 0 0
vt 0 0
vt 0 0
vt 0 0
vt 0 0
vt 0 0
vt 0 0
vt 0 0
vt 0 0
vt 0 0
vt 0 0
vt 0 0
vt 0 0
vt 0 0
vt 0 0
vt 0 0
vt 0 0
vt 0 0
vt 0 0
vt 0 0
vt 0 0
vt 0 0
vt 0 0
vt 0 0
vt 0 0
vt 0 0
vt 0 0
vt 0 0
vt 0 0
vt 0 0
vt 0 0
vt 0 0
vt 0 0
vt 0 0
vt 0 0
vt 0 0
vt 0 0
vt 0 0
vt 0 0
vt 0 0
vt 0 0
vt 0 0
vt 0 0
vt 0 0
vt 0 0
vt 0 0
vt 0 0
vt 0 0
vt 0 0
vt 0 0
vt 0 0
vt 0 0
vt 0 0
vt 0 0
vt 0 0
vt 0 0
vt 0 0
vt 0 0
vt 0 0
vt 0 0
vt 0 0
vt 0 0
vt 0 0
vt 0 0
vt 0 0
vt 0 0
vt 0 0
vt 0 0
vt 0 0
vt 0 0
vt 0 0
vt 0 0
vt 0 0
vt 0 0
vt 0 0
vt 0 0
vt 0 0
vt 0 0
vt 0 0
vt 0 0
vt 0 0
vt 0 0
vt 0 0
vt 0 0
vt 0 0
vt 0 0
vt 0 0
vt 0 0
vt 0 0
vt 0 0
vt 0 0
vt 0 0
vt 0 0
vt 0 0
vt 0 0
vt 0 0
vt 0 0
vt 0 0
vt 0 0
vt 0 0
vt 0 0
vt 0 0
vt 0 0
vt 0 0
vt 0 0
vt 0 0
vt 0 0
vt 0 0
vt 0 0
vt 0 0
vt 0 0
vt 0 0
vt 0 0
vt 0 0
vt 0 0
vt 0 0
vt 0 0
vt 0 0
vt 0 0
vt 0 0
vt 0 0
vt 0 0
vt 0 0
vt 0 0
vt 0 0
vt 0 0
vt 0 0
vt 0 0
vt 0 0
vt 0 0
vt 0 0
vt 0 0
vt 0 0
vt 0 0
vt 0 0
vt 0 0
vt 0 0
vt 0 0
vt 0 0
vt 0 0
vt 0 0
vt 0 0
vt 0 0
vt 0 0
vt 0 0
vt 0 0
vt 0 0
vt 0 0
vt 0 0
vt 0 0
vt 0 0
vt 0 0
vt 0 0
vt 0 0
vt 0 0
vt 0 0
vt 0 0
vt 0 0
vt 0 0
vt 0 0
vt 0 0
vt 0 0
vt 0 0
vt 0 0
vt 0 0
vt 0 0
vt 0 0
vt 0 0
vt 0 0
vt 0 0
vt 0 0
vt 0 0
vt 0 0
vt 0 0
vt 0 0
vt 0 0
vt 0 0
vt 0 0
vt 0 0
vt 0 0
vt 0 0
vt 0 0
vt 0 0
vt 0 0
vt 0 0
vt 0 0
vt 0 0
vt 0 0
vt 0 0
vt 0 0
vt 0 0
vt 0 0
vt 0 0
vt 0 0
vt 0 0
vt 0 0
vt 0 0
vt 0 0
vt 0 0
vt 0 0
vt 0 0
vt 0 0
vt 0 0
vt 0 0
vt 0 0
vt 0 0
vt 0 0
vt 0 0
vt 0 0
vt 0 0
vt 0 0
vt 0 0
vt 0 0
vt 0 0
vt 0 0
vt 0 0
vt 0 0
vt 0 0
vt 0 0
vt 0 0
vt 0 0
vt 0 0
vt 0 0
vt 0 0
vt 0 0
vt 0 0
vt 0 0
vt 0 0
vt 0 0
vt 0 0
vt 0 0
vt 0 0
vt 0 0
vt 0 0
vt 0 0
vt 0 0
vt 0 0
vt 0 0
vt 0 0
vt 0 0
vt 0 0
vt 0 0
vt 0 0
vt 0 0
vt 0 0
vt 0 0
vt 0 0
vt 0 0
vt 0 0
vt 0 0
vt 0 0
vt 0 0
vt 0 0
vt 0 0
vt 0 0
vt 0 0
vt 0 0
vt 0 0
vt 0 0
vt 0 0
vt 0 0
vt 0 0
vt 0 0
vt 0 0
vt 0 0
vt 0 0
vt 0 0
vt 0 0
vt 0 0
vt 0 0
vt 0 0
vt 0 0
vt 0 0
vt 0 0
vt 0 0
vt 0 0
vt 0 0
vt 0 0
vt 0 0
vt 0 0
vt 0 0
vt 0 0
vt 0 0
vt 0 0
vt 0 0
vt 0 0
vt 0 0
vt 0 0
vt 0 0
vt 0 0
vt 0 0
vt 0 0
vt 0 0
vt 0 0
vt 0 0
vt 0 0
vt 0 0
vt 0 0
vt 0 0
vt 0 0
vt 0 0
vt 0 0
vt 0 0
vt 0 0
vt 0 0
vt 0 0
vt 0 0
vt 0 0
vt 0 0
vt 0 0
vt 0 0
vt 0 0
vt 0 0
vt 0 0
vt 0 0
vt 0 0
vt 0 0
vt 0 0
vt 0 0
vt 0 0
vt 0 0
vt 0 0
vt 0 0
vt 0 0
vt 0 0
vt 0 0
vt 0 0
vt 0 0
vt 0 0
vt 0 0
vt 0 0
vt 0 0
vt 0 0
vt 0 0
vt 0 0
vt 0 0
vt 0 0
vt 0 0
vt 0 0
vt 0 0
vt 0 0
vt 0 0
vt 0 0
vt 0 0
vt 0 0
vt 0 0
vt 0 0
vt 0 0
vt 0 0
vt 0 0
vt 0 0
vt 0 0
vt 0 0
vt 0 0
vt 0 0
vt 0 0
vt 0 0
vt 0 0
vt 0 0
vt 0 0
vt 0 0
vt 0 0
vt 0 0
vt 0 0
vt 0 0
vt 0 0
vt 0 0
vt 0 0
vt 0 0
vt 0 0
vt 0 0
vt 0 0
vt 0 0
vt 0 0
vt 0 0
vt 0 0
vt 0 0
vt 0 0
vt 0 0
vt 0 0
vt 0 0
vt 0 0
vt 0 0
vt 0 0
vt 0 0
vt 0 0
vt 0 0
vt 0 0
vt 0 0
vt 0 0
vt 0 0
vt 0 0
vt 0 0
vt 0 0
vt 0 0
vt 0 0
vt 0 0
vt 0 0
vt 0 0
vt 0 0
vt 0 0
vt 0 0
vt 0 0
vt 0 0
vt 0 0
vt 0 0
vt 0 0
vt 0 0
vt 0 0
vt 0 0
vt 0 0
vt 0 0
vt 0 0
vt 0 0
vt 0 0
vt 0 0
vt 0 0
vt 0 0
vt 0 0
vt 0 0
vt 0 0
vt 0 0
vt 0 0
vt 0 0
vt 0 0
vt 0 0
vt 0 0
vt 0 0
vt 0 0
vt 0 0
vt 0 0
vt 0 0
vt 0 0
vt 0 0
vt 0 0
vt 0 0
vt 0 0
vt 0 0
vt 0 0
vt 0 0
vt 0 0
vt 0 0
vt 0 0
vt 0 0
vt 0 0
vt 0 0
vt 0 0
vt 0 0
vt 0 0
vt 0 0
vt 0 0
vt 0 0
vt 0 0
vt 0 0
vt 0 0
vt 0 0
vt 0 0
vt 0 0
vt 0 0
vt 0 0
vt 0 0
vt 0 0
vt 0 0
vt 0 0
vt 0 0
vt 0 0
vt 0 0
vt 0 0
vt 0 0
vt 0 0
vt 0 0
vt 0 0
vt 0 0
vt 0 0
vt 0 0
vt 0 0
vt 0 0
vt 0 0
vt 0 0
vt 0 0
vt 0 0
vt 0 0
vt 0 0
vt 0 0
vt 0 0
vt 0 0
vt 0 0
vt 0 0
vt 0 0
vt 0 0
vt 0 0
vt 0 0
vt 0 0
vt 0 0
vt 0 0
vt 0 0
vt 0 0
vt 0 0
vt 0 0
vt 0 0
vt 0 0
vt 0 0
vt 0 0
vt 0 0
vt 0 0
vt 0 0
vt 0 0
vt 0 0
vt 0 0
vt 0 0
vt 0 0
vt 0 0
vt 0 0
vt 0 0
vt 0 0
vt 0 0
vt 0 0
vt 0 0
vt 0 0
vt 0 0
vt 0 0
vt 0 0
vt 0 0
vt 0 0
vt 0 0
vt 0 0
vt 0 0
vt 0 0
vt 0 0
vt 0 0
vt 0 0
vt 0 0
vt 0 0
vt 0 0
vt 0 0
vt 0 0
vt 0 0
vt 0 0
vt 0 0
vt 0 0
vt 0 0
vt 0 0
vt 0 0
vt 0 0
vt 0 0
vt 0 0
vt 0 0
vt 0 0
vt 0 0
vt 0 0
vt 0 0
vt 0 0
vt 0 0
vt 0 0
vt 0 0
vt 0 0
vt 0 0
vt 0 0
vt 0 0
vt 0 0
vt 0 0
vt 0 0
vt 0 0
vt 0 0
vt 0 0
vt 0 0
vt 0 0
vt 0 0
vt 0 0
vt 0 0
vt 0 0
vt 0 0
vt 0 0
vt 0 0
vt 0 0
vt 0 0
vt 0 0
vt 0 0
vt 0 0
vt 0 0
vt 0 0
vt 0 0
vt 0 0
vt 0 0
vt 0 0
vt 0 0
vt 0 0
vt 0 0
vt 0 0
vt 0 0
vt 0 0
vt 0 0
vt 0 0
vt 0 0
vt 0 0
vt 0 0
vt 0 0
vt 0 0
vt 0 0
vt 0 0
vt 0 0
vt 0 0
vt 0 0
vt 0 0
vt 0 0
vt 0 0
vt 0 0
vt 0 0
vt 0 0
vt 0 0
vt 0 0
vt 0 0
vt 0 0
vt 0 0
vt 0 0
vt 0 0
vt 0 0
vt 0 0
vt 0 0
vt 0 0
vt 0 0
vt 0 0
vt 0 0
vt 0 0
vt 0 0
vt 0 0
vt 0 0
vt 0 0
vt 0 0
vt 0 0
vt 0 0
vt 0 0
vt 0 0
vt 0 0
vt 0 0
vt 0 0
vt 0 0
vt 0 0
vt 0 0
vt 0 0
vt 0 0
vt 0 0
vt 0 0
vt 0 0
vt 0 0
vt 0 0
vt 0 0
vt 0 0
vt 0 0
vt 0 0
vt 0 0
vt 0 0
vt 0 0
vt 0 0
vt 0 0
vt 0 0
vt 0 0
vt 0 0
vt 0 0
vt 0 0
vt 0 0
vt 0 0
vt 0 0
vt 0 0
vt 0 0
vt 0 0
vt 0 0
vt 0 0
vt 0 0
vt 0 0
vt 0 0
vt 0 0
vt 0 0
vt 0 0
vt 0 0
vt 0 0
vt 0 0
vt 0 0
vt 0 0
vt 0 0
vt 0 0
vt 0 0
vt 0 0
vt 0 0
vt 0 0
vt 0 0
vt 0 0
vt 0 0
vt 0 0
vt 0 0
vt 0 0
vt 0 0
vt 0 0
vt 0 0
vt 0 0
vt 0 0
vt 0 0
vt 0 0
vt 0 0
vt 0 0
vt 0 0
vt 0 0
vt 0 0
vt 0 0
vt 0 0
vt 0 0
vt 0 0
vt 0 0
vt 0 0
vt 0 0
vt 0 0
vt 0 0
vt 0 0
vt 0 0
vt 0 0
vt 0 0
vt 0 0
vt 0 0
vt 0 0
vt 0 0
vt 0 0
vt 0 0
vt 0 0
vt 0 0
vt 0 0
vt 0 0
vt 0 0
vt 0 0
vt 0 0
vt 0 0
vt 0 0
vt 0 0
vt 0 0
vt 0 0
vt 0 0
vt 0 0
vt 0 0
vt 0 0
vt 0 0
vt 0 0
vt 0 0
vt 0 0
vt 0 0
vt 0 0
vt 0 0
vt 0 0
vt 0 0
vt 0 0
vt 0 0
vt 0 0
vt 0 0
vt 0 0
vt 0 0
vt 0 0
vt 0 0
vt 0 0
vt 0 0
vt 0 0
vt 0 0
vt 0 0
vt 0 0
vt 0 0
vt 0 0
vt 0 0
vt 0 0
vt 0 0
vt 0 0
vt 0 0
vt 0 0
vt 0 0
vt 0 0
vt 0 0
vt 0 0
vt 0 0
vt 0 0
vt 0 0
vt 0 0
vt 0 0
vt 0 0
vt 0 0
vt 0 0
vt 0 0
vt 0 0
vt 0 0
vt 0 0
vt 0 0
vt 0 0
vt 0 0
vt 0 0
vt 0 0
vt 0 0
vt 0 0
vt 0 0
vt 0 0
vt 0 0
vt 0 0
vt 0 0
vt 0 0
vt 0 0
vt 0 0
vt 0 0
vt 0 0
vt 0 0
vt 0 0
vt 0 0
vt 0 0
vt 0 0
vt 0 0
vt 0 0
vt 0 0
vt 0 0
vt 0 0
vt 0 0
vt 0 0
vt 0 0
vt 0 0
vt 0 0
vt 0 0
vt 0 0
vt 0 0
vt 0 0
vt 0 0
vt 0 0
vt 0 0
vt 0 0
vt 0 0
vt 0 0
vt 0 0
vt 0 0
vt 0 0
vt 0 0
vt 0 0
vt 0 0
vt 0 0
vt 0 0
vt 0 0
vt 0 0
vt 0 0
vt 0 0
vt 0 0
vt 0 0
vt 0 0
vt 0 0
vt 0 0
vt 0 0
vt 0 0
vt 0 0
vt 0 0
vt 0 0
vt 0 0
vt 0 0
vt 0 0
vt 0 0
vt 0 0
vt 0 0
vt 0 0
vt 0 0
vt 0 0
vt 0 0
vt 0 0
vt 0 0
vt 0 0
vt 0 0
vt 0 0
vt 0 0
vt 0 0
vt 0 0
vt 0 0
vt 0 0
vt 0 0
vt 0 0
vt 0 0
vt 0 0
vt 0 0
vt 0 0
vt 0 0
vt 0 0
vt 0 0
vt 0 0
vt 0 0
vt 0 0
vt 0 0
vt 0 0
vt 0 0
vt 0 0
vt 0 0
vt 0 0
vt 0 0
vt 0 0
vt 0 0
vt 0 0
vt 0 0
vt 0 0
vt 0 0
vt 0 0
vt 0 0
vt 0 0
vt 0 0
vt 0 0
vt 0 0
vt 0 0
vt 0 0
vt 0 0
vt 0 0
vt 0 0
vt 0 0
vt 0 0
vt 0 0
vt 0 0
vt 0 0
vt 0 0
vt 0 0
vt 0 0
vt 0 0
vt 0 0
vt 0 0
vt 0 0
vt 0 0
vt 0 0
vt 0 0
vt 0 0
vt 0 0
vt 0 0
vt 0 0
vt 0 0
vt 0 0
vt 0 0
vt 0 0
vt 0 0
vt 0 0
vt 0 0
vt 0 0
vt 0 0
vt 0 0
vt 0 0
vt 0 0
vt 0 0
vt 0 0
vt 0 0
vt 0 0
vt 0 0
vt 0 0
vt 0 0
vt 0 0
vt 0 0
vt 0 0
vt 0 0
vt 0 0
vt 0 0
vt 0 0
vt 0 0
vt 0 0
vt 0 0
vt 0 0
vt 0 0
vt 0 0
vt 0 0
vt 0 0
vt 0 0
vt 0 0
vt 0 0
vt 0 0
vt 0 0
vt 0 0
vt 0 0
vt 0 0
vt 0 0
vt 0 0
vt 0 0
vt 0 0
vt 0 0
vt 0 0
vt 0 0
vt 0 0
vt 0 0
vt 0 0
vt 0 0
vt 0 0
vt 0 0
vt 0 0
vt 0 0
vt 0 0
vt 0 0
vt 0 0
vt 0 0
vt 0 0
vt 0 0
vt 0 0
vt 0 0
vt 0 0
vt 0 0
vt 0 0
vt 0 0
vt 0 0
vt 0 0
vt 0 0
vt 0 0
vt 0 0
vt 0 0
vt 0 0
vt 0 0
vt 0 0
vt 0 0
vt 0 0
vt 0 0
vt 0 0
vt 0 0
vt 0 0
vt 0 0
vt 0 0
vt 0 0
vt 0 0
vt 0 0
vt 0 0
vt 0 0
vt 0 0
vt 0 0
vt 0 0
vt 0 0
vt 0 0
vt 0 0
vt 0 0
vt 0 0
vt 0 0
vt 0 0
vt 0 0
vt 0 0
vt 0 0
vt 0 0
vt 0 0
vt 0 0
vt 0 0
vt 0 0
vt 0 0
vt 0 0
vt 0 0
vt 0 0
vt 0 0
vt 0 0
vt 0 0
vt 0 0
vt 0 0
vt 0 0
vt 0 0
vt 0 0
vt 0 0
vt 0 0
vt 0 0
vt 0 0
vt 0 0
vt 0 0
vt 0 0
vt 0 0
vt 0 0
vt 0 0
vt 0 0
vt 0 0
vt 0 0
vt 0 0
vt 0 0
vt 0 0
vt 0 0
vt 0 0
vt 0 0
vt 0 0
vt 0 0
vt 0 0
vt 0 0
vt 0 0
vt 0 0
vt 0 0
vt 0 0
vt 0 0
vt 0 0
vt 0 0
vt 0 0
vt 0 0
vt 0 0
vt 0 0
vt 0 0
vt 0 0
vt 0 0
vt 0 0
vt 0 0
vt 0 0
vt 0 0
vt 0 0
vt 0 0
vt 0 0
vt 0 0
vt 0 0
vt 0 0
vt 0 0
vt 0 0
vt 0 0
vt 0 0
vt 0 0
vt 0 0
vt 0 0
vt 0 0
vt 0 0
vt 0 0
vt 0 0
vt 0 0
vt 0 0
vt 0 0
vt 0 0
vt 0 0
vt 0 0
vt 0 0
vt 0 0
vt 0 0
vt 0 0
vt 0 0
vt 0 0
vt 0 0
vt 0 0
vt 0 0
vt 0 0
vt 0 0
vt 0 0
vt 0 0
vt 0 0
vt 0 0
vt 0 0
vt 0 0
vt 0 0
vt 0 0
vt 0 0
vt 0 0
vt 0 0
vt 0 0
vt 0 0
vt 0 0
vt 0 0
vt 0 0
vt 0 0
vt 0 0
vt 0 0
vt 0 0
vt 0 0
vt 0 0
vt 0 0
vt 0 0
vt 0 0
vt 0 0
vt 0 0
vt 0 0
vt 0 0
vt 0 0
vt 0 0
vt 0 0
vt 0 0
vt 0 0
vt 0 0
vt 0 0
vt 0 0
vt 0 0
vt 0 0
vt 0 0
vt 0 0
vt 0 0
vt 0 0
vt 0 0
vt 0 0
vt 0 0
vt 0 0
vt 0 0
vt 0 0
vt 0 0
vt 0 0
vt 0 0
vt 0 0
vt 0 0
vt 0 0
vt 0 0
vt 0 0
vt 0 0
vt 0 0
vt 0 0
vt 0 0
vt 0 0
vt 0 0
vt 0 0
vt 0 0
vt 0 0
vt 0 0
vt 0 0
vt 0 0
vt 0 0
vt 0 0
vt 0 0
vt 0 0
vt 0 0
vt 0 0
vt 0 0
vt 0 0
vt 0 0
vt 0 0
vt 0 0
vt 0 0
vt 0 0
vt 0 0
vt 0 0
vt 0 0
vt 0 0
vt 0 0
vt 0 0
vt 0 0
vt 0 0
vt 0 0
vt 0 0
vt 0 0
vt 0 0
vt 0 0
vt 0 0
vt 0 0
vt 0 0
vt 0 0
vt 0 0
vt 0 0
vt 0 0
vt 0 0
vt 0 0
vt 0 0
vt 0 0
vt 0 0
vt 0 0
vt 0 0
vt 0 0
vt 0 0
vt 0 0
vt 0 0
vt 0 0
vt 0 0
vt 0 0
vt 0 0
vt 0 0
vt 0 0
vt 0 0
vt 0 0
vt 0 0
vt 0 0
vt 0 0
vt 0 0
vt 0 0
vt 0 0
vt 0 0
vt 0 0
vt 0 0
vt 0 0
vt 0 0
vt 0 0
vt 0 0
vt 0 0
vt 0 0
vt 0 0
vt 0 0
vt 0 0
vt 0 0
vt 0 0
vt 0 0
vt 0 0
vt 0 0
vt 0 0
vt 0 0
vt 0 0
vt 0 0
vt 0 0
vt 0 0
vt 0 0
vt 0 0
vt 0 0
vt 0 0
vt 0 0
vt 0 0
vt 0 0
vt 0 0
vt 0 0
vt 0 0
vt 0 0
vt 0 0
vt 0 0
vt 0 0
vt 0 0
vt 0 0
vt 0 0
vt 0 0
vt 0 0
vt 0 0
vt 0 0
vt 0 0
vt 0 0
vt 0 0
vt 0 0
vt 0 0
vt 0 0
vt 0 0
vt 0 0
vt 0 0
vt 0 0
vt 0 0
vt 0 0
vt 0 0
vt 0 0
vt 0 0
vt 0 0
vt 0 0
vt 0 0
vt 0 0
vt 0 0
vt 0 0
vt 0 0
vt 0 0
vt 0 0
vt 0 0
vt 0 0
vt 0 0
vt 0 0
vt 0 0
vt 0 0
vt 0 0
vt 0 0
vt 0 0
vt 0 0
vt 0 0
vt 0 0
vt 0 0
vt 0 0
vt 0 0
vt 0 0
vt 0 0
vt 0 0
vt 0 0
vt 0 0
vt 0 0
vt 0 0
vt 0 0
vt 0 0
vt 0 0
vt 0 0
vt 0 0
vt 0 0
vt 0 0
vt 0 0
vt 0 0
vt 0 0
vt 0 0
vt 0 0
vt 0 0
vt 0 0
vt 0 0
vt 0 0
vt 0 0
vt 0 0
vt 0 0
vt 0 0
vt 0 0
vt 0 0
vt 0 0
vt 0 0
vt 0 0
vt 0 0
vt 0 0
vt 0 0
vt 0 0
vt 0 0
vt 0 0
vt 0 0
vt 0 0
vt 0 0
vt 0 0
vt 0 0
vt 0 0
vt 0 0
vt 0 0
vt 0 0
vt 0 0
vt 0 0
vt 0 0
vt 0 0
vt 0 0
vt 0 0
vt 0 0
vt 0 0
vt 0 0
vt 0 0
vt 0 0
vt 0 0
vt 0 0
vt 0 0
vt 0 0
vt 0 0
vt 0 0
vt 0 0
vt 0 0
vt 0 0
vt 0 0
vt 0 0
vt 0 0
vt 0 0
vt 0 0
vt 0 0
vt 0 0
vt 0 0
vt 0 0
vt 0 0
vt 0 0
vt 0 0
vt 0 0
vt 0 0
vt 0 0
vt 0 0
vt 0 0
vt 0 0
vt 0 0
vt 0 0
vt 0 0
vt 0 0
vt 0 0
vt 0 0
vt 0 0
vt 0 0
vt 0 0
vt 0 0
vt 0 0
vt 0 0
vt 0 0
vt 0 0
vt 0 0
vt 0 0
vt 0 0
vt 0 0
vt 0 0
vt 0 0
vt 0 0
vt 0 0
vt 0 0
vt 0 0
vt 0 0
vt 0 0
vt 0 0
vt 0 0
vt 0 0
vt 0 0
vt 0 0
vt 0 0
vt 0 0
vt 0 0
vt 0 0
vt 0 0
vt 0 0
vt 0 0
vt 0 0
vt 0 0
vt 0 0
vt 0 0
vt 0 0
vt 0 0
vt 0 0
vt 0 0
vt 0 0
vt 0 0
vt 0 0
vt 0 0
vt 0 0
vt 0 0
vt 0 0
vt 0 0
vt 0 0
vt 0 0
vt 0 0
vt 0 0
vt 0 0
vt 0 0
vt 0 0
vt 0 0
vt 0 0
vt 0 0
vt 0 0
vt 0 0
vt 0 0
vt 0 0
vt 0 0
vt 0 0
vt 0 0
vt 0 0
vt 0 0
vt 0 0
vt 0 0
vt 0 0
vt 0 0
vt 0 0
vt 0 0
vt 0 0
vt 0 0
vt 0 0
vt 0 0
vt 0 0
vt 0 0
vt 0 0
vt 0 0
vt 0 0
vt 0 0
vt 0 0
vt 0 0
vt 0 0
vt 0 0
vt 0 0
vt 0 0
vt 0 0
vt 0 0
vt 0 0
vt 0 0
vt 0 0
vt 0 0
vt 0 0
vt 0 0
vt 0 0
vt 0 0
vt 0 0
vt 0 0
vt 0 0
vt 0 0
vt 0 0
vt 0 0
vt 0 0
vt 0 0
vt 0 0
vt 0 0
vt 0 0
vt 0 0
vt 0 0
vt 0 0
vt 0 0
vt 0 0
vt 0 0
vt 0 0
vt 0 0
vt 0 0
vt 0 0
vt 0 0
vt 0 0
vt 0 0
vt 0 0
vt 0 0
vt 0 0
vt 0 0
vt 0 0
vt 0 0
vt 0 0
vt 0 0
vt 0 0
vt 0 0
vt 0 0
vt 0 0
vt 0 0
vt 0 0
vt 0 0
vt 0 0
vt 0 0
vt 0 0
vt 0 0
vt 0 0
vt 0 0
vt 0 0
vt 0 0
vt 0 0
vt 0 0
vt 0 0
vt 0 0
vt 0 0
vt 0 0
vt 0 0
vt 0 0
vt 0 0
vt 0 0
vt 0 0
vt 0 0
vt 0 0
vt 0 0
vt 0 0
vt 0 0
vt 0 0
vt 0 0
vt 0 0
vt 0 0
vt 0 0
vt 0 0
vt 0 0
vt 0 0
vt 0 0
vt 0 0
vt 0 0
vt 0 0
vt 0 0
vt 0 0
vt 0 0
vt 0 0
vt 0 0
vt 0 0
vt 0 0
vt 0 0
vt 0 0
vt 0 0
vt 0 0
vt 0 0
vt 0 0
vt 0 0
vt 0 0
vt 0 0
vt 0 0
vt 0 0
vt 0 0
vt 0 0
vt 0 0
vt 0 0
vt 0 0
vt 0 0
vt 0 0
vt 0 0
vt 0 0
vt 0 0
vt 0 0
vt 0 0
vt 0 0
vt 0 0
vt 0 0
vt 0 0
vt 0 0
vt 0 0
vt 0 0
vt 0 0
vt 0 0
vt 0 0
vt 0 0
vt 0 0
vt 0 0
vt 0 0
vt 0 0
vt 0 0
vt 0 0
vt 0 0
vt 0 0
vt 0 0
vt 0 0
vt 0 0
vt 0 0
vt 0 0
vt 0 0
vt 0 0
vt 0 0
vt 0 0
vt 0 0
vt 0 0
vt 0 0
vt 0 0
vt 0 0
vt 0 0
vt 0 0
vt 0 0
vt 0 0
vt 0 0
vt 0 0
vt 0 0
vt 0 0
vt 0 0
vt 0 0
vt 0 0
vt 0 0
vt 0 0
vt 0 0
vt 0 0
vt 0 0
vt 0 0
vt 0 0
vt 0 0
vt 0 0
vt 0 0
vt 0 0
vt 0 0
vt 0 0
vt 0 0
vt 0 0
vt 0 0
vt 0 0
vt 0 0
vt 0 0
vt 0 0
vt 0 0
vt 0 0
vt 0 0
vt 0 0
vt 0 0
vt 0 0
vt 0 0
vt 0 0
vt 0 0
vt 0 0
vt 0 0
vt 0 0
vt 0 0
vt 0 0
vt 0 0
vt 0 0
vt 0 0
vt 0 0
vt 0 0
vt 0 0
vt 0 0
vt 0 0
vt 0 0
vt 0 0
vt 0 0
vt 0 0
vt 0 0
vt 0 0
vt 0 0
vt 0 0
vt 0 0
vt 0 0
vt 0 0
vt 0 0
vt 0 0
vt 0 0
vt 0 0
vt 0 0
vt 0 0
vt 0 0
vt 0 0
vt 0 0
vt 0 0
vt 0 0
vt 0 0
vt 0 0
vt 0 0
vt 0 0
vt 0 0
vt 0 0
vt 0 0
vt 0 0
vt 0 0
vt 0 0
vt 0 0
vt 0 0
vt 0 0
vt 0 0
vt 0 0
vt 0 0
vt 0 0
vt 0 0
vt 0 0
vt 0 0
vt 0 0
vt 0 0
vt 0 0
vt 0 0
vt 0 0
vt 0 0
vt 0 0
vt 0 0
vt 0 0
vt 0 0
vt 0 0
vt 0 0
vt 0 0
vt 0 0
vt 0 0
vt 0 0
vt 0 0
vt 0 0
vt 0 0
vt 0 0
vt 0 0
vt 0 0
vt 0 0
vt 0 0
vt 0 0
vt 0 0
vt 0 0
vt 0 0
vt 0 0
vt 0 0
vt 0 0
vt 0 0
vt 0 0
vt 0 0
vt 0 0
vt 0 0
vt 0 0
vt 0 0
vt 0 0
vt 0 0
vt 0 0
vt 0 0
vt 0 0
vt 0 0
vt 0 0
vt 0 0
vt 0 0
vt 0 0
vt 0 0
vt 0 0
vt 0 0
vt 0 0
vt 0 0
vt 0 0
vt 0 0
vt 0 0
vt 0 0
vt 0 0
vt 0 0
vt 0 0
vt 0 0
vt 0 0
vt 0 0
vt 0 0
vt 0 0
vt 0 0
vt 0 0
vt 0 0
vt 0 0
vt 0 0
vt 0 0
vt 0 0
vt 0 0
vt 0 0
vt 0 0
vt 0 0
vt 0 0
vt 0 0
vt 0 0
vt 0 0
vt 0 0
vt 0 0
vt 0 0
vt 0 0
vt 0 0
vt 0 0
vt 0 0
vt 0 0
vt 0 0
vt 0 0
vt 0 0
vt 0 0
vt 0 0
vt 0 0
vt 0 0
vt 0 0
vt 0 0
vt 0 0
vt 0 0
vt 0 0
vt 0 0
vt 0 0
vt 0 0
vt 0 0
vt 0 0
vt 0 0
vt 0 0
vt 0 0
vt 0 0
vt 0 0
vt 0 0
vt 0 0
vt 0 0
vt 0 0
vt 0 0
vt 0 0
vt 0 0
vt 0 0
vt 0 0
vt 0 0
vt 0 0
vt 0 0
vt 0 0
vt 0 0
vt 0 0
vt 0 0
vt 0 0
vt 0 0
vt 0 0
vt 0 0
vt 0 0
vt 0 0
vt 0 0
vt 0 0
vt 0 0
vt 0 0
vt 0 0
vt 0 0
vt 0 0
vt 0 0
vt 0 0
vt 0 0
vt 0 0
vt 0 0
vt 0 0
vt 0 0
vt 0 0
vt 0 0
vt 0 0
vt 0 0
vt 0 0
vt 0 0
vt 0 0
vt 0 0
vt 0 0
vt 0 0
vt 0 0
vt 0 0
vt 0 0
vt 0 0
vt 0 0
vt 0 0
vt 0 0
vt 0 0
vt 0 0
vt 0 0
vt 0 0
vt 0 0
vt 0 0
vt 0 0
vt 0 0
vt 0 0
vt 0 0
vt 0 0
vt 0 0
vt 0 0
vt 0 0
vt 0 0
vt 0 0
vt 0 0
vt 0 0
vt 0 0
vt 0 0
vt 0 0
vt 0 0
vt 0 0
vt 0 0
vt 0 0
vt 0 0
vt 0 0
vt 0 0
vt 0 0
vt 0 0
vt 0 0
vt 0 0
vt 0 0
vt 0 0
vt 0 0
vt 0 0
vt 0 0
vt 0 0
vt 0 0
vt 0 0
vt 0 0
vt 0 0
vt 0 0
vt 0 0
vt 0 0
vt 0 0
vt 0 0
vt 0 0
vt 0 0
vt 0 0
vt 0 0
vt 0 0
vt 0 0
vt 0 0
vt 0 0
vt 0 0
vt 0 0
vt 0 0
vt 0 0
vt 0 0
vt 0 0
vt 0 0
vt 0 0
vt 0 0
vt 0 0
vt 0 0
vt 0 0
vt 0 0
vt 0 0
vt 0 0
vt 0 0
vt 0 0
vt 0 0
vt 0 0
vt 0 0
vt 0 0
vt 0 0
vt 0 0
vt 0 0
vt 0 0
vt 0 0
vt 0 0
vt 0 0
vt 0 0
vt 0 0
vt 0 0
vt 0 0
vt 0 0
vt 0 0
vt 0 0
vt 0 0
vt 0 0
vt 0 0
vt 0 0
vt 0 0
vt 0 0
vt 0 0
vt 0 0
vt 0 0
vt 0 0
vt 0 0
vt 0 0
vt 0 0
vt 0 0
vt 0 0
vt 0 0
vt 0 0
vt 0 0
vt 0 0
vt 0 0
vt 0 0
vt 0 0
vt 0 0
vt 0 0
vt 0 0
vt 0 0
vt 0 0
vt 0 0
vt 0 0
vt 0 0
vt 0 0
vt 0 0
vt 0 0
vt 0 0
vt 0 0
vt 0 0
vt 0 0
vt 0 0
vt 0 0
vt 0 0
vt 0 0
vt 0 0
vt 0 0
vt 0 0
vt 0 0
vt 0 0
vt 0 0
vt 0 0
vt 0 0
vt 0 0
vt 0 0
vt 0 0
vt 0 0
vt 0 0
vt 0 0
vt 0 0
vt 0 0
vt 0 0
vt 0 0
vt 0 0
vt 0 0
vt 0 0
vt 0 0
vt 0 0
vt 0 0
vt 0 0
vt 0 0
vt 0 0
vt 0 0
vt 0 0
vt 0 0
vt 0 0
vt 0 0
vt 0 0
vt 0 0
vt 0 0
vt 0 0
vt 0 0
vt 0 0
vt 0 0
vt 0 0
vt 0 0
vt 0 0
vt 0 0
vt 0 0
vt 0 0
vt 0 0
vt 0 0
vt 0 0
vt 0 0
vt 0 0
vt 0 0
vt 0 0
vt 0 0
vt 0 0
vt 0 0
vt 0 0
vt 0 0
vt 0 0
vt 0 0
vt 0 0
vt 0 0
vt 0 0
vt 0 0
vt 0 0
vt 0 0
vt 0 0
vt 0 0
vt 0 0
vt 0 0
vt 0 0
vt 0 0
vt 0 0
vt 0 0
vt 0 0
vt 0 0
vt 0 0
vt 0 0
vt 0 0
vt 0 0
vt 0 0
vt 0 0
vt 0 0
vt 0 0
vt 0 0
vt 0 0
vt 0 0
vt 0 0
vt 0 0
vt 0 0
vt 0 0
vt 0 0
vt 0 0
vt 0 0
vt 0 0
vt 0 0
vt 0 0
vt 0 0
vt 0 0
vt 0 0
vt 0 0
vt 0 0
vt 0 0
vt 0 0
vt 0 0
vt 0 0
vt 0 0
vt 0 0
vt 0 0
vt 0 0
vt 0 0
vt 0 0
vt 0 0
vt 0 0
vt 0 0
vt 0 0
vt 0 0
vt 0 0
vt 0 0
vt 0 0
vt 0 0
vt 0 0
vt 0 0
vt 0 0
vt 0 0
vt 0 0
vt 0 0
vt 0 0
vt 0 0
vt 0 0
vt 0 0
vt 0 0
vt 0 0
vt 0 0
vt 0 0
vt 0 0
vt 0 0
vt 0 0
vt 0 0
vt 0 0
vt 0 0
vt 0 0
vt 0 0
vt 0 0
vt 0 0
vt 0 0
vt 0 0
vt 0 0
vt 0 0
vt 0 0
vt 0 0
vt 0 0
vt 0 0
vt 0 0
vt 0 0
vt 0 0
vt 0 0
vt 0 0
vt 0 0
vt 0 0
vt 0 0
vt 0 0
vt 0 0
vt 0 0
vt 0 0
vt 0 0
vt 0 0
vt 0 0
vt 0 0
vt 0 0
vt 0 0
vt 0 0
vt 0 0
vt 0 0
vt 0 0
vt 0 0
vt 0 0
vt 0 0
vt 0 0
vt 0 0
vt 0 0
vt 0 0
vt 0 0
vt 0 0
vt 0 0
vt 0 0
vt 0 0
vt 0 0
vt 0 0
vt 0 0
vt 0 0
vt 0 0
vt 0 0
vt 0 0
vt 0 0
vt 0 0
vt 0 0
vt 0 0
vt 0 0
vt 0 0
vt 0 0
vt 0 0
vt 0 0
vt 0 0
vt 0 0
vt 0 0
vt 0 0
vt 0 0
vt 0 0
vt 0 0
vt 0 0
vt 0 0
vt 0 0
vt 0 0
vt 0 0
vt 0 0
vt 0 0
vt 0 0
vt 0 0
vt 0 0
vt 0 0
vt 0 0
vt 0 0
vt 0 0
vt 0 0
vt 0 0
vt 0 0
vt 0 0
vt 0 0
vt 0 0
vt 0 0
vt 0 0
vt 0 0
vt 0 0
vt 0 0
vt 0 0
vt 0 0
vt 0 0
vt 0 0
vt 0 0
vt 0 0
vt 0 0
vt 0 0
vt 0 0
vt 0 0
vt 0 0
vt 0 0
vt 0 0
vt 0 0
vt 0 0
vt 0 0
vt 0 0
vt 0 0
vt 0 0
vt 0 0
vt 0 0
vt 0 0
vt 0 0
vt 0 0
vt 0 0
vt 0 0
vt 0 0
vt 0 0
vt 0 0
vt 0 0
vt 0 0
vt 0 0
vt 0 0
vt 0 0
vt 0 0
vt 0 0
vt 0 0
vt 0 0
vt 0 0
vt 0 0
vt 0 0
vt 0 0
vt 0 0
vt 0 0
vt 0 0
vt 0 0
vt 0 0
vt 0 0
vt 0 0
vt 0 0
vt 0 0
vt 0 0
vt 0 0
vt 0 0
vt 0 0
vt 0 0
vt 0 0
vt 0 0
vt 0 0
vt 0 0
vt 0 0
vt 0 0
vt 0 0
vt 0 0
vt 0 0
vt 0 0
vt 0 0
vt 0 0
vt 0 0
vt 0 0
vt 0 0
vt 0 0
vt 0 0
vt 0 0
vt 0 0
vt 0 0
vt 0 0
vt 0 0
vt 0 0
vt 0 0
vt 0 0
vt 0 0
vt 0 0
vt 0 0
vt 0 0
vt 0 0
vt 0 0
vt 0 0
vt 0 0
vt 0 0
vt 0 0
vt 0 0
vt 0 0
vt 0 0
vt 0 0
vt 0 0
vt 0 0
vt 0 0
vt 0 0
vt 0 0
vt 0 0
vt 0 0
vt 0 0
vt 0 0
vt 0 0
vt 0 0
vt 0 0
vt 0 0
vt 0 0
vt 0 0
vt 0 0
vt 0 0
vt 0 0
vt 0 0
vt 0 0
vt 0 0
vt 0 0
vt 0 0
vt 0 0
vt 0 0
vt 0 0
vt 0 0
vt 0 0
vt 0 0
vt 0 0
vt 0 0
vt 0 0
vt 0 0
vt 0 0
vt 0 0
vt 0 0
vt 0 0
vt 0 0
vt 0 0
vt 0 0
vt 0 0
vt 0 0
vt 0 0
vt 0 0
vt 0 0
vt 0 0
vt 0 0
vt 0 0
vt 0 0
vt 0 0
vt 0 0
vt 0 0
vt 0 0
vt 0 0
vt 0 0
vt 0 0
vt 0 0
vt 0 0
vt 0 0
vt 0 0
vt 0 0
vt 0 0
vt 0 0
vt 0 0
vt 0 0
vt 0 0
vt 0 0
vt 0 0
vt 0 0
vt 0 0
vt 0 0
vt 0 0
vt 0 0
vt 0 0
vt 0 0
vt 0 0
vt 0 0
vt 0 0
vt 0 0
vt 0 0
vt 0 0
vt 0 0
vt 0 0
vt 0 0
vt 0 0
vt 0 0
vt 0 0
vt 0 0
vt 0 0
vt 0 0
vt 0 0
vt 0 0
vt 0 0
vt 0 0
vt 0 0
vt 0 0
vt 0 0
vt 0 0
vt 0 0
vt 0 0
vt 0 0
vt 0 0
vt 0 0
vt 0 0
vt 0 0
vt 0 0
vt 0 0
vt 0 0
vt 0 0
vt 0 0
vt 0 0
vt 0 0
vt 0 0
vt 0 0
vt 0 0
vt 0 0
vt 0 0
vt 0 0
vt 0 0
vt 0 0
vt 0 0
vt 0 0
vt 0 0
vt 0 0
vt 0 0
vt 0 0
vt 0 0
vt 0 0
vt 0 0
vt 0 0
vt 0 0
vt 0 0
vt 0 0
vt 0 0
vt 0 0
vt 0 0
vt 0 0
vt 0 0
vt 0 0
vt 0 0
vt 0 0
vt 0 0
vt 0 0
vt 0 0
vt 0 0
vt 0 0
vt 0 0
vt 0 0
vt 0 0
vt 0 0
vt 0 0
vt 0 0
vt 0 0
vt 0 0
vt 0 0
vt 0 0
vt 0 0
vt 0 0
vt 0 0
vt 0 0
vt 0 0
vt 0 0
vt 0 0
vt 0 0
vt 0 0
vt 0 0
vt 0 0
vt 0 0
vt 0 0
vt 0 0
vt 0 0
vt 0 0
vt 0 0
vt 0 0
vt 0 0
vt 0 0
vt 0 0
vt 0 0
vt 0 0
vt 0 0
vt 0 0
vt 0 0
vt 0 0
vt 0 0
vt 0 0
vt 0 0
vt 0 0
vt 0 0
vt 0 0
vt 0 0
vt 0 0
vt 0 0
vt 0 0
vt 0 0
vt 0 0
vt 0 0
vt 0 0
vt 0 0
vt 0 0
vt 0 0
vt 0 0
vt 0 0
vt 0 0
vt 0 0
vt 0 0
vt 0 0
vt 0 0
vt 0 0
vt 0 0
vt 0 0
vt 0 0
vt 0 0
vt 0 0
vt 0 0
vt 0 0
vt 0 0
vt 0 0
vt 0 0
vt 0 0
vt 0 0
vt 0 0
vt 0 0
vt 0 0
vt 0 0
vt 0 0
vt 0 0
vt 0 0
vt 0 0
vt 0 0
vt 0 0
vt 0 0
vt 0 0
vt 0 0
vt 0 0
vt 0 0
vt 0 0
vt 0 0
vt 0 0
vt 0 0
vt 0 0
vt 0 0
vt 0 0
vt 0 0
vt 0 0
vt 0 0
vt 0 0
vt 0 0
vt 0 0
vt 0 0
vt 0 0
vt 0 0
vt 0 0
vt 0 0
vt 0 0
vt 0 0
vt 0 0
vt 0 0
vt 0 0
vt 0 0
vt 0 0
vt 0 0
vt 0 0
vt 0 0
vt 0 0
vt 0 0
vt 0 0
vt 0 0
vt 0 0
vt 0 0
vt 0 0
vt 0 0
vt 0 0
vt 0 0
vt 0 0
vt 0 0
vt 0 0
vt 0 0
vt 0 0
vt 0 0
vt 0 0
vt 0 0
vt 0 0
vt 0 0
vt 0 0
vt 0 0
vt 0 0
vt 0 0
vt 0 0
vt 0 0
vt 0 0
vt 0 0
vt 0 0
vt 0 0
vt 0 0
vt 0 0
vt 0 0
vt 0 0
vt 0 0
vt 0 0
vt 0 0
vt 0 0
vt 0 0
vt 0 0
vt 0 0
vt 0 0
vt 0 0
vt 0 0
vt 0 0
vt 0 0
vt 0 0
vt 0 0
vt 0 0
vt 0 0
vt 0 0
vt 0 0
vt 0 0
vt 0 0
vt 0 0
vt 0 0
vt 0 0
vt 0 0
vt 0 0
vt 0 0
vt 0 0
vt 0 0
vt 0 0
vt 0 0
vt 0 0
vt 0 0
vt 0 0
vt 0 0
vt 0 0
vt 0 0
vt 0 0
vt 0 0
vt 0 0
vt 0 0
vt 0 0
vt 0 0
vt 0 0
vt 0 0
vt 0 0
vt 0 0
vt 0 0
vt 0 0
vt 0 0
vt 0 0
vt 0 0
vt 0 0
vt 0 0
vt 0 0
vt 0 0
vt 0 0
vt 0 0
vt 0 0
vt 0 0
vt 0 0
vt 0 0
vt 0 0
vt 0 0
vt 0 0
vt 0 0
vt 0 0
vt 0 0
vt 0 0
vt 0 0
vt 0 0
vt 0 0
vt 0 0
vt 0 0
vt 0 0
vt 0 0
vt 0 0
vt 0 0
vt 0 0
vt 0 0
vt 0 0
vt 0 0
vt 0 0
vt 0 0
vt 0 0
vt 0 0
vt 0 0
vt 0 0
vt 0 0
vt 0 0
vt 0 0
vt 0 0
vt 0 0
vt 0 0
vt 0 0
vt 0 0
vt 0 0
vt 0 0
vt 0 0
vt 0 0
vt 0 0
vt 0 0
vt 0 0
vt 0 0
vt 0 0
vt 0 0
vt 0 0
vt 0 0
vt 0 0
vt 0 0
vt 0 0
vt 0 0
vt 0 0
vt 0 0
vt 0 0
vt 0 0
vt 0 0
vt 0 0
vt 0 0
vt 0 0
vt 0 0
vt 0 0
vt 0 0
vt 0 0
vt 0 0
vt 0 0
vt 0 0
vt 0 0
vt 0 0
vt 0 0
vt 0 0
vt 0 0
vt 0 0
vt 0 0
vt 0 0
vt 0 0
vt 0 0
vt 0 0
vt 0 0
vt 0 0
vt 0 0
vt 0 0
vt 0 0
vt 0 0
vt 0 0
vt 0 0
vt 0 0
vt 0 0
vt 0 0
vt 0 0
vt 0 0
vt 0 0
vt 0 0
vt 0 0
vt 0 0
vt 0 0
vt 0 0
vt 0 0
vt 0 0
vt 0 0
vt 0 0
vt 0 0
vt 0 0
vt 0 0
vt 0 0
vt 0 0
vt 0 0
vt 0 0
vt 0 0
vt 0 0
vt 0 0
vt 0 0
vt 0 0
vt 0 0
vt 0 0
vt 0 0
vt 0 0
vt 0 0
vt 0 0
vt 0 0
vt 0 0
vt 0 0
vt 0 0
vt 0 0
vt 0 0
vt 0 0
vt 0 0
vt 0 0
vt 0 0
vt 0 0
vt 0 0
vt 0 0
vt 0 0
vt 0 0
vt 0 0
vt 0 0
vt 0 0
vt 0 0
vt 0 0
vt 0 0
vt 0 0
vt 0 0
vt 0 0
vt 0 0
vt 0 0
vt 0 0
vt 0 0
vt 0 0
vt 0 0
vt 0 0
vt 0 0
vt 0 0
vt 0 0
vt 0 0
vt 0 0
vt 0 0
vt 0 0
vt 0 0
vt 0 0
vt 0 0
vt 0 0
vt 0 0
vt 0 0
vt 0 0
vt 0 0
vt 0 0
vt 0 0
vt 0 0
vt 0 0
vt 0 0
vt 0 0
vt 0 0
vt 0 0
vt 0 0
vt 0 0
vt 0 0
vt 0 0
vt 0 0
vt 0 0
vt 0 0
vt 0 0
vt 0 0
vt 0 0
vt 0 0
vt 0 0
vt 0 0
vt 0 0
vt 0 0
vt 0 0
vt 0 0
vt 0 0
vt 0 0
vt 0 0
vt 0 0
vt 0 0
vt 0 0
vt 0 0
vt 0 0
vt 0 0
vt 0 0
vt 0 0
vt 0 0
vt 0 0
vt 0 0
vt 0 0
vt 0 0
vt 0 0
vt 0 0
vt 0 0
vt 0 0
vt 0 0
vt 0 0
vt 0 0
vt 0 0
vt 0 0
vt 0 0
vt 0 0
vt 0 0
vt 0 0
vt 0 0
vt 0 0
vt 0 0
vt 0 0
vt 0 0
vt 0 0
vt 0 0
vt 0 0
vt 0 0
vt 0 0
vt 0 0
vt 0 0
vt 0 0
vt 0 0
vt 0 0
vt 0 0
vt 0 0
vt 0 0
vt 0 0
vt 0 0
vt 0 0
vt 0 0
vt 0 0
vt 0 0
vt 0 0
vt 0 0
vt 0 0
vt 0 0
vt 0 0
vt 0 0
vt 0 0
vt 0 0
vt 0 0
vt 0 0
vt 0 0
vt 0 0
vt 0 0
vt 0 0
vt 0 0
vt 0 0
vt 0 0
vt 0 0
vt 0 0
vt 0 0
vt 0 0
vt 0 0
vt 0 0
vt 0 0
vt 0 0
vt 0 0
vt 0 0
vt 0 0
vt 0 0
vt 0 0
vt 0 0
vt 0 0
vt 0 0
vt 0 0
vt 0 0
vt 0 0
vt 0 0
vt 0 0
vt 0 0
vt 0 0
vt 0 0
vt 0 0
vt 0 0
vt 0 0
vt 0 0
vt 0 0
vt 0 0
vt 0 0
vt 0 0
vt 0 0
vt 0 0
vt 0 0
vt 0 0
vt 0 0
vt 0 0
vt 0 0
vt 0 0
vt 0 0
vt 0 0
vt 0 0
vt 0 0
vt 0 0
vt 0 0
vt 0 0
vt 0 0
vt 0 0
vt 0 0
vt 0 0
vt 0 0
vt 0 0
vt 0 0
vt 0 0
vt 0 0
vt 0 0
vt 0 0
vt 0 0
vt 0 0
vt 0 0
vt 0 0
vt 0 0
vt 0 0
vt 0 0
vt 0 0
vt 0 0
vt 0 0
vt 0 0
vt 0 0
vt 0 0
vt 0 0
vt 0 0
vt 0 0
vt 0 0
vt 0 0
vt 0 0
vt 0 0
vt 0 0
vt 0 0
vt 0 0
vt 0 0
vt 0 0
vt 0 0
vt 0 0
vt 0 0
vt 0 0
vt 0 0
vt 0 0
vt 0 0
vt 0 0
vt 0 0
vt 0 0
vt 0 0
vt 0 0
vt 0 0
vt 0 0
vt 0 0
vt 0 0
vt 0 0
vt 0 0
vt 0 0
vt 0 0
vt 0 0
vt 0 0
vt 0 0
vt 0 0
vt 0 0
vt 0 0
vt 0 0
vt 0 0
vt 0 0
vt 0 0
vt 0 0
vt 0 0
vt 0 0
vt 0 0
vt 0 0
vt 0 0
vt 0 0
vt 0 0
vt 0 0
vt 0 0
vt 0 0
vt 0 0
vt 0 0
vt 0 0
vt 0 0
vt 0 0
vt 0 0
vt 0 0
vt 0 0
vt 0 0
vt 0 0
vt 0 0
vt 0 0
vt 0 0
vt 0 0
vt 0 0
vt 0 0
vt 0 0
vt 0 0
vt 0 0
vt 0 0
vt 0 0
vt 0 0
vt 0 0
vt 0 0
vt 0 0
vt 0 0
vt 0 0
vt 0 0
vt 0 0
vt 0 0
vt 0 0
vt 0 0
vt 0 0
vt 0 0
vt 0 0
vt 0 0
vt 0 0
vt 0 0
vt 0 0
vt 0 0
vt 0 0
vt 0 0
vt 0 0
vt 0 0
vt 0 0
vt 0 0
vt 0 0
vt 0 0
vt 0 0
vt 0 0
vt 0 0
vt 0 0
vt 0 0
vt 0 0
vt 0 0
vt 0 0
vt 0 0
vt 0 0
vt 0 0
vt 0 0
vt 0 0
vt 0 0
vt 0 0
vt 0 0
vt 0 0
vt 0 0
vt 0 0
vt 0 0
vt 0 0
vt 0 0
vt 0 0
vt 0 0
vt 0 0
vt 0 0
vt 0 0
vt 0 0
vt 0 0
vt 0 0
vt 0 0
vt 0 0
vt 0 0
vt 0 0
vt 0 0
vt 0 0
vt 0 0
vt 0 0
vt 0 0
vt 0 0
vt 0 0
vt 0 0
vt 0 0
vt 0 0
vt 0 0
vt 0 0
vt 0 0
vt 0 0
vt 0 0
vt 0 0
vt 0 0
vt 0 0
vt 0 0
vt 0 0
vt 0 0
vt 0 0
vt 0 0
vt 0 0
vt 0 0
vt 0 0
vt 0 0
vt 0 0
vt 0 0
vt 0 0
vt 0 0
vt 0 0
vt 0 0
vt 0 0
vt 0 0
vt 0 0
vt 0 0
vt 0 0
vt 0 0
vt 0 0
vt 0 0
vt 0 0
vt 0 0
vt 0 0
vt 0 0
vt 0 0
vt 0 0
vt 0 0
vt 0 0
vt 0 0
vt 0 0
vt 0 0
vt 0 0
vt 0 0
vt 0 0
vt 0 0
vt 0 0
vt 0 0
vt 0 0
vt 0 0
vt 0 0
vt 0 0
vt 0 0
vt 0 0
vt 0 0
vt 0 0
vt 0 0
vt 0 0
vt 0 0
vt 0 0
vt 0 0
vt 0 0
vt 0 0
vt 0 0
vt 0 0
vt 0 0
vt 0 0
vt 0 0
vt 0 0
vt 0 0
vt 0 0
vt 0 0
vt 0 0
vt 0 0
vt 0 0
vt 0 0
vt 0 0
vt 0 0
vt 0 0
vt 0 0
vt 0 0
vt 0 0
vt 0 0
vt 0 0
vt 0 0
vt 0 0
vt 0 0
vt 0 0
vt 0 0
vt 0 0
vt 0 0
vt 0 0
vt 0 0
vt 0 0
vt 0 0
vt 0 0
vt 0 0
vt 0 0
vt 0 0
vt 0 0
vt 0 0
vt 0 0
vt 0 0
vt 0 0
vt 0 0
vt 0 0
vt 0 0
vt 0 0
vt 0 0
vt 0 0
vt 0 0
vt 0 0
vt 0 0
vt 0 0
vt 0 0
vt 0 0
vt 0 0
vt 0 0
vt 0 0
vt 0 0
vt 0 0
vt 0 0
vt 0 0
vt 0 0
vt 0 0
vt 0 0
vt 0 0
vt 0 0
vt 0 0
vt 0 0
vt 0 0
vt 0 0
vt 0 0
vt 0 0
vt 0 0
vt 0 0
vt 0 0
vt 0 0
vt 0 0
vt 0 0
vt 0 0
vt 0 0
vt 0 0
vt 0 0
vt 0 0
vt 0 0
vt 0 0
vt 0 0
vt 0 0
vt 0 0
vt 0 0
vt 0 0
vt 0 0
vt 0 0
vt 0 0
vt 0 0
vt 0 0
vt 0 0
vt 0 0
vt 0 0
vt 0 0
vt 0 0
vt 0 0
vt 0 0
vt 0 0
vt 0 0
vt 0 0
vt 0 0
vt 0 0
vt 0 0
vt 0 0
vt 0 0
vt 0 0
vt 0 0
vt 0 0
vt 0 0
vt 0 0
vt 0 0
vt 0 0
vt 0 0
vt 0 0
vt 0 0
vt 0 0
vt 0 0
vt 0 0
vt 0 0
vt 0 0
vt 0 0
vt 0 0
vt 0 0
vt 0 0
vt 0 0
vt 0 0
vt 0 0
vt 0 0
vt 0 0
vt 0 0
vt 0 0
vt 0 0
vt 0 0
vt 0 0
vt 0 0
vt 0 0
vt 0 0
vt 0 0
vt 0 0
vt 0 0
vt 0 0
vt 0 0
vt 0 0
vt 0 0
vt 0 0
vt 0 0
vt 0 0
vt 0 0
vt 0 0
vt 0 0
vt 0 0
vt 0 0
vt 0 0
vt 0 0
vt 0 0
vt 0 0
vt 0 0
vt 0 0
vt 0 0
vt 0 0
vt 0 0
vt 0 0
vt 0 0
vt 0 0
vt 0 0
vt 0 0
vt 0 0
vt 0 0
vt 0 0
vt 0 0
vt 0 0
vt 0 0
vt 0 0
vt 0 0
vt 0 0
vt 0 0
vt 0 0
vt 0 0
vt 0 0
vt 0 0
vt 0 0
vt 0 0
vt 0 0
vt 0 0
vt 0 0
vt 0 0
vt 0 0
vt 0 0
vt 0 0
vt 0 0
vt 0 0
vt 0 0
vt 0 0
vt 0 0
vt 0 0
vt 0 0
vt 0 0
vt 0 0
vt 0 0
vt 0 0
vt 0 0
vt 0 0
vt 0 0
vt 0 0
vt 0 0
vt 0 0
vt 0 0
vt 0 0
vt 0 0
vt 0 0
vt 0 0
vt 0 0
vt 0 0
vt 0 0
vt 0 0
vt 0 0
vt 0 0
vt 0 0
vt 0 0
vt 0 0
vt 0 0
vt 0 0
vt 0 0
vt 0 0
vt 0 0
vt 0 0
vt 0 0
vt 0 0
vt 0 0
vt 0 0
vt 0 0
vt 0 0
vt 0 0
vt 0 0
vt 0 0
vt 0 0
vt 0 0
vt 0 0
vt 0 0
vt 0 0
vt 0 0
vt 0 0
vt 0 0
vt 0 0
vt 0 0
vt 0 0
vt 0 0
vt 0 0
vt 0 0
vt 0 0
vt 0 0
vt 0 0
vt 0 0
vt 0 0
vt 0 0
vt 0 0
vt 0 0
vt 0 0
vt 0 0
vt 0 0
vt 0 0
vt 0 0
vt 0 0
vt 0 0
vt 0 0
vt 0 0
vt 0 0
vt 0 0
vt 0 0
vt 0 0
vt 0 0
vt 0 0
vt 0 0
vt 0 0
vt 0 0
vt 0 0
vt 0 0
vt 0 0
vt 0 0
vt 0 0
vt 0 0
vt 0 0
vt 0 0
vt 0 0
vt 0 0
vt 0 0
vt 0 0
vt 0 0
vt 0 0
vt 0 0
vt 0 0
vt 0 0
vt 0 0
vt 0 0
vt 0 0
vt 0 0
vt 0 0
vt 0 0
vt 0 0
vt 0 0
vt 0 0
vt 0 0
vt 0 0
vt 0 0
vt 0 0
vt 0 0
vt 0 0
vt 0 0
vt 0 0
vt 0 0
vt 0 0
vt 0 0
vt 0 0
vt 0 0
vt 0 0
vt 0 0
vt 0 0
vt 0 0
vt 0 0
vt 0 0
vt 0 0
vt 0 0
vt 0 0
vt 0 0
vt 0 0
vt 0 0
vt 0 0
vt 0 0
vt 0 0
vt 0 0
vt 0 0
vt 0 0
vt 0 0
vt 0 0
vt 0 0
vt 0 0
vt 0 0
vt 0 0
vt 0 0
vt 0 0
vt 0 0
vt 0 0
vt 0 0
vt 0 0
vt 0 0
vt 0 0
vt 0 0
vt 0 0
vt 0 0
vt 0 0
vt 0 0
vt 0 0
vt 0 0
vt 0 0
vt 0 0
vt 0 0
vt 0 0
vt 0 0
vt 0 0
vt 0 0
vt 0 0
vt 0 0
vt 0 0
vt 0 0
vt 0 0
vt 0 0
vt 0 0
vt 0 0
vt 0 0
vt 0 0
vt 0 0
vt 0 0
vt 0 0
vt 0 0
vt 0 0
vt 0 0
vt 0 0
vt 0 0
vt 0 0
vt 0 0
vt 0 0
vt 0 0
vt 0 0
vt 0 0
vt 0 0
vt 0 0
vt 0 0
vt 0 0
vt 0 0
vt 0 0
vt 0 0
vt 0 0
vt 0 0
vt 0 0
vt 0 0
vt 0 0
vt 0 0
vt 0 0
vt 0 0
vt 0 0
vt 0 0
vt 0 0
vt 0 0
vt 0 0
vt 0 0
vt 0 0
vt 0 0
vt 0 0
vt 0 0
vt 0 0
vt 0 0
vt 0 0
vt 0 0
vt 0 0
vt 0 0
vt 0 0
vt 0 0
vt 0 0
vt 0 0
vt 0 0
vt 0 0
vt 0 0
vt 0 0
vt 0 0
vt 0 0
vt 0 0
vt 0 0
vt 0 0
vt 0 0
vt 0 0
vt 0 0
vt 0 0
vt 0 0
vt 0 0
vt 0 0
vt 0 0
vt 0 0
vt 0 0
vt 0 0
vt 0 0
vt 0 0
vt 0 0
vt 0 0
vt 0 0
vt 0 0
vt 0 0
vt 0 0
vt 0 0
vt 0 0
vt 0 0
vt 0 0
vt 0 0
vt 0 0
vt 0 0
vt 0 0
vt 0 0
vt 0 0
vt 0 0
vt 0 0
vt 0 0
vt 0 0
vt 0 0
vt 0 0
vt 0 0
vt 0 0
vt 0 0
vt 0 0
vt 0 0
vt 0 0
vt 0 0
vt 0 0
vt 0 0
vt 0 0
vt 0 0
vt 0 0
vt 0 0
vt 0 0
vt 0 0
vt 0 0
vt 0 0
vt 0 0
vt 0 0
vt 0 0
vt 0 0
vt 0 0
vt 0 0
vt 0 0
vt 0 0
vt 0 0
vt 0 0
vt 0 0
vt 0 0
vt 0 0
vt 0 0
vt 0 0
vt 0 0
vt 0 0
vt 0 0
vt 0 0
vt 0 0
vt 0 0
vt 0 0
vt 0 0
vt 0 0
vt 0 0
vt 0 0
vt 0 0
vt 0 0
vt 0 0
vt 0 0
vt 0 0
vt 0 0
vt 0 0
vt 0 0
vt 0 0
vt 0 0
vt 0 0
vt 0 0
vt 0 0
vt 0 0
vt 0 0
vt 0 0
vt 0 0
vt 0 0
vt 0 0
vt 0 0
vt 0 0
vt 0 0
vt 0 0
vt 0 0
vt 0 0
vt 0 0
vt 0 0
vt 0 0
vt 0 0
vt 0 0
vt 0 0
vt 0 0
vt 0 0
vt 0 0
vt 0 0
vt 0 0
vt 0 0
vt 0 0
vt 0 0
vt 0 0
vt 0 0
vt 0 0
vt 0 0
vt 0 0
vt 0 0
vt 0 0
vt 0 0
vt 0 0
vt 0 0
vt 0 0
vt 0 0
vt 0 0
vt 0 0
vt 0 0
vt 0 0
vt 0 0
vt 0 0
vt 0 0
vt 0 0
vt 0 0
vt 0 0
vt 0 0
vt 0 0
vt 0 0
vt 0 0
vt 0 0
vt 0 0
vt 0 0
vt 0 0
vt 0 0
vt 0 0
vt 0 0
vt 0 0
vt 0 0
vt 0 0
vt 0 0
vt 0 0
vt 0 0
vt 0 0
vt 0 0
vt 0 0
vt 0 0
vt 0 0
vt 0 0
vt 0 0
vt 0 0
vt 0 0
vt 0 0
vt 0 0
vt 0 0
vt 0 0
vt 0 0
vt 0 0
vt 0 0
vt 0 0
vt 0 0
vt 0 0
vt 0 0
vt 0 0
vt 0 0
vt 0 0
vt 0 0
vt 0 0
vt 0 0
vt 0 0
vt 0 0
vt 0 0
vt 0 0
vt 0 0
vt 0 0
vt 0 0
vt 0 0
vt 0 0
vt 0 0
vt 0 0
vt 0 0
vt 0 0
vt 0 0
vt 0 0
vt 0 0
vt 0 0
vt 0 0
vt 0 0
vt 0 0
vt 0 0
vt 0 0
vt 0 0
vt 0 0
vt 0 0
vt 0 0
vt 0 0
vt 0 0
vt 0 0
vt 0 0
vt 0 0
vt 0 0
vt 0 0
vt 0 0
vt 0 0
vt 0 0
vt 0 0
vt 0 0
vt 0 0
vt 0 0
vt 0 0
vt 0 0
vt 0 0
vt 0 0
vt 0 0
vt 0 0
vt 0 0
vt 0 0
vt 0 0
vt 0 0
vt 0 0
vt 0 0
vt 0 0
vt 0 0
vt 0 0
vt 0 0
vt 0 0
vt 0 0
vt 0 0
vt 0 0
vt 0 0
vt 0 0
vt 0 0
vt 0 0
vt 0 0
vt 0 0
vt 0 0
vt 0 0
vt 0 0
vt 0 0
vt 0 0
vt 0 0
vt 0 0
vt 0 0
vt 0 0
vt 0 0
vt 0 0
vt 0 0
vt 0 0
vt 0 0
vt 0 0
vt 0 0
vt 0 0
vt 0 0
vt 0 0
vt 0 0
vt 0 0
vt 0 0
vt 0 0
vt 0 0
vt 0 0
vt 0 0
vt 0 0
vt 0 0
vt 0 0
vt 0 0
vt 0 0
vt 0 0
vt 0 0
vt 0 0
vt 0 0
vt 0 0
vt 0 0
vt 0 0
vt 0 0
vt 0 0
vt 0 0
vt 0 0
vt 0 0
vt 0 0
vt 0 0
vt 0 0
vt 0 0
vt 0 0
vt 0 0
vt 0 0
vt 0 0
vt 0 0
vt 0 0
vt 0 0
vt 0 0
vt 0 0
vt 0 0
vt 0 0
vt 0 0
vt 0 0
vt 0 0
vt 0 0
vt 0 0
vt 0 0
vt 0 0
vt 0 0
vt 0 0
vt 0 0
vt 0 0
vt 0 0
vt 0 0
vt 0 0
vt 0 0
vt 0 0
vt 0 0
vt 0 0
vt 0 0
vt 0 0
vt 0 0
vt 0 0
vt 0 0
vt 0 0
vt 0 0
vt 0 0
vt 0 0
vt 0 0
vt 0 0
vt 0 0
vt 0 0
vt 0 0
vt 0 0
vt 0 0
vt 0 0
vt 0 0
vt 0 0
vt 0 0
vt 0 0
vt 0 0
vt 0 0
vt 0 0
vt 0 0
vt 0 0
vt 0 0
vt 0 0
vt 0 0
vt 0 0
vt 0 0
vt 0 0
vt 0 0
vt 0 0
vt 0 0
vt 0 0
vt 0 0
vt 0 0
vt 0 0
vt 0 0
vt 0 0
vt 0 0
vt 0 0
vt 0 0
vt 0 0
vt 0 0
vt 0 0
vt 0 0
vt 0 0
vt 0 0
vt 0 0
vt 0 0
vt 0 0
vt 0 0
vt 0 0
vt 0 0
vt 0 0
vt 0 0
vt 0 0
vt 0 0
vt 0 0
vt 0 0
vt 0 0
vt 0 0
vt 0 0
vt 0 0
vt 0 0
vt 0 0
vt 0 0
vt 0 0
vt 0 0
vt 0 0
vt 0 0
vt 0 0
vt 0 0
vt 0 0
vt 0 0
vt 0 0
vt 0 0
vt 0 0
vt 0 0
vt 0 0
vt 0 0
vt 0 0
vt 0 0
vt 0 0
vt 0 0
vt 0 0
vt 0 0
vt 0 0
vt 0 0
vt 0 0
vt 0 0
vt 0 0
vt 0 0
vt 0 0
vt 0 0
vt 0 0
vt 0 0
vt 0 0
vt 0 0
vt 0 0
vt 0 0
vt 0 0
vt 0 0
vt 0 0
vt 0 0
vt 0 0
vt 0 0
vt 0 0
vt 0 0
vt 0 0
vt 0 0
vt 0 0
vt 0 0
vt 0 0
vt 0 0
vt 0 0
vt 0 0
vt 0 0
vt 0 0
vt 0 0
vt 0 0
vt 0 0
vt 0 0
vt 0 0
vt 0 0
vt 0 0
vt 0 0
vt 0 0
vt 0 0
vt 0 0
vt 0 0
vt 0 0
vt 0 0
vt 0 0
vt 0 0
vt 0 0
vt 0 0
vt 0 0
vt 0 0
vt 0 0
vt 0 0
vt 0 0
vt 0 0
vt 0 0
vt 0 0
vt 0 0
vt 0 0
vt 0 0
vt 0 0
vt 0 0
vt 0 0
vt 0 0
vt 0 0
vt 0 0
vt 0 0
vt 0 0
vt 0 0
vt 0 0
vt 0 0
vt 0 0
vt 0 0
vt 0 0
vt 0 0
vt 0 0
vt 0 0
vt 0 0
vt 0 0
vt 0 0
vt 0 0
vt 0 0
vt 0 0
vt 0 0
vt 0 0
vt 0 0
vt 0 0
vt 0 0
vt 0 0
vt 0 0
vt 0 0
vt 0 0
vt 0 0
vt 0 0
vt 0 0
vt 0 0
vt 0 0
vt 0 0
vt 0 0
vt 0 0
vt 0 0
vt 0 0
vt 0 0
vt 0 0
vt 0 0
vt 0 0
vt 0 0
vt 0 0
vt 0 0
vt 0 0
vt 0 0
vt 0 0
vt 0 0
vt 0 0
vt 0 0
vt 0 0
vt 0 0
vt 0 0
vt 0 0
vt 0 0
vt 0 0
vt 0 0
vt 0 0
vt 0 0
vt 0 0
vt 0 0
vt 0 0
vt 0 0
vt 0 0
vt 0 0
vt 0 0
vt 0 0
vt 0 0
vt 0 0
vt 0 0
vt 0 0
vt 0 0
vt 0 0
vt 0 0
vt 0 0
vt 0 0
vt 0 0
vt 0 0
vt 0 0
vt 0 0
vt 0 0
vt 0 0
vt 0 0
vt 0 0
vt 0 0
vt 0 0
vt 0 0
vt 0 0
vt 0 0
vt 0 0
vt 0 0
vt 0 0
vt 0 0
vt 0 0
vt 0 0
vt 0 0
vt 0 0
vt 0 0
vt 0 0
vt 0 0
vt 0 0
vt 0 0
vt 0 0
vt 0 0
vt 0 0
vt 0 0
vt 0 0
vt 0 0
vt 0 0
vt 0 0
vt 0 0
vt 0 0
vt 0 0
vt 0 0
vt 0 0
vt 0 0
vt 0 0
vt 0 0
vt 0 0
vt 0 0
vt 0 0
vt 0 0
vt 0 0
vt 0 0
vt 0 0
vt 0 0
vt 0 0
vt 0 0
vt 0 0
vt 0 0
vt 0 0
vt 0 0
vt 0 0
vt 0 0
vt 0 0
vt 0 0
vt 0 0
vt 0 0
vt 0 0
vt 0 0
vt 0 0
vt 0 0
vt 0 0
vt 0 0
vt 0 0
vt 0 0
vt 0 0
vt 0 0
vt 0 0
vt 0 0
vt 0 0
vt 0 0
vt 0 0
vt 0 0
vt 0 0
vt 0 0
vt 0 0
vt 0 0
vt 0 0
vt 0 0
vt 0 0
vt 0 0
vt 0 0
vt 0 0
vt 0 0
vt 0 0
vt 0 0
vt 0 0
vt 0 0
vt 0 0
vt 0 0
vt 0 0
vt 0 0
vt 0 0
vt 0 0
vt 0 0
vt 0 0
vt 0 0
vt 0 0
vt 0 0
vt 0 0
vt 0 0
vt 0 0
vt 0 0
vt 0 0
vt 0 0
vt 0 0
vt 0 0
vt 0 0
vt 0 0
vt 0 0
vt 0 0
vt 0 0
vt 0 0
vt 0 0
vt 0 0
vt 0 0
vt 0 0
vt 0 0
vt 0 0
vt 0 0
vt 0 0
vt 0 0
vt 0 0
vt 0 0
vt 0 0
vt 0 0
vt 0 0
vt 0 0
vt 0 0
vt 0 0
vt 0 0
vt 0 0
vt 0 0
vt 0 0
vt 0 0
vt 0 0
vt 0 0
vt 0 0
vt 0 0
vt 0 0
vt 0 0
vt 0 0
vt 0 0
vt 0 0
vt 0 0
vt 0 0
vt 0 0
vt 0 0
vt 0 0
vt 0 0
vt 0 0
vt 0 0
vt 0 0
vt 0 0
vt 0 0
vt 0 0
vt 0 0
vt 0 0
vt 0 0
vt 0 0
vt 0 0
vt 0 0
vt 0 0
vt 0 0
vt 0 0
vt 0 0
vt 0 0
vt 0 0
vt 0 0
vt 0 0
vt 0 0
vt 0 0
vt 0 0
vt 0 0
vt 0 0
vt 0 0
vt 0 0
vt 0 0
vt 0 0
vt 0 0
vn 0.5417 -0.7071 0.4545
vn 0.5417 -0.7071 0.4545
vn 0.5417 -0.7071 0.4545
vn 0.5417 -0.7071 0.4545
vn 0.5417 -0.7071 0.4545
vn 0.5417 -0.7071 0.4545
vn 0.5417 -0.7071 0.4545
vn 0.1228 -0.7071 0.6964
vn 0.1228 -0.7071 0.6964
vn 0.1228 -0.7071 0.6964
vn 0.1228 -0.7071 0.6964
vn 0.1228 -0.7071 0.6964
vn 0.1228 -0.7071 0.6964
vn 0.1228 -0.7071 0.6964
vn -0.5417 -0.7071 -0.4545
vn -0.5417 -0.7071 -0.4545
vn -0.5417 -0.7071 -0.4545
vn -0.5417 -0.7071 -0.4545
vn -0.5417 -0.7071 -0.4545
vn -0.5417 -0.7071 -0.4545
vn -0.5417 -0.7071 -0.4545
vn -0.1228 -0.7071 -0.6964
vn -0.1228 -0.7071 -0.6964
vn -0.1228 -0.7071 -0.6964
vn -0.1228 -0.7071 -0.6964
vn -0.1228 -0.7071 -0.6964
vn -0.1228 -0.7071 -0.6964
vn -0.1228 -0.7071 -0.6964
vn 0.3536 -0.7071 -0.6124
vn 0.3536 -0.7071 -0.6124
vn 0.3536 -0.7071 -0.6124
vn 0.3536 -0.7071 -0.6124
vn 0.3536 -0.7071 -0.6124
vn 0.3536 -0.7071 -0.6124
vn 0.3536 -0.7071 -0.6124
vn -0.3536 -0.7071 0.6124
vn -0.3536 -0.7071 0.6124
vn -0.3536 -0.7071 0.6124
vn -0.3536 -0.7071 0.6124
vn -0.3536 -0.7071 0.6124
vn -0.3536 -0.7071 0.6124
vn -0.3536 -0.7071 0.6124
vn -0.6645 -0.7071 -0.2418
vn -0.6645 -0.7071 -0.2418
vn -0.6645 -0.7071 -0.2418
vn -0.6645 -0.7071 -0.2418
vn -0.6645 -0.7071 -0.2418
vn -0.6645 -0.7071 -0.2418
vn -0.6645 -0.7071 -0.2418
vn 0.6645 -0.7071 -0.2418
vn 0.6645 -0.7071 -0.2418
vn 0.6645 -0.7071 -0.2418
vn 0.6645 -0.7071 -0.2418
vn 0.6645 -0.7071 -0.2418
vn 0.6645 -0.7071 -0.2418
vn 0.6645 -0.7071 -0.2418
vn -0.6645 -0.7071 0.2418
vn -0.6645 -0.7071 0.2418
vn -0.6645 -0.7071 0.2418
vn -0.6645 -0.7071 0.2418
vn -0.6645 -0.7071 0.2418
vn -0.6645 -0.7071 0.2418
vn -0.6645 -0.7071 0.2418
vn 0.6645 -0.7071 0.2418
vn 0.6645 -0.7071 0.2418
vn 0.6645 -0.7071 0.2418
vn 0.6645 -0.7071 0.2418
vn 0.6645 -0.7071 0.2418
vn 0.6645 -0.7071 0.2418
vn 0.6645 -0.7071 0.2418
vn 0.3536 -0.7071 0.6124
vn 0.3536 -0.7071 0.6124
vn 0.3536 -0.7071 0.6124
vn 0.3536 -0.7071 0.6124
vn 0.3536 -0.7071 0.6124
vn 0.3536 -0.7071 0.6124
vn 0.3536 -0.7071 0.6124
vn -0.3536 -0.7071 -0.6124
vn -0.3536 -0.7071 -0.6124
vn -0.3536 -0.7071 -0.6124
vn -0.3536 -0.7071 -0.6124
vn -0.3536 -0.7071 -0.6124
vn -0.3536 -0.7071 -0.6124
vn -0.3536 -0.7071 -0.6124
vn 0.5417 -0.7071 -0.4545
vn 0.5417 -0.7071 -0.4545
vn 0.5417 -0.7071 -0.4545
vn 0.5417 -0.7071 -0.4545
vn 0.5417 -0.7071 -0.4545
vn 0.5417 -0.7071 -0.4545
vn 0.5417 -0.7071 -0.4545
vn -0.1228 -0.7071 0.6964
vn -0.1228 -0.7071 0.6964
vn -0.1228 -0.7071 0.6964
vn -0.1228 -0.7071 0.6964
vn -0.1228 -0.7071 0.6964
vn -0.1228 -0.7071 0.6964
vn -0.1228 -0.7071 0.6964
vn 0.1228 -0.7071 -0.6964
vn 0.1228 -0.7071 -0.6964
vn 0.1228 -0.7071 -0.6964
vn 0.1228 -0.7071 -0.6964
vn 0.1228 -0.7071 -0.6964
vn 0.1228 -0.7071 -0.6964
vn 0.1228 -0.7071 -0.6964
vn -0.5417 -0.7071 0.4545
vn -0.5417 -0.7071 0.4545
vn -0.5417 -0.7071 0.4545
vn -0.5417 -0.7071 0.4545
vn -0.5417 -0.7071 0.4545
vn -0.5417 -0.7071 0.4545
vn -0.5417 -0.7071 0.4545
vn 0.7071 -0.7071 -0
vn 0.7071 -0.7071 -0
vn 0.7071 -0.7071 -0
vn 0.7071 -0.7071 -0
vn 0.7071 -0.7071 -0
vn 0.7071 -0.7071 -0
vn 0.7071 -0.7071 -0
vn -0.7071 -0.7071 -0
vn -0.7071 -0.7071 -0
vn -0.7071 -0.7071 -0
vn -0.7071 -0.7071 -0
vn -0.7071 -0.7071 -0
vn -0.7071 -0.7071 -0
vn -0.7071 -0.7071 -0
vn 0.491 -0.2966 -0.8191
vn 0.491 -0.2966 -0.8191
vn 0.491 -0.2966 -0.8191
vn 0.5689 -0.2966 -0.7671
vn 0.5689 -0.2966 -0.7671
vn 0.5689 -0.2966 -0.7671
vn 0.5689 -0.2966 -0.7671
vn 0.5689 -0.2966 -0.7671
vn 0.6414 -0.2965 -0.7076
vn 0.6414 -0.2965 -0.7076
vn 0.6414 -0.2965 -0.7076
vn 0.6413 -0.2966 -0.7076
vn 0.6413 -0.2966 -0.7076
vn 0.6413 -0.2966 -0.7076
vn 0.7076 -0.2966 -0.6413
vn 0.7076 -0.2966 -0.6413
vn 0.7076 -0.2966 -0.6413
vn 0.7076 -0.2966 -0.6414
vn 0.7076 -0.2966 -0.6414
vn 0.7076 -0.2966 -0.6414
vn 0.7671 -0.2966 -0.5689
vn 0.7671 -0.2966 -0.5689
vn 0.7671 -0.2966 -0.5689
vn -0.6414 -0.2965 0.7076
vn -0.6414 -0.2965 0.7076
vn -0.6414 -0.2965 0.7076
vn -0.5708 -0.5268 0.6298
vn -0.5708 -0.5268 0.6298
vn -0.5708 -0.5268 0.6298
vn -0.5708 -0.5268 0.6298
vn -0.4637 -0.7233 0.5117
vn -0.4637 -0.7233 0.5117
vn -0.4637 -0.7233 0.5117
vn -0.4637 -0.7233 0.5116
vn -0.4637 -0.7233 0.5116
vn -0.4637 -0.7233 0.5116
vn -0.3268 -0.8736 0.3606
vn -0.3268 -0.8736 0.3606
vn -0.3268 -0.8736 0.3606
vn -0.3268 -0.8736 0.3606
vn -0.1688 -0.9679 0.1863
vn -0.1688 -0.9679 0.1863
vn -0.1688 -0.9679 0.1863
vn -0.1689 -0.9679 0.1863
vn -0.1689 -0.9679 0.1863
vn -0.1689 -0.9679 0.1863
vn -0 -1 -0
vn -0 -1 -0
vn -0 -1 -0
vn -0 -1 -0
vn 0.1689 -0.9679 -0.1863
vn 0.1689 -0.9679 -0.1863
vn 0.1689 -0.9679 -0.1863
vn 0.1688 -0.9679 -0.1863
vn 0.1688 -0.9679 -0.1863
vn 0.1688 -0.9679 -0.1863
vn 0.3268 -0.8736 -0.3606
vn 0.3268 -0.8736 -0.3606
vn 0.3268 -0.8736 -0.3606
vn 0.3268 -0.8736 -0.3606
vn 0.4637 -0.7233 -0.5117
vn 0.4637 -0.7233 -0.5117
vn 0.4637 -0.7233 -0.5117
vn 0.4637 -0.7233 -0.5116
vn 0.4637 -0.7233 -0.5116
vn 0.4637 -0.7233 -0.5116
vn 0.5708 -0.5268 -0.6298
vn 0.5708 -0.5268 -0.6298
vn 0.5708 -0.5268 -0.6298
vn 0.5708 -0.5268 -0.6298
vn 0.6631 -0.1586 -0.7316
vn 0.6631 -0.1586 -0.7316
vn 0.6631 -0.1586 -0.7316
vn 0.6098 -0.2969 -0.7348
vn 0.6098 -0.2969 -0.7348
vn 0.6098 -0.2969 -0.7348
vn -0.7671 -0.2966 -0.5689
vn -0.7671 -0.2966 -0.5689
vn -0.7671 -0.2966 -0.5689
vn -0.6827 -0.5268 -0.5063
vn -0.6827 -0.5268 -0.5063
vn -0.6827 -0.5268 -0.5063
vn -0.6827 -0.5268 -0.5064
vn -0.6827 -0.5268 -0.5064
vn -0.6827 -0.5268 -0.5064
vn -0.5546 -0.7233 -0.4113
vn -0.5546 -0.7233 -0.4113
vn -0.5546 -0.7233 -0.4113
vn -0.5546 -0.7233 -0.4113
vn -0.3909 -0.8736 -0.2899
vn -0.3909 -0.8736 -0.2899
vn -0.3909 -0.8736 -0.2899
vn -0.3909 -0.8736 -0.2899
vn -0.2019 -0.9679 -0.1498
vn -0.2019 -0.9679 -0.1498
vn -0.2019 -0.9679 -0.1498
vn -0.202 -0.9679 -0.1498
vn -0.202 -0.9679 -0.1498
vn -0.202 -0.9679 -0.1498
vn -0 -1 -0
vn -0 -1 -0
vn -0 -1 -0
vn -0 -1 -0
vn 0.202 -0.9679 0.1498
vn 0.202 -0.9679 0.1498
vn 0.202 -0.9679 0.1498
vn 0.2019 -0.9679 0.1498
vn 0.2019 -0.9679 0.1498
vn 0.2019 -0.9679 0.1498
vn 0.3909 -0.8736 0.2899
vn 0.3909 -0.8736 0.2899
vn 0.3909 -0.8736 0.2899
vn 0.3909 -0.8736 0.2899
vn 0.5546 -0.7233 0.4113
vn 0.5546 -0.7233 0.4113
vn 0.5546 -0.7233 0.4113
vn 0.5546 -0.7233 0.4113
vn 0.6827 -0.5268 0.5064
vn 0.6827 -0.5268 0.5064
vn 0.6827 -0.5268 0.5064
vn 0.6827 -0.5268 0.5064
vn 0.7671 -0.2966 0.5689
vn 0.7671 -0.2966 0.5689
vn 0.7671 -0.2966 0.5689
vn 0.7671 -0.2966 0.5689
vn 0.7076 -0.2966 0.6413
vn 0.7076 -0.2966 0.6413
vn 0.7076 -0.2966 0.6413
vn 0.6298 -0.5268 0.5708
vn 0.6298 -0.5268 0.5708
vn 0.6298 -0.5268 0.5708
vn 0.6298 -0.5268 0.5708
vn 0.5116 -0.7233 0.4637
vn 0.5116 -0.7233 0.4637
vn 0.5116 -0.7233 0.4637
vn 0.5116 -0.7233 0.4637
vn 0.3606 -0.8736 0.3268
vn 0.3606 -0.8736 0.3268
vn 0.3606 -0.8736 0.3268
vn 0.3606 -0.8736 0.3268
vn 0.1863 -0.9679 0.1689
vn 0.1863 -0.9679 0.1689
vn 0.1863 -0.9679 0.1689
vn 0.1863 -0.9679 0.1689
vn -0 -1 -0
vn -0 -1 -0
vn -0.1863 -0.9679 -0.1689
vn -0.1863 -0.9679 -0.1689
vn -0.1863 -0.9679 -0.1689
vn -0.1863 -0.9679 -0.1689
vn -0.3606 -0.8736 -0.3268
vn -0.3606 -0.8736 -0.3268
vn -0.3606 -0.8736 -0.3268
vn -0.3606 -0.8736 -0.3268
vn -0.5116 -0.7233 -0.4637
vn -0.5116 -0.7233 -0.4637
vn -0.5116 -0.7233 -0.4637
vn -0.5116 -0.7233 -0.4637
vn -0.6298 -0.5268 -0.5708
vn -0.6298 -0.5268 -0.5708
vn -0.6298 -0.5268 -0.5708
vn -0.6298 -0.5268 -0.5708
vn -0.7076 -0.2966 -0.6413
vn -0.7076 -0.2966 -0.6413
vn -0.7076 -0.2966 -0.6413
vn -0.7076 -0.2966 -0.6413
vn 0.7671 -0.2966 -0.5689
vn 0.7671 -0.2966 -0.5689
vn 0.7671 -0.2966 -0.5689
vn 0.7076 -0.2966 -0.6413
vn 0.7076 -0.2966 -0.6413
vn 0.7076 -0.2966 -0.6413
vn 0.7076 -0.2966 -0.6413
vn 0.7076 -0.2966 -0.6413
vn 0.6452 -0.2967 -0.7041
vn 0.6452 -0.2967 -0.7041
vn 0.6452 -0.2967 -0.7041
vn -0.7076 -0.2966 0.6413
vn -0.7076 -0.2966 0.6413
vn -0.7076 -0.2966 0.6413
vn -0.6298 -0.5267 0.5708
vn -0.6298 -0.5267 0.5708
vn -0.6298 -0.5267 0.5708
vn -0.6298 -0.5268 0.5708
vn -0.6298 -0.5268 0.5708
vn -0.6298 -0.5268 0.5708
vn -0.5116 -0.7233 0.4637
vn -0.5116 -0.7233 0.4637
vn -0.5116 -0.7233 0.4637
vn -0.5117 -0.7233 0.4637
vn -0.5117 -0.7233 0.4637
vn -0.5117 -0.7233 0.4637
vn -0.3606 -0.8736 0.3268
vn -0.3606 -0.8736 0.3268
vn -0.3606 -0.8736 0.3268
vn -0.3606 -0.8736 0.3268
vn -0.1863 -0.9679 0.1689
vn -0.1863 -0.9679 0.1689
vn -0.1863 -0.9679 0.1689
vn -0.1863 -0.9679 0.1689
vn -0 -1 -0
vn -0 -1 -0
vn 0.1863 -0.9679 -0.1689
vn 0.1863 -0.9679 -0.1689
vn 0.1863 -0.9679 -0.1689
vn 0.1863 -0.9679 -0.1689
vn 0.3606 -0.8736 -0.3268
vn 0.3606 -0.8736 -0.3268
vn 0.3606 -0.8736 -0.3268
vn 0.3606 -0.8736 -0.3268
vn 0.5116 -0.7233 -0.4637
vn 0.5116 -0.7233 -0.4637
vn 0.5116 -0.7233 -0.4637
vn 0.5116 -0.7233 -0.4637
vn 0.6298 -0.5268 -0.5708
vn 0.6298 -0.5268 -0.5708
vn 0.6298 -0.5268 -0.5708
vn 0.6298 -0.5268 -0.5708
vn -0.5689 -0.2966 -0.7671
vn -0.5689 -0.2966 -0.7671
vn -0.5689 -0.2966 -0.7671
vn -0.5063 -0.5268 -0.6827
vn -0.5063 -0.5268 -0.6827
vn -0.5063 -0.5268 -0.6827
vn -0.5064 -0.5267 -0.6828
vn -0.5064 -0.5267 -0.6828
vn -0.5064 -0.5267 -0.6828
vn -0.4113 -0.7233 -0.5546
vn -0.4113 -0.7233 -0.5546
vn -0.4113 -0.7233 -0.5546
vn -0.4113 -0.7233 -0.5546
vn -0.2899 -0.8736 -0.3909
vn -0.2899 -0.8736 -0.3909
vn -0.2899 -0.8736 -0.3909
vn -0.2899 -0.8736 -0.3909
vn -0.1498 -0.9679 -0.202
vn -0.1498 -0.9679 -0.202
vn -0.1498 -0.9679 -0.202
vn -0.1498 -0.9679 -0.2019
vn -0.1498 -0.9679 -0.2019
vn -0.1498 -0.9679 -0.2019
vn -0 -1 -0
vn -0 -1 -0
vn -0 -1 -0
vn -0 -1 -0
vn 0.1498 -0.9679 0.2019
vn 0.1498 -0.9679 0.2019
vn 0.1498 -0.9679 0.2019
vn 0.1498 -0.9679 0.202
vn 0.1498 -0.9679 0.202
vn 0.1498 -0.9679 0.202
vn 0.2899 -0.8736 0.3909
vn 0.2899 -0.8736 0.3909
vn 0.2899 -0.8736 0.3909
vn 0.2899 -0.8736 0.3909
vn 0.4113 -0.7233 0.5546
vn 0.4113 -0.7233 0.5546
vn 0.4113 -0.7233 0.5546
vn 0.4113 -0.7233 0.5546
vn 0.5063 -0.5268 0.6827
vn 0.5063 -0.5268 0.6827
vn 0.5063 -0.5268 0.6827
vn 0.5064 -0.5267 0.6827
vn 0.5064 -0.5267 0.6827
vn 0.5064 -0.5267 0.6827
vn 0.5689 -0.2966 0.7671
vn 0.5689 -0.2966 0.7671
vn 0.5689 -0.2966 0.7671
vn 0.5689 -0.2966 0.7671
vn -0.8633 -0.2966 -0.4083
vn -0.8633 -0.2966 -0.4083
vn -0.8633 -0.2966 -0.4083
vn -0.8191 -0.2966 -0.491
vn -0.8191 -0.2966 -0.491
vn -0.8191 -0.2966 -0.491
vn -0.8191 -0.2966 -0.491
vn -0.8191 -0.2966 -0.491
vn -0.7671 -0.2966 -0.5689
vn 0.8574 0.0269 0.5139
vn 0.8574 0.0269 0.5139
vn 0.8574 0.0269 0.5139
vn 0.7291 -0.5268 0.437
vn 0.7291 -0.5268 0.437
vn 0.7291 -0.5268 0.437
vn 0.7291 -0.5268 0.437
vn 0.5923 -0.7233 0.355
vn 0.5923 -0.7233 0.355
vn 0.5923 -0.7233 0.355
vn 0.5923 -0.7233 0.355
vn 0.4174 -0.8736 0.2502
vn 0.4174 -0.8736 0.2502
vn 0.4174 -0.8736 0.2502
vn 0.4174 -0.8736 0.2502
vn 0.2157 -0.9679 0.1293
vn 0.2157 -0.9679 0.1293
vn 0.2157 -0.9679 0.1293
vn 0.2157 -0.9679 0.1293
vn -0 -1 -0
vn -0 -1 -0
vn -0.2157 -0.9679 -0.1293
vn -0.2157 -0.9679 -0.1293
vn -0.2157 -0.9679 -0.1293
vn -0.2156 -0.9679 -0.1293
vn -0.2156 -0.9679 -0.1293
vn -0.2156 -0.9679 -0.1293
vn -0.4174 -0.8736 -0.2502
vn -0.4174 -0.8736 -0.2502
vn -0.4174 -0.8736 -0.2502
vn -0.4174 -0.8736 -0.2502
vn -0.5923 -0.7233 -0.355
vn -0.5923 -0.7233 -0.355
vn -0.5923 -0.7233 -0.355
vn -0.5923 -0.7233 -0.355
vn -0.7291 -0.5268 -0.437
vn -0.7291 -0.5268 -0.437
vn -0.7291 -0.5268 -0.437
vn -0.7291 -0.5268 -0.437
vn -0.491 -0.2966 -0.8191
vn -0.491 -0.2966 -0.8191
vn -0.491 -0.2966 -0.8191
vn -0.437 -0.5267 -0.7291
vn -0.437 -0.5267 -0.7291
vn -0.437 -0.5267 -0.7291
vn -0.437 -0.5268 -0.7291
vn -0.437 -0.5268 -0.7291
vn -0.437 -0.5268 -0.7291
vn -0.355 -0.7233 -0.5923
vn -0.355 -0.7233 -0.5923
vn -0.355 -0.7233 -0.5923
vn -0.355 -0.7233 -0.5923
vn -0.2502 -0.8736 -0.4174
vn -0.2502 -0.8736 -0.4174
vn -0.2502 -0.8736 -0.4174
vn -0.2502 -0.8736 -0.4174
vn -0.1293 -0.9679 -0.2157
vn -0.1293 -0.9679 -0.2157
vn -0.1293 -0.9679 -0.2157
vn -0.1293 -0.9679 -0.2157
vn -0 -1 -0
vn -0 -1 -0
vn 0.1293 -0.9679 0.2157
vn 0.1293 -0.9679 0.2157
vn 0.1293 -0.9679 0.2157
vn 0.1293 -0.9679 0.2157
vn 0.2502 -0.8736 0.4174
vn 0.2502 -0.8736 0.4174
vn 0.2502 -0.8736 0.4174
vn 0.2502 -0.8736 0.4174
vn 0.355 -0.7233 0.5923
vn 0.355 -0.7233 0.5923
vn 0.355 -0.7233 0.5923
vn 0.355 -0.7233 0.5923
vn 0.437 -0.5268 0.7291
vn 0.437 -0.5268 0.7291
vn 0.437 -0.5268 0.7291
vn 0.437 -0.5268 0.7291
vn 0.491 -0.2966 0.8191
vn 0.491 -0.2966 0.8191
vn 0.491 -0.2966 0.8191
vn 0.491 -0.2966 0.8191
vn 0.7671 -0.2966 -0.5689
vn 0.6827 -0.5268 -0.5063
vn 0.6827 -0.5268 -0.5063
vn 0.6827 -0.5268 -0.5063
vn 0.6827 -0.5268 -0.5064
vn 0.6827 -0.5268 -0.5064
vn 0.6827 -0.5268 -0.5064
vn 0.5546 -0.7233 -0.4113
vn 0.5546 -0.7233 -0.4113
vn 0.5546 -0.7233 -0.4113
vn 0.5546 -0.7233 -0.4113
vn 0.3909 -0.8736 -0.2899
vn 0.3909 -0.8736 -0.2899
vn 0.3909 -0.8736 -0.2899
vn 0.3909 -0.8736 -0.2899
vn 0.2019 -0.9679 -0.1498
vn 0.2019 -0.9679 -0.1498
vn 0.2019 -0.9679 -0.1498
vn 0.202 -0.9679 -0.1498
vn 0.202 -0.9679 -0.1498
vn 0.202 -0.9679 -0.1498
vn -0 -1 -0
vn -0 -1 -0
vn -0.202 -0.9679 0.1498
vn -0.202 -0.9679 0.1498
vn -0.202 -0.9679 0.1498
vn -0.2019 -0.9679 0.1498
vn -0.2019 -0.9679 0.1498
vn -0.2019 -0.9679 0.1498
vn -0.3909 -0.8736 0.2899
vn -0.3909 -0.8736 0.2899
vn -0.3909 -0.8736 0.2899
vn -0.3909 -0.8736 0.2899
vn -0.5546 -0.7233 0.4113
vn -0.5546 -0.7233 0.4113
vn -0.5546 -0.7233 0.4113
vn -0.5546 -0.7233 0.4113
vn -0.6827 -0.5268 0.5064
vn -0.6827 -0.5268 0.5064
vn -0.6827 -0.5268 0.5064
vn -0.6827 -0.5268 0.5064
vn -0.7671 -0.2966 0.5689
vn -0.7671 -0.2966 0.5689
vn -0.7671 -0.2966 0.5689
vn -0.7671 -0.2966 0.5689
vn 0.8191 -0.2966 -0.491
vn 0.8191 -0.2966 -0.491
vn 0.8191 -0.2966 -0.491
vn 0.7291 -0.5268 -0.437
vn 0.7291 -0.5268 -0.437
vn 0.7291 -0.5268 -0.437
vn 0.7291 -0.5268 -0.437
vn 0.5923 -0.7233 -0.355
vn 0.5923 -0.7233 -0.355
vn 0.5923 -0.7233 -0.355
vn 0.5923 -0.7233 -0.355
vn 0.4174 -0.8736 -0.2502
vn 0.4174 -0.8736 -0.2502
vn 0.4174 -0.8736 -0.2502
vn 0.4174 -0.8736 -0.2502
vn 0.2156 -0.9679 -0.1293
vn 0.2156 -0.9679 -0.1293
vn 0.2156 -0.9679 -0.1293
vn 0.2157 -0.9679 -0.1293
vn 0.2157 -0.9679 -0.1293
vn 0.2157 -0.9679 -0.1293
vn -0 -1 -0
vn -0 -1 -0
vn -0.2157 -0.9679 0.1293
vn -0.2157 -0.9679 0.1293
vn -0.2157 -0.9679 0.1293
vn -0.2157 -0.9679 0.1293
vn -0.4174 -0.8736 0.2502
vn -0.4174 -0.8736 0.2502
vn -0.4174 -0.8736 0.2502
vn -0.4174 -0.8736 0.2502
vn -0.5923 -0.7233 0.355
vn -0.5923 -0.7233 0.355
vn -0.5923 -0.7233 0.355
vn -0.5923 -0.7233 0.355
vn -0.7291 -0.5268 0.437
vn -0.7291 -0.5268 0.437
vn -0.7291 -0.5268 0.437
vn -0.7291 -0.5268 0.437
vn -0.8191 -0.2966 0.491
vn -0.8191 -0.2966 0.491
vn -0.8191 -0.2966 0.491
vn -0.8191 -0.2966 0.491
vn 0.8633 -0.2966 -0.4083
vn 0.8633 -0.2966 -0.4083
vn 0.8633 -0.2966 -0.4083
vn 0.8633 -0.2966 -0.4083
vn 0.8633 -0.2966 -0.4083
vn 0.8992 -0.2966 -0.3217
vn 0.8992 -0.2966 -0.3217
vn 0.8992 -0.2966 -0.3217
vn 0.7684 -0.5268 -0.3634
vn 0.7684 -0.5268 -0.3634
vn 0.7684 -0.5268 -0.3634
vn 0.6242 -0.7233 -0.2952
vn 0.6242 -0.7233 -0.2952
vn 0.6242 -0.7233 -0.2952
vn 0.6242 -0.7233 -0.2952
vn 0.4399 -0.8736 -0.2081
vn 0.4399 -0.8736 -0.2081
vn 0.4399 -0.8736 -0.2081
vn 0.4399 -0.8736 -0.2081
vn 0.2273 -0.9679 -0.1075
vn 0.2273 -0.9679 -0.1075
vn 0.2273 -0.9679 -0.1075
vn 0.2273 -0.9679 -0.1075
vn -0 -1 -0
vn -0 -1 -0
vn -0.2273 -0.9679 0.1075
vn -0.2273 -0.9679 0.1075
vn -0.2273 -0.9679 0.1075
vn -0.2273 -0.9679 0.1075
vn -0.4399 -0.8736 0.2081
vn -0.4399 -0.8736 0.2081
vn -0.4399 -0.8736 0.2081
vn -0.4399 -0.8736 0.2081
vn -0.6242 -0.7233 0.2952
vn -0.6242 -0.7233 0.2952
vn -0.6242 -0.7233 0.2952
vn -0.6242 -0.7233 0.2952
vn -0.7684 -0.5268 0.3634
vn -0.7684 -0.5268 0.3634
vn -0.7684 -0.5268 0.3634
vn -0.7684 -0.5267 0.3634
vn -0.7684 -0.5267 0.3634
vn -0.7684 -0.5267 0.3634
vn -0.8633 -0.2966 0.4083
vn -0.8633 -0.2966 0.4083
vn -0.8633 -0.2966 0.4083
vn -0.8633 -0.2966 0.4083
vn 0.3217 -0.2966 -0.8992
vn 0.3217 -0.2966 -0.8992
vn 0.3217 -0.2966 -0.8992
vn 0.2864 -0.5268 -0.8003
vn 0.2864 -0.5268 -0.8003
vn 0.2864 -0.5268 -0.8003
vn 0.2864 -0.5268 -0.8003
vn 0.2326 -0.7233 -0.6501
vn 0.2326 -0.7233 -0.6501
vn 0.2326 -0.7233 -0.6501
vn 0.2326 -0.7233 -0.6502
vn 0.2326 -0.7233 -0.6502
vn 0.2326 -0.7233 -0.6502
vn 0.1639 -0.8736 -0.4582
vn 0.1639 -0.8736 -0.4582
vn 0.1639 -0.8736 -0.4582
vn 0.164 -0.8736 -0.4582
vn 0.164 -0.8736 -0.4582
vn 0.164 -0.8736 -0.4582
vn 0.0847 -0.9679 -0.2367
vn 0.0847 -0.9679 -0.2367
vn 0.0847 -0.9679 -0.2367
vn 0.0847 -0.9679 -0.2367
vn -0 -1 -0
vn -0 -1 -0
vn -0 -1 -0
vn -0 -1 -0
vn -0.0847 -0.9679 0.2367
vn -0.0847 -0.9679 0.2367
vn -0.0847 -0.9679 0.2367
vn -0.0847 -0.9679 0.2367
vn -0.1639 -0.8736 0.4582
vn -0.1639 -0.8736 0.4582
vn -0.1639 -0.8736 0.4582
vn -0.1639 -0.8736 0.4582
vn -0.2326 -0.7233 0.6502
vn -0.2326 -0.7233 0.6502
vn -0.2326 -0.7233 0.6502
vn -0.2326 -0.7233 0.6501
vn -0.2326 -0.7233 0.6501
vn -0.2326 -0.7233 0.6501
vn -0.2863 -0.5268 0.8003
vn -0.2863 -0.5268 0.8003
vn -0.2863 -0.5268 0.8003
vn -0.2864 -0.5267 0.8003
vn -0.2864 -0.5267 0.8003
vn -0.2864 -0.5267 0.8003
vn -0.3217 -0.2966 0.8992
vn -0.3217 -0.2966 0.8992
vn -0.3217 -0.2966 0.8992
vn -0.3217 -0.2966 0.8992
vn 0.4083 -0.2966 -0.8633
vn 0.4083 -0.2966 -0.8633
vn 0.4083 -0.2966 -0.8633
vn 0.4083 -0.2965 -0.8633
vn 0.4083 -0.2965 -0.8633
vn 0.4083 -0.2965 -0.8633
vn 0.4083 -0.2966 -0.8633
vn 0.4083 -0.2966 -0.8633
vn 0.491 -0.2966 -0.8191
vn 0.491 -0.2966 -0.8191
vn 0.491 -0.2966 -0.8191
vn 0.3634 -0.5268 -0.7684
vn 0.3634 -0.5268 -0.7684
vn 0.3634 -0.5268 -0.7684
vn 0.2952 -0.7233 -0.6242
vn 0.2952 -0.7233 -0.6242
vn 0.2952 -0.7233 -0.6242
vn 0.2952 -0.7233 -0.6242
vn 0.2081 -0.8736 -0.4399
vn 0.2081 -0.8736 -0.4399
vn 0.2081 -0.8736 -0.4399
vn 0.2081 -0.8736 -0.4399
vn 0.1075 -0.9679 -0.2273
vn 0.1075 -0.9679 -0.2273
vn 0.1075 -0.9679 -0.2273
vn 0.1075 -0.9679 -0.2273
vn -0 -1 -0
vn -0 -1 -0
vn -0.1075 -0.9679 0.2273
vn -0.1075 -0.9679 0.2273
vn -0.1075 -0.9679 0.2273
vn -0.1075 -0.9679 0.2273
vn -0.2081 -0.8736 0.4399
vn -0.2081 -0.8736 0.4399
vn -0.2081 -0.8736 0.4399
vn -0.2081 -0.8736 0.4399
vn -0.2952 -0.7233 0.6242
vn -0.2952 -0.7233 0.6242
vn -0.2952 -0.7233 0.6242
vn -0.2952 -0.7233 0.6242
vn -0.3634 -0.5268 0.7684
vn -0.3634 -0.5268 0.7684
vn -0.3634 -0.5268 0.7684
vn -0.3634 -0.5268 0.7684
vn -0.4083 -0.2966 0.8633
vn -0.4083 -0.2966 0.8633
vn -0.4083 -0.2966 0.8633
vn -0.4083 -0.2966 0.8633
vn -0.232 -0.2966 0.9264
vn -0.232 -0.2966 0.9264
vn -0.232 -0.2966 0.9264
vn -0.2065 -0.5268 0.8245
vn -0.2065 -0.5268 0.8245
vn -0.2065 -0.5268 0.8245
vn -0.2065 -0.5267 0.8246
vn -0.2065 -0.5267 0.8246
vn -0.2065 -0.5267 0.8246
vn -0.1678 -0.7233 0.6698
vn -0.1678 -0.7233 0.6698
vn -0.1678 -0.7233 0.6698
vn -0.1678 -0.7233 0.6698
vn -0.1182 -0.8736 0.472
vn -0.1182 -0.8736 0.472
vn -0.1182 -0.8736 0.472
vn -0.1182 -0.8736 0.4721
vn -0.1182 -0.8736 0.4721
vn -0.1182 -0.8736 0.4721
vn -0.0611 -0.9679 0.2439
vn -0.0611 -0.9679 0.2439
vn -0.0611 -0.9679 0.2439
vn -0.0611 -0.9679 0.2439
vn -0 -1 -0
vn -0 -1 -0
vn 0.0611 -0.9679 -0.2439
vn 0.0611 -0.9679 -0.2439
vn 0.0611 -0.9679 -0.2439
vn 0.0611 -0.9679 -0.2439
vn 0.1183 -0.8736 -0.4721
vn 0.1183 -0.8736 -0.4721
vn 0.1183 -0.8736 -0.4721
vn 0.1182 -0.8736 -0.4721
vn 0.1182 -0.8736 -0.4721
vn 0.1182 -0.8736 -0.4721
vn 0.1678 -0.7233 -0.6698
vn 0.1678 -0.7233 -0.6698
vn 0.1678 -0.7233 -0.6698
vn 0.1678 -0.7233 -0.6698
vn 0.2065 -0.5268 -0.8245
vn 0.2065 -0.5268 -0.8245
vn 0.2065 -0.5268 -0.8245
vn 0.2065 -0.5268 -0.8245
vn 0.2321 -0.2966 -0.9264
vn 0.2321 -0.2966 -0.9264
vn 0.2321 -0.2966 -0.9264
vn 0.232 -0.2966 -0.9264
vn 0.232 -0.2966 -0.9264
vn 0.232 -0.2966 -0.9264
vn -0.491 -0.2966 0.8191
vn -0.491 -0.2966 0.8191
vn -0.491 -0.2966 0.8191
vn -0.491 -0.2966 0.8191
vn -0.491 -0.2966 0.8191
vn -0.5689 -0.2966 0.7671
vn -0.5689 -0.2966 0.7671
vn -0.5689 -0.2966 0.7671
vn -0.5063 -0.5268 0.6827
vn -0.5063 -0.5268 0.6827
vn -0.5063 -0.5268 0.6827
vn -0.5064 -0.5267 0.6828
vn -0.5064 -0.5267 0.6828
vn -0.5064 -0.5267 0.6828
vn -0.4113 -0.7233 0.5546
vn -0.4113 -0.7233 0.5546
vn -0.4113 -0.7233 0.5546
vn -0.4113 -0.7233 0.5546
vn -0.2899 -0.8736 0.3909
vn -0.2899 -0.8736 0.3909
vn -0.2899 -0.8736 0.3909
vn -0.2899 -0.8736 0.3909
vn -0.1498 -0.9679 0.202
vn -0.1498 -0.9679 0.202
vn -0.1498 -0.9679 0.202
vn -0.1498 -0.9679 0.2019
vn -0.1498 -0.9679 0.2019
vn -0.1498 -0.9679 0.2019
vn -0 -1 -0
vn -0 -1 -0
vn 0.1498 -0.9679 -0.202
vn 0.1498 -0.9679 -0.202
vn 0.1498 -0.9679 -0.202
vn 0.1498 -0.9679 -0.2019
vn 0.1498 -0.9679 -0.2019
vn 0.1498 -0.9679 -0.2019
vn 0.2899 -0.8736 -0.3909
vn 0.2899 -0.8736 -0.3909
vn 0.2899 -0.8736 -0.3909
vn 0.2899 -0.8736 -0.3909
vn 0.4113 -0.7233 -0.5546
vn 0.4113 -0.7233 -0.5546
vn 0.4113 -0.7233 -0.5546
vn 0.4113 -0.7233 -0.5546
vn 0.5063 -0.5268 -0.6827
vn 0.5063 -0.5268 -0.6827
vn 0.5063 -0.5268 -0.6827
vn 0.5064 -0.5268 -0.6827
vn 0.5064 -0.5268 -0.6827
vn 0.5064 -0.5268 -0.6827
vn 0.5689 -0.2966 -0.7671
vn 0.5689 -0.2966 -0.7671
vn 0.5689 -0.2966 -0.7671
vn 0.5689 -0.2966 -0.7671
vn 0.491 -0.2966 -0.8191
vn 0.437 -0.5268 -0.7291
vn 0.437 -0.5268 -0.7291
vn 0.437 -0.5268 -0.7291
vn 0.437 -0.5268 -0.7291
vn 0.355 -0.7233 -0.5923
vn 0.355 -0.7233 -0.5923
vn 0.355 -0.7233 -0.5923
vn 0.355 -0.7233 -0.5923
vn 0.2502 -0.8736 -0.4174
vn 0.2502 -0.8736 -0.4174
vn 0.2502 -0.8736 -0.4174
vn 0.2502 -0.8736 -0.4174
vn 0.1293 -0.9679 -0.2157
vn 0.1293 -0.9679 -0.2157
vn 0.1293 -0.9679 -0.2157
vn 0.1293 -0.9679 -0.2157
vn -0.1293 -0.9679 0.2157
vn -0.1293 -0.9679 0.2157
vn -0.1293 -0.9679 0.2157
vn -0.1292 -0.9679 0.2157
vn -0.1292 -0.9679 0.2157
vn -0.1292 -0.9679 0.2157
vn -0.2502 -0.8736 0.4174
vn -0.2502 -0.8736 0.4174
vn -0.2502 -0.8736 0.4174
vn -0.2502 -0.8736 0.4174
vn -0.355 -0.7233 0.5923
vn -0.355 -0.7233 0.5923
vn -0.355 -0.7233 0.5923
vn -0.355 -0.7233 0.5923
vn -0.437 -0.5268 0.7291
vn -0.437 -0.5268 0.7291
vn -0.437 -0.5268 0.7291
vn -0.437 -0.5267 0.7291
vn -0.437 -0.5267 0.7291
vn -0.437 -0.5267 0.7291
vn -0.9539 -0.2966 0.0469
vn -0.9539 -0.2966 0.0469
vn -0.9539 -0.2966 0.0469
vn -0.849 -0.5268 0.0417
vn -0.849 -0.5268 0.0417
vn -0.849 -0.5268 0.0417
vn -0.849 -0.5268 0.0417
vn -0.6897 -0.7233 0.0339
vn -0.6897 -0.7233 0.0339
vn -0.6897 -0.7233 0.0339
vn -0.6897 -0.7233 0.0339
vn -0.4861 -0.8736 0.0239
vn -0.4861 -0.8736 0.0239
vn -0.4861 -0.8736 0.0239
vn -0.4861 -0.8736 0.0239
vn -0.2511 -0.9679 0.0123
vn -0.2511 -0.9679 0.0123
vn -0.2511 -0.9679 0.0123
vn -0.2511 -0.9679 0.0123
vn -0 -1 -0
vn -0 -1 -0
vn -0 -1 -0
vn -0 -1 -0
vn 0.2511 -0.9679 -0.0123
vn 0.2511 -0.9679 -0.0123
vn 0.2511 -0.9679 -0.0123
vn 0.2511 -0.9679 -0.0123
vn 0.486 -0.8736 -0.0239
vn 0.486 -0.8736 -0.0239
vn 0.486 -0.8736 -0.0239
vn 0.4861 -0.8736 -0.0239
vn 0.4861 -0.8736 -0.0239
vn 0.4861 -0.8736 -0.0239
vn 0.6897 -0.7233 -0.0339
vn 0.6897 -0.7233 -0.0339
vn 0.6897 -0.7233 -0.0339
vn 0.6897 -0.7233 -0.0339
vn 0.849 -0.5268 -0.0417
vn 0.849 -0.5268 -0.0417
vn 0.849 -0.5268 -0.0417
vn 0.849 -0.5268 -0.0417
vn 0.9539 -0.2966 -0.0469
vn 0.9539 -0.2966 -0.0469
vn 0.9539 -0.2966 -0.0469
vn 0.9539 -0.2966 -0.0469
vn 0.0469 -0.2966 -0.9539
vn 0.0469 -0.2966 -0.9539
vn 0.0469 -0.2966 -0.9539
vn 0.0417 -0.5268 -0.849
vn 0.0417 -0.5268 -0.849
vn 0.0417 -0.5268 -0.849
vn 0.0417 -0.5268 -0.849
vn 0.0339 -0.7233 -0.6897
vn 0.0339 -0.7233 -0.6897
vn 0.0339 -0.7233 -0.6897
vn 0.0339 -0.7233 -0.6897
vn 0.0239 -0.8736 -0.4861
vn 0.0239 -0.8736 -0.4861
vn 0.0239 -0.8736 -0.4861
vn 0.0239 -0.8736 -0.4861
vn 0.0123 -0.9679 -0.2511
vn 0.0123 -0.9679 -0.2511
vn 0.0123 -0.9679 -0.2511
vn 0.0123 -0.9679 -0.2511
vn -0 -1 -0
vn -0 -1 -0
vn -0 -1 -0
vn -0 -1 -0
vn -0.0123 -0.9679 0.2511
vn -0.0123 -0.9679 0.2511
vn -0.0123 -0.9679 0.2511
vn -0.0123 -0.9679 0.2511
vn -0.0239 -0.8736 0.4861
vn -0.0239 -0.8736 0.4861
vn -0.0239 -0.8736 0.4861
vn -0.0239 -0.8736 0.4861
vn -0.0339 -0.7233 0.6897
vn -0.0339 -0.7233 0.6897
vn -0.0339 -0.7233 0.6897
vn -0.0339 -0.7233 0.6897
vn -0.0417 -0.5268 0.849
vn -0.0417 -0.5268 0.849
vn -0.0417 -0.5268 0.849
vn -0.0417 -0.5268 0.849
vn -0.0469 -0.2966 0.9539
vn -0.0469 -0.2966 0.9539
vn -0.0469 -0.2966 0.9539
vn -0.0469 -0.2966 0.9539
vn -0.9539 -0.2966 -0.0469
vn -0.9539 -0.2966 -0.0469
vn -0.9539 -0.2966 -0.0469
vn -0.849 -0.5268 -0.0417
vn -0.849 -0.5268 -0.0417
vn -0.849 -0.5268 -0.0417
vn -0.849 -0.5268 -0.0417
vn -0.6897 -0.7233 -0.0339
vn -0.6897 -0.7233 -0.0339
vn -0.6897 -0.7233 -0.0339
vn -0.6897 -0.7233 -0.0339
vn -0.4861 -0.8736 -0.0239
vn -0.4861 -0.8736 -0.0239
vn -0.4861 -0.8736 -0.0239
vn -0.4861 -0.8736 -0.0239
vn -0.2511 -0.9679 -0.0123
vn -0.2511 -0.9679 -0.0123
vn -0.2511 -0.9679 -0.0123
vn -0.2511 -0.9679 -0.0123
vn -0 -1 -0
vn -0 -1 -0
vn 0.2511 -0.9679 0.0123
vn 0.2511 -0.9679 0.0123
vn 0.2511 -0.9679 0.0123
vn 0.2511 -0.9679 0.0123
vn 0.4861 -0.8736 0.0239
vn 0.4861 -0.8736 0.0239
vn 0.4861 -0.8736 0.0239
vn 0.4861 -0.8736 0.0239
vn 0.6897 -0.7233 0.0339
vn 0.6897 -0.7233 0.0339
vn 0.6897 -0.7233 0.0339
vn 0.6897 -0.7233 0.0339
vn 0.849 -0.5268 0.0417
vn 0.849 -0.5268 0.0417
vn 0.849 -0.5268 0.0417
vn 0.849 -0.5268 0.0417
vn 0.9539 -0.2966 0.0469
vn 0.9539 -0.2966 0.0469
vn 0.9539 -0.2966 0.0469
vn 0.9539 -0.2966 0.0469
vn -0.9447 -0.2966 0.1401
vn -0.9447 -0.2966 0.1401
vn -0.9447 -0.2966 0.1401
vn -0.8408 -0.5268 0.1247
vn -0.8408 -0.5268 0.1247
vn -0.8408 -0.5268 0.1247
vn -0.8408 -0.5268 0.1247
vn -0.6831 -0.7233 0.1013
vn -0.6831 -0.7233 0.1013
vn -0.6831 -0.7233 0.1013
vn -0.683 -0.7233 0.1013
vn -0.683 -0.7233 0.1013
vn -0.683 -0.7233 0.1013
vn -0.4814 -0.8736 0.0714
vn -0.4814 -0.8736 0.0714
vn -0.4814 -0.8736 0.0714
vn -0.4814 -0.8736 0.0714
vn -0.2487 -0.9679 0.0369
vn -0.2487 -0.9679 0.0369
vn -0.2487 -0.9679 0.0369
vn -0.2487 -0.9679 0.0369
vn -0 -1 -0
vn -0 -1 -0
vn 0.2487 -0.9679 -0.0369
vn 0.2487 -0.9679 -0.0369
vn 0.2487 -0.9679 -0.0369
vn 0.2487 -0.9679 -0.0369
vn 0.4814 -0.8736 -0.0714
vn 0.4814 -0.8736 -0.0714
vn 0.4814 -0.8736 -0.0714
vn 0.4814 -0.8736 -0.0714
vn 0.683 -0.7233 -0.1013
vn 0.683 -0.7233 -0.1013
vn 0.683 -0.7233 -0.1013
vn 0.683 -0.7233 -0.1013
vn 0.8408 -0.5268 -0.1247
vn 0.8408 -0.5268 -0.1247
vn 0.8408 -0.5268 -0.1247
vn 0.8408 -0.5268 -0.1247
vn 0.988 -0.048 -0.1466
vn 0.988 -0.048 -0.1466
vn 0.988 -0.048 -0.1466
vn 0.9385 -0.2969 -0.1761
vn 0.9385 -0.2969 -0.1761
vn 0.9385 -0.2969 -0.1761
vn -0.1401 -0.2966 0.9447
vn -0.1401 -0.2966 0.9447
vn -0.1401 -0.2966 0.9447
vn -0.1247 -0.5268 0.8408
vn -0.1247 -0.5268 0.8408
vn -0.1247 -0.5268 0.8408
vn -0.1247 -0.5268 0.8408
vn -0.1013 -0.7233 0.6831
vn -0.1013 -0.7233 0.6831
vn -0.1013 -0.7233 0.6831
vn -0.1013 -0.7233 0.6831
vn -0.0714 -0.8736 0.4814
vn -0.0714 -0.8736 0.4814
vn -0.0714 -0.8736 0.4814
vn -0.0714 -0.8736 0.4814
vn -0.0369 -0.9679 0.2487
vn -0.0369 -0.9679 0.2487
vn -0.0369 -0.9679 0.2487
vn -0.0369 -0.9679 0.2487
vn 0.0369 -0.9679 -0.2487
vn 0.0369 -0.9679 -0.2487
vn 0.0369 -0.9679 -0.2487
vn 0.0369 -0.9679 -0.2487
vn 0.0714 -0.8736 -0.4814
vn 0.0714 -0.8736 -0.4814
vn 0.0714 -0.8736 -0.4814
vn 0.0714 -0.8736 -0.4814
vn 0.1013 -0.7233 -0.683
vn 0.1013 -0.7233 -0.683
vn 0.1013 -0.7233 -0.683
vn 0.1013 -0.7233 -0.6831
vn 0.1013 -0.7233 -0.6831
vn 0.1013 -0.7233 -0.6831
vn 0.1247 -0.5268 -0.8408
vn 0.1247 -0.5268 -0.8408
vn 0.1247 -0.5268 -0.8408
vn 0.1247 -0.5268 -0.8408
vn 0.1401 -0.2965 -0.9447
vn 0.1401 -0.2965 -0.9447
vn 0.1401 -0.2965 -0.9447
vn 0.1401 -0.2966 -0.9447
vn 0.1401 -0.2966 -0.9447
vn 0.1401 -0.2966 -0.9447
vn 0.9264 -0.2966 -0.232
vn 0.9264 -0.2966 -0.232
vn 0.9264 -0.2966 -0.232
vn 0.8245 -0.5268 -0.2065
vn 0.8245 -0.5268 -0.2065
vn 0.8245 -0.5268 -0.2065
vn 0.8245 -0.5268 -0.2065
vn 0.6698 -0.7233 -0.1678
vn 0.6698 -0.7233 -0.1678
vn 0.6698 -0.7233 -0.1678
vn 0.6698 -0.7233 -0.1678
vn 0.4721 -0.8736 -0.1182
vn 0.4721 -0.8736 -0.1182
vn 0.4721 -0.8736 -0.1182
vn 0.472 -0.8736 -0.1182
vn 0.472 -0.8736 -0.1182
vn 0.472 -0.8736 -0.1182
vn 0.2439 -0.9679 -0.0611
vn 0.2439 -0.9679 -0.0611
vn 0.2439 -0.9679 -0.0611
vn 0.2439 -0.9679 -0.0611
vn -0 -1 -0
vn -0 -1 -0
vn -0.2439 -0.9679 0.0611
vn -0.2439 -0.9679 0.0611
vn -0.2439 -0.9679 0.0611
vn -0.2439 -0.9679 0.0611
vn -0.4721 -0.8736 0.1182
vn -0.4721 -0.8736 0.1182
vn -0.4721 -0.8736 0.1182
vn -0.4721 -0.8736 0.1182
vn -0.6698 -0.7233 0.1678
vn -0.6698 -0.7233 0.1678
vn -0.6698 -0.7233 0.1678
vn -0.6698 -0.7233 0.1678
vn -0.8245 -0.5268 0.2065
vn -0.8245 -0.5268 0.2065
vn -0.8245 -0.5268 0.2065
vn -0.8245 -0.5268 0.2065
vn -0.9264 -0.2966 0.232
vn -0.9264 -0.2966 0.232
vn -0.9264 -0.2966 0.232
vn -0.9264 -0.2966 0.232
vn 0.8992 -0.2966 -0.3217
vn 0.8003 -0.5268 -0.2864
vn 0.8003 -0.5268 -0.2864
vn 0.8003 -0.5268 -0.2864
vn 0.8003 -0.5268 -0.2864
vn 0.6502 -0.7233 -0.2326
vn 0.6502 -0.7233 -0.2326
vn 0.6502 -0.7233 -0.2326
vn 0.6501 -0.7233 -0.2326
vn 0.6501 -0.7233 -0.2326
vn 0.6501 -0.7233 -0.2326
vn 0.4582 -0.8736 -0.1639
vn 0.4582 -0.8736 -0.1639
vn 0.4582 -0.8736 -0.1639
vn 0.4582 -0.8736 -0.1639
vn 0.2367 -0.9679 -0.0847
vn 0.2367 -0.9679 -0.0847
vn 0.2367 -0.9679 -0.0847
vn 0.2367 -0.9679 -0.0847
vn -0.2367 -0.9679 0.0847
vn -0.2367 -0.9679 0.0847
vn -0.2367 -0.9679 0.0847
vn -0.2367 -0.9679 0.0847
vn -0.4582 -0.8736 0.1639
vn -0.4582 -0.8736 0.1639
vn -0.4582 -0.8736 0.1639
vn -0.4582 -0.8736 0.1639
vn -0.6502 -0.7233 0.2326
vn -0.6502 -0.7233 0.2326
vn -0.6502 -0.7233 0.2326
vn -0.6501 -0.7233 0.2326
vn -0.6501 -0.7233 0.2326
vn -0.6501 -0.7233 0.2326
vn -0.8003 -0.5267 0.2864
vn -0.8003 -0.5267 0.2864
vn -0.8003 -0.5267 0.2864
vn -0.8003 -0.5268 0.2864
vn -0.8003 -0.5268 0.2864
vn -0.8003 -0.5268 0.2864
vn -0.8992 -0.2966 0.3217
vn -0.8992 -0.2966 0.3217
vn -0.8992 -0.2966 0.3217
vn -0.8992 -0.2966 0.3217
vn -0.8992 -0.2966 -0.3217
vn -0.8992 -0.2966 -0.3217
vn -0.8992 -0.2966 -0.3217
vn -0.8003 -0.5268 -0.2864
vn -0.8003 -0.5268 -0.2864
vn -0.8003 -0.5268 -0.2864
vn -0.8003 -0.5268 -0.2864
vn -0.6502 -0.7233 -0.2326
vn -0.6502 -0.7233 -0.2326
vn -0.6502 -0.7233 -0.2326
vn -0.6501 -0.7233 -0.2326
vn -0.6501 -0.7233 -0.2326
vn -0.6501 -0.7233 -0.2326
vn -0.4582 -0.8736 -0.1639
vn -0.4582 -0.8736 -0.1639
vn -0.4582 -0.8736 -0.1639
vn -0.4582 -0.8736 -0.1639
vn -0.2367 -0.9679 -0.0847
vn -0.2367 -0.9679 -0.0847
vn -0.2367 -0.9679 -0.0847
vn -0.2367 -0.9679 -0.0847
vn -0 -1 -0
vn -0 -1 -0
vn -0 -1 -0
vn -0 -1 -0
vn 0.2367 -0.9679 0.0847
vn 0.2367 -0.9679 0.0847
vn 0.2367 -0.9679 0.0847
vn 0.2367 -0.9679 0.0847
vn 0.4582 -0.8736 0.1639
vn 0.4582 -0.8736 0.1639
vn 0.4582 -0.8736 0.1639
vn 0.4582 -0.8736 0.1639
vn 0.6502 -0.7233 0.2326
vn 0.6502 -0.7233 0.2326
vn 0.6502 -0.7233 0.2326
vn 0.6501 -0.7233 0.2326
vn 0.6501 -0.7233 0.2326
vn 0.6501 -0.7233 0.2326
vn 0.8003 -0.5268 0.2864
vn 0.8003 -0.5268 0.2864
vn 0.8003 -0.5268 0.2864
vn 0.8003 -0.5268 0.2864
vn 0.8992 -0.2966 0.3217
vn 0.8992 -0.2966 0.3217
vn 0.8992 -0.2966 0.3217
vn 0.8992 -0.2966 0.3217
vn -0.3217 -0.2966 -0.8992
vn -0.3217 -0.2966 -0.8992
vn -0.3217 -0.2966 -0.8992
vn -0.2864 -0.5268 -0.8003
vn -0.2864 -0.5268 -0.8003
vn -0.2864 -0.5268 -0.8003
vn -0.2864 -0.5267 -0.8003
vn -0.2864 -0.5267 -0.8003
vn -0.2864 -0.5267 -0.8003
vn -0.2326 -0.7233 -0.6502
vn -0.2326 -0.7233 -0.6502
vn -0.2326 -0.7233 -0.6502
vn -0.2326 -0.7233 -0.6501
vn -0.2326 -0.7233 -0.6501
vn -0.2326 -0.7233 -0.6501
vn -0.1639 -0.8736 -0.4582
vn -0.1639 -0.8736 -0.4582
vn -0.1639 -0.8736 -0.4582
vn -0.164 -0.8736 -0.4582
vn -0.164 -0.8736 -0.4582
vn -0.164 -0.8736 -0.4582
vn -0.0847 -0.9679 -0.2367
vn -0.0847 -0.9679 -0.2367
vn -0.0847 -0.9679 -0.2367
vn -0.0847 -0.9679 -0.2367
vn -0 -1 -0
vn -0 -1 -0
vn -0 -1 -0
vn -0 -1 -0
vn 0.0847 -0.9679 0.2367
vn 0.0847 -0.9679 0.2367
vn 0.0847 -0.9679 0.2367
vn 0.0847 -0.9679 0.2367
vn 0.164 -0.8736 0.4582
vn 0.164 -0.8736 0.4582
vn 0.164 -0.8736 0.4582
vn 0.1639 -0.8736 0.4582
vn 0.1639 -0.8736 0.4582
vn 0.1639 -0.8736 0.4582
vn 0.2326 -0.7233 0.6502
vn 0.2326 -0.7233 0.6502
vn 0.2326 -0.7233 0.6502
vn 0.2326 -0.7233 0.6501
vn 0.2326 -0.7233 0.6501
vn 0.2326 -0.7233 0.6501
vn 0.2864 -0.5267 0.8003
vn 0.2864 -0.5267 0.8003
vn 0.2864 -0.5267 0.8003
vn 0.2863 -0.5268 0.8003
vn 0.2863 -0.5268 0.8003
vn 0.2863 -0.5268 0.8003
vn 0.3362 0.0643 0.9396
vn 0.3362 0.0643 0.9396
vn 0.3362 0.0643 0.9396
vn 0.3461 -0.2968 0.89
vn 0.3461 -0.2968 0.89
vn 0.3461 -0.2968 0.89
vn 0.4083 -0.2966 0.8633
vn 0.4083 -0.2966 0.8633
vn 0.4083 -0.2966 0.8633
vn 0.3634 -0.5268 0.7684
vn 0.3634 -0.5268 0.7684
vn 0.3634 -0.5268 0.7684
vn 0.3634 -0.5268 0.7684
vn 0.2952 -0.7233 0.6242
vn 0.2952 -0.7233 0.6242
vn 0.2952 -0.7233 0.6242
vn 0.2952 -0.7233 0.6242
vn 0.2081 -0.8736 0.4399
vn 0.2081 -0.8736 0.4399
vn 0.2081 -0.8736 0.4399
vn 0.2081 -0.8736 0.4399
vn 0.1075 -0.9679 0.2273
vn 0.1075 -0.9679 0.2273
vn 0.1075 -0.9679 0.2273
vn 0.1075 -0.9679 0.2273
vn -0.1075 -0.9679 -0.2273
vn -0.1075 -0.9679 -0.2273
vn -0.1075 -0.9679 -0.2273
vn -0.1075 -0.9679 -0.2273
vn -0.2081 -0.8736 -0.4399
vn -0.2081 -0.8736 -0.4399
vn -0.2081 -0.8736 -0.4399
vn -0.208 -0.8736 -0.4399
vn -0.208 -0.8736 -0.4399
vn -0.208 -0.8736 -0.4399
vn -0.2952 -0.7233 -0.6242
vn -0.2952 -0.7233 -0.6242
vn -0.2952 -0.7233 -0.6242
vn -0.2952 -0.7233 -0.6242
vn -0.3634 -0.5268 -0.7684
vn -0.3634 -0.5268 -0.7684
vn -0.3634 -0.5268 -0.7684
vn -0.3634 -0.5268 -0.7684
vn -0.4083 -0.2966 -0.8633
vn -0.4083 -0.2966 -0.8633
vn -0.4083 -0.2966 -0.8633
vn -0.4083 -0.2966 -0.8633
vn -0.8633 -0.2966 -0.4083
vn -0.7684 -0.5268 -0.3634
vn -0.7684 -0.5268 -0.3634
vn -0.7684 -0.5268 -0.3634
vn -0.7684 -0.5268 -0.3634
vn -0.6242 -0.7233 -0.2952
vn -0.6242 -0.7233 -0.2952
vn -0.6242 -0.7233 -0.2952
vn -0.6242 -0.7233 -0.2952
vn -0.4399 -0.8736 -0.2081
vn -0.4399 -0.8736 -0.2081
vn -0.4399 -0.8736 -0.2081
vn -0.4399 -0.8736 -0.2081
vn -0.2273 -0.9679 -0.1075
vn -0.2273 -0.9679 -0.1075
vn -0.2273 -0.9679 -0.1075
vn -0.2273 -0.9679 -0.1075
vn 0.2273 -0.9679 0.1075
vn 0.2273 -0.9679 0.1075
vn 0.2273 -0.9679 0.1075
vn 0.2273 -0.9679 0.1075
vn 0.4399 -0.8736 0.2081
vn 0.4399 -0.8736 0.2081
vn 0.4399 -0.8736 0.2081
vn 0.4399 -0.8736 0.2081
vn 0.6242 -0.7233 0.2952
vn 0.6242 -0.7233 0.2952
vn 0.6242 -0.7233 0.2952
vn 0.6242 -0.7233 0.2952
vn 0.7684 -0.5268 0.3634
vn 0.7684 -0.5268 0.3634
vn 0.7684 -0.5268 0.3634
vn 0.7684 -0.5268 0.3634
vn 0.8633 -0.2966 0.4083
vn 0.8633 -0.2966 0.4083
vn 0.8633 -0.2966 0.4083
vn 0.8633 -0.2966 0.4083
vn -0.1401 -0.2966 -0.9447
vn -0.1401 -0.2966 -0.9447
vn -0.1401 -0.2966 -0.9447
vn -0.1247 -0.5268 -0.8408
vn -0.1247 -0.5268 -0.8408
vn -0.1247 -0.5268 -0.8408
vn -0.1247 -0.5268 -0.8408
vn -0.1013 -0.7233 -0.6831
vn -0.1013 -0.7233 -0.6831
vn -0.1013 -0.7233 -0.6831
vn -0.1013 -0.7233 -0.683
vn -0.1013 -0.7233 -0.683
vn -0.1013 -0.7233 -0.683
vn -0.0714 -0.8736 -0.4814
vn -0.0714 -0.8736 -0.4814
vn -0.0714 -0.8736 -0.4814
vn -0.0714 -0.8736 -0.4814
vn -0.0369 -0.9679 -0.2487
vn -0.0369 -0.9679 -0.2487
vn -0.0369 -0.9679 -0.2487
vn -0.0369 -0.9679 -0.2487
vn -0 -1 -0
vn -0 -1 -0
vn -0 -1 -0
vn -0 -1 -0
vn 0.0369 -0.9679 0.2487
vn 0.0369 -0.9679 0.2487
vn 0.0369 -0.9679 0.2487
vn 0.0369 -0.9679 0.2487
vn 0.0714 -0.8736 0.4814
vn 0.0714 -0.8736 0.4814
vn 0.0714 -0.8736 0.4814
vn 0.0714 -0.8736 0.4814
vn 0.1013 -0.7233 0.683
vn 0.1013 -0.7233 0.683
vn 0.1013 -0.7233 0.683
vn 0.1013 -0.7233 0.6831
vn 0.1013 -0.7233 0.6831
vn 0.1013 -0.7233 0.6831
vn 0.1247 -0.5268 0.8408
vn 0.1247 -0.5268 0.8408
vn 0.1247 -0.5268 0.8408
vn 0.1247 -0.5268 0.8408
vn 0.1401 -0.2966 0.9447
vn 0.1401 -0.2966 0.9447
vn 0.1401 -0.2966 0.9447
vn 0.1401 -0.2966 0.9447
vn 0.9447 -0.2966 0.1401
vn 0.9447 -0.2966 0.1401
vn 0.9447 -0.2966 0.1401
vn 0.8408 -0.5268 0.1247
vn 0.8408 -0.5268 0.1247
vn 0.8408 -0.5268 0.1247
vn 0.8408 -0.5268 0.1247
vn 0.683 -0.7233 0.1013
vn 0.683 -0.7233 0.1013
vn 0.683 -0.7233 0.1013
vn 0.683 -0.7233 0.1013
vn 0.4814 -0.8736 0.0714
vn 0.4814 -0.8736 0.0714
vn 0.4814 -0.8736 0.0714
vn 0.4814 -0.8736 0.0714
vn 0.2487 -0.9679 0.0369
vn 0.2487 -0.9679 0.0369
vn 0.2487 -0.9679 0.0369
vn 0.2487 -0.9679 0.0369
vn -0 -1 -0
vn -0 -1 -0
vn -0.2487 -0.9679 -0.0369
vn -0.2487 -0.9679 -0.0369
vn -0.2487 -0.9679 -0.0369
vn -0.2487 -0.9679 -0.0369
vn -0.4814 -0.8736 -0.0714
vn -0.4814 -0.8736 -0.0714
vn -0.4814 -0.8736 -0.0714
vn -0.4814 -0.8736 -0.0714
vn -0.683 -0.7233 -0.1013
vn -0.683 -0.7233 -0.1013
vn -0.683 -0.7233 -0.1013
vn -0.683 -0.7233 -0.1013
vn -0.8408 -0.5268 -0.1247
vn -0.8408 -0.5268 -0.1247
vn -0.8408 -0.5268 -0.1247
vn -0.8408 -0.5268 -0.1247
vn -0.9447 -0.2966 -0.1401
vn -0.9447 -0.2966 -0.1401
vn -0.9447 -0.2966 -0.1401
vn -0.9447 -0.2966 -0.1401
vn -0.9264 -0.2966 -0.232
vn -0.9264 -0.2966 -0.232
vn -0.9264 -0.2966 -0.232
vn -0.8245 -0.5268 -0.2065
vn -0.8245 -0.5268 -0.2065
vn -0.8245 -0.5268 -0.2065
vn -0.8245 -0.5268 -0.2065
vn -0.6698 -0.7233 -0.1678
vn -0.6698 -0.7233 -0.1678
vn -0.6698 -0.7233 -0.1678
vn -0.6698 -0.7233 -0.1678
vn -0.4721 -0.8736 -0.1182
vn -0.4721 -0.8736 -0.1182
vn -0.4721 -0.8736 -0.1182
vn -0.4721 -0.8736 -0.1182
vn -0.2439 -0.9679 -0.0611
vn -0.2439 -0.9679 -0.0611
vn -0.2439 -0.9679 -0.0611
vn -0.2439 -0.9679 -0.0611
vn 0.2439 -0.9679 0.0611
vn 0.2439 -0.9679 0.0611
vn 0.2439 -0.9679 0.0611
vn 0.2439 -0.9679 0.0611
vn 0.4721 -0.8736 0.1182
vn 0.4721 -0.8736 0.1182
vn 0.4721 -0.8736 0.1182
vn 0.4721 -0.8736 0.1182
vn 0.6698 -0.7233 0.1678
vn 0.6698 -0.7233 0.1678
vn 0.6698 -0.7233 0.1678
vn 0.6698 -0.7233 0.1678
vn 0.8245 -0.5268 0.2065
vn 0.8245 -0.5268 0.2065
vn 0.8245 -0.5268 0.2065
vn 0.8245 -0.5268 0.2065
vn 0.9264 -0.2966 0.232
vn 0.9264 -0.2966 0.232
vn 0.9264 -0.2966 0.232
vn 0.9264 -0.2966 0.232
vn -0.3217 -0.2966 -0.8992
vn -0.232 -0.2966 -0.9264
vn -0.232 -0.2966 -0.9264
vn -0.232 -0.2966 -0.9264
vn -0.232 -0.2966 -0.9264
vn -0.232 -0.2966 -0.9264
vn -0.1401 -0.2966 -0.9447
vn -0.2065 -0.5267 -0.8246
vn -0.2065 -0.5267 -0.8246
vn -0.2065 -0.5267 -0.8246
vn -0.1678 -0.7233 -0.6698
vn -0.1678 -0.7233 -0.6698
vn -0.1678 -0.7233 -0.6698
vn -0.1678 -0.7233 -0.6698
vn -0.1182 -0.8736 -0.4721
vn -0.1182 -0.8736 -0.4721
vn -0.1182 -0.8736 -0.4721
vn -0.1182 -0.8736 -0.472
vn -0.1182 -0.8736 -0.472
vn -0.1182 -0.8736 -0.472
vn -0.0611 -0.9679 -0.2439
vn -0.0611 -0.9679 -0.2439
vn -0.0611 -0.9679 -0.2439
vn -0.0611 -0.9679 -0.2439
vn 0.0611 -0.9679 0.2439
vn 0.0611 -0.9679 0.2439
vn 0.0611 -0.9679 0.2439
vn 0.0611 -0.9679 0.2439
vn 0.1182 -0.8736 0.4721
vn 0.1182 -0.8736 0.4721
vn 0.1182 -0.8736 0.4721
vn 0.1182 -0.8736 0.4721
vn 0.1678 -0.7233 0.6698
vn 0.1678 -0.7233 0.6698
vn 0.1678 -0.7233 0.6698
vn 0.1678 -0.7233 0.6698
vn 0.2065 -0.5268 0.8245
vn 0.2065 -0.5268 0.8245
vn 0.2065 -0.5268 0.8245
vn 0.2065 -0.5268 0.8245
vn 0.232 -0.2966 0.9264
vn 0.232 -0.2966 0.9264
vn 0.232 -0.2966 0.9264
vn 0.232 -0.2966 0.9264
vn -0.5689 -0.2966 -0.7671
vn -0.6413 -0.2966 -0.7076
vn -0.6413 -0.2966 -0.7076
vn -0.6413 -0.2966 -0.7076
vn -0.491 -0.2966 -0.8191
vn -0.5689 -0.2966 -0.7671
vn -0.7671 -0.2966 0.5689
vn -0.7076 -0.2966 0.6414
vn -0.7076 -0.2966 0.6414
vn -0.7076 -0.2966 0.6414
vn 0.7671 -0.2966 0.5689
vn 0.7076 -0.2966 0.6413
vn 0.7671 -0.2966 -0.5689
vn 0.8191 -0.2966 -0.491
vn 0.232 -0.2966 -0.9264
vn 0.232 -0.2966 -0.9264
vn 0.3217 -0.2965 -0.8992
vn 0.3217 -0.2965 -0.8992
vn 0.3217 -0.2965 -0.8992
vn -0.232 -0.2966 0.9264
vn -0.1401 -0.2966 0.9447
vn 0.8992 -0.2966 -0.3217
vn 0.9264 -0.2966 -0.232
vn 0.4083 -0.2967 0.8633
vn 0.4083 -0.2967 0.8633
vn 0.4083 -0.2967 0.8633
vn 0.4083 -0.2966 0.8633
vn -0.9447 -0.2966 -0.1401
vn -0.9539 -0.2966 -0.0469
vn 0.9447 -0.2966 0.1401
vn 0.9447 -0.2966 0.1401
vn -0.7671 -0.2966 -0.5689
vn -0.6413 -0.2966 0.7076
vn -0.6413 -0.2966 0.7076
vn -0.6413 -0.2966 0.7076
vn -0.491 -0.2966 -0.8191
vn 0.7684 -0.5268 -0.3634
vn -0.232 -0.2966 0.9264
vn -0.5689 -0.2966 0.7671
vn 0.3634 -0.5268 -0.7684
vn 0.0469 -0.2965 -0.9539
vn 0.0469 -0.2965 -0.9539
vn 0.0469 -0.2965 -0.9539
vn -0.9447 -0.2966 0.1401
vn -0.9539 -0.2966 0.0469
vn -0.8992 -0.2966 -0.3217
vn 0.8347 -0.2969 0.4639
vn 0.8347 -0.2969 0.4639
vn 0.8347 -0.2969 0.4639
vn -0.1401 -0.2966 -0.9447
vn -0.9264 -0.2966 -0.232
vn -0.2065 -0.5268 -0.8245
vn -0.2065 -0.5268 -0.8245
vn -0.2065 -0.5268 -0.8245
vn 0.6413 -0.2966 0.7076
vn 0.6413 -0.2966 0.7076
vn 0.6413 -0.2966 0.7076
vn 0.5689 -0.2966 0.7671
vn -0.8191 -0.2966 0.491
vn 0.1401 -0.2966 -0.9447
vn 0.1401 -0.2966 -0.9447
vn 0.491 -0.2966 -0.8191
vn -0.5689 -0.2966 0.7671
vn 0.9539 -0.2966 -0.0469
vn -0.1401 -0.2966 0.9447
vn -0.9447 -0.2966 0.1401
vn 0.9461 -0.2967 -0.1298
vn 0.9461 -0.2967 -0.1298
vn 0.9461 -0.2967 -0.1298
vn -0.9264 -0.2966 0.232
vn 0.8992 -0.2966 0.3217
vn 0.8109 -0.2968 0.5043
vn 0.8109 -0.2968 0.5043
vn 0.8109 -0.2968 0.5043
vn 0.0469 -0.2966 0.9539
vn 0.0469 -0.2966 0.9539
vn 0.0469 -0.2966 0.9539
vn -0.9264 -0.2966 -0.232
vn 0.9264 -0.2966 0.232
vn 0.302 -0.2968 0.9059
vn 0.302 -0.2968 0.9059
vn 0.302 -0.2968 0.9059
vn 0.2321 -0.2966 0.9264
vn 0.2321 -0.2966 0.9264
vn 0.2321 -0.2966 0.9264
vn -0.6413 -0.2966 -0.7076
vn -0.5708 -0.5268 -0.6298
vn -0.5708 -0.5268 -0.6298
vn -0.5708 -0.5268 -0.6298
vn -0.5708 -0.5268 -0.6298
vn -0.4637 -0.7233 -0.5116
vn -0.4637 -0.7233 -0.5116
vn -0.4637 -0.7233 -0.5116
vn -0.4637 -0.7233 -0.5117
vn -0.4637 -0.7233 -0.5117
vn -0.4637 -0.7233 -0.5117
vn -0.3268 -0.8736 -0.3606
vn -0.3268 -0.8736 -0.3606
vn -0.3268 -0.8736 -0.3606
vn -0.3268 -0.8736 -0.3606
vn -0.1688 -0.9679 -0.1863
vn -0.1688 -0.9679 -0.1863
vn -0.1688 -0.9679 -0.1863
vn -0.1689 -0.9679 -0.1863
vn -0.1689 -0.9679 -0.1863
vn -0.1689 -0.9679 -0.1863
vn 0.1689 -0.9679 0.1863
vn 0.1689 -0.9679 0.1863
vn 0.1689 -0.9679 0.1863
vn 0.1688 -0.9679 0.1863
vn 0.1688 -0.9679 0.1863
vn 0.1688 -0.9679 0.1863
vn 0.3268 -0.8736 0.3606
vn 0.3268 -0.8736 0.3606
vn 0.3268 -0.8736 0.3606
vn 0.3268 -0.8736 0.3606
vn 0.4637 -0.7233 0.5116
vn 0.4637 -0.7233 0.5116
vn 0.4637 -0.7233 0.5116
vn 0.4637 -0.7233 0.5117
vn 0.4637 -0.7233 0.5117
vn 0.4637 -0.7233 0.5117
vn 0.5708 -0.5268 0.6298
vn 0.5708 -0.5268 0.6298
vn 0.5708 -0.5268 0.6298
vn 0.5708 -0.5268 0.6298
vn 0.6413 -0.2966 0.7076
vn 0.6413 -0.2967 0.7076
vn 0.6413 -0.2967 0.7076
vn 0.6413 -0.2967 0.7076
vn -0 -1 -0
vn -0 -1 -0
vn -0 -1 -0
vn -0 -1 -0
vn -0 -1 -0
vn -0 -1 -0
vn -0 -1 -0
vn -0 -1 -0
vn -0 -1 -0
vn -0 -1 -0
vn -0 -1 -0
vn -0 -1 -0
vn -0 -1 -0
vn -0 -1 -0
vn -0 -1 -0
vn -0 -1 -0
vn -0 -1 -0
vn -0 -1 -0
vn -0 -1 -0
vn -0 -1 -0
vn -0 -1 -0
vn -0 -1 -0
vn -0 -1 -0
vn -0 -1 -0
vn -0 -1 -0
vn -0 -1 -0
vn -0 -1 -0
vn -0 -1 -0
vn -0 -1 -0
vn -0 -1 -0
vn -0 -1 -0
vn -0 -1 -0
vn -0 -1 -0
vn -0 -1 -0
vn -0 -1 -0
vn -0 -1 -0
vn -0 -1 -0
vn -0 -1 -0
vn -0 -1 -0
vn -0 -1 -0
vn -0 -1 -0
vn -0 -1 -0
vn -0 -1 -0
vn -0 -1 -0
vn -0 -1 -0
vn -0 -1 -0
vn -0 -1 -0
vn -0 -1 -0
vn -0 -1 -0
vn -0 -1 -0
vn -0 -1 -0
vn -0 -1 -0
vn -0 -1 -0
vn -0 -1 -0
vn -0 -1 -0
vn -0 -1 -0
vn -0 -1 -0
vn -0 -1 -0
vn -0 -1 -0
vn -0 -1 -0
vn -0 -1 -0
vn -0 -1 -0
vn -0 -1 -0
vn -0 -1 -0
vn -0.0239 -0.8736 -0.4861
vn -0.0239 -0.8736 -0.4861
vn -0.0239 -0.8736 -0.4861
vn -0.0239 -0.8736 -0.4861
vn -0.0714 -0.8736 -0.4814
vn -0.0714 -0.8736 -0.4814
vn -0.0714 -0.8736 -0.4814
vn -0.0714 -0.8736 -0.4814
vn -0.1182 -0.8736 -0.4721
vn -0.1182 -0.8736 -0.4721
vn -0.1182 -0.8736 -0.4721
vn -0.1182 -0.8736 -0.4721
vn -0.164 -0.8736 -0.4582
vn -0.164 -0.8736 -0.4582
vn -0.164 -0.8736 -0.4582
vn -0.1639 -0.8736 -0.4582
vn -0.1639 -0.8736 -0.4582
vn -0.1639 -0.8736 -0.4582
vn -0.2081 -0.8736 -0.4399
vn -0.2081 -0.8736 -0.4399
vn -0.2081 -0.8736 -0.4399
vn -0.2081 -0.8736 -0.4399
vn -0.2502 -0.8736 -0.4174
vn -0.2502 -0.8736 -0.4174
vn -0.2502 -0.8736 -0.4174
vn -0.2502 -0.8736 -0.4174
vn -0.2899 -0.8736 -0.3909
vn -0.2899 -0.8736 -0.3909
vn -0.2899 -0.8736 -0.3909
vn -0.2899 -0.8736 -0.3909
vn -0.3268 -0.8736 -0.3606
vn -0.3268 -0.8736 -0.3606
vn -0.3268 -0.8736 -0.3606
vn -0.3268 -0.8736 -0.3606
vn -0.3606 -0.8736 -0.3268
vn -0.3606 -0.8736 -0.3268
vn -0.3606 -0.8736 -0.3268
vn -0.3606 -0.8736 -0.3268
vn -0.3909 -0.8736 -0.2899
vn -0.3909 -0.8736 -0.2899
vn -0.3909 -0.8736 -0.2899
vn -0.3909 -0.8736 -0.2899
vn -0.4174 -0.8736 -0.2502
vn -0.4174 -0.8736 -0.2502
vn -0.4174 -0.8736 -0.2502
vn -0.4174 -0.8736 -0.2502
vn -0.4399 -0.8736 -0.2081
vn -0.4399 -0.8736 -0.2081
vn -0.4399 -0.8736 -0.2081
vn -0.4399 -0.8736 -0.2081
vn -0.4582 -0.8736 -0.1639
vn -0.4582 -0.8736 -0.1639
vn -0.4582 -0.8736 -0.1639
vn -0.4582 -0.8736 -0.1639
vn -0.4721 -0.8736 -0.1182
vn -0.4721 -0.8736 -0.1182
vn -0.4721 -0.8736 -0.1182
vn -0.472 -0.8736 -0.1182
vn -0.472 -0.8736 -0.1182
vn -0.472 -0.8736 -0.1182
vn -0.4814 -0.8736 -0.0714
vn -0.4814 -0.8736 -0.0714
vn -0.4814 -0.8736 -0.0714
vn -0.4814 -0.8736 -0.0714
vn -0.4861 -0.8736 -0.0239
vn -0.4861 -0.8736 -0.0239
vn -0.4861 -0.8736 -0.0239
vn -0.4861 -0.8736 -0.0239
vn -0.486 -0.8736 0.0239
vn -0.486 -0.8736 0.0239
vn -0.486 -0.8736 0.0239
vn -0.4861 -0.8736 0.0239
vn -0.4861 -0.8736 0.0239
vn -0.4861 -0.8736 0.0239
vn -0.4814 -0.8736 0.0714
vn -0.4814 -0.8736 0.0714
vn -0.4814 -0.8736 0.0714
vn -0.4814 -0.8736 0.0714
vn -0.472 -0.8736 0.1182
vn -0.472 -0.8736 0.1182
vn -0.472 -0.8736 0.1182
vn -0.4721 -0.8736 0.1182
vn -0.4721 -0.8736 0.1182
vn -0.4721 -0.8736 0.1182
vn -0.4582 -0.8736 0.1639
vn -0.4582 -0.8736 0.1639
vn -0.4582 -0.8736 0.1639
vn -0.4582 -0.8736 0.1639
vn -0.4399 -0.8736 0.2081
vn -0.4399 -0.8736 0.2081
vn -0.4399 -0.8736 0.2081
vn -0.4399 -0.8736 0.2081
vn -0.4174 -0.8736 0.2502
vn -0.4174 -0.8736 0.2502
vn -0.4174 -0.8736 0.2502
vn -0.4174 -0.8736 0.2502
vn -0.3909 -0.8736 0.2899
vn -0.3909 -0.8736 0.2899
vn -0.3909 -0.8736 0.2899
vn -0.3909 -0.8736 0.2899
vn -0.3606 -0.8736 0.3268
vn -0.3606 -0.8736 0.3268
vn -0.3606 -0.8736 0.3268
vn -0.3606 -0.8736 0.3268
vn -0.3268 -0.8736 0.3606
vn -0.3268 -0.8736 0.3606
vn -0.3268 -0.8736 0.3606
vn -0.3268 -0.8736 0.3606
vn -0.2899 -0.8736 0.3909
vn -0.2899 -0.8736 0.3909
vn -0.2899 -0.8736 0.3909
vn -0.2899 -0.8736 0.3909
vn -0.2502 -0.8736 0.4174
vn -0.2502 -0.8736 0.4174
vn -0.2502 -0.8736 0.4174
vn -0.2502 -0.8736 0.4174
vn -0.2081 -0.8736 0.4399
vn -0.2081 -0.8736 0.4399
vn -0.2081 -0.8736 0.4399
vn -0.2081 -0.8736 0.4399
vn -0.164 -0.8736 0.4582
vn -0.164 -0.8736 0.4582
vn -0.164 -0.8736 0.4582
vn -0.1639 -0.8736 0.4582
vn -0.1639 -0.8736 0.4582
vn -0.1639 -0.8736 0.4582
vn -0.1183 -0.8736 0.4721
vn -0.1183 -0.8736 0.4721
vn -0.1183 -0.8736 0.4721
vn -0.1182 -0.8736 0.4721
vn -0.1182 -0.8736 0.4721
vn -0.1182 -0.8736 0.4721
vn -0.0714 -0.8736 0.4814
vn -0.0714 -0.8736 0.4814
vn -0.0714 -0.8736 0.4814
vn -0.0714 -0.8736 0.4814
vn -0.0239 -0.8736 0.4861
vn -0.0239 -0.8736 0.4861
vn -0.0239 -0.8736 0.4861
vn -0.0239 -0.8736 0.4861
vn 0.0239 -0.8736 0.4861
vn 0.0239 -0.8736 0.4861
vn 0.0239 -0.8736 0.4861
vn 0.0239 -0.8736 0.4861
vn -0.4637 -0.7233 0.5116
vn -0.4637 -0.7233 0.5116
vn -0.4637 -0.7233 0.5116
vn -0.5708 -0.5268 0.6298
vn -0.5708 -0.5268 0.6298
vn -0.5708 -0.5268 0.6298
vn -0.5708 -0.5268 0.6298
vn -0.6413 -0.2966 0.7076
vn -0.6413 -0.2966 0.7076
vn -0.6413 -0.2966 0.7076
vn -0.6413 -0.2966 0.7076
vn -0.0123 -0.9679 -0.2511
vn -0.0123 -0.9679 -0.2511
vn -0.0123 -0.9679 -0.2511
vn -0.0123 -0.9679 -0.2511
vn -0.0369 -0.9679 -0.2487
vn -0.0369 -0.9679 -0.2487
vn -0.0369 -0.9679 -0.2487
vn -0.0369 -0.9679 -0.2487
vn -0.0611 -0.9679 -0.2439
vn -0.0611 -0.9679 -0.2439
vn -0.0611 -0.9679 -0.2439
vn -0.0611 -0.9679 -0.2439
vn -0.0847 -0.9679 -0.2367
vn -0.0847 -0.9679 -0.2367
vn -0.0847 -0.9679 -0.2367
vn -0.0847 -0.9679 -0.2367
vn -0.1075 -0.9679 -0.2273
vn -0.1075 -0.9679 -0.2273
vn -0.1075 -0.9679 -0.2273
vn -0.1075 -0.9679 -0.2273
vn -0.1293 -0.9679 -0.2157
vn -0.1293 -0.9679 -0.2157
vn -0.1293 -0.9679 -0.2157
vn -0.1293 -0.9679 -0.2157
vn -0.1498 -0.9679 -0.2019
vn -0.1498 -0.9679 -0.2019
vn -0.1498 -0.9679 -0.2019
vn -0.1498 -0.9679 -0.202
vn -0.1498 -0.9679 -0.202
vn -0.1498 -0.9679 -0.202
vn -0.1689 -0.9679 -0.1863
vn -0.1689 -0.9679 -0.1863
vn -0.1689 -0.9679 -0.1863
vn -0.1688 -0.9679 -0.1863
vn -0.1688 -0.9679 -0.1863
vn -0.1688 -0.9679 -0.1863
vn -0.1863 -0.9679 -0.1689
vn -0.1863 -0.9679 -0.1689
vn -0.1863 -0.9679 -0.1689
vn -0.1863 -0.9679 -0.1689
vn -0.202 -0.9679 -0.1498
vn -0.202 -0.9679 -0.1498
vn -0.202 -0.9679 -0.1498
vn -0.2019 -0.9679 -0.1498
vn -0.2019 -0.9679 -0.1498
vn -0.2019 -0.9679 -0.1498
vn -0.2157 -0.9679 -0.1293
vn -0.2157 -0.9679 -0.1293
vn -0.2157 -0.9679 -0.1293
vn -0.2157 -0.9679 -0.1293
vn -0.2273 -0.9679 -0.1075
vn -0.2273 -0.9679 -0.1075
vn -0.2273 -0.9679 -0.1075
vn -0.2273 -0.9679 -0.1075
vn -0.2367 -0.9679 -0.0847
vn -0.2367 -0.9679 -0.0847
vn -0.2367 -0.9679 -0.0847
vn -0.2367 -0.9679 -0.0847
vn -0.2439 -0.9679 -0.0611
vn -0.2439 -0.9679 -0.0611
vn -0.2439 -0.9679 -0.0611
vn -0.2439 -0.9679 -0.0611
vn -0.2487 -0.9679 -0.0369
vn -0.2487 -0.9679 -0.0369
vn -0.2487 -0.9679 -0.0369
vn -0.2487 -0.9679 -0.0369
vn -0.2511 -0.9679 -0.0123
vn -0.2511 -0.9679 -0.0123
vn -0.2511 -0.9679 -0.0123
vn -0.2511 -0.9679 -0.0123
vn -0.2511 -0.9679 0.0123
vn -0.2511 -0.9679 0.0123
vn -0.2511 -0.9679 0.0123
vn -0.2511 -0.9679 0.0123
vn -0.2487 -0.9679 0.0369
vn -0.2487 -0.9679 0.0369
vn -0.2487 -0.9679 0.0369
vn -0.2487 -0.9679 0.0369
vn -0.2439 -0.9679 0.0611
vn -0.2439 -0.9679 0.0611
vn -0.2439 -0.9679 0.0611
vn -0.2439 -0.9679 0.0611
vn -0.2367 -0.9679 0.0847
vn -0.2367 -0.9679 0.0847
vn -0.2367 -0.9679 0.0847
vn -0.2368 -0.9679 0.0847
vn -0.2368 -0.9679 0.0847
vn -0.2368 -0.9679 0.0847
vn -0.2273 -0.9679 0.1075
vn -0.2273 -0.9679 0.1075
vn -0.2273 -0.9679 0.1075
vn -0.2273 -0.9679 0.1075
vn -0.2157 -0.9679 0.1293
vn -0.2157 -0.9679 0.1293
vn -0.2157 -0.9679 0.1293
vn -0.2157 -0.9679 0.1293
vn -0.202 -0.9679 0.1498
vn -0.202 -0.9679 0.1498
vn -0.202 -0.9679 0.1498
vn -0.2019 -0.9679 0.1498
vn -0.2019 -0.9679 0.1498
vn -0.2019 -0.9679 0.1498
vn -0.1863 -0.9679 0.1689
vn -0.1863 -0.9679 0.1689
vn -0.1863 -0.9679 0.1689
vn -0.1863 -0.9679 0.1689
vn -0.1689 -0.9679 0.1863
vn -0.1689 -0.9679 0.1863
vn -0.1689 -0.9679 0.1863
vn -0.1688 -0.9679 0.1863
vn -0.1688 -0.9679 0.1863
vn -0.1688 -0.9679 0.1863
vn -0.1498 -0.9679 0.202
vn -0.1498 -0.9679 0.202
vn -0.1498 -0.9679 0.202
vn -0.1498 -0.9679 0.2019
vn -0.1498 -0.9679 0.2019
vn -0.1498 -0.9679 0.2019
vn -0.1293 -0.9679 0.2157
vn -0.1293 -0.9679 0.2157
vn -0.1293 -0.9679 0.2157
vn -0.1293 -0.9679 0.2157
vn -0.1075 -0.9679 0.2273
vn -0.1075 -0.9679 0.2273
vn -0.1075 -0.9679 0.2273
vn -0.1075 -0.9679 0.2273
vn -0.0847 -0.9679 0.2367
vn -0.0847 -0.9679 0.2367
vn -0.0847 -0.9679 0.2367
vn -0.0847 -0.9679 0.2367
vn -0.0611 -0.9679 0.2439
vn -0.0611 -0.9679 0.2439
vn -0.0611 -0.9679 0.2439
vn -0.0611 -0.9679 0.2439
vn -0.0369 -0.9679 0.2487
vn -0.0369 -0.9679 0.2487
vn -0.0369 -0.9679 0.2487
vn -0.0369 -0.9679 0.2487
vn -0.0123 -0.9679 0.2511
vn -0.0123 -0.9679 0.2511
vn -0.0123 -0.9679 0.2511
vn -0.0123 -0.9679 0.2511
vn 0.0123 -0.9679 0.2511
vn 0.0123 -0.9679 0.2511
vn 0.0123 -0.9679 0.2511
vn 0.0123 -0.9679 0.2511
vn -0.0339 -0.7233 -0.6897
vn -0.0339 -0.7233 -0.6897
vn -0.0339 -0.7233 -0.6897
vn -0.0339 -0.7233 -0.6897
vn -0.1013 -0.7233 -0.683
vn -0.1013 -0.7233 -0.683
vn -0.1013 -0.7233 -0.683
vn -0.1013 -0.7233 -0.6831
vn -0.1013 -0.7233 -0.6831
vn -0.1013 -0.7233 -0.6831
vn -0.1678 -0.7233 -0.6698
vn -0.1678 -0.7233 -0.6698
vn -0.1678 -0.7233 -0.6698
vn -0.1678 -0.7233 -0.6698
vn -0.2326 -0.7233 -0.6502
vn -0.2326 -0.7233 -0.6502
vn -0.2326 -0.7233 -0.6502
vn -0.2326 -0.7233 -0.6501
vn -0.2326 -0.7233 -0.6501
vn -0.2326 -0.7233 -0.6501
vn -0.2952 -0.7233 -0.6242
vn -0.2952 -0.7233 -0.6242
vn -0.2952 -0.7233 -0.6242
vn -0.2952 -0.7233 -0.6242
vn -0.355 -0.7233 -0.5923
vn -0.355 -0.7233 -0.5923
vn -0.355 -0.7233 -0.5923
vn -0.355 -0.7233 -0.5923
vn -0.4113 -0.7233 -0.5546
vn -0.4113 -0.7233 -0.5546
vn -0.4113 -0.7233 -0.5546
vn -0.4113 -0.7233 -0.5546
vn -0.4637 -0.7233 -0.5116
vn -0.4637 -0.7233 -0.5116
vn -0.4637 -0.7233 -0.5116
vn -0.4637 -0.7233 -0.5117
vn -0.4637 -0.7233 -0.5117
vn -0.4637 -0.7233 -0.5117
vn -0.5116 -0.7233 -0.4637
vn -0.5116 -0.7233 -0.4637
vn -0.5116 -0.7233 -0.4637
vn -0.5117 -0.7233 -0.4637
vn -0.5117 -0.7233 -0.4637
vn -0.5117 -0.7233 -0.4637
vn -0.5546 -0.7233 -0.4113
vn -0.5546 -0.7233 -0.4113
vn -0.5546 -0.7233 -0.4113
vn -0.5546 -0.7233 -0.4113
vn -0.5923 -0.7233 -0.355
vn -0.5923 -0.7233 -0.355
vn -0.5923 -0.7233 -0.355
vn -0.5923 -0.7233 -0.355
vn -0.6242 -0.7233 -0.2952
vn -0.6242 -0.7233 -0.2952
vn -0.6242 -0.7233 -0.2952
vn -0.6242 -0.7233 -0.2952
vn -0.6502 -0.7233 -0.2326
vn -0.6502 -0.7233 -0.2326
vn -0.6502 -0.7233 -0.2326
vn -0.6501 -0.7233 -0.2326
vn -0.6501 -0.7233 -0.2326
vn -0.6501 -0.7233 -0.2326
vn -0.6698 -0.7233 -0.1678
vn -0.6698 -0.7233 -0.1678
vn -0.6698 -0.7233 -0.1678
vn -0.6698 -0.7233 -0.1678
vn -0.683 -0.7233 -0.1013
vn -0.683 -0.7233 -0.1013
vn -0.683 -0.7233 -0.1013
vn -0.683 -0.7233 -0.1013
vn -0.6897 -0.7233 -0.0339
vn -0.6897 -0.7233 -0.0339
vn -0.6897 -0.7233 -0.0339
vn -0.6897 -0.7233 -0.0339
vn -0.6897 -0.7233 0.0339
vn -0.6897 -0.7233 0.0339
vn -0.6897 -0.7233 0.0339
vn -0.6897 -0.7233 0.0339
vn -0.683 -0.7233 0.1013
vn -0.683 -0.7233 0.1013
vn -0.683 -0.7233 0.1013
vn -0.683 -0.7233 0.1013
vn -0.6698 -0.7233 0.1678
vn -0.6698 -0.7233 0.1678
vn -0.6698 -0.7233 0.1678
vn -0.6698 -0.7233 0.1678
vn -0.6501 -0.7233 0.2326
vn -0.6501 -0.7233 0.2326
vn -0.6501 -0.7233 0.2326
vn -0.6501 -0.7233 0.2326
vn -0.6242 -0.7233 0.2952
vn -0.6242 -0.7233 0.2952
vn -0.6242 -0.7233 0.2952
vn -0.6242 -0.7233 0.2952
vn -0.5923 -0.7233 0.355
vn -0.5923 -0.7233 0.355
vn -0.5923 -0.7233 0.355
vn -0.5923 -0.7233 0.355
vn -0.5546 -0.7233 0.4113
vn -0.5546 -0.7233 0.4113
vn -0.5546 -0.7233 0.4113
vn -0.5546 -0.7233 0.4113
vn -0.5116 -0.7233 0.4637
vn -0.5116 -0.7233 0.4637
vn -0.5116 -0.7233 0.4637
vn -0.5116 -0.7233 0.4637
vn -0.4637 -0.7233 0.5117
vn -0.4637 -0.7233 0.5117
vn -0.4637 -0.7233 0.5117
vn -0.6298 -0.5268 0.5708
vn -0.6298 -0.5268 0.5708
vn -0.6298 -0.5268 0.5708
vn -0.7076 -0.2966 0.6413
vn -0.7076 -0.2966 0.6413
vn -0.7076 -0.2966 0.6413
vn -0.7076 -0.2966 0.6413
vn 0.0123 -0.9679 0.2511
vn 0.0123 -0.9679 0.2511
vn 0.0123 -0.9679 0.2511
vn 0.0123 -0.9679 0.2511
vn 0.0369 -0.9679 0.2487
vn 0.0369 -0.9679 0.2487
vn 0.0369 -0.9679 0.2487
vn 0.0369 -0.9679 0.2487
vn 0.0611 -0.9679 0.2439
vn 0.0611 -0.9679 0.2439
vn 0.0611 -0.9679 0.2439
vn 0.0611 -0.9679 0.2439
vn 0.0847 -0.9679 0.2367
vn 0.0847 -0.9679 0.2367
vn 0.0847 -0.9679 0.2367
vn 0.0847 -0.9679 0.2367
vn 0.1075 -0.9679 0.2273
vn 0.1075 -0.9679 0.2273
vn 0.1075 -0.9679 0.2273
vn 0.1075 -0.9679 0.2273
vn 0.1292 -0.9679 0.2157
vn 0.1292 -0.9679 0.2157
vn 0.1292 -0.9679 0.2157
vn 0.1293 -0.9679 0.2157
vn 0.1293 -0.9679 0.2157
vn 0.1293 -0.9679 0.2157
vn 0.1498 -0.9679 0.202
vn 0.1498 -0.9679 0.202
vn 0.1498 -0.9679 0.202
vn 0.1498 -0.9679 0.2019
vn 0.1498 -0.9679 0.2019
vn 0.1498 -0.9679 0.2019
vn 0.1688 -0.9679 0.1863
vn 0.1688 -0.9679 0.1863
vn 0.1688 -0.9679 0.1863
vn 0.1689 -0.9679 0.1863
vn 0.1689 -0.9679 0.1863
vn 0.1689 -0.9679 0.1863
vn 0.1863 -0.9679 0.1689
vn 0.1863 -0.9679 0.1689
vn 0.1863 -0.9679 0.1689
vn 0.1863 -0.9679 0.1689
vn 0.2019 -0.9679 0.1498
vn 0.2019 -0.9679 0.1498
vn 0.2019 -0.9679 0.1498
vn 0.202 -0.9679 0.1498
vn 0.202 -0.9679 0.1498
vn 0.202 -0.9679 0.1498
vn 0.2156 -0.9679 0.1293
vn 0.2156 -0.9679 0.1293
vn 0.2156 -0.9679 0.1293
vn 0.2157 -0.9679 0.1293
vn 0.2157 -0.9679 0.1293
vn 0.2157 -0.9679 0.1293
vn 0.2273 -0.9679 0.1075
vn 0.2273 -0.9679 0.1075
vn 0.2273 -0.9679 0.1075
vn 0.2273 -0.9679 0.1075
vn 0.2367 -0.9679 0.0847
vn 0.2367 -0.9679 0.0847
vn 0.2367 -0.9679 0.0847
vn 0.2367 -0.9679 0.0847
vn 0.2439 -0.9679 0.0611
vn 0.2439 -0.9679 0.0611
vn 0.2439 -0.9679 0.0611
vn 0.2439 -0.9679 0.0611
vn 0.2487 -0.9679 0.0369
vn 0.2487 -0.9679 0.0369
vn 0.2487 -0.9679 0.0369
vn 0.2487 -0.9679 0.0369
vn 0.2511 -0.9679 0.0123
vn 0.2511 -0.9679 0.0123
vn 0.2511 -0.9679 0.0123
vn 0.2511 -0.9679 0.0123
vn 0.2511 -0.9679 -0.0123
vn 0.2511 -0.9679 -0.0123
vn 0.2511 -0.9679 -0.0123
vn 0.2511 -0.9679 -0.0123
vn 0.2487 -0.9679 -0.0369
vn 0.2487 -0.9679 -0.0369
vn 0.2487 -0.9679 -0.0369
vn 0.2487 -0.9679 -0.0369
vn 0.2439 -0.9679 -0.0611
vn 0.2439 -0.9679 -0.0611
vn 0.2439 -0.9679 -0.0611
vn 0.2439 -0.9679 -0.0611
vn 0.2367 -0.9679 -0.0847
vn 0.2367 -0.9679 -0.0847
vn 0.2367 -0.9679 -0.0847
vn 0.2367 -0.9679 -0.0847
vn 0.2273 -0.9679 -0.1075
vn 0.2273 -0.9679 -0.1075
vn 0.2273 -0.9679 -0.1075
vn 0.2273 -0.9679 -0.1075
vn 0.2157 -0.9679 -0.1293
vn 0.2157 -0.9679 -0.1293
vn 0.2157 -0.9679 -0.1293
vn 0.2157 -0.9679 -0.1293
vn 0.2019 -0.9679 -0.1498
vn 0.2019 -0.9679 -0.1498
vn 0.2019 -0.9679 -0.1498
vn 0.202 -0.9679 -0.1498
vn 0.202 -0.9679 -0.1498
vn 0.202 -0.9679 -0.1498
vn 0.1863 -0.9679 -0.1688
vn 0.1863 -0.9679 -0.1688
vn 0.1863 -0.9679 -0.1688
vn 0.1863 -0.9679 -0.1689
vn 0.1863 -0.9679 -0.1689
vn 0.1863 -0.9679 -0.1689
vn 0.1688 -0.9679 -0.1863
vn 0.1688 -0.9679 -0.1863
vn 0.1688 -0.9679 -0.1863
vn 0.1689 -0.9679 -0.1863
vn 0.1689 -0.9679 -0.1863
vn 0.1689 -0.9679 -0.1863
vn 0.1498 -0.9679 -0.202
vn 0.1498 -0.9679 -0.202
vn 0.1498 -0.9679 -0.202
vn 0.1498 -0.9679 -0.2019
vn 0.1498 -0.9679 -0.2019
vn 0.1498 -0.9679 -0.2019
vn 0.1293 -0.9679 -0.2157
vn 0.1293 -0.9679 -0.2157
vn 0.1293 -0.9679 -0.2157
vn 0.1293 -0.9679 -0.2157
vn 0.1075 -0.9679 -0.2273
vn 0.1075 -0.9679 -0.2273
vn 0.1075 -0.9679 -0.2273
vn 0.1075 -0.9679 -0.2273
vn 0.0847 -0.9679 -0.2367
vn 0.0847 -0.9679 -0.2367
vn 0.0847 -0.9679 -0.2367
vn 0.0847 -0.9679 -0.2367
vn 0.0611 -0.9679 -0.2439
vn 0.0611 -0.9679 -0.2439
vn 0.0611 -0.9679 -0.2439
vn 0.0611 -0.9679 -0.2439
vn 0.0369 -0.9679 -0.2487
vn 0.0369 -0.9679 -0.2487
vn 0.0369 -0.9679 -0.2487
vn 0.0369 -0.9679 -0.2487
vn 0.0123 -0.9679 -0.2511
vn 0.0123 -0.9679 -0.2511
vn 0.0123 -0.9679 -0.2511
vn 0.0123 -0.9679 -0.2511
vn -0.0123 -0.9679 -0.2511
vn -0.0123 -0.9679 -0.2511
vn -0.0123 -0.9679 -0.2511
vn -0.0123 -0.9679 -0.2511
vn 0.0239 -0.8736 0.4861
vn 0.0239 -0.8736 0.4861
vn 0.0239 -0.8736 0.4861
vn 0.0239 -0.8736 0.4861
vn 0.0714 -0.8736 0.4814
vn 0.0714 -0.8736 0.4814
vn 0.0714 -0.8736 0.4814
vn 0.0714 -0.8736 0.4814
vn 0.1182 -0.8736 0.4721
vn 0.1182 -0.8736 0.4721
vn 0.1182 -0.8736 0.4721
vn 0.1182 -0.8736 0.472
vn 0.1182 -0.8736 0.472
vn 0.1182 -0.8736 0.472
vn 0.1639 -0.8736 0.4582
vn 0.1639 -0.8736 0.4582
vn 0.1639 -0.8736 0.4582
vn 0.164 -0.8736 0.4582
vn 0.164 -0.8736 0.4582
vn 0.164 -0.8736 0.4582
vn 0.208 -0.8736 0.4399
vn 0.208 -0.8736 0.4399
vn 0.208 -0.8736 0.4399
vn 0.2081 -0.8736 0.4399
vn 0.2081 -0.8736 0.4399
vn 0.2081 -0.8736 0.4399
vn 0.2502 -0.8736 0.4174
vn 0.2502 -0.8736 0.4174
vn 0.2502 -0.8736 0.4174
vn 0.2502 -0.8736 0.4174
vn 0.2899 -0.8736 0.3909
vn 0.2899 -0.8736 0.3909
vn 0.2899 -0.8736 0.3909
vn 0.2899 -0.8736 0.3909
vn 0.3268 -0.8736 0.3606
vn 0.3268 -0.8736 0.3606
vn 0.3268 -0.8736 0.3606
vn 0.3268 -0.8736 0.3606
vn 0.3606 -0.8736 0.3268
vn 0.3606 -0.8736 0.3268
vn 0.3606 -0.8736 0.3268
vn 0.3606 -0.8736 0.3268
vn 0.3909 -0.8736 0.2899
vn 0.3909 -0.8736 0.2899
vn 0.3909 -0.8736 0.2899
vn 0.3909 -0.8736 0.2899
vn 0.4174 -0.8736 0.2502
vn 0.4174 -0.8736 0.2502
vn 0.4174 -0.8736 0.2502
vn 0.4174 -0.8736 0.2502
vn 0.4399 -0.8736 0.2081
vn 0.4399 -0.8736 0.2081
vn 0.4399 -0.8736 0.2081
vn 0.4399 -0.8736 0.2081
vn 0.4582 -0.8736 0.1639
vn 0.4582 -0.8736 0.1639
vn 0.4582 -0.8736 0.1639
vn 0.4582 -0.8736 0.1639
vn 0.4721 -0.8736 0.1182
vn 0.4721 -0.8736 0.1182
vn 0.4721 -0.8736 0.1182
vn 0.4721 -0.8736 0.1182
vn 0.4814 -0.8736 0.0714
vn 0.4814 -0.8736 0.0714
vn 0.4814 -0.8736 0.0714
vn 0.4814 -0.8736 0.0714
vn 0.4861 -0.8736 0.0239
vn 0.4861 -0.8736 0.0239
vn 0.4861 -0.8736 0.0239
vn 0.4861 -0.8736 0.0239
vn 0.4861 -0.8736 -0.0239
vn 0.4861 -0.8736 -0.0239
vn 0.4861 -0.8736 -0.0239
vn 0.4861 -0.8736 -0.0239
vn 0.4814 -0.8736 -0.0714
vn 0.4814 -0.8736 -0.0714
vn 0.4814 -0.8736 -0.0714
vn 0.4814 -0.8736 -0.0714
vn 0.4721 -0.8736 -0.1182
vn 0.4721 -0.8736 -0.1182
vn 0.4721 -0.8736 -0.1182
vn 0.4721 -0.8736 -0.1182
vn 0.4582 -0.8736 -0.1639
vn 0.4582 -0.8736 -0.1639
vn 0.4582 -0.8736 -0.1639
vn 0.4582 -0.8736 -0.1639
vn 0.4399 -0.8736 -0.2081
vn 0.4399 -0.8736 -0.2081
vn 0.4399 -0.8736 -0.2081
vn 0.4399 -0.8736 -0.2081
vn 0.4174 -0.8736 -0.2502
vn 0.4174 -0.8736 -0.2502
vn 0.4174 -0.8736 -0.2502
vn 0.4174 -0.8736 -0.2502
vn 0.3909 -0.8736 -0.2899
vn 0.3909 -0.8736 -0.2899
vn 0.3909 -0.8736 -0.2899
vn 0.3909 -0.8736 -0.2899
vn 0.3606 -0.8736 -0.3268
vn 0.3606 -0.8736 -0.3268
vn 0.3606 -0.8736 -0.3268
vn 0.3606 -0.8736 -0.3268
vn 0.3268 -0.8736 -0.3606
vn 0.3268 -0.8736 -0.3606
vn 0.3268 -0.8736 -0.3606
vn 0.3268 -0.8736 -0.3606
vn 0.2899 -0.8736 -0.3909
vn 0.2899 -0.8736 -0.3909
vn 0.2899 -0.8736 -0.3909
vn 0.2899 -0.8736 -0.3909
vn 0.2502 -0.8736 -0.4174
vn 0.2502 -0.8736 -0.4174
vn 0.2502 -0.8736 -0.4174
vn 0.2502 -0.8736 -0.4174
vn 0.208 -0.8736 -0.4399
vn 0.208 -0.8736 -0.4399
vn 0.208 -0.8736 -0.4399
vn 0.2081 -0.8736 -0.4399
vn 0.2081 -0.8736 -0.4399
vn 0.2081 -0.8736 -0.4399
vn 0.1639 -0.8736 -0.4582
vn 0.1639 -0.8736 -0.4582
vn 0.1639 -0.8736 -0.4582
vn 0.164 -0.8736 -0.4582
vn 0.164 -0.8736 -0.4582
vn 0.164 -0.8736 -0.4582
vn 0.1182 -0.8736 -0.472
vn 0.1182 -0.8736 -0.472
vn 0.1182 -0.8736 -0.472
vn 0.1183 -0.8736 -0.4721
vn 0.1183 -0.8736 -0.4721
vn 0.1183 -0.8736 -0.4721
vn 0.0714 -0.8736 -0.4814
vn 0.0714 -0.8736 -0.4814
vn 0.0714 -0.8736 -0.4814
vn 0.0714 -0.8736 -0.4814
vn 0.0239 -0.8736 -0.4861
vn 0.0239 -0.8736 -0.4861
vn 0.0239 -0.8736 -0.4861
vn 0.0239 -0.8736 -0.4861
vn -0.0239 -0.8736 -0.4861
vn -0.0239 -0.8736 -0.4861
vn -0.0239 -0.8736 -0.4861
vn -0.0239 -0.8736 -0.4861
vn 0.0339 -0.7233 0.6897
vn 0.0339 -0.7233 0.6897
vn 0.0339 -0.7233 0.6897
vn 0.0339 -0.7233 0.6897
vn 0.1013 -0.7233 0.6831
vn 0.1013 -0.7233 0.6831
vn 0.1013 -0.7233 0.6831
vn 0.1013 -0.7233 0.683
vn 0.1013 -0.7233 0.683
vn 0.1013 -0.7233 0.683
vn 0.1678 -0.7233 0.6698
vn 0.1678 -0.7233 0.6698
vn 0.1678 -0.7233 0.6698
vn 0.1678 -0.7233 0.6698
vn 0.2326 -0.7233 0.6502
vn 0.2326 -0.7233 0.6502
vn 0.2326 -0.7233 0.6502
vn 0.2326 -0.7233 0.6501
vn 0.2326 -0.7233 0.6501
vn 0.2326 -0.7233 0.6501
vn 0.2952 -0.7233 0.6242
vn 0.2952 -0.7233 0.6242
vn 0.2952 -0.7233 0.6242
vn 0.2952 -0.7233 0.6242
vn 0.355 -0.7233 0.5923
vn 0.355 -0.7233 0.5923
vn 0.355 -0.7233 0.5923
vn 0.355 -0.7233 0.5923
vn 0.4113 -0.7233 0.5546
vn 0.4113 -0.7233 0.5546
vn 0.4113 -0.7233 0.5546
vn 0.4113 -0.7233 0.5546
vn 0.4637 -0.7233 0.5117
vn 0.4637 -0.7233 0.5117
vn 0.4637 -0.7233 0.5117
vn 0.4637 -0.7233 0.5117
vn 0.5116 -0.7233 0.4637
vn 0.5116 -0.7233 0.4637
vn 0.5116 -0.7233 0.4637
vn 0.5116 -0.7233 0.4637
vn 0.5546 -0.7233 0.4113
vn 0.5546 -0.7233 0.4113
vn 0.5546 -0.7233 0.4113
vn 0.5546 -0.7233 0.4113
vn 0.5923 -0.7233 0.355
vn 0.5923 -0.7233 0.355
vn 0.5923 -0.7233 0.355
vn 0.5923 -0.7233 0.355
vn 0.6242 -0.7233 0.2952
vn 0.6242 -0.7233 0.2952
vn 0.6242 -0.7233 0.2952
vn 0.6242 -0.7233 0.2952
vn 0.6501 -0.7233 0.2326
vn 0.6501 -0.7233 0.2326
vn 0.6501 -0.7233 0.2326
vn 0.6502 -0.7233 0.2326
vn 0.6502 -0.7233 0.2326
vn 0.6502 -0.7233 0.2326
vn 0.6698 -0.7233 0.1678
vn 0.6698 -0.7233 0.1678
vn 0.6698 -0.7233 0.1678
vn 0.6698 -0.7233 0.1678
vn 0.683 -0.7233 0.1013
vn 0.683 -0.7233 0.1013
vn 0.683 -0.7233 0.1013
vn 0.6831 -0.7233 0.1013
vn 0.6831 -0.7233 0.1013
vn 0.6831 -0.7233 0.1013
vn 0.6897 -0.7233 0.0339
vn 0.6897 -0.7233 0.0339
vn 0.6897 -0.7233 0.0339
vn 0.6897 -0.7233 0.0339
vn 0.6897 -0.7233 -0.0339
vn 0.6897 -0.7233 -0.0339
vn 0.6897 -0.7233 -0.0339
vn 0.6897 -0.7233 -0.0339
vn 0.6831 -0.7233 -0.1013
vn 0.6831 -0.7233 -0.1013
vn 0.6831 -0.7233 -0.1013
vn 0.683 -0.7233 -0.1013
vn 0.683 -0.7233 -0.1013
vn 0.683 -0.7233 -0.1013
vn 0.6698 -0.7233 -0.1678
vn 0.6698 -0.7233 -0.1678
vn 0.6698 -0.7233 -0.1678
vn 0.6698 -0.7233 -0.1678
vn 0.6502 -0.7233 -0.2326
vn 0.6502 -0.7233 -0.2326
vn 0.6502 -0.7233 -0.2326
vn 0.6501 -0.7233 -0.2326
vn 0.6501 -0.7233 -0.2326
vn 0.6501 -0.7233 -0.2326
vn 0.6242 -0.7233 -0.2952
vn 0.6242 -0.7233 -0.2952
vn 0.6242 -0.7233 -0.2952
vn 0.6242 -0.7233 -0.2952
vn 0.5923 -0.7233 -0.355
vn 0.5923 -0.7233 -0.355
vn 0.5923 -0.7233 -0.355
vn 0.5923 -0.7233 -0.355
vn 0.5546 -0.7233 -0.4113
vn 0.5546 -0.7233 -0.4113
vn 0.5546 -0.7233 -0.4113
vn 0.5546 -0.7233 -0.4113
vn 0.5116 -0.7233 -0.4637
vn 0.5116 -0.7233 -0.4637
vn 0.5116 -0.7233 -0.4637
vn 0.5117 -0.7233 -0.4637
vn 0.5117 -0.7233 -0.4637
vn 0.5117 -0.7233 -0.4637
vn 0.4637 -0.7233 -0.5117
vn 0.4637 -0.7233 -0.5117
vn 0.4637 -0.7233 -0.5117
vn 0.4637 -0.7233 -0.5116
vn 0.4637 -0.7233 -0.5116
vn 0.4637 -0.7233 -0.5116
vn 0.4113 -0.7233 -0.5546
vn 0.4113 -0.7233 -0.5546
vn 0.4113 -0.7233 -0.5546
vn 0.4113 -0.7233 -0.5546
vn 0.355 -0.7233 -0.5923
vn 0.355 -0.7233 -0.5923
vn 0.355 -0.7233 -0.5923
vn 0.355 -0.7233 -0.5923
vn 0.2952 -0.7233 -0.6242
vn 0.2952 -0.7233 -0.6242
vn 0.2952 -0.7233 -0.6242
vn 0.2952 -0.7233 -0.6242
vn 0.2326 -0.7233 -0.6501
vn 0.2326 -0.7233 -0.6501
vn 0.2326 -0.7233 -0.6501
vn 0.2326 -0.7233 -0.6502
vn 0.2326 -0.7233 -0.6502
vn 0.2326 -0.7233 -0.6502
vn 0.1678 -0.7233 -0.6698
vn 0.1678 -0.7233 -0.6698
vn 0.1678 -0.7233 -0.6698
vn 0.1678 -0.7233 -0.6698
vn 0.1013 -0.7233 -0.6831
vn 0.1013 -0.7233 -0.6831
vn 0.1013 -0.7233 -0.6831
vn 0.1013 -0.7233 -0.6831
vn 0.0339 -0.7233 -0.6897
vn 0.0339 -0.7233 -0.6897
vn 0.0339 -0.7233 -0.6897
vn 0.0339 -0.7233 -0.6897
vn -0.0339 -0.7233 -0.6897
vn -0.0339 -0.7233 -0.6897
vn -0.0339 -0.7233 -0.6897
vn -0.0339 -0.7233 -0.6897
vn 0.0417 -0.5268 0.849
vn 0.0417 -0.5268 0.849
vn 0.0417 -0.5268 0.849
vn 0.0417 -0.5268 0.849
vn 0.1247 -0.5268 0.8408
vn 0.1247 -0.5268 0.8408
vn 0.1247 -0.5268 0.8408
vn 0.1247 -0.5268 0.8408
vn 0.2065 -0.5268 0.8245
vn 0.2065 -0.5268 0.8245
vn 0.2065 -0.5268 0.8245
vn 0.2065 -0.5267 0.8246
vn 0.2065 -0.5267 0.8246
vn 0.2065 -0.5267 0.8246
vn 0.2864 -0.5268 0.8003
vn 0.2864 -0.5268 0.8003
vn 0.2864 -0.5268 0.8003
vn 0.2864 -0.5267 0.8003
vn 0.2864 -0.5267 0.8003
vn 0.2864 -0.5267 0.8003
vn 0.3634 -0.5268 0.7684
vn 0.3634 -0.5268 0.7684
vn 0.3634 -0.5268 0.7684
vn 0.3634 -0.5268 0.7684
vn 0.437 -0.5267 0.7291
vn 0.437 -0.5267 0.7291
vn 0.437 -0.5267 0.7291
vn 0.437 -0.5268 0.7291
vn 0.437 -0.5268 0.7291
vn 0.437 -0.5268 0.7291
vn 0.5063 -0.5268 0.6827
vn 0.5063 -0.5268 0.6827
vn 0.5063 -0.5268 0.6827
vn 0.5063 -0.5267 0.6828
vn 0.5063 -0.5267 0.6828
vn 0.5063 -0.5267 0.6828
vn 0.5708 -0.5268 0.6298
vn 0.5708 -0.5268 0.6298
vn 0.5708 -0.5268 0.6298
vn 0.5708 -0.5268 0.6298
vn 0.6298 -0.5268 0.5708
vn 0.6298 -0.5268 0.5708
vn 0.6298 -0.5268 0.5708
vn 0.6298 -0.5268 0.5708
vn 0.6827 -0.5268 0.5063
vn 0.6827 -0.5268 0.5063
vn 0.6827 -0.5268 0.5063
vn 0.6827 -0.5268 0.5064
vn 0.6827 -0.5268 0.5064
vn 0.6827 -0.5268 0.5064
vn 0.7291 -0.5267 0.437
vn 0.7291 -0.5267 0.437
vn 0.7291 -0.5267 0.437
vn 0.7291 -0.5268 0.437
vn 0.7291 -0.5268 0.437
vn 0.7291 -0.5268 0.437
vn 0.7684 -0.5267 0.3634
vn 0.7684 -0.5267 0.3634
vn 0.7684 -0.5267 0.3634
vn 0.7684 -0.5268 0.3634
vn 0.7684 -0.5268 0.3634
vn 0.7684 -0.5268 0.3634
vn 0.8003 -0.5268 0.2864
vn 0.8003 -0.5268 0.2864
vn 0.8003 -0.5268 0.2864
vn 0.8003 -0.5268 0.2864
vn 0.8245 -0.5268 0.2065
vn 0.8245 -0.5268 0.2065
vn 0.8245 -0.5268 0.2065
vn 0.8245 -0.5268 0.2065
vn 0.8408 -0.5268 0.1247
vn 0.8408 -0.5268 0.1247
vn 0.8408 -0.5268 0.1247
vn 0.8408 -0.5268 0.1247
vn 0.849 -0.5268 0.0417
vn 0.849 -0.5268 0.0417
vn 0.849 -0.5268 0.0417
vn 0.849 -0.5268 0.0417
vn 0.849 -0.5268 -0.0417
vn 0.849 -0.5268 -0.0417
vn 0.849 -0.5268 -0.0417
vn 0.849 -0.5268 -0.0417
vn 0.8408 -0.5268 -0.1247
vn 0.8408 -0.5268 -0.1247
vn 0.8408 -0.5268 -0.1247
vn 0.8408 -0.5268 -0.1247
vn 0.8245 -0.5268 -0.2065
vn 0.8245 -0.5268 -0.2065
vn 0.8245 -0.5268 -0.2065
vn 0.8245 -0.5268 -0.2065
vn 0.8003 -0.5268 -0.2864
vn 0.8003 -0.5268 -0.2864
vn 0.8003 -0.5268 -0.2864
vn 0.8003 -0.5267 -0.2864
vn 0.8003 -0.5267 -0.2864
vn 0.8003 -0.5267 -0.2864
vn 0.7684 -0.5267 -0.3634
vn 0.7684 -0.5267 -0.3634
vn 0.7684 -0.5267 -0.3634
vn 0.7684 -0.5268 -0.3634
vn 0.7684 -0.5268 -0.3634
vn 0.7684 -0.5268 -0.3634
vn 0.7291 -0.5268 -0.437
vn 0.7291 -0.5268 -0.437
vn 0.7291 -0.5268 -0.437
vn 0.7291 -0.5268 -0.437
vn 0.6827 -0.5268 -0.5063
vn 0.6827 -0.5268 -0.5063
vn 0.6827 -0.5268 -0.5063
vn 0.6827 -0.5268 -0.5063
vn 0.6298 -0.5267 -0.5708
vn 0.6298 -0.5267 -0.5708
vn 0.6298 -0.5267 -0.5708
vn 0.6298 -0.5268 -0.5708
vn 0.6298 -0.5268 -0.5708
vn 0.6298 -0.5268 -0.5708
vn 0.5708 -0.5268 -0.6298
vn 0.5708 -0.5268 -0.6298
vn 0.5708 -0.5268 -0.6298
vn 0.5708 -0.5268 -0.6298
vn 0.5063 -0.5268 -0.6827
vn 0.5063 -0.5268 -0.6827
vn 0.5063 -0.5268 -0.6827
vn 0.5064 -0.5267 -0.6828
vn 0.5064 -0.5267 -0.6828
vn 0.5064 -0.5267 -0.6828
vn 0.437 -0.5267 -0.7291
vn 0.437 -0.5267 -0.7291
vn 0.437 -0.5267 -0.7291
vn 0.437 -0.5268 -0.7291
vn 0.437 -0.5268 -0.7291
vn 0.437 -0.5268 -0.7291
vn 0.3634 -0.5268 -0.7684
vn 0.3634 -0.5268 -0.7684
vn 0.3634 -0.5268 -0.7684
vn 0.3634 -0.5268 -0.7684
vn 0.2864 -0.5267 -0.8003
vn 0.2864 -0.5267 -0.8003
vn 0.2864 -0.5267 -0.8003
vn 0.2864 -0.5268 -0.8003
vn 0.2864 -0.5268 -0.8003
vn 0.2864 -0.5268 -0.8003
vn 0.2065 -0.5268 -0.8245
vn 0.2065 -0.5268 -0.8245
vn 0.2065 -0.5268 -0.8245
vn 0.2065 -0.5267 -0.8246
vn 0.2065 -0.5267 -0.8246
vn 0.2065 -0.5267 -0.8246
vn 0.1247 -0.5268 -0.8408
vn 0.1247 -0.5268 -0.8408
vn 0.1247 -0.5268 -0.8408
vn 0.1247 -0.5268 -0.8408
vn 0.0417 -0.5268 -0.849
vn 0.0417 -0.5268 -0.849
vn 0.0417 -0.5268 -0.849
vn 0.0417 -0.5268 -0.849
vn -0.0417 -0.5268 -0.849
vn -0.0417 -0.5268 -0.849
vn -0.0417 -0.5268 -0.849
vn -0.0417 -0.5268 -0.849
vn -0.4113 -0.7233 0.5546
vn -0.4113 -0.7233 0.5546
vn -0.4113 -0.7233 0.5546
vn -0.5063 -0.5268 0.6827
vn -0.5063 -0.5268 0.6827
vn -0.5063 -0.5268 0.6827
vn -0.5064 -0.5268 0.6827
vn -0.5064 -0.5268 0.6827
vn -0.5064 -0.5268 0.6827
vn -0.5689 -0.2966 0.7671
vn -0.5689 -0.2966 0.7671
vn -0.5689 -0.2966 0.7671
vn -0.5689 -0.2966 0.7671
vn -0.491 -0.2966 0.8191
vn -0.491 -0.2966 0.8191
vn -0.491 -0.2966 0.8191
vn -0.437 -0.5268 0.7291
vn -0.437 -0.5268 0.7291
vn -0.437 -0.5268 0.7291
vn -0.437 -0.5268 0.7291
vn -0.355 -0.7233 0.5923
vn -0.355 -0.7233 0.5923
vn -0.355 -0.7233 0.5923
vn -0.355 -0.7233 0.5923
vn -0.2952 -0.7233 0.6242
vn -0.2952 -0.7233 0.6242
vn -0.2952 -0.7233 0.6242
vn -0.3634 -0.5268 0.7684
vn -0.3634 -0.5268 0.7684
vn -0.3634 -0.5268 0.7684
vn -0.3634 -0.5268 0.7684
vn -0.4083 -0.2966 0.8633
vn -0.4083 -0.2966 0.8633
vn -0.4083 -0.2966 0.8633
vn -0.4083 -0.2966 0.8633
vn 0.4083 -0.2966 -0.8633
vn 0.4083 -0.2966 -0.8633
vn 0.4083 -0.2966 -0.8633
vn 0.491 -0.2966 -0.8191
vn 0.491 -0.2966 -0.8191
vn -0.8992 -0.2966 0.3217
vn -0.8992 -0.2966 0.3217
vn -0.8992 -0.2966 0.3217
vn -0.8992 -0.2966 0.3217
vn -0.8633 -0.2966 0.4083
vn -0.8633 -0.2966 0.4083
vn -0.8633 -0.2966 0.4083
vn -0.8633 -0.2966 0.4083
vn -0.8347 -0.2969 0.4639
vn -0.8347 -0.2969 0.4639
vn -0.8347 -0.2969 0.4639
vn 0.7671 -0.2966 -0.5689
vn 0.7671 -0.2966 -0.5689
vn 0.8191 -0.2966 -0.491
vn 0.8191 -0.2966 -0.491
vn 0.8191 -0.2966 -0.491
vn 0.8191 -0.2966 -0.491
vn 0.8191 -0.2966 -0.491
vn 0.8633 -0.2966 -0.4083
vn 0.8633 -0.2966 -0.4083
vn 0.8633 -0.2966 -0.4083
vn 0.8633 -0.2966 -0.4083
vn 0.8992 -0.2966 -0.3217
vn 0.8992 -0.2966 -0.3217
vn 0.8992 -0.2966 -0.3217
vn 0.8992 -0.2966 -0.3217
vn 0.9264 -0.2966 -0.232
vn 0.9264 -0.2966 -0.232
vn 0.9264 -0.2966 -0.232
vn -0.0417 -0.5268 -0.849
vn -0.0417 -0.5268 -0.849
vn -0.0417 -0.5268 -0.849
vn -0.0417 -0.5268 -0.849
vn -0.1247 -0.5268 -0.8408
vn -0.1247 -0.5268 -0.8408
vn -0.1247 -0.5268 -0.8408
vn -0.1247 -0.5268 -0.8408
vn -0.2065 -0.5268 -0.8245
vn -0.2065 -0.5268 -0.8245
vn -0.2065 -0.5268 -0.8245
vn -0.2065 -0.5268 -0.8245
vn -0.2864 -0.5267 -0.8003
vn -0.2864 -0.5267 -0.8003
vn -0.2864 -0.5267 -0.8003
vn -0.2863 -0.5268 -0.8003
vn -0.2863 -0.5268 -0.8003
vn -0.2863 -0.5268 -0.8003
vn -0.3634 -0.5268 -0.7684
vn -0.3634 -0.5268 -0.7684
vn -0.3634 -0.5268 -0.7684
vn -0.3634 -0.5268 -0.7684
vn -0.437 -0.5268 -0.7291
vn -0.437 -0.5268 -0.7291
vn -0.437 -0.5268 -0.7291
vn -0.437 -0.5268 -0.7291
vn -0.5063 -0.5268 -0.6827
vn -0.5063 -0.5268 -0.6827
vn -0.5063 -0.5268 -0.6827
vn -0.5064 -0.5267 -0.6827
vn -0.5064 -0.5267 -0.6827
vn -0.5064 -0.5267 -0.6827
vn -0.5708 -0.5268 -0.6298
vn -0.5708 -0.5268 -0.6298
vn -0.5708 -0.5268 -0.6298
vn -0.5708 -0.5268 -0.6298
vn -0.6298 -0.5268 -0.5708
vn -0.6298 -0.5268 -0.5708
vn -0.6298 -0.5268 -0.5708
vn -0.6298 -0.5268 -0.5708
vn -0.6827 -0.5268 -0.5064
vn -0.6827 -0.5268 -0.5064
vn -0.6827 -0.5268 -0.5064
vn -0.6827 -0.5268 -0.5063
vn -0.6827 -0.5268 -0.5063
vn -0.6827 -0.5268 -0.5063
vn -0.7291 -0.5268 -0.437
vn -0.7291 -0.5268 -0.437
vn -0.7291 -0.5268 -0.437
vn -0.7291 -0.5268 -0.437
vn -0.7684 -0.5268 -0.3634
vn -0.7684 -0.5268 -0.3634
vn -0.7684 -0.5268 -0.3634
vn -0.7684 -0.5268 -0.3634
vn -0.8003 -0.5268 -0.2864
vn -0.8003 -0.5268 -0.2864
vn -0.8003 -0.5268 -0.2864
vn -0.8003 -0.5268 -0.2864
vn -0.8245 -0.5268 -0.2065
vn -0.8245 -0.5268 -0.2065
vn -0.8245 -0.5268 -0.2065
vn -0.8245 -0.5268 -0.2065
vn -0.8408 -0.5268 -0.1247
vn -0.8408 -0.5268 -0.1247
vn -0.8408 -0.5268 -0.1247
vn -0.8408 -0.5268 -0.1247
vn -0.849 -0.5268 -0.0417
vn -0.849 -0.5268 -0.0417
vn -0.849 -0.5268 -0.0417
vn -0.849 -0.5268 -0.0417
vn -0.849 -0.5268 0.0417
vn -0.849 -0.5268 0.0417
vn -0.849 -0.5268 0.0417
vn -0.849 -0.5268 0.0417
vn -0.8408 -0.5268 0.1247
vn -0.8408 -0.5268 0.1247
vn -0.8408 -0.5268 0.1247
vn -0.8408 -0.5268 0.1247
vn -0.8245 -0.5268 0.2065
vn -0.8245 -0.5268 0.2065
vn -0.8245 -0.5268 0.2065
vn -0.8245 -0.5268 0.2065
vn -0.8003 -0.5268 0.2864
vn -0.8003 -0.5268 0.2864
vn -0.8003 -0.5268 0.2864
vn -0.8003 -0.5268 0.2864
vn -0.7684 -0.5268 0.3634
vn -0.7684 -0.5268 0.3634
vn -0.7684 -0.5268 0.3634
vn -0.7684 -0.5268 0.3634
vn -0.7291 -0.5268 0.437
vn -0.7291 -0.5268 0.437
vn -0.7291 -0.5268 0.437
vn -0.7291 -0.5268 0.437
vn -0.6827 -0.5268 0.5064
vn -0.6827 -0.5268 0.5064
vn -0.6827 -0.5268 0.5064
vn -0.6827 -0.5268 0.5063
vn -0.6827 -0.5268 0.5063
vn -0.6827 -0.5268 0.5063
vn -0.6298 -0.5268 0.5708
vn -0.8992 -0.2966 0.3217
vn -0.9264 -0.2966 0.232
vn -0.9264 -0.2966 0.232
vn -0.9264 -0.2966 0.232
vn -0.9447 -0.2966 0.1401
vn -0.9447 -0.2966 0.1401
vn -0.9447 -0.2966 0.1401
vn -0.9264 -0.2966 0.232
vn -0.9264 -0.2966 0.232
vn -0.7671 -0.2966 0.5689
vn -0.7671 -0.2966 0.5689
vn -0.7671 -0.2966 0.5689
vn -0.7671 -0.2966 0.5689
vn -0.7671 -0.2966 0.5689
vn -0.8109 -0.2968 0.5043
vn -0.8109 -0.2968 0.5043
vn -0.8109 -0.2968 0.5043
vn 0.9264 -0.2966 -0.232
vn 0.9264 -0.2966 -0.232
vn 0.9447 -0.2966 -0.1401
vn 0.9447 -0.2966 -0.1401
vn 0.9447 -0.2966 -0.1401
vn 0.9447 -0.2966 -0.1401
vn 0.9447 -0.2966 -0.1401
vn 0.9539 -0.2966 -0.0469
vn 0.9539 -0.2966 -0.0469
vn 0.9539 -0.2966 -0.0469
vn 0.9539 -0.2966 -0.0469
vn 0.9539 -0.2966 0.0469
vn 0.9539 -0.2966 0.0469
vn 0.9539 -0.2966 0.0469
vn 0.9539 -0.2966 0.0469
vn 0.9447 -0.2966 0.1401
vn 0.9447 -0.2966 0.1401
vn 0.9447 -0.2966 0.1401
vn -0.0469 -0.2966 -0.9539
vn -0.0469 -0.2966 -0.9539
vn -0.0469 -0.2966 -0.9539
vn -0.0469 -0.2966 -0.9539
vn 0.0469 -0.2966 -0.9539
vn 0.0469 -0.2966 -0.9539
vn 0.0469 -0.2966 -0.9539
vn 0.0469 -0.2966 -0.9539
vn 0.1401 -0.2966 -0.9447
vn 0.1401 -0.2966 -0.9447
vn 0.1401 -0.2966 -0.9447
vn -0.0469 -0.2965 -0.9539
vn -0.0469 -0.2965 -0.9539
vn -0.0469 -0.2965 -0.9539
vn -0.0469 -0.2966 -0.9539
vn -0.0469 -0.2966 -0.9539
vn -0.0469 -0.2966 -0.9539
vn -0.1401 -0.2966 -0.9447
vn -0.1401 -0.2966 -0.9447
vn -0.1401 -0.2966 -0.9447
vn -0.9461 -0.2967 -0.1298
vn -0.9461 -0.2967 -0.1298
vn -0.9461 -0.2967 -0.1298
vn -0.9539 -0.2966 -0.0469
vn -0.9539 -0.2966 -0.0469
vn -0.9539 -0.2966 -0.0469
vn -0.9539 -0.2966 -0.0469
vn -0.9539 -0.2966 -0.0469
vn -0.9539 -0.2966 0.0469
vn -0.9539 -0.2966 0.0469
vn -0.9539 -0.2966 0.0469
vn -0.9539 -0.2966 0.0469
vn -0.9447 -0.2966 0.1401
vn -0.9447 -0.2966 0.1401
vn 0.0469 -0.2966 0.9539
vn 0.0417 -0.5268 0.849
vn 0.0417 -0.5268 0.849
vn 0.0417 -0.5268 0.849
vn 0.0417 -0.5268 0.849
vn 0.0339 -0.7233 0.6897
vn 0.0339 -0.7233 0.6897
vn 0.0339 -0.7233 0.6897
vn 0.0339 -0.7233 0.6897
vn -0.0339 -0.7233 0.6897
vn -0.0339 -0.7233 0.6897
vn -0.0339 -0.7233 0.6897
vn -0.0417 -0.5268 0.849
vn -0.0417 -0.5268 0.849
vn -0.0417 -0.5268 0.849
vn -0.0417 -0.5268 0.849
vn -0.0469 -0.2966 0.9539
vn -0.0469 -0.2966 0.9539
vn -0.0469 -0.2966 0.9539
vn -0.0469 -0.2966 0.9539
vn 0.1401 -0.2966 -0.9447
vn 0.1401 -0.2966 -0.9447
vn 0.232 -0.2966 -0.9264
vn 0.232 -0.2966 -0.9264
vn 0.232 -0.2966 -0.9264
vn 0.232 -0.2966 -0.9264
vn 0.232 -0.2966 -0.9264
vn 0.3217 -0.2966 -0.8992
vn 0.3217 -0.2966 -0.8992
vn 0.3217 -0.2966 -0.8992
vn 0.3217 -0.2966 -0.8992
vn 0.4083 -0.2966 -0.8633
vn -0.302 -0.2968 0.9059
vn -0.302 -0.2968 0.9059
vn -0.302 -0.2968 0.9059
vn -0.232 -0.2966 0.9264
vn -0.232 -0.2966 0.9264
vn -0.232 -0.2966 0.9264
vn -0.232 -0.2966 0.9264
vn -0.2321 -0.2966 0.9264
vn -0.2321 -0.2966 0.9264
vn -0.2321 -0.2966 0.9264
vn -0.1401 -0.2966 0.9447
vn -0.1401 -0.2966 0.9447
vn -0.1401 -0.2966 0.9447
vn -0.1401 -0.2965 0.9447
vn -0.1401 -0.2965 0.9447
vn -0.1401 -0.2965 0.9447
vn -0.0469 -0.2966 0.9539
vn 0.9447 -0.2966 0.1401
vn 0.9447 -0.2966 0.1401
vn 0.9264 -0.2966 0.232
vn 0.9264 -0.2966 0.232
vn 0.9264 -0.2966 0.232
vn -0.8633 -0.2966 -0.4083
vn -0.8633 -0.2966 -0.4083
vn -0.8633 -0.2966 -0.4083
vn -0.8992 -0.2966 -0.3217
vn -0.8992 -0.2966 -0.3217
vn -0.8992 -0.2966 -0.3217
vn -0.8992 -0.2966 -0.3217
vn -0.8992 -0.2966 -0.3217
vn -0.9264 -0.2966 -0.232
vn -0.9264 -0.2966 -0.232
vn -0.9264 -0.2966 -0.232
vn -0.9264 -0.2966 -0.232
vn -0.9385 -0.2969 -0.1761
vn -0.9385 -0.2969 -0.1761
vn -0.9385 -0.2969 -0.1761
vn -0.1401 -0.2966 -0.9447
vn -0.1401 -0.2966 -0.9447
vn -0.232 -0.2966 -0.9264
vn -0.232 -0.2966 -0.9264
vn -0.232 -0.2966 -0.9264
vn -0.2321 -0.2966 -0.9264
vn -0.2321 -0.2966 -0.9264
vn -0.2321 -0.2966 -0.9264
vn -0.232 -0.2966 -0.9264
vn -0.232 -0.2966 -0.9264
vn -0.3217 -0.2965 -0.8992
vn -0.3217 -0.2965 -0.8992
vn -0.3217 -0.2965 -0.8992
vn -0.3217 -0.2966 -0.8992
vn -0.3217 -0.2966 -0.8992
vn -0.3217 -0.2966 -0.8992
vn -0.4083 -0.2966 -0.8633
vn -0.4083 -0.2966 -0.8633
vn -0.4083 -0.2966 -0.8633
vn -0.1013 -0.7233 0.6831
vn -0.1013 -0.7233 0.6831
vn -0.1013 -0.7233 0.6831
vn -0.1247 -0.5268 0.8408
vn -0.1247 -0.5268 0.8408
vn -0.1247 -0.5268 0.8408
vn -0.1247 -0.5268 0.8408
vn -0.2326 -0.7233 0.6502
vn -0.2326 -0.7233 0.6502
vn -0.2326 -0.7233 0.6502
vn -0.2326 -0.7233 0.6501
vn -0.2326 -0.7233 0.6501
vn -0.2326 -0.7233 0.6501
vn -0.1678 -0.7233 0.6698
vn -0.1678 -0.7233 0.6698
vn -0.1678 -0.7233 0.6698
vn -0.1678 -0.7233 0.6698
vn -0.1013 -0.7233 0.6831
vn 0.3217 -0.2966 0.8992
vn 0.3217 -0.2966 0.8992
vn 0.3217 -0.2966 0.8992
vn 0.232 -0.2966 0.9264
vn 0.232 -0.2966 0.9264
vn 0.232 -0.2966 0.9264
vn 0.232 -0.2966 0.9264
vn 0.232 -0.2966 0.9264
vn 0.1401 -0.2966 0.9447
vn 0.1401 -0.2966 0.9447
vn 0.1401 -0.2966 0.9447
vn -0.2065 -0.5268 0.8245
vn -0.2065 -0.5268 0.8245
vn -0.2065 -0.5268 0.8245
vn -0.2065 -0.5268 0.8245
vn -0.2864 -0.5268 0.8003
vn -0.2864 -0.5268 0.8003
vn -0.2864 -0.5268 0.8003
vn -0.2864 -0.5268 0.8003
vn 0.1401 -0.2966 0.9447
vn 0.1401 -0.2966 0.9447
vn 0.0469 -0.2966 0.9539
vn 0.0469 -0.2966 0.9539
vn 0.0469 -0.2966 0.9539
vn 0.0469 -0.2966 0.9539
vn 0.9264 -0.2966 0.232
vn 0.9264 -0.2966 0.232
vn 0.8992 -0.2966 0.3217
vn 0.8992 -0.2966 0.3217
vn 0.8992 -0.2966 0.3217
vn 0.8992 -0.2966 0.3217
vn 0.8633 -0.2966 0.4083
vn 0.8633 -0.2966 0.4083
vn 0.8633 -0.2966 0.4083
vn 0.8633 -0.2966 0.4083
vn 0.8191 -0.2966 0.491
vn 0.8191 -0.2966 0.491
vn 0.8191 -0.2966 0.491
vn -0.4083 -0.2966 -0.8633
vn -0.4083 -0.2966 -0.8633
vn -0.491 -0.2966 -0.8191
vn -0.491 -0.2966 -0.8191
vn -0.491 -0.2966 -0.8191
vn -0.491 -0.2966 -0.8191
vn -0.491 -0.2966 -0.8191
vn -0.5689 -0.2966 -0.7671
vn -0.5689 -0.2966 -0.7671
vn -0.5689 -0.2966 -0.7671
vn -0.5689 -0.2966 -0.7671
vn -0.6098 -0.2969 -0.7348
vn -0.6098 -0.2969 -0.7348
vn -0.6098 -0.2969 -0.7348
vn 0.5689 -0.2966 0.7671
vn 0.5689 -0.2966 0.7671
vn 0.5689 -0.2966 0.7671
vn 0.491 -0.2966 0.8191
vn 0.491 -0.2966 0.8191
vn 0.491 -0.2966 0.8191
vn 0.491 -0.2966 0.8191
vn 0.491 -0.2966 0.8191
vn 0.4083 -0.2966 0.8633
vn 0.4083 -0.2966 0.8633
vn 0.4083 -0.2966 0.8633
vn 0.4083 -0.2966 0.8633
vn 0.3217 -0.2966 0.8992
vn -0.6452 -0.2967 -0.7041
vn -0.6452 -0.2967 -0.7041
vn -0.6452 -0.2967 -0.7041
vn -0.7076 -0.2966 -0.6413
vn -0.7076 -0.2966 -0.6413
vn -0.7076 -0.2966 -0.6413
vn -0.7076 -0.2966 -0.6413
vn -0.7076 -0.2966 -0.6413
vn -0.7671 -0.2966 -0.5689
vn -0.7671 -0.2966 -0.5689
vn -0.7671 -0.2966 -0.5689
vn -0.7671 -0.2966 -0.5689
vn -0.7671 -0.2966 -0.5689
vn 0.8191 -0.2966 0.491
vn 0.8191 -0.2966 0.491
vn 0.7671 -0.2966 0.5689
vn 0.7671 -0.2966 0.5689
vn 0.7671 -0.2966 0.5689
vn 0.7671 -0.2966 0.5689
vn 0.7671 -0.2966 0.5689
vn 0.7076 -0.2966 0.6413
vn 0.7076 -0.2966 0.6413
vn 0.7076 -0.2966 0.6413
vn 0.7076 -0.2966 0.6413
vn 0.6413 -0.2966 0.7076
vn 0.6413 -0.2966 0.7076
vn 0.6413 -0.2966 0.7076
vn 0.6413 -0.2966 0.7076
vn 0.5689 -0.2966 0.7671
vn 0.5689 -0.2966 0.7671
vn -0.4083 -0.2967 0.8633
vn -0.4083 -0.2967 0.8633
vn -0.4083 -0.2967 0.8633
vn -0.491 -0.2966 0.8191
vn -0.3461 -0.2968 0.89
vn -0.3461 -0.2968 0.89
vn -0.3461 -0.2968 0.89
vn -0.3362 0.0643 0.9396
vn -0.3362 0.0643 0.9396
vn -0.3362 0.0643 0.9396
vn -0.8191 -0.2966 -0.491
vn -0.8191 -0.2966 -0.491
vn -0.8191 -0.2966 -0.491
vn -0.8633 -0.2966 -0.4083
vn -0.8633 -0.2966 -0.4083
vn -0.4113 -0.7233 0.5546
vn -0.2952 -0.7233 0.6242
vn -0.8574 0.0269 0.5139
vn -0.8574 0.0269 0.5139
vn -0.8574 0.0269 0.5139
vn -0.0339 -0.7233 0.6897
vn -0.988 -0.048 -0.1466
vn -0.988 -0.048 -0.1466
vn -0.988 -0.048 -0.1466
vn -0.8191 -0.2966 -0.491
vn -0.6631 -0.1586 -0.7316
vn -0.6631 -0.1586 -0.7316
vn -0.6631 -0.1586 -0.7316
vn -0.6413 -0.2967 0.7076
vn -0.6413 -0.2967 0.7076
vn -0.6413 -0.2967 0.7076
vn -0.5689 -0.2966 0.7671
vn 0.0469 -0.2966 0.9539
vn -0.1401 -0.2965 -0.9447
vn -0.1401 -0.2965 -0.9447
vn -0.1401 -0.2965 -0.9447
vn -0.3394 0.0598 -0.9387
vn -0.3394 0.0598 -0.9387
vn -0.3394 0.0598 -0.9387
vn -0.3399 -0.011 -0.9404
vn -0.3399 -0.011 -0.9404
vn -0.3399 -0.011 -0.9404
vn -0.3369 -0.0096 -0.9415
vn -0.3369 -0.0096 -0.9415
vn -0.3369 -0.0096 -0.9415
vn -0.243 -0.0038 -0.97
vn -0.243 -0.0038 -0.97
vn -0.243 -0.0038 -0.97
vn -0.6377 -0.0542 -0.7684
vn -0.6377 -0.0542 -0.7684
vn -0.6377 -0.0542 -0.7684
vn -0.5957 -0.0046 -0.8032
vn -0.5957 -0.0046 -0.8032
vn -0.5957 -0.0046 -0.8032
vn -0.491 0.006 -0.8711
vn -0.491 0.006 -0.8711
vn -0.491 0.006 -0.8711
vn -0.5141 0.0006 -0.8577
vn -0.5141 0.0006 -0.8577
vn -0.5141 0.0006 -0.8577
vn -0.4957 0.0006 -0.8685
vn -0.4957 0.0006 -0.8685
vn -0.4957 0.0006 -0.8685
vn -0.5141 -0.0086 -0.8577
vn -0.5141 -0.0086 -0.8577
vn -0.5141 -0.0086 -0.8577
vn -0.3839 0.0107 -0.9233
vn -0.3839 0.0107 -0.9233
vn -0.3839 0.0107 -0.9233
vn -0.4276 -0.0016 -0.904
vn -0.4276 -0.0016 -0.904
vn -0.4276 -0.0016 -0.904
vn -0.4276 -0.0016 -0.904
vn -0.2819 -0.0039 -0.9594
vn -0.2819 -0.0039 -0.9594
vn -0.2819 -0.0039 -0.9594
vn -0.243 0.0048 -0.97
vn -0.243 0.0048 -0.97
vn -0.243 0.0048 -0.97
vn -0.1622 -0.0074 -0.9867
vn -0.1622 -0.0074 -0.9867
vn -0.1622 -0.0074 -0.9867
vn -0.1467 -0.0006 -0.9892
vn -0.1467 -0.0006 -0.9892
vn -0.1467 -0.0006 -0.9892
vn -0.1688 -0.0006 -0.9857
vn -0.1688 -0.0006 -0.9857
vn -0.1688 -0.0006 -0.9857
vn -0.1467 0.0048 -0.9892
vn -0.1467 0.0048 -0.9892
vn -0.1467 0.0048 -0.9892
vn -0.0491 -0.0062 -0.9988
vn -0.0491 -0.0062 -0.9988
vn -0.0491 -0.0062 -0.9988
vn 0.243 -0.0027 -0.97
vn 0.243 -0.0027 -0.97
vn 0.243 -0.0027 -0.97
vn 0.243 -0.0027 -0.97
vn 0.3369 -0.0085 -0.9415
vn 0.3369 -0.0085 -0.9415
vn 0.3369 -0.0085 -0.9415
vn 0.3046 0.0164 -0.9524
vn 0.3046 0.0164 -0.9524
vn 0.3046 0.0164 -0.9524
vn 0.1467 -0.0125 -0.9891
vn 0.1467 -0.0125 -0.9891
vn 0.1467 -0.0125 -0.9891
vn 0.1797 0.0018 -0.9837
vn 0.1797 0.0018 -0.9837
vn 0.1797 0.0018 -0.9837
vn 0.1467 0.0018 -0.9892
vn 0.1467 0.0018 -0.9892
vn 0.1467 0.0018 -0.9892
vn 0.1925 0.0151 -0.9812
vn 0.1925 0.0151 -0.9812
vn 0.1925 0.0151 -0.9812
vn 0.0491 -0.0106 -0.9987
vn 0.0491 -0.0106 -0.9987
vn 0.0491 -0.0106 -0.9987
vn 0.5141 0.0006 -0.8577
vn 0.5141 0.0006 -0.8577
vn 0.5141 0.0006 -0.8577
vn 0.5053 -0.0018 -0.8629
vn 0.5053 -0.0018 -0.8629
vn 0.5053 -0.0018 -0.8629
vn 0.5141 -0.0018 -0.8577
vn 0.5141 -0.0018 -0.8577
vn 0.5141 -0.0018 -0.8577
vn 0.5083 -0.0053 -0.8612
vn 0.5083 -0.0053 -0.8612
vn 0.5083 -0.0053 -0.8612
vn 0.4276 0.0037 -0.904
vn 0.4276 0.0037 -0.904
vn 0.4276 0.0037 -0.904
vn 0.3998 -0.0028 -0.9166
vn 0.3998 -0.0028 -0.9166
vn 0.3998 -0.0028 -0.9166
vn 0.6378 -0.0498 -0.7686
vn 0.6378 -0.0498 -0.7686
vn 0.6378 -0.0498 -0.7686
vn 0.5957 -0.0006 -0.8032
vn 0.5957 -0.0006 -0.8032
vn 0.5957 -0.0006 -0.8032
vn 0.3434 0.0598 -0.9373
vn 0.3434 0.0598 -0.9373
vn 0.3434 0.0598 -0.9373
vn 0.3441 -0.0117 -0.9389
vn 0.3441 -0.0117 -0.9389
vn 0.3441 -0.0117 -0.9389
vn 0.4276 -0.0028 -0.904
vn 0.4276 -0.0028 -0.904
vn 0.4276 -0.0028 -0.904
vn -0.9817 -0.0487 -0.1842
vn -0.9817 -0.0487 -0.1842
vn -0.9817 -0.0487 -0.1842
vn -0.97 0.0003 -0.243
vn -0.97 0.0003 -0.243
vn -0.97 0.0003 -0.243
vn -0.9383 -0.0004 -0.3458
vn -0.9383 -0.0004 -0.3458
vn -0.9383 -0.0004 -0.3458
vn -0.9415 -0.0015 -0.3369
vn -0.9415 -0.0015 -0.3369
vn -0.9415 -0.0015 -0.3369
vn -0.9387 -0.0015 -0.3447
vn -0.9387 -0.0015 -0.3447
vn -0.9387 -0.0015 -0.3447
vn -0.9415 -0.0051 -0.3369
vn -0.9415 -0.0051 -0.3369
vn -0.9415 -0.0051 -0.3369
vn -0.8896 0.0061 -0.4566
vn -0.8896 0.0061 -0.4566
vn -0.8896 0.0061 -0.4566
vn -0.904 -0.001 -0.4276
vn -0.904 -0.001 -0.4276
vn -0.904 -0.001 -0.4276
vn -0.8927 -0.001 -0.4506
vn -0.8927 -0.001 -0.4506
vn -0.8927 -0.001 -0.4506
vn -0.904 -0.0063 -0.4276
vn -0.904 -0.0063 -0.4276
vn -0.904 -0.0063 -0.4276
vn -0.8382 0.0067 -0.5454
vn -0.8382 0.0067 -0.5454
vn -0.8382 0.0067 -0.5454
vn -0.8577 -0.0072 -0.5141
vn -0.8577 -0.0072 -0.5141
vn -0.8577 -0.0072 -0.5141
vn -0.8032 -0.0054 -0.5957
vn -0.8032 -0.0054 -0.5957
vn -0.8032 -0.0054 -0.5957
vn -0.8318 -0.0054 -0.555
vn -0.8318 -0.0054 -0.555
vn -0.8318 -0.0054 -0.555
vn -0.8032 0.0052 -0.5957
vn -0.8032 0.0052 -0.5957
vn -0.8032 0.0052 -0.5957
vn -0.7574 -0.009 -0.6529
vn -0.7574 -0.009 -0.6529
vn -0.7574 -0.009 -0.6529
vn -0.741 -0.0002 -0.6716
vn -0.741 -0.0002 -0.6716
vn -0.741 -0.0002 -0.6716
vn -0.7631 -0.0002 -0.6463
vn -0.7631 -0.0002 -0.6463
vn -0.7631 -0.0002 -0.6463
vn -0.7409 0.0079 -0.6715
vn -0.7409 0.0079 -0.6715
vn -0.7409 0.0079 -0.6715
vn -0.6755 -0.0116 -0.7372
vn -0.6755 -0.0116 -0.7372
vn -0.6755 -0.0116 -0.7372
vn 0.8032 -0.0042 -0.5957
vn 0.8032 -0.0042 -0.5957
vn 0.8032 -0.0042 -0.5957
vn 0.8032 -0.0042 -0.5957
vn 0.8343 -0.0053 -0.5513
vn 0.8343 -0.0053 -0.5513
vn 0.8343 -0.0053 -0.5513
vn 0.8577 0.0031 -0.5141
vn 0.8577 0.0031 -0.5141
vn 0.8577 0.0031 -0.5141
vn 0.8962 -0.0046 -0.4436
vn 0.8962 -0.0046 -0.4436
vn 0.8962 -0.0046 -0.4436
vn 0.904 -0.0021 -0.4276
vn 0.904 -0.0021 -0.4276
vn 0.904 -0.0021 -0.4276
vn 0.8952 -0.0021 -0.4457
vn 0.8952 -0.0021 -0.4457
vn 0.8952 -0.0021 -0.4457
vn 0.904 0.0022 -0.4276
vn 0.904 0.0022 -0.4276
vn 0.904 0.0022 -0.4276
vn 0.9421 -0.0029 -0.3352
vn 0.9421 -0.0029 -0.3352
vn 0.9421 -0.0029 -0.3352
vn 0.9415 -0.0039 -0.3369
vn 0.9415 -0.0039 -0.3369
vn 0.9415 -0.0039 -0.3369
vn 0.9425 -0.0039 -0.3342
vn 0.9425 -0.0039 -0.3342
vn 0.9425 -0.0039 -0.3342
vn 0.9415 -0.0046 -0.3369
vn 0.9415 -0.0046 -0.3369
vn 0.9415 -0.0046 -0.3369
vn 0.97 0.0038 -0.243
vn 0.97 0.0038 -0.243
vn 0.97 0.0038 -0.243
vn 0.8489 0.0234 -0.5281
vn 0.8489 0.0234 -0.5281
vn 0.8489 0.0234 -0.5281
vn 0.9819 -0.0444 -0.1842
vn 0.9819 -0.0444 -0.1842
vn 0.9819 -0.0444 -0.1842
vn 0.7408 -0.017 -0.6715
vn 0.7408 -0.017 -0.6715
vn 0.7408 -0.017 -0.6715
vn 0.7702 0.0022 -0.6378
vn 0.7702 0.0022 -0.6378
vn 0.7702 0.0022 -0.6378
vn 0.741 0.0022 -0.6716
vn 0.741 0.0022 -0.6716
vn 0.741 0.0022 -0.6716
vn 0.7856 0.0276 -0.6181
vn 0.7856 0.0276 -0.6181
vn 0.7856 0.0276 -0.6181
vn 0.6755 -0.016 -0.7372
vn 0.6755 -0.016 -0.7372
vn 0.6755 -0.016 -0.7372
vn -0.8733 -0.0433 0.4853
vn -0.8733 -0.0433 0.4853
vn -0.8733 -0.0433 0.4853
vn -0.904 0.0042 0.4275
vn -0.904 0.0042 0.4275
vn -0.904 0.0042 0.4275
vn -0.9396 -0.0048 0.3423
vn -0.9396 -0.0048 0.3423
vn -0.9396 -0.0048 0.3423
vn -0.9415 -0.0045 0.3369
vn -0.9415 -0.0045 0.3369
vn -0.9415 -0.0045 0.3369
vn -0.9397 -0.0045 0.3421
vn -0.9397 -0.0045 0.3421
vn -0.9397 -0.0045 0.3421
vn -0.9415 -0.0022 0.3369
vn -0.9415 -0.0022 0.3369
vn -0.9415 -0.0022 0.3369
vn -0.9743 0.0025 0.2254
vn -0.9743 0.0025 0.2254
vn -0.9743 0.0025 0.2254
vn -0.97 -0.0007 0.243
vn -0.97 -0.0007 0.243
vn -0.97 -0.0007 0.243
vn -0.9736 -0.0007 0.2285
vn -0.9736 -0.0007 0.2285
vn -0.9736 -0.0007 0.2285
vn -0.97 -0.0038 0.243
vn -0.97 -0.0038 0.243
vn -0.97 -0.0038 0.243
vn -0.9929 0.0042 0.1187
vn -0.9929 0.0042 0.1187
vn -0.9929 0.0042 0.1187
vn -0.9892 -0.0053 0.1467
vn -0.9892 -0.0053 0.1467
vn -0.9892 -0.0053 0.1467
vn -0.9892 -0.0053 0.1468
vn -0.9892 -0.0053 0.1468
vn -0.9892 -0.0053 0.1468
vn -0.994 -0.0061 0.1088
vn -0.994 -0.0061 0.1088
vn -0.994 -0.0061 0.1088
vn -0.9988 0.0052 0.0491
vn -0.9988 0.0052 0.0491
vn -0.9988 0.0052 0.0491
vn -0.9998 -0.0102 -0.0144
vn -0.9998 -0.0102 -0.0144
vn -0.9998 -0.0102 -0.0144
vn -0.9988 -0.0007 -0.0491
vn -0.9988 -0.0007 -0.0491
vn -0.9988 -0.0007 -0.0491
vn -1 -0.0007 -0.0051
vn -1 -0.0007 -0.0051
vn -1 -0.0007 -0.0051
vn -0.9987 0.0099 -0.0491
vn -0.9987 0.0099 -0.0491
vn -0.9987 0.0099 -0.0491
vn -0.9906 -0.0171 -0.1359
vn -0.9906 -0.0171 -0.1359
vn -0.9906 -0.0171 -0.1359
vn -0.7629 0.0093 0.6464
vn -0.7629 0.0093 0.6464
vn -0.7629 0.0093 0.6464
vn -0.7408 -0.0211 0.6714
vn -0.7408 -0.0211 0.6714
vn -0.7408 -0.0211 0.6714
vn -0.8032 -0.0021 0.5957
vn -0.8032 -0.0021 0.5957
vn -0.8032 -0.0021 0.5957
vn -0.7702 -0.0021 0.6379
vn -0.7702 -0.0021 0.6379
vn -0.7702 -0.0021 0.6379
vn -0.691 -0.0054 0.7228
vn -0.691 -0.0054 0.7228
vn -0.691 -0.0054 0.7228
vn -0.849 -0.0226 0.5279
vn -0.849 -0.0226 0.5279
vn -0.849 -0.0226 0.5279
vn -0.8032 0.0108 0.5957
vn -0.8032 0.0108 0.5957
vn -0.8032 0.0108 0.5957
vn -0.3622 -0.0379 0.9313
vn -0.3622 -0.0379 0.9313
vn -0.3622 -0.0379 0.9313
vn -0.4275 0.0072 0.904
vn -0.4275 0.0072 0.904
vn -0.4275 0.0072 0.904
vn -0.4995 -0.005 0.8663
vn -0.4995 -0.005 0.8663
vn -0.4995 -0.005 0.8663
vn -0.4275 -0.005 0.904
vn -0.4275 -0.005 0.904
vn -0.4275 -0.005 0.904
vn -0.4972 -0.0077 0.8676
vn -0.4972 -0.0077 0.8676
vn -0.4972 -0.0077 0.8676
vn -0.5141 0.0003 0.8577
vn -0.5141 0.0003 0.8577
vn -0.5141 0.0003 0.8577
vn -0.5992 -0.0003 0.8006
vn -0.5992 -0.0003 0.8006
vn -0.5992 -0.0003 0.8006
vn -0.5957 -0.0009 0.8032
vn -0.5957 -0.0009 0.8032
vn -0.5957 -0.0009 0.8032
vn -0.5988 -0.0009 0.8009
vn -0.5988 -0.0009 0.8009
vn -0.5988 -0.0009 0.8009
vn -0.5957 -0.0017 0.8032
vn -0.5957 -0.0017 0.8032
vn -0.5957 -0.0017 0.8032
vn -0.6859 0.002 0.7277
vn -0.6859 0.002 0.7277
vn -0.6859 0.002 0.7277
vn -0.6716 -0.0038 0.7409
vn -0.6716 -0.0038 0.7409
vn -0.6716 -0.0038 0.7409
vn -0.6716 -0.0038 0.7409
vn 0.9415 -0.0069 0.3369
vn 0.9415 -0.0069 0.3369
vn 0.9415 -0.0069 0.3369
vn 0.9415 -0.0069 0.3369
vn 0.9355 -0.0077 0.3533
vn 0.9355 -0.0077 0.3533
vn 0.9355 -0.0077 0.3533
vn 0.904 0.0072 0.4275
vn 0.904 0.0072 0.4275
vn 0.904 0.0072 0.4275
vn 0.8734 -0.0389 0.4854
vn 0.8734 -0.0389 0.4854
vn 0.8734 -0.0389 0.4854
vn 0.9934 -0.0042 0.115
vn 0.9934 -0.0042 0.115
vn 0.9934 -0.0042 0.115
vn 0.9988 0.0017 -0.0491
vn 0.9988 0.0017 -0.0491
vn 0.9988 0.0017 -0.0491
vn 0.972 -0.0033 0.2351
vn 0.972 -0.0033 0.2351
vn 0.972 -0.0033 0.2351
vn 0.9892 0.0024 0.1467
vn 0.9892 0.0024 0.1467
vn 0.9892 0.0024 0.1467
vn 1 0.0017 0.006
vn 1 0.0017 0.006
vn 1 0.0017 0.006
vn 0.9986 -0.0219 -0.0491
vn 0.9986 -0.0219 -0.0491
vn 0.9986 -0.0219 -0.0491
vn 0.9883 0.0318 0.1491
vn 0.9883 0.0318 0.1491
vn 0.9883 0.0318 0.1491
vn 0.9988 -0.0062 0.0491
vn 0.9988 -0.0062 0.0491
vn 0.9988 -0.0062 0.0491
vn 0.9892 -0.0042 0.1467
vn 0.9892 -0.0042 0.1467
vn 0.9892 -0.0042 0.1467
vn 0.9723 -0.0019 0.2338
vn 0.9723 -0.0019 0.2338
vn 0.9723 -0.0019 0.2338
vn 0.97 -0.0019 0.243
vn 0.97 -0.0019 0.243
vn 0.97 -0.0019 0.243
vn 0.9381 -0.0002 0.3463
vn 0.9381 -0.0002 0.3463
vn 0.9381 -0.0002 0.3463
vn 0.97 0.0002 0.243
vn 0.97 0.0002 0.243
vn 0.97 0.0002 0.243
vn 0.9905 -0.0215 -0.1359
vn 0.9905 -0.0215 -0.1359
vn 0.9905 -0.0215 -0.1359
vn 0.9978 0.0451 0.0488
vn 0.9978 0.0451 0.0488
vn 0.9978 0.0451 0.0488
vn 0.8489 -0.0269 0.5279
vn 0.8489 -0.0269 0.5279
vn 0.8489 -0.0269 0.5279
vn 0.7151 0.0699 0.6955
vn 0.7151 0.0699 0.6955
vn 0.7151 0.0699 0.6955
vn 0.8032 0.0003 0.5957
vn 0.8032 0.0003 0.5957
vn 0.8032 0.0003 0.5957
vn 0.8032 0.0003 0.5957
vn 0.7696 -0.0102 0.6384
vn 0.7696 -0.0102 0.6384
vn 0.7696 -0.0102 0.6384
vn 0.7409 0.0037 0.6716
vn 0.7409 0.0037 0.6716
vn 0.7409 0.0037 0.6716
vn 0.6868 -0.0039 0.7268
vn 0.6868 -0.0039 0.7268
vn 0.6868 -0.0039 0.7268
vn 0.6716 -0.0027 0.741
vn 0.6716 -0.0027 0.741
vn 0.6716 -0.0027 0.741
vn 0.686 -0.0027 0.7276
vn 0.686 -0.0027 0.7276
vn 0.686 -0.0027 0.7276
vn 0.6716 0.0014 0.7409
vn 0.6716 0.0014 0.7409
vn 0.6716 0.0014 0.7409
vn 0.5946 -0.0018 0.804
vn 0.5946 -0.0018 0.804
vn 0.5946 -0.0018 0.804
vn 0.5957 -0.0021 0.8032
vn 0.5957 -0.0021 0.8032
vn 0.5957 -0.0021 0.8032
vn 0.5944 -0.0021 0.8042
vn 0.5944 -0.0021 0.8042
vn 0.5944 -0.0021 0.8042
vn 0.5957 -0.0024 0.8032
vn 0.5957 -0.0024 0.8032
vn 0.5957 -0.0024 0.8032
vn 0.4986 0.0028 0.8668
vn 0.4986 0.0028 0.8668
vn 0.4986 0.0028 0.8668
vn 0.5141 -0.0108 0.8577
vn 0.5141 -0.0108 0.8577
vn 0.5141 -0.0108 0.8577
vn 0.4275 -0.0074 0.904
vn 0.4275 -0.0074 0.904
vn 0.4275 -0.0074 0.904
vn 0.4898 -0.0074 0.8718
vn 0.4898 -0.0074 0.8718
vn 0.4898 -0.0074 0.8718
vn 0.4275 0.0095 0.9039
vn 0.4275 0.0095 0.9039
vn 0.4275 0.0095 0.9039
vn 0.3622 -0.0335 0.9315
vn 0.3622 -0.0335 0.9315
vn 0.3622 -0.0335 0.9315
vn 0.3161 -0.0324 0.9482
vn 0.3161 -0.0324 0.9482
vn 0.3161 -0.0324 0.9482
vn 0.243 0.0091 0.97
vn 0.243 0.0091 0.97
vn 0.243 0.0091 0.97
vn 0.1712 -0.0019 0.9852
vn 0.1712 -0.0019 0.9852
vn 0.1712 -0.0019 0.9852
vn 0.243 -0.0019 0.97
vn 0.243 -0.0019 0.97
vn 0.243 -0.0019 0.97
vn 0.1785 -0.0094 0.9839
vn 0.1785 -0.0094 0.9839
vn 0.1785 -0.0094 0.9839
vn 0.1467 0.0022 0.9892
vn 0.1467 0.0022 0.9892
vn 0.1467 0.0022 0.9892
vn 0.0576 -0.0024 0.9983
vn 0.0576 -0.0024 0.9983
vn 0.0576 -0.0024 0.9983
vn 0.0491 -0.0016 0.9988
vn 0.0491 -0.0016 0.9988
vn 0.0491 -0.0016 0.9988
vn 0.0567 -0.0016 0.9984
vn 0.0567 -0.0016 0.9984
vn 0.0567 -0.0016 0.9984
vn 0.0491 -0 0.9988
vn 0.0491 -0 0.9988
vn 0.0491 -0 0.9988
vn -0.0596 -0 0.9982
vn -0.0596 -0 0.9982
vn -0.0596 -0 0.9982
vn -0.0491 -0.0027 0.9988
vn -0.0491 -0.0027 0.9988
vn -0.0491 -0.0027 0.9988
vn -0.0622 -0.0027 0.9981
vn -0.0622 -0.0027 0.9981
vn -0.0622 -0.0027 0.9981
vn -0.0491 -0.0055 0.9988
vn -0.0491 -0.0055 0.9988
vn -0.0491 -0.0055 0.9988
vn -0.1722 0.006 0.985
vn -0.1722 0.006 0.985
vn -0.1722 0.006 0.985
vn -0.1467 -0.0155 0.9891
vn -0.1467 -0.0155 0.9891
vn -0.1467 -0.0155 0.9891
vn -0.243 -0.0043 0.97
vn -0.243 -0.0043 0.97
vn -0.243 -0.0043 0.97
vn -0.1821 -0.0043 0.9833
vn -0.1821 -0.0043 0.9833
vn -0.1821 -0.0043 0.9833
vn -0.3161 -0.028 0.9483
vn -0.3161 -0.028 0.9483
vn -0.3161 -0.028 0.9483
vn -0.243 0.0107 0.97
vn -0.243 0.0107 0.97
vn -0.243 0.0107 0.97
vn -0.0551 -0.9932 0.1023
vn -0.0551 -0.9932 0.1023
vn -0.0551 -0.9932 0.1023
vn -0.1622 -0.9396 0.3014
vn -0.1622 -0.9396 0.3014
vn -0.1622 -0.9396 0.3014
vn -0.1622 -0.9396 0.3014
vn -0.2606 -0.8352 0.4842
vn -0.2606 -0.8352 0.4842
vn -0.2606 -0.8352 0.4842
vn -0.2606 -0.8352 0.4842
vn -0.3448 -0.6859 0.6408
vn -0.3448 -0.6859 0.6408
vn -0.3448 -0.6859 0.6408
vn -0.3448 -0.6859 0.6408
vn -0.4105 -0.4996 0.7628
vn -0.4105 -0.4996 0.7628
vn -0.4105 -0.4996 0.7628
vn -0.4105 -0.4996 0.7628
vn -0.454 -0.2865 0.8437
vn -0.454 -0.2865 0.8437
vn -0.454 -0.2865 0.8437
vn -0.454 -0.2865 0.8437
vn 0.7215 -0.2865 0.6303
vn 0.7215 -0.2865 0.6303
vn 0.7215 -0.2865 0.6303
vn -0.6621 -0.2865 0.6925
vn -0.6621 -0.2865 0.6925
vn -0.6621 -0.2865 0.6925
vn 0.8632 -0.2865 0.4157
vn 0.8632 -0.2865 0.4157
vn 0.8632 -0.2865 0.4157
vn 0.5278 -0.2865 -0.7996
vn 0.5278 -0.2865 -0.7996
vn 0.5278 -0.2865 -0.7996
vn 0.9427 -0.2865 0.1711
vn 0.9427 -0.2865 0.1711
vn 0.9427 -0.2865 0.1711
vn -0.7215 -0.2865 -0.6303
vn -0.7215 -0.2865 -0.6303
vn -0.7215 -0.2865 -0.6303
vn -0.8632 -0.2865 -0.4157
vn -0.8632 -0.2865 -0.4157
vn -0.8632 -0.2865 -0.4157
vn 0.7215 -0.2865 -0.6303
vn 0.7215 -0.2865 -0.6303
vn 0.7215 -0.2865 -0.6303
vn -0.5973 -0.2865 0.749
vn -0.5973 -0.2865 0.749
vn -0.5973 -0.2865 0.749
vn -0.2961 -0.2865 0.9112
vn -0.2961 -0.2865 0.9112
vn -0.2961 -0.2865 0.9112
vn 0.2961 -0.2865 -0.9112
vn 0.2961 -0.2865 -0.9112
vn 0.2961 -0.2865 -0.9112
vn -0.9235 -0.2865 0.2549
vn -0.9235 -0.2865 0.2549
vn -0.9235 -0.2865 0.2549
vn -0.3409 -0.9396 0.0307
vn -0.3409 -0.9396 0.0307
vn -0.3409 -0.9396 0.0307
vn -0.3368 -0.9396 0.0611
vn -0.3368 -0.9396 0.0611
vn -0.3368 -0.9396 0.0611
vn -0.4141 -0.8352 0.3618
vn -0.4141 -0.8352 0.3618
vn -0.4141 -0.8352 0.3618
vn -0.7008 -0.4996 0.5092
vn -0.7008 -0.4996 0.5092
vn -0.7008 -0.4996 0.5092
vn -0.7436 -0.4996 0.4443
vn -0.7436 -0.4996 0.4443
vn -0.7436 -0.4996 0.4443
vn 0.1286 -0.2865 0.9494
vn 0.1286 -0.2865 0.9494
vn 0.1286 -0.2865 0.9494
vn 0.9235 -0.2865 -0.2549
vn 0.9235 -0.2865 -0.2549
vn 0.9235 -0.2865 -0.2549
vn -0.3765 -0.2865 -0.881
vn -0.3765 -0.2865 -0.881
vn -0.3765 -0.2865 -0.881
vn -0.0724 -0.9932 0.0909
vn -0.0724 -0.9932 0.0909
vn -0.0724 -0.9932 0.0909
vn -0.1162 -0.9932 -0
vn -0.1162 -0.9932 -0
vn -0.1162 -0.9932 -0
vn -0.0551 -0.9932 0.1023
vn -0.897 -0.2865 0.3366
vn -0.897 -0.2865 0.3366
vn -0.897 -0.2865 0.3366
vn -0.9235 -0.2865 0.2549
vn -0.897 -0.2865 0.3366
vn -0.897 -0.2865 0.3366
vn 0.3765 -0.2865 0.881
vn 0.3765 -0.2865 0.881
vn 0.3765 -0.2865 0.881
vn 0.3765 -0.2865 0.881
vn 0.454 -0.2865 0.8437
vn 0.454 -0.2865 0.8437
vn 0.454 -0.2865 0.8437
vn -0.454 -0.2865 -0.8437
vn -0.454 -0.2865 -0.8437
vn -0.454 -0.2865 -0.8437
vn -0.3765 -0.2865 -0.881
vn -0.043 -0.2865 0.9571
vn -0.043 -0.2865 0.9571
vn -0.043 -0.2865 0.9571
vn -0.043 -0.2865 0.9571
vn 0.043 -0.2865 0.9571
vn 0.043 -0.2865 0.9571
vn 0.043 -0.2865 0.9571
vn 0.043 -0.2865 0.9571
vn 0.1286 -0.2865 0.9494
vn -0.9427 -0.2865 -0.1711
vn -0.9427 -0.2865 -0.1711
vn -0.9427 -0.2865 -0.1711
vn -0.9427 -0.2865 -0.1711
vn -0.9542 -0.2865 -0.0859
vn -0.9542 -0.2865 -0.0859
vn -0.9542 -0.2865 -0.0859
vn -0.454 -0.2865 0.8437
vn -0.5278 -0.2865 0.7996
vn -0.5278 -0.2865 0.7996
vn -0.5278 -0.2865 0.7996
vn 0.897 -0.2865 -0.3366
vn 0.897 -0.2865 -0.3366
vn 0.897 -0.2865 -0.3366
vn 0.9235 -0.2865 -0.2549
vn -0.341 -0.9396 0.0307
vn -0.341 -0.9396 0.0307
vn -0.341 -0.9396 0.0307
vn -0.5477 -0.8352 0.0493
vn -0.5477 -0.8352 0.0493
vn -0.5477 -0.8352 0.0493
vn -0.5477 -0.8352 0.0493
vn -0.5148 -0.8352 0.1932
vn -0.5148 -0.8352 0.1932
vn -0.5148 -0.8352 0.1932
vn -0.5148 -0.8352 0.1932
vn -0.5301 -0.8352 0.1463
vn -0.5301 -0.8352 0.1463
vn -0.5301 -0.8352 0.1463
vn -0.5301 -0.8352 0.1463
vn -0.6813 -0.6859 0.2557
vn -0.6813 -0.6859 0.2557
vn -0.6813 -0.6859 0.2557
vn -0.6813 -0.6859 0.2557
vn -0.7015 -0.6859 0.1936
vn -0.7015 -0.6859 0.1936
vn -0.7015 -0.6859 0.1936
vn -0.7015 -0.6859 0.1936
vn -0.33 -0.9396 0.0911
vn -0.33 -0.9396 0.0911
vn -0.33 -0.9396 0.0911
vn -0.33 -0.9396 0.0911
vn -0.3205 -0.9396 0.1203
vn -0.3205 -0.9396 0.1203
vn -0.3205 -0.9396 0.1203
vn -0.3205 -0.9396 0.1203
vn -0.7248 -0.6859 0.0652
vn -0.7248 -0.6859 0.0652
vn -0.7248 -0.6859 0.0652
vn -0.7248 -0.6859 0.0652
vn 0.5973 -0.2865 0.749
vn 0.5973 -0.2865 0.749
vn 0.5973 -0.2865 0.749
vn 0.5973 -0.2865 0.749
vn 0.6621 -0.2865 0.6925
vn 0.6621 -0.2865 0.6925
vn 0.6621 -0.2865 0.6925
vn 0.6621 -0.2865 0.6925
vn 0.6621 -0.2865 0.6925
vn 0.2961 -0.2865 -0.9112
vn 0.2132 -0.2865 -0.934
vn 0.2132 -0.2865 -0.934
vn 0.2132 -0.2865 -0.934
vn 0.2132 -0.2865 -0.934
vn 0.2132 -0.2865 -0.934
vn 0.1286 -0.2865 -0.9494
vn 0.1286 -0.2865 -0.9494
vn 0.1286 -0.2865 -0.9494
vn 0.454 -0.2865 0.8437
vn 0.454 -0.2865 0.8437
vn 0.5278 -0.2865 0.7996
vn 0.5278 -0.2865 0.7996
vn 0.5278 -0.2865 0.7996
vn 0.5278 -0.2865 0.7996
vn 0.5973 -0.2865 0.749
vn -0.3368 -0.9396 0.0611
vn -0.5411 -0.8352 0.0982
vn -0.5411 -0.8352 0.0982
vn -0.5411 -0.8352 0.0982
vn -0.5411 -0.8352 0.0982
vn -0.716 -0.6859 0.1299
vn -0.716 -0.6859 0.1299
vn -0.716 -0.6859 0.1299
vn -0.716 -0.6859 0.1299
vn -0.811 -0.4996 0.3044
vn -0.811 -0.4996 0.3044
vn -0.811 -0.4996 0.3044
vn -0.811 -0.4996 0.3044
vn -0.835 -0.4996 0.2305
vn -0.835 -0.4996 0.2305
vn -0.835 -0.4996 0.2305
vn -0.835 -0.4996 0.2305
vn -0.8523 -0.4996 0.1547
vn -0.8523 -0.4996 0.1547
vn -0.8523 -0.4996 0.1547
vn -0.8523 -0.4996 0.1547
vn -0.8628 -0.4996 0.0776
vn -0.8628 -0.4996 0.0776
vn -0.8628 -0.4996 0.0776
vn -0.8628 -0.4996 0.0776
vn 0.7215 -0.2865 0.6303
vn 0.7751 -0.2865 0.5631
vn 0.7751 -0.2865 0.5631
vn 0.7751 -0.2865 0.5631
vn 0.7751 -0.2865 0.5631
vn 0.7751 -0.2865 0.5631
vn 0.8225 -0.2865 0.4914
vn 0.8225 -0.2865 0.4914
vn 0.8225 -0.2865 0.4914
vn 0.8225 -0.2865 0.4914
vn 0.8225 -0.2865 0.4914
vn -0.4141 -0.8352 0.3618
vn -0.548 -0.6859 0.4788
vn -0.548 -0.6859 0.4788
vn -0.548 -0.6859 0.4788
vn -0.548 -0.6859 0.4788
vn -0.6523 -0.4996 0.5699
vn -0.6523 -0.4996 0.5699
vn -0.6523 -0.4996 0.5699
vn -0.6523 -0.4996 0.5699
vn -0.7215 -0.2865 0.6303
vn -0.7215 -0.2865 0.6303
vn -0.7215 -0.2865 0.6303
vn -0.7215 -0.2865 0.6303
vn 0.7215 -0.2865 -0.6304
vn 0.7215 -0.2865 -0.6304
vn 0.7215 -0.2865 -0.6304
vn 0.6621 -0.2865 -0.6925
vn 0.6621 -0.2865 -0.6925
vn 0.6621 -0.2865 -0.6925
vn 0.6621 -0.2865 -0.6925
vn 0.6621 -0.2865 -0.6925
vn 0.5973 -0.2865 -0.749
vn 0.5973 -0.2865 -0.749
vn 0.5973 -0.2865 -0.749
vn 0.5973 -0.2865 -0.749
vn 0.5974 -0.2865 -0.749
vn 0.5974 -0.2865 -0.749
vn 0.5974 -0.2865 -0.749
vn -0.7008 -0.4996 0.5092
vn -0.5887 -0.6859 0.4277
vn -0.5887 -0.6859 0.4277
vn -0.5887 -0.6859 0.4277
vn -0.5887 -0.6859 0.4277
vn -0.4449 -0.8352 0.3232
vn -0.4449 -0.8352 0.3232
vn -0.4449 -0.8352 0.3232
vn -0.4449 -0.8352 0.3232
vn 0.9581 -0.2865 -0
vn 0.9581 -0.2865 -0
vn 0.9581 -0.2865 -0
vn 0.9581 -0.2865 -0
vn 0.9542 -0.2865 0.0859
vn 0.9542 -0.2865 0.0859
vn 0.9542 -0.2865 0.0859
vn 0.9542 -0.2865 0.0859
vn 0.9542 -0.2865 0.0859
vn 0.9427 -0.2865 0.1711
vn -0.7436 -0.4996 0.4443
vn -0.6247 -0.6859 0.3732
vn -0.6247 -0.6859 0.3732
vn -0.6247 -0.6859 0.3732
vn -0.6247 -0.6859 0.3732
vn -0.4721 -0.8352 0.282
vn -0.4721 -0.8352 0.282
vn -0.4721 -0.8352 0.282
vn -0.4721 -0.8352 0.282
vn -0.2939 -0.9396 0.1756
vn -0.2939 -0.9396 0.1756
vn -0.2939 -0.9396 0.1756
vn -0.2939 -0.9396 0.1756
vn -0.2769 -0.9396 0.2012
vn -0.2769 -0.9396 0.2012
vn -0.2769 -0.9396 0.2012
vn -0.2769 -0.9396 0.2012
vn -0.2578 -0.9396 0.2252
vn -0.2578 -0.9396 0.2252
vn -0.2578 -0.9396 0.2252
vn -0.2578 -0.9396 0.2252
vn 0.5278 -0.2865 -0.7996
vn 0.454 -0.2865 -0.8437
vn 0.454 -0.2865 -0.8437
vn 0.454 -0.2865 -0.8437
vn 0.454 -0.2865 -0.8437
vn 0.454 -0.2865 -0.8437
vn 0.3765 -0.2865 -0.881
vn 0.3765 -0.2865 -0.881
vn 0.3765 -0.2865 -0.881
vn 0.3765 -0.2865 -0.881
vn 0.3765 -0.2865 -0.881
vn -0.8632 -0.2865 0.4157
vn -0.8632 -0.2865 0.4157
vn -0.8632 -0.2865 0.4157
vn -0.7805 -0.4996 0.3758
vn -0.7805 -0.4996 0.3758
vn -0.7805 -0.4996 0.3758
vn -0.7805 -0.4996 0.3758
vn -0.6557 -0.6859 0.3157
vn -0.6557 -0.6859 0.3157
vn -0.6557 -0.6859 0.3157
vn -0.6557 -0.6859 0.3157
vn -0.4954 -0.8352 0.2386
vn -0.4954 -0.8352 0.2386
vn -0.4954 -0.8352 0.2386
vn -0.4954 -0.8352 0.2386
vn -0.3084 -0.9396 0.1485
vn -0.3084 -0.9396 0.1485
vn -0.3084 -0.9396 0.1485
vn -0.3084 -0.9396 0.1485
vn -0.1157 -0.9932 0.0104
vn -0.1157 -0.9932 0.0104
vn -0.1157 -0.9932 0.0104
vn -0.1157 -0.9932 0.0104
vn -0.1143 -0.9932 0.0207
vn -0.1143 -0.9932 0.0207
vn -0.1143 -0.9932 0.0207
vn -0.1143 -0.9932 0.0207
vn -0.112 -0.9932 0.0309
vn -0.112 -0.9932 0.0309
vn -0.112 -0.9932 0.0309
vn -0.112 -0.9932 0.0309
vn -0.1088 -0.9932 0.0408
vn -0.1088 -0.9932 0.0408
vn -0.1088 -0.9932 0.0408
vn -0.1088 -0.9932 0.0408
vn -0.1047 -0.9932 0.0504
vn -0.1047 -0.9932 0.0504
vn -0.1047 -0.9932 0.0504
vn -0.1047 -0.9932 0.0504
vn -0.0998 -0.9932 0.0596
vn -0.0998 -0.9932 0.0596
vn -0.0998 -0.9932 0.0596
vn -0.0998 -0.9932 0.0596
vn -0.094 -0.9932 0.0683
vn -0.094 -0.9932 0.0683
vn -0.094 -0.9932 0.0683
vn -0.094 -0.9932 0.0683
vn -0.0875 -0.9932 0.0765
vn -0.0875 -0.9932 0.0765
vn -0.0875 -0.9932 0.0765
vn -0.0875 -0.9932 0.0765
vn -0.0803 -0.9932 0.084
vn -0.0803 -0.9932 0.084
vn -0.0803 -0.9932 0.084
vn 0.1286 -0.2865 0.9494
vn 0.2132 -0.2865 0.934
vn 0.2132 -0.2865 0.934
vn 0.2132 -0.2865 0.934
vn 0.2132 -0.2865 0.934
vn 0.2132 -0.2865 0.9341
vn 0.2132 -0.2865 0.9341
vn 0.2132 -0.2865 0.9341
vn 0.2961 -0.2865 0.9112
vn 0.2961 -0.2865 0.9112
vn 0.2961 -0.2865 0.9112
vn 0.2961 -0.2865 0.9112
vn 0.3765 -0.2865 0.881
vn 0.8632 -0.2865 0.4157
vn 0.897 -0.2865 0.3366
vn 0.897 -0.2865 0.3366
vn 0.897 -0.2865 0.3366
vn 0.897 -0.2865 0.3366
vn 0.897 -0.2865 0.3366
vn 0.9235 -0.2865 0.2549
vn 0.9235 -0.2865 0.2549
vn 0.9235 -0.2865 0.2549
vn 0.9235 -0.2865 0.2549
vn 0.9235 -0.2865 0.2549
vn -0.8632 -0.2865 0.4157
vn -0.8225 -0.2865 0.4914
vn -0.8225 -0.2865 0.4914
vn -0.8225 -0.2865 0.4914
vn -0.8225 -0.2865 0.4914
vn -0.8225 -0.2865 0.4914
vn -0.7751 -0.2865 0.5631
vn -0.7751 -0.2865 0.5631
vn -0.7751 -0.2865 0.5631
vn -0.7751 -0.2865 0.5631
vn -0.7751 -0.2865 0.5631
vn -0.5973 -0.2865 -0.749
vn -0.5973 -0.2865 -0.749
vn -0.5973 -0.2865 -0.749
vn -0.5973 -0.2865 -0.749
vn -0.6621 -0.2865 -0.6925
vn -0.6621 -0.2865 -0.6925
vn -0.6621 -0.2865 -0.6925
vn -0.6621 -0.2865 -0.6925
vn -0.6621 -0.2865 -0.6925
vn -0.7215 -0.2865 -0.6303
vn -0.7751 -0.2865 -0.5631
vn -0.7751 -0.2865 -0.5631
vn -0.7751 -0.2865 -0.5631
vn -0.7751 -0.2865 -0.5631
vn -0.7751 -0.2865 -0.5631
vn -0.8225 -0.2865 -0.4914
vn -0.8225 -0.2865 -0.4914
vn -0.8225 -0.2865 -0.4914
vn -0.8225 -0.2865 -0.4914
vn -0.8225 -0.2865 -0.4914
vn -0.454 -0.2865 -0.8437
vn -0.454 -0.2865 -0.8437
vn -0.5278 -0.2865 -0.7996
vn -0.5278 -0.2865 -0.7996
vn -0.5278 -0.2865 -0.7996
vn -0.5278 -0.2865 -0.7996
vn -0.5974 -0.2865 -0.749
vn -0.5974 -0.2865 -0.749
vn -0.5974 -0.2865 -0.749
vn -0.2961 -0.2865 0.9112
vn -0.2132 -0.2865 0.9341
vn -0.2132 -0.2865 0.9341
vn -0.2132 -0.2865 0.9341
vn -0.2132 -0.2865 0.934
vn -0.2132 -0.2865 0.934
vn -0.2132 -0.2865 0.934
vn -0.2132 -0.2865 0.934
vn -0.1286 -0.2865 0.9494
vn -0.1286 -0.2865 0.9494
vn -0.1286 -0.2865 0.9494
vn -0.1286 -0.2865 0.9494
vn -0.1286 -0.2865 0.9494
vn 0.9581 -0.2865 -0
vn 0.9542 -0.2865 -0.0859
vn 0.9542 -0.2865 -0.0859
vn 0.9542 -0.2865 -0.0859
vn 0.9542 -0.2865 -0.0859
vn 0.9542 -0.2865 -0.0859
vn 0.9427 -0.2865 -0.1711
vn 0.9427 -0.2865 -0.1711
vn 0.9427 -0.2865 -0.1711
vn 0.9427 -0.2865 -0.1711
vn 0.9235 -0.2865 -0.2549
vn -0.0803 -0.9932 0.084
vn -0.2366 -0.9396 0.2474
vn -0.2366 -0.9396 0.2474
vn -0.2366 -0.9396 0.2474
vn -0.2366 -0.9396 0.2474
vn -0.38 -0.8352 0.3975
vn -0.38 -0.8352 0.3975
vn -0.38 -0.8352 0.3975
vn -0.38 -0.8352 0.3975
vn -0.5029 -0.6859 0.526
vn -0.5029 -0.6859 0.526
vn -0.5029 -0.6859 0.526
vn -0.5029 -0.6859 0.526
vn -0.5986 -0.4996 0.6261
vn -0.5986 -0.4996 0.6261
vn -0.5986 -0.4996 0.6261
vn -0.5986 -0.4996 0.6261
vn -0.6621 -0.2865 0.6925
vn -0.6621 -0.2865 0.6925
vn -0.2132 -0.2865 -0.934
vn -0.2132 -0.2865 -0.934
vn -0.2132 -0.2865 -0.934
vn -0.2132 -0.2865 -0.934
vn -0.2961 -0.2865 -0.9112
vn -0.2961 -0.2865 -0.9112
vn -0.2961 -0.2865 -0.9112
vn -0.2961 -0.2865 -0.9112
vn -0.3765 -0.2865 -0.881
vn -0.0725 -0.9932 0.0909
vn -0.0725 -0.9932 0.0909
vn -0.0725 -0.9932 0.0909
vn -0.2134 -0.9396 0.2676
vn -0.2134 -0.9396 0.2676
vn -0.2134 -0.9396 0.2676
vn -0.2134 -0.9396 0.2676
vn -0.3428 -0.8352 0.4299
vn -0.3428 -0.8352 0.4299
vn -0.3428 -0.8352 0.4299
vn -0.3429 -0.8352 0.4299
vn -0.3429 -0.8352 0.4299
vn -0.3429 -0.8352 0.4299
vn -0.4537 -0.6859 0.569
vn -0.4537 -0.6859 0.569
vn -0.4537 -0.6859 0.569
vn -0.4537 -0.6859 0.569
vn -0.5401 -0.4996 0.6773
vn -0.5401 -0.4996 0.6773
vn -0.5401 -0.4996 0.6773
vn -0.5401 -0.4996 0.6773
vn -0.5973 -0.2865 0.749
vn -0.5973 -0.2865 0.749
vn -0.8632 -0.2865 -0.4157
vn -0.897 -0.2865 -0.3366
vn -0.897 -0.2865 -0.3366
vn -0.897 -0.2865 -0.3366
vn -0.897 -0.2865 -0.3366
vn -0.897 -0.2865 -0.3366
vn -0.9235 -0.2865 -0.2549
vn -0.9235 -0.2865 -0.2549
vn -0.9235 -0.2865 -0.2549
vn -0.9235 -0.2865 -0.2549
vn -0.9235 -0.2865 -0.2549
vn 0.8225 -0.2865 -0.4914
vn 0.8225 -0.2865 -0.4914
vn 0.8225 -0.2865 -0.4914
vn 0.8225 -0.2865 -0.4914
vn 0.7751 -0.2865 -0.5631
vn 0.7751 -0.2865 -0.5631
vn 0.7751 -0.2865 -0.5631
vn 0.7751 -0.2865 -0.5631
vn 0.7751 -0.2865 -0.5631
vn -0.5278 -0.2865 0.7996
vn -0.4772 -0.4996 0.7229
vn -0.4772 -0.4996 0.7229
vn -0.4772 -0.4996 0.7229
vn -0.4772 -0.4996 0.7229
vn -0.4009 -0.6859 0.6073
vn -0.4009 -0.6859 0.6073
vn -0.4009 -0.6859 0.6073
vn -0.4009 -0.6859 0.6073
vn -0.3029 -0.8352 0.4589
vn -0.3029 -0.8352 0.4589
vn -0.3029 -0.8352 0.4589
vn -0.3029 -0.8352 0.4589
vn -0.1886 -0.9396 0.2857
vn -0.1886 -0.9396 0.2857
vn -0.1886 -0.9396 0.2857
vn -0.1886 -0.9396 0.2857
vn -0.064 -0.9932 0.097
vn -0.064 -0.9932 0.097
vn -0.064 -0.9932 0.097
vn -0.064 -0.9932 0.097
vn -0.9581 -0.2865 -0
vn -0.9581 -0.2865 -0
vn -0.9581 -0.2865 -0
vn -0.9542 -0.2865 0.0859
vn -0.9542 -0.2865 0.0859
vn -0.9542 -0.2865 0.0859
vn -0.9542 -0.2865 0.0859
vn -0.9542 -0.2865 0.0859
vn -0.9427 -0.2865 0.1711
vn -0.9427 -0.2865 0.1711
vn -0.9427 -0.2865 0.1711
vn -0.9427 -0.2865 0.1711
vn -0.9235 -0.2865 0.2549
vn -0.1162 -0.9932 -0
vn -0.3423 -0.9396 -0
vn -0.3423 -0.9396 -0
vn -0.3423 -0.9396 -0
vn -0.3423 -0.9396 -0
vn -0.5499 -0.8352 -0
vn -0.5499 -0.8352 -0
vn -0.5499 -0.8352 -0
vn -0.5499 -0.8352 -0
vn -0.7277 -0.6859 -0
vn -0.7277 -0.6859 -0
vn -0.7277 -0.6859 -0
vn -0.7277 -0.6859 -0
vn -0.8662 -0.4996 -0
vn -0.8662 -0.4996 -0
vn -0.8662 -0.4996 -0
vn -0.8662 -0.4996 -0
vn -0.9581 -0.2865 -0
vn -0.9581 -0.2865 -0
vn -0.3368 -0.9396 -0.0611
vn -0.3368 -0.9396 -0.0611
vn -0.3368 -0.9396 -0.0611
vn -0.3368 -0.9396 -0.0611
vn -0.33 -0.9396 -0.0911
vn -0.33 -0.9396 -0.0911
vn -0.33 -0.9396 -0.0911
vn -0.33 -0.9396 -0.0911
vn -0.3205 -0.9396 -0.1203
vn -0.3205 -0.9396 -0.1203
vn -0.3205 -0.9396 -0.1203
vn -0.3205 -0.9396 -0.1203
vn -0.3084 -0.9396 -0.1485
vn -0.3084 -0.9396 -0.1485
vn -0.3084 -0.9396 -0.1485
vn -0.3084 -0.9396 -0.1485
vn -0.2939 -0.9396 -0.1756
vn -0.2939 -0.9396 -0.1756
vn -0.2939 -0.9396 -0.1756
vn -0.2939 -0.9396 -0.1756
vn -0.2769 -0.9396 -0.2012
vn -0.2769 -0.9396 -0.2012
vn -0.2769 -0.9396 -0.2012
vn -0.2769 -0.9396 -0.2012
vn -0.2578 -0.9396 -0.2252
vn -0.2578 -0.9396 -0.2252
vn -0.2578 -0.9396 -0.2252
vn -0.2578 -0.9396 -0.2252
vn -0.2366 -0.9396 -0.2474
vn -0.2366 -0.9396 -0.2474
vn -0.2366 -0.9396 -0.2474
vn -0.2366 -0.9396 -0.2474
vn -0.2134 -0.9396 -0.2676
vn -0.2134 -0.9396 -0.2676
vn -0.2134 -0.9396 -0.2676
vn -0.2134 -0.9396 -0.2676
vn -0.1886 -0.9396 -0.2857
vn -0.1886 -0.9396 -0.2857
vn -0.1886 -0.9396 -0.2857
vn -0.1886 -0.9396 -0.2857
vn -0.1622 -0.9396 -0.3014
vn -0.1622 -0.9396 -0.3014
vn -0.1622 -0.9396 -0.3014
vn -0.1622 -0.9396 -0.3014
vn -0.1345 -0.9396 -0.3148
vn -0.1345 -0.9396 -0.3148
vn -0.1345 -0.9396 -0.3148
vn -0.1345 -0.9396 -0.3148
vn -0.1058 -0.9396 -0.3256
vn -0.1058 -0.9396 -0.3256
vn -0.1058 -0.9396 -0.3256
vn -0.1058 -0.9396 -0.3256
vn -0.0762 -0.9396 -0.3337
vn -0.0762 -0.9396 -0.3337
vn -0.0762 -0.9396 -0.3337
vn -0.0762 -0.9396 -0.3337
vn -0.046 -0.9396 -0.3392
vn -0.046 -0.9396 -0.3392
vn -0.046 -0.9396 -0.3392
vn -0.046 -0.9396 -0.3392
vn -0.0154 -0.9396 -0.342
vn -0.0154 -0.9396 -0.342
vn -0.0154 -0.9396 -0.342
vn -0.0154 -0.9396 -0.342
vn 0.0154 -0.9396 -0.342
vn 0.0154 -0.9396 -0.342
vn 0.0154 -0.9396 -0.342
vn 0.0154 -0.9396 -0.342
vn 0.046 -0.9396 -0.3392
vn 0.046 -0.9396 -0.3392
vn 0.046 -0.9396 -0.3392
vn 0.046 -0.9396 -0.3392
vn 0.0762 -0.9396 -0.3337
vn 0.0762 -0.9396 -0.3337
vn 0.0762 -0.9396 -0.3337
vn 0.0762 -0.9396 -0.3337
vn 0.1058 -0.9396 -0.3256
vn 0.1058 -0.9396 -0.3256
vn 0.1058 -0.9396 -0.3256
vn 0.1058 -0.9396 -0.3256
vn 0.1345 -0.9396 -0.3148
vn 0.1345 -0.9396 -0.3148
vn 0.1345 -0.9396 -0.3148
vn 0.1345 -0.9396 -0.3148
vn 0.1622 -0.9396 -0.3014
vn 0.1622 -0.9396 -0.3014
vn 0.1622 -0.9396 -0.3014
vn 0.1622 -0.9396 -0.3014
vn 0.1886 -0.9396 -0.2857
vn 0.1886 -0.9396 -0.2857
vn 0.1886 -0.9396 -0.2857
vn 0.1886 -0.9396 -0.2857
vn 0.2134 -0.9396 -0.2676
vn 0.2134 -0.9396 -0.2676
vn 0.2134 -0.9396 -0.2676
vn 0.2134 -0.9396 -0.2676
vn 0.2366 -0.9396 -0.2474
vn 0.2366 -0.9396 -0.2474
vn 0.2366 -0.9396 -0.2474
vn 0.2366 -0.9396 -0.2474
vn 0.2578 -0.9396 -0.2252
vn 0.2578 -0.9396 -0.2252
vn 0.2578 -0.9396 -0.2252
vn 0.2578 -0.9396 -0.2252
vn 0.2769 -0.9396 -0.2012
vn 0.2769 -0.9396 -0.2012
vn 0.2769 -0.9396 -0.2012
vn 0.277 -0.9396 -0.2012
vn 0.277 -0.9396 -0.2012
vn 0.277 -0.9396 -0.2012
vn 0.2939 -0.9396 -0.1756
vn 0.2939 -0.9396 -0.1756
vn 0.2939 -0.9396 -0.1756
vn 0.2939 -0.9396 -0.1756
vn 0.3084 -0.9396 -0.1485
vn 0.3084 -0.9396 -0.1485
vn 0.3084 -0.9396 -0.1485
vn 0.3084 -0.9396 -0.1485
vn 0.3205 -0.9396 -0.1203
vn 0.3205 -0.9396 -0.1203
vn 0.3205 -0.9396 -0.1203
vn 0.3205 -0.9396 -0.1203
vn 0.33 -0.9396 -0.0911
vn 0.33 -0.9396 -0.0911
vn 0.33 -0.9396 -0.0911
vn 0.33 -0.9396 -0.0911
vn 0.3368 -0.9396 -0.0611
vn 0.3368 -0.9396 -0.0611
vn 0.3368 -0.9396 -0.0611
vn 0.3368 -0.9396 -0.0611
vn 0.341 -0.9396 -0.0307
vn 0.341 -0.9396 -0.0307
vn 0.341 -0.9396 -0.0307
vn 0.3409 -0.9396 -0.0307
vn 0.3409 -0.9396 -0.0307
vn 0.3409 -0.9396 -0.0307
vn 0.3423 -0.9396 -0
vn 0.3423 -0.9396 -0
vn 0.3423 -0.9396 -0
vn 0.3423 -0.9396 -0
vn 0.341 -0.9396 0.0307
vn 0.341 -0.9396 0.0307
vn 0.341 -0.9396 0.0307
vn 0.3409 -0.9396 0.0307
vn 0.3409 -0.9396 0.0307
vn 0.3409 -0.9396 0.0307
vn 0.3368 -0.9396 0.0611
vn 0.3368 -0.9396 0.0611
vn 0.3368 -0.9396 0.0611
vn 0.3368 -0.9396 0.0611
vn 0.33 -0.9396 0.0911
vn 0.33 -0.9396 0.0911
vn 0.33 -0.9396 0.0911
vn 0.33 -0.9396 0.0911
vn 0.3205 -0.9396 0.1203
vn 0.3205 -0.9396 0.1203
vn 0.3205 -0.9396 0.1203
vn 0.3205 -0.9396 0.1203
vn 0.3084 -0.9396 0.1485
vn 0.3084 -0.9396 0.1485
vn 0.3084 -0.9396 0.1485
vn 0.3084 -0.9396 0.1485
vn 0.2939 -0.9396 0.1756
vn 0.2939 -0.9396 0.1756
vn 0.2939 -0.9396 0.1756
vn 0.2939 -0.9396 0.1756
vn 0.277 -0.9396 0.2012
vn 0.277 -0.9396 0.2012
vn 0.277 -0.9396 0.2012
vn 0.2769 -0.9396 0.2012
vn 0.2769 -0.9396 0.2012
vn 0.2769 -0.9396 0.2012
vn 0.2578 -0.9396 0.2252
vn 0.2578 -0.9396 0.2252
vn 0.2578 -0.9396 0.2252
vn 0.2578 -0.9396 0.2252
vn 0.2366 -0.9396 0.2474
vn 0.2366 -0.9396 0.2474
vn 0.2366 -0.9396 0.2474
vn 0.2366 -0.9396 0.2474
vn 0.2134 -0.9396 0.2676
vn 0.2134 -0.9396 0.2676
vn 0.2134 -0.9396 0.2676
vn 0.2134 -0.9396 0.2676
vn 0.1886 -0.9396 0.2857
vn 0.1886 -0.9396 0.2857
vn 0.1886 -0.9396 0.2857
vn 0.1886 -0.9396 0.2857
vn 0.1622 -0.9396 0.3014
vn 0.1622 -0.9396 0.3014
vn 0.1622 -0.9396 0.3014
vn 0.1622 -0.9396 0.3014
vn 0.1345 -0.9396 0.3148
vn 0.1345 -0.9396 0.3148
vn 0.1345 -0.9396 0.3148
vn 0.1345 -0.9396 0.3148
vn 0.1058 -0.9396 0.3256
vn 0.1058 -0.9396 0.3256
vn 0.1058 -0.9396 0.3256
vn 0.1058 -0.9396 0.3256
vn 0.0762 -0.9396 0.3337
vn 0.0762 -0.9396 0.3337
vn 0.0762 -0.9396 0.3337
vn 0.0762 -0.9396 0.3337
vn 0.046 -0.9396 0.3392
vn 0.046 -0.9396 0.3392
vn 0.046 -0.9396 0.3392
vn 0.046 -0.9396 0.3392
vn 0.0154 -0.9396 0.342
vn 0.0154 -0.9396 0.342
vn 0.0154 -0.9396 0.342
vn 0.0154 -0.9396 0.342
vn -0.0154 -0.9396 0.342
vn -0.0154 -0.9396 0.342
vn -0.0154 -0.9396 0.342
vn -0.0154 -0.9396 0.342
vn -0.046 -0.9396 0.3392
vn -0.046 -0.9396 0.3392
vn -0.046 -0.9396 0.3392
vn -0.046 -0.9396 0.3392
vn -0.0762 -0.9396 0.3337
vn -0.0762 -0.9396 0.3337
vn -0.0762 -0.9396 0.3337
vn -0.0762 -0.9396 0.3337
vn -0.1058 -0.9396 0.3256
vn -0.1058 -0.9396 0.3256
vn -0.1058 -0.9396 0.3256
vn -0.1058 -0.9396 0.3256
vn -0.1345 -0.9396 0.3148
vn -0.1345 -0.9396 0.3148
vn -0.1345 -0.9396 0.3148
vn -0.1345 -0.9396 0.3148
vn 0.1286 -0.2865 -0.9494
vn 0.1286 -0.2865 -0.9494
vn 0.043 -0.2865 -0.9571
vn 0.043 -0.2865 -0.9571
vn 0.043 -0.2865 -0.9571
vn 0.043 -0.2865 -0.9571
vn -0.043 -0.2865 -0.9571
vn -0.043 -0.2865 -0.9571
vn -0.043 -0.2865 -0.9571
vn -0.3765 -0.2865 0.881
vn -0.3765 -0.2865 0.881
vn -0.3765 -0.2865 0.881
vn -0.3765 -0.2865 0.881
vn -0.3765 -0.2865 0.881
vn -0.0457 -0.9932 0.1069
vn -0.0457 -0.9932 0.1069
vn -0.0457 -0.9932 0.1069
vn -0.0457 -0.9932 0.1069
vn -0.0359 -0.9932 0.1105
vn -0.0359 -0.9932 0.1105
vn -0.0359 -0.9932 0.1105
vn -0.0359 -0.9932 0.1105
vn -0.0259 -0.9932 0.1133
vn -0.0259 -0.9932 0.1133
vn -0.0259 -0.9932 0.1133
vn -0.0259 -0.9932 0.1133
vn -0.0156 -0.9932 0.1152
vn -0.0156 -0.9932 0.1152
vn -0.0156 -0.9932 0.1152
vn -0.0156 -0.9932 0.1152
vn -0.0052 -0.9932 0.1161
vn -0.0052 -0.9932 0.1161
vn -0.0052 -0.9932 0.1161
vn -0.0052 -0.9932 0.1161
vn 0.0052 -0.9932 0.1161
vn 0.0052 -0.9932 0.1161
vn 0.0052 -0.9932 0.1161
vn 0.0052 -0.9932 0.1161
vn 0.0156 -0.9932 0.1152
vn 0.0156 -0.9932 0.1152
vn 0.0156 -0.9932 0.1152
vn 0.0156 -0.9932 0.1152
vn 0.0259 -0.9932 0.1133
vn 0.0259 -0.9932 0.1133
vn 0.0259 -0.9932 0.1133
vn 0.0259 -0.9932 0.1133
vn 0.0359 -0.9932 0.1105
vn 0.0359 -0.9932 0.1105
vn 0.0359 -0.9932 0.1105
vn 0.0359 -0.9932 0.1105
vn 0.0457 -0.9932 0.1069
vn 0.0457 -0.9932 0.1069
vn 0.0457 -0.9932 0.1069
vn 0.0457 -0.9932 0.1069
vn 0.0551 -0.9932 0.1023
vn 0.0551 -0.9932 0.1023
vn 0.0551 -0.9932 0.1023
vn 0.0551 -0.9932 0.1023
vn 0.064 -0.9932 0.097
vn 0.064 -0.9932 0.097
vn 0.064 -0.9932 0.097
vn 0.064 -0.9932 0.097
vn 0.0724 -0.9932 0.0909
vn 0.0724 -0.9932 0.0909
vn 0.0724 -0.9932 0.0909
vn 0.0725 -0.9932 0.0909
vn 0.0725 -0.9932 0.0909
vn 0.0725 -0.9932 0.0909
vn 0.0803 -0.9932 0.084
vn 0.0803 -0.9932 0.084
vn 0.0803 -0.9932 0.084
vn 0.0803 -0.9932 0.084
vn 0.0875 -0.9932 0.0765
vn 0.0875 -0.9932 0.0765
vn 0.0875 -0.9932 0.0765
vn 0.0875 -0.9932 0.0765
vn 0.094 -0.9932 0.0683
vn 0.094 -0.9932 0.0683
vn 0.094 -0.9932 0.0683
vn 0.094 -0.9932 0.0683
vn 0.0998 -0.9932 0.0596
vn 0.0998 -0.9932 0.0596
vn 0.0998 -0.9932 0.0596
vn 0.0998 -0.9932 0.0596
vn 0.1047 -0.9932 0.0504
vn 0.1047 -0.9932 0.0504
vn 0.1047 -0.9932 0.0504
vn 0.1047 -0.9932 0.0504
vn 0.1088 -0.9932 0.0408
vn 0.1088 -0.9932 0.0408
vn 0.1088 -0.9932 0.0408
vn 0.1088 -0.9932 0.0408
vn 0.112 -0.9932 0.0309
vn 0.112 -0.9932 0.0309
vn 0.112 -0.9932 0.0309
vn 0.112 -0.9932 0.0309
vn 0.1143 -0.9932 0.0207
vn 0.1143 -0.9932 0.0207
vn 0.1143 -0.9932 0.0207
vn 0.1143 -0.9932 0.0207
vn 0.1157 -0.9932 0.0104
vn 0.1157 -0.9932 0.0104
vn 0.1157 -0.9932 0.0104
vn 0.1157 -0.9932 0.0104
vn 0.1162 -0.9932 -0
vn 0.1162 -0.9932 -0
vn 0.1162 -0.9932 -0
vn 0.1162 -0.9932 -0
vn 0.1157 -0.9932 -0.0104
vn 0.1157 -0.9932 -0.0104
vn 0.1157 -0.9932 -0.0104
vn 0.1157 -0.9932 -0.0104
vn 0.1143 -0.9932 -0.0207
vn 0.1143 -0.9932 -0.0207
vn 0.1143 -0.9932 -0.0207
vn 0.1143 -0.9932 -0.0207
vn 0.112 -0.9932 -0.0309
vn 0.112 -0.9932 -0.0309
vn 0.112 -0.9932 -0.0309
vn 0.112 -0.9932 -0.0309
vn 0.1088 -0.9932 -0.0408
vn 0.1088 -0.9932 -0.0408
vn 0.1088 -0.9932 -0.0408
vn 0.1088 -0.9932 -0.0408
vn 0.1047 -0.9932 -0.0504
vn 0.1047 -0.9932 -0.0504
vn 0.1047 -0.9932 -0.0504
vn 0.1047 -0.9932 -0.0504
vn 0.0998 -0.9932 -0.0596
vn 0.0998 -0.9932 -0.0596
vn 0.0998 -0.9932 -0.0596
vn 0.0998 -0.9932 -0.0596
vn 0.094 -0.9932 -0.0683
vn 0.094 -0.9932 -0.0683
vn 0.094 -0.9932 -0.0683
vn 0.094 -0.9932 -0.0683
vn 0.0875 -0.9932 -0.0765
vn 0.0875 -0.9932 -0.0765
vn 0.0875 -0.9932 -0.0765
vn 0.0875 -0.9932 -0.0765
vn 0.0803 -0.9932 -0.084
vn 0.0803 -0.9932 -0.084
vn 0.0803 -0.9932 -0.084
vn 0.0803 -0.9932 -0.084
vn 0.0725 -0.9932 -0.0909
vn 0.0725 -0.9932 -0.0909
vn 0.0725 -0.9932 -0.0909
vn 0.0725 -0.9932 -0.0909
vn 0.064 -0.9932 -0.097
vn 0.064 -0.9932 -0.097
vn 0.064 -0.9932 -0.097
vn 0.064 -0.9932 -0.097
vn 0.0551 -0.9932 -0.1023
vn 0.0551 -0.9932 -0.1023
vn 0.0551 -0.9932 -0.1023
vn 0.0551 -0.9932 -0.1023
vn 0.0457 -0.9932 -0.1069
vn 0.0457 -0.9932 -0.1069
vn 0.0457 -0.9932 -0.1069
vn 0.0457 -0.9932 -0.1069
vn 0.0359 -0.9932 -0.1105
vn 0.0359 -0.9932 -0.1105
vn 0.0359 -0.9932 -0.1105
vn 0.0359 -0.9932 -0.1105
vn 0.0259 -0.9932 -0.1133
vn 0.0259 -0.9932 -0.1133
vn 0.0259 -0.9932 -0.1133
vn 0.0259 -0.9932 -0.1133
vn 0.0156 -0.9932 -0.1152
vn 0.0156 -0.9932 -0.1152
vn 0.0156 -0.9932 -0.1152
vn 0.0156 -0.9932 -0.1152
vn 0.0052 -0.9932 -0.1161
vn 0.0052 -0.9932 -0.1161
vn 0.0052 -0.9932 -0.1161
vn 0.0052 -0.9932 -0.1161
vn -0.0052 -0.9932 -0.1161
vn -0.0052 -0.9932 -0.1161
vn -0.0052 -0.9932 -0.1161
vn -0.0052 -0.9932 -0.1161
vn -0.0156 -0.9932 -0.1152
vn -0.0156 -0.9932 -0.1152
vn -0.0156 -0.9932 -0.1152
vn -0.0156 -0.9932 -0.1152
vn -0.0259 -0.9932 -0.1133
vn -0.0259 -0.9932 -0.1133
vn -0.0259 -0.9932 -0.1133
vn -0.0259 -0.9932 -0.1133
vn -0.0359 -0.9932 -0.1105
vn -0.0359 -0.9932 -0.1105
vn -0.0359 -0.9932 -0.1105
vn -0.0359 -0.9932 -0.1105
vn -0.0457 -0.9932 -0.1069
vn -0.0457 -0.9932 -0.1069
vn -0.0457 -0.9932 -0.1069
vn -0.0457 -0.9932 -0.1069
vn -0.0551 -0.9932 -0.1023
vn -0.0551 -0.9932 -0.1023
vn -0.0551 -0.9932 -0.1023
vn -0.0551 -0.9932 -0.1023
vn -0.064 -0.9932 -0.097
vn -0.064 -0.9932 -0.097
vn -0.064 -0.9932 -0.097
vn -0.064 -0.9932 -0.097
vn -0.0725 -0.9932 -0.0909
vn -0.0725 -0.9932 -0.0909
vn -0.0725 -0.9932 -0.0909
vn -0.0725 -0.9932 -0.0909
vn -0.0803 -0.9932 -0.084
vn -0.0803 -0.9932 -0.084
vn -0.0803 -0.9932 -0.084
vn -0.0803 -0.9932 -0.084
vn -0.0875 -0.9932 -0.0765
vn -0.0875 -0.9932 -0.0765
vn -0.0875 -0.9932 -0.0765
vn -0.0875 -0.9932 -0.0765
vn -0.094 -0.9932 -0.0683
vn -0.094 -0.9932 -0.0683
vn -0.094 -0.9932 -0.0683
vn -0.094 -0.9932 -0.0683
vn -0.0998 -0.9932 -0.0596
vn -0.0998 -0.9932 -0.0596
vn -0.0998 -0.9932 -0.0596
vn -0.0998 -0.9932 -0.0596
vn -0.1047 -0.9932 -0.0504
vn -0.1047 -0.9932 -0.0504
vn -0.1047 -0.9932 -0.0504
vn -0.1047 -0.9932 -0.0504
vn -0.1088 -0.9932 -0.0408
vn -0.1088 -0.9932 -0.0408
vn -0.1088 -0.9932 -0.0408
vn -0.1088 -0.9932 -0.0408
vn -0.112 -0.9932 -0.0309
vn -0.112 -0.9932 -0.0309
vn -0.112 -0.9932 -0.0309
vn -0.112 -0.9932 -0.0309
vn -0.1143 -0.9932 -0.0207
vn -0.1143 -0.9932 -0.0207
vn -0.1143 -0.9932 -0.0207
vn -0.1143 -0.9932 -0.0207
vn -0.1157 -0.9932 -0.0104
vn -0.1157 -0.9932 -0.0104
vn -0.1157 -0.9932 -0.0104
vn -0.043 -0.2865 -0.9571
vn -0.1286 -0.2865 -0.9494
vn -0.1286 -0.2865 -0.9494
vn -0.1286 -0.2865 -0.9494
vn -0.1286 -0.2865 -0.9494
vn -0.1286 -0.2865 -0.9494
vn -0.2132 -0.2865 -0.934
vn -0.2161 -0.8352 0.5056
vn -0.2161 -0.8352 0.5056
vn -0.2161 -0.8352 0.5056
vn -0.2161 -0.8352 0.5056
vn -0.1699 -0.8352 0.523
vn -0.1699 -0.8352 0.523
vn -0.1699 -0.8352 0.523
vn -0.1699 -0.8352 0.523
vn -0.1224 -0.8352 0.5361
vn -0.1224 -0.8352 0.5361
vn -0.1224 -0.8352 0.5361
vn -0.1224 -0.8352 0.5361
vn -0.0738 -0.8352 0.5449
vn -0.0738 -0.8352 0.5449
vn -0.0738 -0.8352 0.5449
vn -0.0738 -0.8352 0.5449
vn -0.0247 -0.8352 0.5493
vn -0.0247 -0.8352 0.5493
vn -0.0247 -0.8352 0.5493
vn -0.0247 -0.8352 0.5493
vn 0.0247 -0.8352 0.5493
vn 0.0247 -0.8352 0.5493
vn 0.0247 -0.8352 0.5493
vn 0.0247 -0.8352 0.5493
vn 0.0738 -0.8352 0.5449
vn 0.0738 -0.8352 0.5449
vn 0.0738 -0.8352 0.5449
vn 0.0738 -0.8352 0.5449
vn 0.1224 -0.8352 0.5361
vn 0.1224 -0.8352 0.5361
vn 0.1224 -0.8352 0.5361
vn 0.1224 -0.8352 0.5361
vn 0.1699 -0.8352 0.523
vn 0.1699 -0.8352 0.523
vn 0.1699 -0.8352 0.523
vn 0.1699 -0.8352 0.523
vn 0.2161 -0.8352 0.5056
vn 0.2161 -0.8352 0.5056
vn 0.2161 -0.8352 0.5056
vn 0.2161 -0.8352 0.5056
vn 0.2606 -0.8352 0.4842
vn 0.2606 -0.8352 0.4842
vn 0.2606 -0.8352 0.4842
vn 0.2606 -0.8352 0.4842
vn 0.3029 -0.8352 0.4589
vn 0.3029 -0.8352 0.4589
vn 0.3029 -0.8352 0.4589
vn 0.3029 -0.8352 0.4589
vn 0.3429 -0.8352 0.4299
vn 0.3429 -0.8352 0.4299
vn 0.3429 -0.8352 0.4299
vn 0.3429 -0.8352 0.4299
vn 0.38 -0.8352 0.3975
vn 0.38 -0.8352 0.3975
vn 0.38 -0.8352 0.3975
vn 0.38 -0.8352 0.3975
vn 0.4141 -0.8352 0.3618
vn 0.4141 -0.8352 0.3618
vn 0.4141 -0.8352 0.3618
vn 0.4141 -0.8352 0.3618
vn 0.4449 -0.8352 0.3232
vn 0.4449 -0.8352 0.3232
vn 0.4449 -0.8352 0.3232
vn 0.4449 -0.8352 0.3232
vn 0.4721 -0.8352 0.282
vn 0.4721 -0.8352 0.282
vn 0.4721 -0.8352 0.282
vn 0.4721 -0.8352 0.282
vn 0.4954 -0.8352 0.2386
vn 0.4954 -0.8352 0.2386
vn 0.4954 -0.8352 0.2386
vn 0.4954 -0.8352 0.2386
vn 0.5148 -0.8352 0.1932
vn 0.5148 -0.8352 0.1932
vn 0.5148 -0.8352 0.1932
vn 0.5148 -0.8352 0.1932
vn 0.5301 -0.8352 0.1463
vn 0.5301 -0.8352 0.1463
vn 0.5301 -0.8352 0.1463
vn 0.5301 -0.8352 0.1463
vn 0.5411 -0.8352 0.0982
vn 0.5411 -0.8352 0.0982
vn 0.5411 -0.8352 0.0982
vn 0.5411 -0.8352 0.0982
vn 0.5477 -0.8352 0.0493
vn 0.5477 -0.8352 0.0493
vn 0.5477 -0.8352 0.0493
vn 0.5477 -0.8352 0.0493
vn 0.5499 -0.8352 -0
vn 0.5499 -0.8352 -0
vn 0.5499 -0.8352 -0
vn 0.5499 -0.8352 -0
vn 0.5477 -0.8352 -0.0493
vn 0.5477 -0.8352 -0.0493
vn 0.5477 -0.8352 -0.0493
vn 0.5477 -0.8352 -0.0493
vn 0.5411 -0.8352 -0.0982
vn 0.5411 -0.8352 -0.0982
vn 0.5411 -0.8352 -0.0982
vn 0.5411 -0.8352 -0.0982
vn 0.5301 -0.8352 -0.1463
vn 0.5301 -0.8352 -0.1463
vn 0.5301 -0.8352 -0.1463
vn 0.5301 -0.8352 -0.1463
vn 0.5148 -0.8352 -0.1932
vn 0.5148 -0.8352 -0.1932
vn 0.5148 -0.8352 -0.1932
vn 0.5148 -0.8352 -0.1932
vn 0.4954 -0.8352 -0.2386
vn 0.4954 -0.8352 -0.2386
vn 0.4954 -0.8352 -0.2386
vn 0.4954 -0.8352 -0.2386
vn 0.4721 -0.8352 -0.282
vn 0.4721 -0.8352 -0.282
vn 0.4721 -0.8352 -0.282
vn 0.4721 -0.8352 -0.282
vn 0.4449 -0.8352 -0.3232
vn 0.4449 -0.8352 -0.3232
vn 0.4449 -0.8352 -0.3232
vn 0.4449 -0.8352 -0.3232
vn 0.4141 -0.8352 -0.3618
vn 0.4141 -0.8352 -0.3618
vn 0.4141 -0.8352 -0.3618
vn 0.4141 -0.8352 -0.3618
vn 0.38 -0.8352 -0.3975
vn 0.38 -0.8352 -0.3975
vn 0.38 -0.8352 -0.3975
vn 0.38 -0.8352 -0.3975
vn 0.3429 -0.8352 -0.4299
vn 0.3429 -0.8352 -0.4299
vn 0.3429 -0.8352 -0.4299
vn 0.3429 -0.8352 -0.4299
vn 0.3029 -0.8352 -0.4589
vn 0.3029 -0.8352 -0.4589
vn 0.3029 -0.8352 -0.4589
vn 0.3029 -0.8352 -0.4589
vn 0.2606 -0.8352 -0.4842
vn 0.2606 -0.8352 -0.4842
vn 0.2606 -0.8352 -0.4842
vn 0.2606 -0.8352 -0.4842
vn 0.2161 -0.8352 -0.5056
vn 0.2161 -0.8352 -0.5056
vn 0.2161 -0.8352 -0.5056
vn 0.2161 -0.8352 -0.5056
vn 0.1699 -0.8352 -0.523
vn 0.1699 -0.8352 -0.523
vn 0.1699 -0.8352 -0.523
vn 0.1699 -0.8352 -0.523
vn 0.1224 -0.8352 -0.5361
vn 0.1224 -0.8352 -0.5361
vn 0.1224 -0.8352 -0.5361
vn 0.1224 -0.8352 -0.5361
vn 0.0738 -0.8352 -0.5449
vn 0.0738 -0.8352 -0.5449
vn 0.0738 -0.8352 -0.5449
vn 0.0738 -0.8352 -0.5449
vn 0.0247 -0.8352 -0.5493
vn 0.0247 -0.8352 -0.5493
vn 0.0247 -0.8352 -0.5493
vn 0.0247 -0.8352 -0.5493
vn -0.0247 -0.8352 -0.5493
vn -0.0247 -0.8352 -0.5493
vn -0.0247 -0.8352 -0.5493
vn -0.0247 -0.8352 -0.5493
vn -0.0738 -0.8352 -0.5449
vn -0.0738 -0.8352 -0.5449
vn -0.0738 -0.8352 -0.5449
vn -0.0738 -0.8352 -0.5449
vn -0.1224 -0.8352 -0.5361
vn -0.1224 -0.8352 -0.5361
vn -0.1224 -0.8352 -0.5361
vn -0.1224 -0.8352 -0.5361
vn -0.1699 -0.8352 -0.523
vn -0.1699 -0.8352 -0.523
vn -0.1699 -0.8352 -0.523
vn -0.1699 -0.8352 -0.523
vn -0.2161 -0.8352 -0.5056
vn -0.2161 -0.8352 -0.5056
vn -0.2161 -0.8352 -0.5056
vn -0.2161 -0.8352 -0.5056
vn -0.2606 -0.8352 -0.4842
vn -0.2606 -0.8352 -0.4842
vn -0.2606 -0.8352 -0.4842
vn -0.2606 -0.8352 -0.4842
vn -0.3029 -0.8352 -0.4589
vn -0.3029 -0.8352 -0.4589
vn -0.3029 -0.8352 -0.4589
vn -0.3029 -0.8352 -0.4589
vn -0.3429 -0.8352 -0.4299
vn -0.3429 -0.8352 -0.4299
vn -0.3429 -0.8352 -0.4299
vn -0.3429 -0.8352 -0.4299
vn -0.38 -0.8352 -0.3975
vn -0.38 -0.8352 -0.3975
vn -0.38 -0.8352 -0.3975
vn -0.38 -0.8352 -0.3975
vn -0.4141 -0.8352 -0.3618
vn -0.4141 -0.8352 -0.3618
vn -0.4141 -0.8352 -0.3618
vn -0.4141 -0.8352 -0.3618
vn -0.4449 -0.8352 -0.3232
vn -0.4449 -0.8352 -0.3232
vn -0.4449 -0.8352 -0.3232
vn -0.4449 -0.8352 -0.3232
vn -0.4721 -0.8352 -0.282
vn -0.4721 -0.8352 -0.282
vn -0.4721 -0.8352 -0.282
vn -0.4721 -0.8352 -0.282
vn -0.4954 -0.8352 -0.2386
vn -0.4954 -0.8352 -0.2386
vn -0.4954 -0.8352 -0.2386
vn -0.4954 -0.8352 -0.2386
vn -0.5148 -0.8352 -0.1932
vn -0.5148 -0.8352 -0.1932
vn -0.5148 -0.8352 -0.1932
vn -0.5148 -0.8352 -0.1932
vn -0.5301 -0.8352 -0.1463
vn -0.5301 -0.8352 -0.1463
vn -0.5301 -0.8352 -0.1463
vn -0.5301 -0.8352 -0.1463
vn -0.5411 -0.8352 -0.0982
vn -0.5411 -0.8352 -0.0982
vn -0.5411 -0.8352 -0.0982
vn -0.5411 -0.8352 -0.0982
vn -0.286 -0.6859 0.6692
vn -0.286 -0.6859 0.6692
vn -0.286 -0.6859 0.6692
vn -0.286 -0.6859 0.6692
vn -0.2249 -0.6859 0.6921
vn -0.2249 -0.6859 0.6921
vn -0.2249 -0.6859 0.6921
vn -0.2249 -0.6859 0.6921
vn -0.1619 -0.6859 0.7095
vn -0.1619 -0.6859 0.7095
vn -0.1619 -0.6859 0.7095
vn -0.1619 -0.6859 0.7095
vn -0.0977 -0.6859 0.7211
vn -0.0977 -0.6859 0.7211
vn -0.0977 -0.6859 0.7211
vn -0.0977 -0.6859 0.7211
vn -0.0326 -0.6859 0.727
vn -0.0326 -0.6859 0.727
vn -0.0326 -0.6859 0.727
vn -0.0326 -0.6859 0.727
vn 0.0326 -0.6859 0.727
vn 0.0326 -0.6859 0.727
vn 0.0326 -0.6859 0.727
vn 0.0326 -0.6859 0.727
vn 0.0977 -0.6859 0.7211
vn 0.0977 -0.6859 0.7211
vn 0.0977 -0.6859 0.7211
vn 0.0977 -0.6859 0.7211
vn 0.1619 -0.6859 0.7095
vn 0.1619 -0.6859 0.7095
vn 0.1619 -0.6859 0.7095
vn 0.1619 -0.6859 0.7095
vn 0.2249 -0.6859 0.6921
vn 0.2249 -0.6859 0.6921
vn 0.2249 -0.6859 0.6921
vn 0.2249 -0.6859 0.6921
vn 0.286 -0.6859 0.6692
vn 0.286 -0.6859 0.6692
vn 0.286 -0.6859 0.6692
vn 0.286 -0.6859 0.6692
vn 0.3448 -0.6859 0.6408
vn 0.3448 -0.6859 0.6408
vn 0.3448 -0.6859 0.6408
vn 0.3448 -0.6859 0.6408
vn 0.4009 -0.6859 0.6073
vn 0.4009 -0.6859 0.6073
vn 0.4009 -0.6859 0.6073
vn 0.4009 -0.6859 0.6073
vn 0.4537 -0.6859 0.569
vn 0.4537 -0.6859 0.569
vn 0.4537 -0.6859 0.569
vn 0.4537 -0.6859 0.5689
vn 0.4537 -0.6859 0.5689
vn 0.4537 -0.6859 0.5689
vn 0.5029 -0.6859 0.526
vn 0.5029 -0.6859 0.526
vn 0.5029 -0.6859 0.526
vn 0.5029 -0.6859 0.526
vn 0.548 -0.6859 0.4788
vn 0.548 -0.6859 0.4788
vn 0.548 -0.6859 0.4788
vn 0.548 -0.6859 0.4788
vn 0.5887 -0.6859 0.4277
vn 0.5887 -0.6859 0.4277
vn 0.5887 -0.6859 0.4277
vn 0.5887 -0.6859 0.4277
vn 0.6247 -0.6859 0.3732
vn 0.6247 -0.6859 0.3732
vn 0.6247 -0.6859 0.3732
vn 0.6247 -0.6859 0.3732
vn 0.6557 -0.6859 0.3157
vn 0.6557 -0.6859 0.3157
vn 0.6557 -0.6859 0.3157
vn 0.6557 -0.6859 0.3157
vn 0.6813 -0.6859 0.2557
vn 0.6813 -0.6859 0.2557
vn 0.6813 -0.6859 0.2557
vn 0.6813 -0.6859 0.2557
vn 0.7015 -0.6859 0.1936
vn 0.7015 -0.6859 0.1936
vn 0.7015 -0.6859 0.1936
vn 0.7015 -0.6859 0.1936
vn 0.716 -0.6859 0.1299
vn 0.716 -0.6859 0.1299
vn 0.716 -0.6859 0.1299
vn 0.716 -0.6859 0.1299
vn 0.7248 -0.6859 0.0652
vn 0.7248 -0.6859 0.0652
vn 0.7248 -0.6859 0.0652
vn 0.7248 -0.6859 0.0652
vn 0.7277 -0.6859 -0
vn 0.7277 -0.6859 -0
vn 0.7277 -0.6859 -0
vn 0.7277 -0.6859 -0
vn 0.7248 -0.6859 -0.0652
vn 0.7248 -0.6859 -0.0652
vn 0.7248 -0.6859 -0.0652
vn 0.7248 -0.6859 -0.0652
vn 0.716 -0.6859 -0.1299
vn 0.716 -0.6859 -0.1299
vn 0.716 -0.6859 -0.1299
vn 0.716 -0.6859 -0.1299
vn 0.7015 -0.6859 -0.1936
vn 0.7015 -0.6859 -0.1936
vn 0.7015 -0.6859 -0.1936
vn 0.7015 -0.6859 -0.1936
vn 0.6813 -0.6859 -0.2557
vn 0.6813 -0.6859 -0.2557
vn 0.6813 -0.6859 -0.2557
vn 0.6813 -0.6859 -0.2557
vn 0.6557 -0.6859 -0.3157
vn 0.6557 -0.6859 -0.3157
vn 0.6557 -0.6859 -0.3157
vn 0.6557 -0.6859 -0.3157
vn 0.6247 -0.6859 -0.3732
vn 0.6247 -0.6859 -0.3732
vn 0.6247 -0.6859 -0.3732
vn 0.6247 -0.6859 -0.3732
vn 0.5887 -0.6859 -0.4277
vn 0.5887 -0.6859 -0.4277
vn 0.5887 -0.6859 -0.4277
vn 0.5887 -0.6859 -0.4277
vn 0.548 -0.6859 -0.4788
vn 0.548 -0.6859 -0.4788
vn 0.548 -0.6859 -0.4788
vn 0.548 -0.6859 -0.4788
vn 0.5029 -0.6859 -0.526
vn 0.5029 -0.6859 -0.526
vn 0.5029 -0.6859 -0.526
vn 0.5029 -0.6859 -0.526
vn 0.4537 -0.6859 -0.569
vn 0.4537 -0.6859 -0.569
vn 0.4537 -0.6859 -0.569
vn 0.4537 -0.6859 -0.569
vn 0.4009 -0.6859 -0.6073
vn 0.4009 -0.6859 -0.6073
vn 0.4009 -0.6859 -0.6073
vn 0.4009 -0.6859 -0.6073
vn 0.3448 -0.6859 -0.6408
vn 0.3448 -0.6859 -0.6408
vn 0.3448 -0.6859 -0.6408
vn 0.3448 -0.6859 -0.6408
vn 0.286 -0.6859 -0.6692
vn 0.286 -0.6859 -0.6692
vn 0.286 -0.6859 -0.6692
vn 0.286 -0.6859 -0.6692
vn 0.2249 -0.6859 -0.6921
vn 0.2249 -0.6859 -0.6921
vn 0.2249 -0.6859 -0.6921
vn 0.2249 -0.6859 -0.6921
vn 0.1619 -0.6859 -0.7095
vn 0.1619 -0.6859 -0.7095
vn 0.1619 -0.6859 -0.7095
vn 0.1619 -0.6859 -0.7095
vn 0.0977 -0.6859 -0.7211
vn 0.0977 -0.6859 -0.7211
vn 0.0977 -0.6859 -0.7211
vn 0.0977 -0.6859 -0.7211
vn 0.0326 -0.6859 -0.727
vn 0.0326 -0.6859 -0.727
vn 0.0326 -0.6859 -0.727
vn 0.0326 -0.6859 -0.727
vn -0.0326 -0.6859 -0.727
vn -0.0326 -0.6859 -0.727
vn -0.0326 -0.6859 -0.727
vn -0.0326 -0.6859 -0.727
vn -0.0977 -0.6859 -0.7211
vn -0.0977 -0.6859 -0.7211
vn -0.0977 -0.6859 -0.7211
vn -0.0977 -0.6859 -0.7211
vn -0.1619 -0.6859 -0.7095
vn -0.1619 -0.6859 -0.7095
vn -0.1619 -0.6859 -0.7095
vn -0.1619 -0.6859 -0.7095
vn -0.2249 -0.6859 -0.6921
vn -0.2249 -0.6859 -0.6921
vn -0.2249 -0.6859 -0.6921
vn -0.2249 -0.6859 -0.6921
vn -0.286 -0.6859 -0.6692
vn -0.286 -0.6859 -0.6692
vn -0.286 -0.6859 -0.6692
vn -0.286 -0.6859 -0.6692
vn -0.3448 -0.6859 -0.6408
vn -0.3448 -0.6859 -0.6408
vn -0.3448 -0.6859 -0.6408
vn -0.3448 -0.6859 -0.6408
vn -0.4009 -0.6859 -0.6073
vn -0.4009 -0.6859 -0.6073
vn -0.4009 -0.6859 -0.6073
vn -0.4009 -0.6859 -0.6073
vn -0.4537 -0.6859 -0.569
vn -0.4537 -0.6859 -0.569
vn -0.4537 -0.6859 -0.569
vn -0.4537 -0.6859 -0.5689
vn -0.4537 -0.6859 -0.5689
vn -0.4537 -0.6859 -0.5689
vn -0.5029 -0.6859 -0.526
vn -0.5029 -0.6859 -0.526
vn -0.5029 -0.6859 -0.526
vn -0.5029 -0.6859 -0.526
vn -0.548 -0.6859 -0.4788
vn -0.548 -0.6859 -0.4788
vn -0.548 -0.6859 -0.4788
vn -0.548 -0.6859 -0.4788
vn -0.5887 -0.6859 -0.4277
vn -0.5887 -0.6859 -0.4277
vn -0.5887 -0.6859 -0.4277
vn -0.5887 -0.6859 -0.4277
vn -0.6247 -0.6859 -0.3732
vn -0.6247 -0.6859 -0.3732
vn -0.6247 -0.6859 -0.3732
vn -0.6247 -0.6859 -0.3732
vn -0.6557 -0.6859 -0.3157
vn -0.6557 -0.6859 -0.3157
vn -0.6557 -0.6859 -0.3157
vn -0.6557 -0.6859 -0.3157
vn -0.6813 -0.6859 -0.2557
vn -0.6813 -0.6859 -0.2557
vn -0.6813 -0.6859 -0.2557
vn -0.6813 -0.6859 -0.2557
vn -0.7015 -0.6859 -0.1936
vn -0.7015 -0.6859 -0.1936
vn -0.7015 -0.6859 -0.1936
vn -0.7015 -0.6859 -0.1936
vn -0.716 -0.6859 -0.1299
vn -0.716 -0.6859 -0.1299
vn -0.716 -0.6859 -0.1299
vn -0.716 -0.6859 -0.1299
vn -0.3405 -0.4996 0.7965
vn -0.3405 -0.4996 0.7965
vn -0.3405 -0.4996 0.7965
vn -0.3405 -0.4996 0.7965
vn -0.2677 -0.4996 0.8238
vn -0.2677 -0.4996 0.8238
vn -0.2677 -0.4996 0.8238
vn -0.2677 -0.4996 0.8238
vn -0.1928 -0.4996 0.8445
vn -0.1928 -0.4996 0.8445
vn -0.1928 -0.4996 0.8445
vn -0.1928 -0.4996 0.8445
vn -0.1163 -0.4996 0.8584
vn -0.1163 -0.4996 0.8584
vn -0.1163 -0.4996 0.8584
vn -0.1163 -0.4996 0.8584
vn -0.0389 -0.4996 0.8654
vn -0.0389 -0.4996 0.8654
vn -0.0389 -0.4996 0.8654
vn -0.0389 -0.4996 0.8654
vn 0.0389 -0.4996 0.8654
vn 0.0389 -0.4996 0.8654
vn 0.0389 -0.4996 0.8654
vn 0.0389 -0.4996 0.8654
vn 0.1163 -0.4996 0.8584
vn 0.1163 -0.4996 0.8584
vn 0.1163 -0.4996 0.8584
vn 0.1163 -0.4996 0.8584
vn 0.1928 -0.4996 0.8445
vn 0.1928 -0.4996 0.8445
vn 0.1928 -0.4996 0.8445
vn 0.1928 -0.4996 0.8445
vn 0.2677 -0.4996 0.8238
vn 0.2677 -0.4996 0.8238
vn 0.2677 -0.4996 0.8238
vn 0.2677 -0.4996 0.8238
vn 0.3405 -0.4996 0.7965
vn 0.3405 -0.4996 0.7965
vn 0.3405 -0.4996 0.7965
vn 0.3405 -0.4996 0.7965
vn 0.4105 -0.4996 0.7628
vn 0.4105 -0.4996 0.7628
vn 0.4105 -0.4996 0.7628
vn 0.4105 -0.4996 0.7628
vn 0.4772 -0.4996 0.7229
vn 0.4772 -0.4996 0.7229
vn 0.4772 -0.4996 0.7229
vn 0.4772 -0.4996 0.7229
vn 0.5401 -0.4996 0.6773
vn 0.5401 -0.4996 0.6773
vn 0.5401 -0.4996 0.6773
vn 0.5401 -0.4996 0.6773
vn 0.5986 -0.4996 0.6261
vn 0.5986 -0.4996 0.6261
vn 0.5986 -0.4996 0.6261
vn 0.5986 -0.4996 0.6261
vn 0.6523 -0.4996 0.5699
vn 0.6523 -0.4996 0.5699
vn 0.6523 -0.4996 0.5699
vn 0.6523 -0.4996 0.5699
vn 0.7008 -0.4996 0.5092
vn 0.7008 -0.4996 0.5092
vn 0.7008 -0.4996 0.5092
vn 0.7008 -0.4996 0.5092
vn 0.7436 -0.4996 0.4443
vn 0.7436 -0.4996 0.4443
vn 0.7436 -0.4996 0.4443
vn 0.7436 -0.4996 0.4443
vn 0.7805 -0.4996 0.3758
vn 0.7805 -0.4996 0.3758
vn 0.7805 -0.4996 0.3758
vn 0.7805 -0.4996 0.3758
vn 0.811 -0.4996 0.3044
vn 0.811 -0.4996 0.3044
vn 0.811 -0.4996 0.3044
vn 0.811 -0.4996 0.3044
vn 0.835 -0.4996 0.2305
vn 0.835 -0.4996 0.2305
vn 0.835 -0.4996 0.2305
vn 0.835 -0.4996 0.2305
vn 0.8523 -0.4996 0.1547
vn 0.8523 -0.4996 0.1547
vn 0.8523 -0.4996 0.1547
vn 0.8523 -0.4996 0.1547
vn 0.8628 -0.4996 0.0777
vn 0.8628 -0.4996 0.0777
vn 0.8628 -0.4996 0.0777
vn 0.8628 -0.4996 0.0776
vn 0.8628 -0.4996 0.0776
vn 0.8628 -0.4996 0.0776
vn 0.8662 -0.4996 -0
vn 0.8662 -0.4996 -0
vn 0.8662 -0.4996 -0
vn 0.8662 -0.4996 -0
vn 0.8628 -0.4996 -0.0776
vn 0.8628 -0.4996 -0.0776
vn 0.8628 -0.4996 -0.0776
vn 0.8628 -0.4996 -0.0776
vn 0.8523 -0.4996 -0.1547
vn 0.8523 -0.4996 -0.1547
vn 0.8523 -0.4996 -0.1547
vn 0.8523 -0.4996 -0.1547
vn 0.835 -0.4996 -0.2305
vn 0.835 -0.4996 -0.2305
vn 0.835 -0.4996 -0.2305
vn 0.835 -0.4996 -0.2305
vn 0.811 -0.4996 -0.3044
vn 0.811 -0.4996 -0.3044
vn 0.811 -0.4996 -0.3044
vn 0.811 -0.4996 -0.3044
vn 0.7805 -0.4996 -0.3758
vn 0.7805 -0.4996 -0.3758
vn 0.7805 -0.4996 -0.3758
vn 0.7805 -0.4996 -0.3758
vn 0.7436 -0.4996 -0.4443
vn 0.7436 -0.4996 -0.4443
vn 0.7436 -0.4996 -0.4443
vn 0.7436 -0.4996 -0.4443
vn 0.7008 -0.4996 -0.5092
vn 0.7008 -0.4996 -0.5092
vn 0.7008 -0.4996 -0.5092
vn 0.7008 -0.4996 -0.5092
vn 0.6523 -0.4996 -0.5699
vn 0.6523 -0.4996 -0.5699
vn 0.6523 -0.4996 -0.5699
vn 0.6523 -0.4996 -0.5699
vn 0.5986 -0.4996 -0.6261
vn 0.5986 -0.4996 -0.6261
vn 0.5986 -0.4996 -0.6261
vn 0.5986 -0.4996 -0.6261
vn 0.5401 -0.4996 -0.6773
vn 0.5401 -0.4996 -0.6773
vn 0.5401 -0.4996 -0.6773
vn 0.5401 -0.4996 -0.6773
vn 0.4772 -0.4996 -0.7229
vn 0.4772 -0.4996 -0.7229
vn 0.4772 -0.4996 -0.7229
vn 0.4772 -0.4996 -0.7229
vn 0.4105 -0.4996 -0.7628
vn 0.4105 -0.4996 -0.7628
vn 0.4105 -0.4996 -0.7628
vn 0.4105 -0.4996 -0.7628
vn 0.3405 -0.4996 -0.7965
vn 0.3405 -0.4996 -0.7965
vn 0.3405 -0.4996 -0.7965
vn 0.3405 -0.4996 -0.7965
vn 0.2677 -0.4996 -0.8238
vn 0.2677 -0.4996 -0.8238
vn 0.2677 -0.4996 -0.8238
vn 0.2677 -0.4996 -0.8238
vn 0.1928 -0.4996 -0.8445
vn 0.1928 -0.4996 -0.8445
vn 0.1928 -0.4996 -0.8445
vn 0.1928 -0.4996 -0.8445
vn 0.1163 -0.4996 -0.8584
vn 0.1163 -0.4996 -0.8584
vn 0.1163 -0.4996 -0.8584
vn 0.1163 -0.4996 -0.8584
vn 0.0389 -0.4996 -0.8654
vn 0.0389 -0.4996 -0.8654
vn 0.0389 -0.4996 -0.8654
vn 0.0389 -0.4996 -0.8654
vn -0.0389 -0.4996 -0.8654
vn -0.0389 -0.4996 -0.8654
vn -0.0389 -0.4996 -0.8654
vn -0.0389 -0.4996 -0.8654
vn -0.1163 -0.4996 -0.8584
vn -0.1163 -0.4996 -0.8584
vn -0.1163 -0.4996 -0.8584
vn -0.1163 -0.4996 -0.8584
vn -0.1928 -0.4996 -0.8445
vn -0.1928 -0.4996 -0.8445
vn -0.1928 -0.4996 -0.8445
vn -0.1928 -0.4996 -0.8445
vn -0.2677 -0.4996 -0.8238
vn -0.2677 -0.4996 -0.8238
vn -0.2677 -0.4996 -0.8238
vn -0.2677 -0.4996 -0.8238
vn -0.3405 -0.4996 -0.7965
vn -0.3405 -0.4996 -0.7965
vn -0.3405 -0.4996 -0.7965
vn -0.3405 -0.4996 -0.7965
vn -0.4105 -0.4996 -0.7628
vn -0.4105 -0.4996 -0.7628
vn -0.4105 -0.4996 -0.7628
vn -0.4105 -0.4996 -0.7628
vn -0.4772 -0.4996 -0.7229
vn -0.4772 -0.4996 -0.7229
vn -0.4772 -0.4996 -0.7229
vn -0.4772 -0.4996 -0.7229
vn -0.5401 -0.4996 -0.6773
vn -0.5401 -0.4996 -0.6773
vn -0.5401 -0.4996 -0.6773
vn -0.5401 -0.4996 -0.6773
vn -0.5986 -0.4996 -0.6261
vn -0.5986 -0.4996 -0.6261
vn -0.5986 -0.4996 -0.6261
vn -0.5986 -0.4996 -0.6261
vn -0.6523 -0.4996 -0.5699
vn -0.6523 -0.4996 -0.5699
vn -0.6523 -0.4996 -0.5699
vn -0.6523 -0.4996 -0.5699
vn -0.7008 -0.4996 -0.5092
vn -0.7008 -0.4996 -0.5092
vn -0.7008 -0.4996 -0.5092
vn -0.7008 -0.4996 -0.5092
vn -0.7436 -0.4996 -0.4443
vn -0.7436 -0.4996 -0.4443
vn -0.7436 -0.4996 -0.4443
vn -0.7436 -0.4996 -0.4443
vn -0.7805 -0.4996 -0.3758
vn -0.7805 -0.4996 -0.3758
vn -0.7805 -0.4996 -0.3758
vn -0.7805 -0.4996 -0.3758
vn -0.811 -0.4996 -0.3044
vn -0.811 -0.4996 -0.3044
vn -0.811 -0.4996 -0.3044
vn -0.811 -0.4996 -0.3044
vn -0.835 -0.4996 -0.2305
vn -0.835 -0.4996 -0.2305
vn -0.835 -0.4996 -0.2305
vn -0.835 -0.4996 -0.2305
vn -0.8523 -0.4996 -0.1547
vn -0.8523 -0.4996 -0.1547
vn -0.8523 -0.4996 -0.1547
vn -0.8523 -0.4996 -0.1547
vn 0.897 -0.2865 -0.3366
vn 0.897 -0.2865 -0.3366
vn 0.8632 -0.2865 -0.4157
vn 0.8632 -0.2865 -0.4157
vn 0.8632 -0.2865 -0.4157
vn 0.8632 -0.2865 -0.4157
vn 0.8225 -0.2865 -0.4914
vn -0.1157 -0.9932 -0.0104
vn -0.3409 -0.9396 -0.0307
vn -0.3409 -0.9396 -0.0307
vn -0.3409 -0.9396 -0.0307
vn -0.341 -0.9396 -0.0307
vn -0.341 -0.9396 -0.0307
vn -0.341 -0.9396 -0.0307
vn -0.5477 -0.8352 -0.0493
vn -0.5477 -0.8352 -0.0493
vn -0.5477 -0.8352 -0.0493
vn -0.5477 -0.8352 -0.0493
vn -0.7248 -0.6859 -0.0652
vn -0.7248 -0.6859 -0.0652
vn -0.7248 -0.6859 -0.0652
vn -0.7248 -0.6859 -0.0652
vn -0.8628 -0.4996 -0.0777
vn -0.8628 -0.4996 -0.0777
vn -0.8628 -0.4996 -0.0777
vn -0.8628 -0.4996 -0.0776
vn -0.8628 -0.4996 -0.0776
vn -0.8628 -0.4996 -0.0776
vn -0.9542 -0.2865 -0.0859
vn -0.9542 -0.2865 -0.0859
vn -0.1289 -0.9916 0.0083
vn -0.1289 -0.9916 0.0083
vn -0.1289 -0.9916 0.0083
vn -0.1278 -0.9916 0.0194
vn -0.1278 -0.9916 0.0194
vn -0.1278 -0.9916 0.0194
vn -0.3747 -0.9254 0.0569
vn -0.3747 -0.9254 0.0569
vn -0.3747 -0.9254 0.0569
vn -0.3684 -0.9254 0.0889
vn -0.3684 -0.9254 0.0889
vn -0.3684 -0.9254 0.0889
vn -0.5865 -0.7975 0.1415
vn -0.5865 -0.7975 0.1415
vn -0.5865 -0.7975 0.1415
vn -0.5722 -0.7975 0.1914
vn -0.5722 -0.7975 0.1914
vn -0.5722 -0.7975 0.1914
vn -0.7467 -0.6165 0.2498
vn -0.7467 -0.6165 0.2498
vn -0.7467 -0.6165 0.2498
vn -0.7225 -0.6165 0.313
vn -0.7225 -0.6165 0.313
vn -0.7225 -0.6165 0.313
vn -0.8432 -0.3944 0.3653
vn -0.8432 -0.3944 0.3653
vn -0.8432 -0.3944 0.3653
vn -0.8087 -0.3944 0.4364
vn -0.8087 -0.3944 0.4364
vn -0.8087 -0.3944 0.4364
vn -0.8706 -0.1462 0.4698
vn -0.8706 -0.1462 0.4698
vn -0.8706 -0.1462 0.4698
vn -0.8269 -0.1462 0.5429
vn -0.8269 -0.1462 0.5429
vn -0.8269 -0.1462 0.5429
vn -0.7501 -0.1462 -0.6449
vn -0.7501 -0.1462 -0.6449
vn -0.7501 -0.1462 -0.6449
vn -0.6919 -0.1462 -0.707
vn -0.6919 -0.1462 -0.707
vn -0.6919 -0.1462 -0.707
vn -0.6286 -0.1462 -0.7639
vn -0.6286 -0.1462 -0.7639
vn -0.6286 -0.1462 -0.7639
vn 0.8495 -0.1462 -0.5069
vn 0.8495 -0.1462 -0.5069
vn 0.8495 -0.1462 -0.5069
vn -0.8495 -0.1462 -0.5069
vn -0.8495 -0.1462 -0.5069
vn -0.8495 -0.1462 -0.5069
vn -0.451 -0.1462 0.8805
vn -0.451 -0.1462 0.8805
vn -0.451 -0.1462 0.8805
vn -0.89 -0.1462 -0.432
vn -0.89 -0.1462 -0.432
vn -0.89 -0.1462 -0.432
vn -0.2935 -0.1462 0.9447
vn -0.2935 -0.1462 0.9447
vn -0.2935 -0.1462 0.9447
vn -0.4885 -0.1462 -0.8602
vn -0.4885 -0.1462 -0.8602
vn -0.4885 -0.1462 -0.8602
vn -0.7772 -0.1462 0.612
vn -0.7772 -0.1462 0.612
vn -0.7772 -0.1462 0.612
vn -0.9508 -0.1462 -0.2731
vn -0.9508 -0.1462 -0.2731
vn -0.9508 -0.1462 -0.2731
vn -0.9708 -0.1462 -0.1904
vn -0.9708 -0.1462 -0.1904
vn -0.9708 -0.1462 -0.1904
vn -0.7217 -0.1462 0.6766
vn -0.7217 -0.1462 0.6766
vn -0.7217 -0.1462 0.6766
vn -0.4127 -0.1462 -0.899
vn -0.4127 -0.1462 -0.899
vn -0.4127 -0.1462 -0.899
vn -0.5952 -0.1462 0.7902
vn -0.5952 -0.1462 0.7902
vn -0.5952 -0.1462 0.7902
vn 0.6919 -0.1462 -0.707
vn 0.6919 -0.1462 -0.707
vn 0.6919 -0.1462 -0.707
vn -0.1695 -0.1462 -0.9746
vn -0.1695 -0.1462 -0.9746
vn -0.1695 -0.1462 -0.9746
vn -0.9835 -0.1462 -0.1062
vn -0.9835 -0.1462 -0.1062
vn -0.9835 -0.1462 -0.1062
vn -0.525 -0.1462 0.8384
vn -0.525 -0.1462 0.8384
vn -0.525 -0.1462 0.8384
vn -0.2526 -0.1462 -0.9565
vn -0.2526 -0.1462 -0.9565
vn -0.2526 -0.1462 -0.9565
vn 0.8028 -0.1462 -0.578
vn 0.8028 -0.1462 -0.578
vn 0.8028 -0.1462 -0.578
vn 0.3736 -0.1462 0.916
vn 0.3736 -0.1462 0.916
vn 0.3736 -0.1462 0.916
vn 0.9077 -0.1462 0.3933
vn 0.9077 -0.1462 0.3933
vn 0.9077 -0.1462 0.3933
vn -0.9382 -0.1462 0.3138
vn -0.9382 -0.1462 0.3138
vn -0.9382 -0.1462 0.3138
vn 0.1695 -0.1462 -0.9746
vn 0.1695 -0.1462 -0.9746
vn 0.1695 -0.1462 -0.9746
vn 0.2935 -0.1462 0.9447
vn 0.2935 -0.1462 0.9447
vn 0.2935 -0.1462 0.9447
vn 0.525 -0.1462 0.8384
vn 0.525 -0.1462 0.8384
vn 0.525 -0.1462 0.8384
vn 0.7772 -0.1462 0.612
vn 0.7772 -0.1462 0.612
vn 0.7772 -0.1462 0.612
vn 0.8269 -0.1462 0.5429
vn 0.8269 -0.1462 0.5429
vn 0.8269 -0.1462 0.5429
vn -0.9872 -0.1462 0.0638
vn -0.9872 -0.1462 0.0638
vn -0.9872 -0.1462 0.0638
vn -0.978 -0.1462 0.1484
vn -0.978 -0.1462 0.1484
vn -0.978 -0.1462 0.1484
vn 0.1274 -0.1463 0.981
vn 0.1274 -0.1463 0.981
vn 0.1274 -0.1463 0.981
vn 0.9872 -0.1462 0.0638
vn 0.9872 -0.1462 0.0638
vn 0.9872 -0.1462 0.0638
vn 0.989 -0.1462 -0.0213
vn 0.989 -0.1462 -0.0213
vn 0.989 -0.1462 -0.0213
vn 0.4127 -0.1462 -0.899
vn 0.4127 -0.1462 -0.899
vn 0.4127 -0.1462 -0.899
vn -0.8706 -0.1462 0.4698
vn 0.3339 -0.1462 -0.9312
vn 0.3339 -0.1462 -0.9312
vn 0.3339 -0.1462 -0.9312
vn 0.9708 -0.1462 -0.1904
vn 0.9708 -0.1462 -0.1904
vn 0.9708 -0.1462 -0.1904
vn -0.9077 -0.1462 0.3933
vn -0.9077 -0.1462 0.3933
vn -0.9077 -0.1462 0.3933
vn 0.9238 -0.1462 -0.3538
vn 0.9238 -0.1462 -0.3538
vn 0.9238 -0.1462 -0.3538
vn 0.9238 -0.1462 -0.3539
vn 0.9238 -0.1462 -0.3539
vn 0.9238 -0.1462 -0.3539
vn 0.9617 -0.1462 0.232
vn 0.9617 -0.1462 0.232
vn 0.9617 -0.1462 0.232
vn 0.9617 -0.1462 0.232
vn -0 -0.1462 -0.9893
vn -0 -0.1462 -0.9893
vn -0 -0.1462 -0.9893
vn -0 -0.1462 -0.9893
vn 0.6609 -0.1462 0.7361
vn 0.6609 -0.1462 0.7361
vn 0.6609 -0.1462 0.7361
vn 0.6609 -0.1462 0.7361
vn 0.5606 -0.1462 -0.8151
vn 0.5606 -0.1462 -0.8151
vn 0.5606 -0.1462 -0.8151
vn 0.5606 -0.1463 -0.8151
vn 0.5606 -0.1463 -0.8151
vn 0.5606 -0.1463 -0.8151
vn -0.0732 -0.9916 -0.1065
vn -0.0732 -0.9916 -0.1065
vn -0.0732 -0.9916 -0.1065
vn -0.0821 -0.9916 -0.0998
vn -0.0821 -0.9916 -0.0998
vn -0.0821 -0.9916 -0.0998
vn -0.2408 -0.9254 -0.2926
vn -0.2408 -0.9254 -0.2926
vn -0.2408 -0.9254 -0.2926
vn -0.2651 -0.9254 -0.2708
vn -0.2651 -0.9254 -0.2708
vn -0.2651 -0.9254 -0.2708
vn -0.422 -0.7975 -0.4312
vn -0.422 -0.7975 -0.4312
vn -0.422 -0.7975 -0.4312
vn -0.4575 -0.7975 -0.3933
vn -0.4575 -0.7975 -0.3933
vn -0.4575 -0.7975 -0.3933
vn -0.5971 -0.6165 -0.5133
vn -0.5971 -0.6165 -0.5133
vn -0.5971 -0.6165 -0.5133
vn -0.639 -0.6165 -0.4601
vn -0.639 -0.6165 -0.4601
vn -0.639 -0.6165 -0.4601
vn -0.7457 -0.3944 -0.5369
vn -0.7457 -0.3944 -0.5369
vn -0.7457 -0.3944 -0.5369
vn -0.7891 -0.3944 -0.4708
vn -0.7891 -0.3944 -0.4708
vn -0.7891 -0.3944 -0.4708
vn -0.8495 -0.1462 -0.5069
vn -0.89 -0.1462 -0.432
vn -0.0638 -0.9916 -0.1124
vn -0.0638 -0.9916 -0.1124
vn -0.0638 -0.9916 -0.1124
vn -0.0732 -0.9916 -0.1065
vn -0.2148 -0.9254 -0.3122
vn -0.2148 -0.9254 -0.3122
vn -0.2148 -0.9254 -0.3122
vn -0.2408 -0.9254 -0.2926
vn -0.3834 -0.7975 -0.4659
vn -0.3834 -0.7975 -0.4659
vn -0.3834 -0.7975 -0.4659
vn -0.422 -0.7975 -0.4312
vn -0.5507 -0.6165 -0.5627
vn -0.5507 -0.6165 -0.5627
vn -0.5507 -0.6165 -0.5627
vn -0.5971 -0.6165 -0.5133
vn -0.6968 -0.3944 -0.599
vn -0.6968 -0.3944 -0.599
vn -0.6968 -0.3944 -0.599
vn -0.7457 -0.3944 -0.5369
vn -0.8028 -0.1462 -0.578
vn -0.8028 -0.1462 -0.578
vn -0.8028 -0.1462 -0.578
vn -0.8028 -0.1462 -0.578
vn -0.0539 -0.9916 -0.1174
vn -0.0539 -0.9916 -0.1174
vn -0.0539 -0.9916 -0.1174
vn -0.0638 -0.9916 -0.1124
vn -0.1871 -0.9254 -0.3295
vn -0.1871 -0.9254 -0.3295
vn -0.1871 -0.9254 -0.3295
vn -0.2148 -0.9254 -0.3122
vn -0.3419 -0.7975 -0.4971
vn -0.3419 -0.7975 -0.4971
vn -0.3419 -0.7975 -0.4971
vn -0.3834 -0.7975 -0.4659
vn -0.5003 -0.6165 -0.608
vn -0.5003 -0.6165 -0.608
vn -0.5003 -0.6165 -0.608
vn -0.5507 -0.6165 -0.5627
vn -0.6428 -0.3944 -0.6567
vn -0.6428 -0.3944 -0.6567
vn -0.6428 -0.3944 -0.6567
vn -0.6968 -0.3944 -0.599
vn -0.7502 -0.1462 -0.6449
vn -0.7502 -0.1462 -0.6449
vn -0.7502 -0.1462 -0.6449
vn -0.8028 -0.1462 -0.578
vn -0.0821 -0.9916 -0.0998
vn -0.0904 -0.9916 -0.0923
vn -0.0904 -0.9916 -0.0923
vn -0.0904 -0.9916 -0.0923
vn -0.2651 -0.9254 -0.2708
vn -0.2874 -0.9254 -0.247
vn -0.2874 -0.9254 -0.247
vn -0.2874 -0.9254 -0.247
vn -0.4575 -0.7975 -0.3933
vn -0.4896 -0.7975 -0.3525
vn -0.4896 -0.7975 -0.3525
vn -0.4896 -0.7975 -0.3525
vn -0.639 -0.6165 -0.4601
vn -0.6762 -0.6165 -0.4034
vn -0.6762 -0.6165 -0.4034
vn -0.6762 -0.6165 -0.4034
vn -0.7891 -0.3944 -0.4708
vn -0.8267 -0.3944 -0.4012
vn -0.8267 -0.3944 -0.4012
vn -0.8267 -0.3944 -0.4012
vn -0.89 -0.1462 -0.432
vn -0.9238 -0.1462 -0.3539
vn -0.9238 -0.1462 -0.3539
vn -0.9238 -0.1462 -0.3539
vn -0.0436 -0.9916 -0.1216
vn -0.0436 -0.9916 -0.1216
vn -0.0436 -0.9916 -0.1216
vn -0.0539 -0.9916 -0.1174
vn -0.1581 -0.9254 -0.3444
vn -0.1581 -0.9254 -0.3444
vn -0.1581 -0.9254 -0.3444
vn -0.1871 -0.9254 -0.3295
vn -0.2979 -0.7975 -0.5247
vn -0.2979 -0.7975 -0.5247
vn -0.2979 -0.7975 -0.5247
vn -0.3419 -0.7975 -0.4971
vn -0.4462 -0.6165 -0.6488
vn -0.4462 -0.6165 -0.6488
vn -0.4462 -0.6165 -0.6488
vn -0.5003 -0.6165 -0.608
vn -0.5839 -0.3944 -0.7096
vn -0.5839 -0.3944 -0.7096
vn -0.5839 -0.3944 -0.7096
vn -0.6427 -0.3944 -0.6567
vn -0.6427 -0.3944 -0.6567
vn -0.6427 -0.3944 -0.6567
vn -0.6919 -0.1462 -0.707
vn -0.7502 -0.1462 -0.6449
vn -0.7502 -0.1462 -0.6449
vn -0.0904 -0.9916 -0.0923
vn -0.098 -0.9916 -0.0842
vn -0.098 -0.9916 -0.0842
vn -0.098 -0.9916 -0.0842
vn -0.2874 -0.9254 -0.247
vn -0.3075 -0.9254 -0.2214
vn -0.3075 -0.9254 -0.2214
vn -0.3075 -0.9254 -0.2214
vn -0.4896 -0.7975 -0.3525
vn -0.5181 -0.7975 -0.3091
vn -0.5181 -0.7975 -0.3091
vn -0.5181 -0.7975 -0.3091
vn -0.6762 -0.6165 -0.4034
vn -0.7084 -0.6165 -0.3438
vn -0.7084 -0.6165 -0.3438
vn -0.7084 -0.6165 -0.3438
vn -0.8267 -0.3944 -0.4013
vn -0.8267 -0.3944 -0.4013
vn -0.8267 -0.3944 -0.4013
vn -0.8581 -0.3944 -0.3287
vn -0.8581 -0.3944 -0.3287
vn -0.8581 -0.3944 -0.3287
vn -0.9238 -0.1462 -0.3539
vn -0.9238 -0.1462 -0.3538
vn -0.9238 -0.1462 -0.3538
vn -0.9238 -0.1462 -0.3538
vn 0.1285 -0.9916 -0.0139
vn 0.1285 -0.9916 -0.0139
vn 0.1285 -0.9916 -0.0139
vn 0.1268 -0.9916 -0.0249
vn 0.1268 -0.9916 -0.0249
vn 0.1268 -0.9916 -0.0249
vn 0.3719 -0.9254 -0.0729
vn 0.3719 -0.9254 -0.0729
vn 0.3719 -0.9254 -0.0729
vn 0.3642 -0.9254 -0.1046
vn 0.3642 -0.9254 -0.1046
vn 0.3642 -0.9254 -0.1046
vn 0.5799 -0.7975 -0.1666
vn 0.5799 -0.7975 -0.1666
vn 0.5799 -0.7975 -0.1666
vn 0.5634 -0.7975 -0.2158
vn 0.5634 -0.7975 -0.2158
vn 0.5634 -0.7975 -0.2158
vn 0.7353 -0.6165 -0.2817
vn 0.7353 -0.6165 -0.2817
vn 0.7353 -0.6165 -0.2817
vn 0.7084 -0.6165 -0.3438
vn 0.7084 -0.6165 -0.3438
vn 0.7084 -0.6165 -0.3438
vn 0.8267 -0.3944 -0.4013
vn 0.8267 -0.3944 -0.4013
vn 0.8267 -0.3944 -0.4013
vn 0.7891 -0.3944 -0.4708
vn 0.7891 -0.3944 -0.4708
vn 0.7891 -0.3944 -0.4708
vn 0.8495 -0.1462 -0.5069
vn 0.8028 -0.1462 -0.578
vn -0.0686 -0.9916 0.1095
vn -0.0686 -0.9916 0.1095
vn -0.0686 -0.9916 0.1095
vn -0.0589 -0.9916 0.115
vn -0.0589 -0.9916 0.115
vn -0.0589 -0.9916 0.115
vn -0.1728 -0.9254 0.3373
vn -0.1728 -0.9254 0.3373
vn -0.1728 -0.9254 0.3373
vn -0.1431 -0.9254 0.3509
vn -0.1431 -0.9254 0.3509
vn -0.1431 -0.9254 0.3509
vn -0.2279 -0.7975 0.5586
vn -0.2279 -0.7975 0.5586
vn -0.2279 -0.7975 0.5586
vn -0.179 -0.7975 0.5762
vn -0.179 -0.7975 0.5762
vn -0.179 -0.7975 0.5762
vn -0.2336 -0.6165 0.7519
vn -0.2336 -0.6165 0.7519
vn -0.2336 -0.6165 0.7519
vn -0.1681 -0.6165 0.7692
vn -0.1681 -0.6165 0.7692
vn -0.1681 -0.6165 0.7692
vn -0.1962 -0.3944 0.8977
vn -0.1962 -0.3944 0.8977
vn -0.1962 -0.3944 0.8977
vn -0.1183 -0.3944 0.9113
vn -0.1183 -0.3944 0.9113
vn -0.1183 -0.3944 0.9113
vn -0.098 -0.9916 -0.0842
vn -0.1049 -0.9916 -0.0755
vn -0.1049 -0.9916 -0.0755
vn -0.1049 -0.9916 -0.0755
vn -0.3075 -0.9254 -0.2214
vn -0.3254 -0.9254 -0.1942
vn -0.3254 -0.9254 -0.1942
vn -0.3254 -0.9254 -0.1942
vn -0.5181 -0.7975 -0.3091
vn -0.5428 -0.7975 -0.2634
vn -0.5428 -0.7975 -0.2634
vn -0.5428 -0.7975 -0.2634
vn -0.7084 -0.6165 -0.3438
vn -0.7353 -0.6165 -0.2816
vn -0.7353 -0.6165 -0.2816
vn -0.7353 -0.6165 -0.2816
vn -0.8581 -0.3944 -0.3287
vn -0.8832 -0.3944 -0.2537
vn -0.8832 -0.3944 -0.2537
vn -0.8832 -0.3944 -0.2537
vn -0.9508 -0.1462 -0.2731
vn -0.9508 -0.1462 -0.2731
vn -0.0221 -0.9916 -0.1273
vn -0.0221 -0.9916 -0.1273
vn -0.0221 -0.9916 -0.1273
vn -0.033 -0.9916 -0.1249
vn -0.033 -0.9916 -0.1249
vn -0.033 -0.9916 -0.1249
vn -0.0968 -0.9254 -0.3664
vn -0.0968 -0.9254 -0.3664
vn -0.0968 -0.9254 -0.3664
vn -0.1279 -0.9254 -0.3567
vn -0.1279 -0.9254 -0.3567
vn -0.1279 -0.9254 -0.3567
vn -0.2036 -0.7975 -0.5679
vn -0.2036 -0.7975 -0.5679
vn -0.2036 -0.7975 -0.5679
vn -0.2517 -0.7975 -0.5483
vn -0.2517 -0.7975 -0.5483
vn -0.2517 -0.7975 -0.5483
vn -0.3285 -0.6165 -0.7156
vn -0.3285 -0.6165 -0.7156
vn -0.3285 -0.6165 -0.7156
vn -0.3888 -0.6165 -0.6847
vn -0.3888 -0.6165 -0.6847
vn -0.3888 -0.6165 -0.6847
vn -0.4537 -0.3944 -0.7991
vn -0.4537 -0.3944 -0.7991
vn -0.4537 -0.3944 -0.7991
vn -0.5208 -0.3944 -0.7571
vn -0.5208 -0.3944 -0.7571
vn -0.5208 -0.3944 -0.7571
vn -0.5606 -0.1462 -0.8151
vn -0.5606 -0.1462 -0.8151
vn -0.5606 -0.1462 -0.8151
vn -0.5606 -0.1462 -0.8151
vn -0.1048 -0.9916 -0.0755
vn -0.1048 -0.9916 -0.0755
vn -0.1048 -0.9916 -0.0755
vn -0.111 -0.9916 -0.0662
vn -0.111 -0.9916 -0.0662
vn -0.111 -0.9916 -0.0662
vn -0.3254 -0.9254 -0.1942
vn -0.3409 -0.9254 -0.1655
vn -0.3409 -0.9254 -0.1655
vn -0.3409 -0.9254 -0.1655
vn -0.5428 -0.7975 -0.2634
vn -0.5634 -0.7975 -0.2158
vn -0.5634 -0.7975 -0.2158
vn -0.5634 -0.7975 -0.2158
vn -0.7353 -0.6165 -0.2816
vn -0.7568 -0.6165 -0.2174
vn -0.7568 -0.6165 -0.2174
vn -0.7568 -0.6165 -0.2174
vn -0.8832 -0.3944 -0.2537
vn -0.9017 -0.3944 -0.1768
vn -0.9017 -0.3944 -0.1768
vn -0.9017 -0.3944 -0.1768
vn -0.9708 -0.1462 -0.1904
vn -0.9835 -0.1462 -0.1062
vn -0.033 -0.9916 -0.1249
vn -0.0436 -0.9916 -0.1216
vn -0.1279 -0.9254 -0.3567
vn -0.1581 -0.9254 -0.3444
vn -0.2517 -0.7975 -0.5483
vn -0.2979 -0.7975 -0.5246
vn -0.2979 -0.7975 -0.5246
vn -0.2979 -0.7975 -0.5246
vn -0.3888 -0.6164 -0.6847
vn -0.3888 -0.6164 -0.6847
vn -0.3888 -0.6164 -0.6847
vn -0.4462 -0.6165 -0.6487
vn -0.4462 -0.6165 -0.6487
vn -0.4462 -0.6165 -0.6487
vn -0.5208 -0.3944 -0.7571
vn -0.5839 -0.3944 -0.7096
vn -0.6286 -0.1462 -0.7639
vn -0.6286 -0.1462 -0.7638
vn -0.6286 -0.1462 -0.7638
vn -0.6286 -0.1462 -0.7638
vn 0.1162 -0.9916 -0.0564
vn 0.1162 -0.9916 -0.0564
vn 0.1162 -0.9916 -0.0564
vn 0.111 -0.9916 -0.0662
vn 0.111 -0.9916 -0.0662
vn 0.111 -0.9916 -0.0662
vn 0.3254 -0.9254 -0.1942
vn 0.3254 -0.9254 -0.1942
vn 0.3254 -0.9254 -0.1942
vn 0.3075 -0.9254 -0.2214
vn 0.3075 -0.9254 -0.2214
vn 0.3075 -0.9254 -0.2214
vn 0.4896 -0.7975 -0.3525
vn 0.4896 -0.7975 -0.3525
vn 0.4896 -0.7975 -0.3525
vn 0.4575 -0.7975 -0.3933
vn 0.4575 -0.7975 -0.3933
vn 0.4575 -0.7975 -0.3933
vn 0.5971 -0.6165 -0.5133
vn 0.5971 -0.6165 -0.5133
vn 0.5971 -0.6165 -0.5133
vn 0.5507 -0.6165 -0.5627
vn 0.5507 -0.6165 -0.5627
vn 0.5507 -0.6165 -0.5627
vn 0.6427 -0.3944 -0.6567
vn 0.6427 -0.3944 -0.6567
vn 0.6427 -0.3944 -0.6567
vn 0.5839 -0.3944 -0.7096
vn 0.5839 -0.3944 -0.7096
vn 0.5839 -0.3944 -0.7096
vn 0.6286 -0.1462 -0.7639
vn 0.6286 -0.1462 -0.7639
vn 0.6286 -0.1462 -0.7639
vn 0.6286 -0.1462 -0.7639
vn 0.1207 -0.9916 -0.0462
vn 0.1207 -0.9916 -0.0462
vn 0.1207 -0.9916 -0.0462
vn 0.1162 -0.9916 -0.0564
vn 0.3409 -0.9254 -0.1655
vn 0.3409 -0.9254 -0.1655
vn 0.3409 -0.9254 -0.1655
vn 0.3254 -0.9254 -0.1942
vn 0.5181 -0.7975 -0.3091
vn 0.5181 -0.7975 -0.3091
vn 0.5181 -0.7975 -0.3091
vn 0.4896 -0.7975 -0.3525
vn 0.639 -0.6165 -0.4601
vn 0.639 -0.6165 -0.4601
vn 0.639 -0.6165 -0.4601
vn 0.5971 -0.6165 -0.5133
vn 0.6968 -0.3944 -0.599
vn 0.6968 -0.3944 -0.599
vn 0.6968 -0.3944 -0.599
vn 0.6427 -0.3944 -0.6567
vn 0.6919 -0.1462 -0.707
vn 0.6286 -0.1462 -0.7638
vn 0.6286 -0.1462 -0.7638
vn 0.6286 -0.1462 -0.7638
vn -0.1015 -0.9916 0.0799
vn -0.1015 -0.9916 0.0799
vn -0.1015 -0.9916 0.0799
vn -0.0943 -0.9916 0.0884
vn -0.0943 -0.9916 0.0884
vn -0.0943 -0.9916 0.0884
vn -0.2765 -0.9254 0.2592
vn -0.2765 -0.9254 0.2592
vn -0.2765 -0.9254 0.2592
vn -0.2532 -0.9254 0.282
vn -0.2532 -0.9254 0.282
vn -0.2532 -0.9254 0.282
vn -0.4031 -0.7975 0.4489
vn -0.4031 -0.7975 0.4489
vn -0.4031 -0.7975 0.4489
vn -0.363 -0.7975 0.4819
vn -0.363 -0.7975 0.4819
vn -0.363 -0.7975 0.4819
vn -0.4737 -0.6165 0.629
vn -0.4737 -0.6165 0.629
vn -0.4737 -0.6165 0.629
vn -0.4179 -0.6164 0.6673
vn -0.4179 -0.6164 0.6673
vn -0.4179 -0.6164 0.6673
vn -0.4877 -0.3944 0.7788
vn -0.4877 -0.3944 0.7788
vn -0.4877 -0.3944 0.7788
vn -0.4189 -0.3944 0.8179
vn -0.4189 -0.3944 0.8179
vn -0.4189 -0.3944 0.8179
vn -0.451 -0.1462 0.8805
vn -0.3736 -0.1462 0.916
vn -0.3736 -0.1462 0.916
vn -0.3736 -0.1462 0.916
vn -0.0943 -0.9916 0.0884
vn -0.0863 -0.9916 0.0961
vn -0.0863 -0.9916 0.0961
vn -0.0863 -0.9916 0.0961
vn -0.2532 -0.9254 0.282
vn -0.228 -0.9254 0.3027
vn -0.228 -0.9254 0.3027
vn -0.228 -0.9254 0.3027
vn -0.363 -0.7975 0.4819
vn -0.3202 -0.7975 0.5113
vn -0.3202 -0.7975 0.5113
vn -0.3202 -0.7975 0.5113
vn -0.4179 -0.6165 0.6673
vn -0.4179 -0.6165 0.6673
vn -0.4179 -0.6165 0.6673
vn -0.359 -0.6165 0.7008
vn -0.359 -0.6165 0.7008
vn -0.359 -0.6165 0.7008
vn -0.4189 -0.3944 0.8179
vn -0.3471 -0.3944 0.8509
vn -0.3471 -0.3944 0.8509
vn -0.3471 -0.3944 0.8509
vn -0.3736 -0.1462 0.916
vn -0.3736 -0.1462 0.916
vn -0.1162 -0.9916 -0.0564
vn -0.1162 -0.9916 -0.0564
vn -0.1162 -0.9916 -0.0564
vn -0.1207 -0.9916 -0.0462
vn -0.1207 -0.9916 -0.0462
vn -0.1207 -0.9916 -0.0462
vn -0.3539 -0.9254 -0.1355
vn -0.3539 -0.9254 -0.1355
vn -0.3539 -0.9254 -0.1355
vn -0.3642 -0.9254 -0.1046
vn -0.3642 -0.9254 -0.1046
vn -0.3642 -0.9254 -0.1046
vn -0.5799 -0.7975 -0.1666
vn -0.5799 -0.7975 -0.1666
vn -0.5799 -0.7975 -0.1666
vn -0.5921 -0.7975 -0.1161
vn -0.5921 -0.7975 -0.1161
vn -0.5921 -0.7975 -0.1161
vn -0.7727 -0.6165 -0.1515
vn -0.7727 -0.6165 -0.1515
vn -0.7727 -0.6165 -0.1515
vn -0.7828 -0.6165 -0.0846
vn -0.7828 -0.6165 -0.0846
vn -0.7828 -0.6165 -0.0846
vn -0.9136 -0.3944 -0.0987
vn -0.9136 -0.3944 -0.0987
vn -0.9136 -0.3944 -0.0987
vn -0.9187 -0.3944 -0.0198
vn -0.9187 -0.3944 -0.0198
vn -0.9187 -0.3944 -0.0198
vn -0.989 -0.1462 -0.0213
vn -0.989 -0.1462 -0.0213
vn -0.989 -0.1462 -0.0213
vn -0.989 -0.1462 -0.0213
vn -0.111 -0.9916 -0.0662
vn -0.1162 -0.9916 -0.0564
vn -0.3409 -0.9254 -0.1655
vn -0.3539 -0.9254 -0.1355
vn -0.5634 -0.7975 -0.2158
vn -0.5799 -0.7975 -0.1666
vn -0.7568 -0.6165 -0.2174
vn -0.7727 -0.6164 -0.1515
vn -0.7727 -0.6164 -0.1515
vn -0.7727 -0.6164 -0.1515
vn -0.9017 -0.3944 -0.1768
vn -0.9136 -0.3944 -0.0987
vn -0.9835 -0.1462 -0.1062
vn -0.989 -0.1462 -0.0213
vn -0.0111 -0.9916 -0.1287
vn -0.0111 -0.9916 -0.1287
vn -0.0111 -0.9916 -0.1287
vn -0.0221 -0.9916 -0.1273
vn -0.0649 -0.9254 -0.3733
vn -0.0649 -0.9254 -0.3733
vn -0.0649 -0.9254 -0.3733
vn -0.0968 -0.9254 -0.3664
vn -0.1541 -0.7975 -0.5833
vn -0.1541 -0.7975 -0.5833
vn -0.1541 -0.7975 -0.5833
vn -0.2036 -0.7975 -0.5679
vn -0.2658 -0.6164 -0.7412
vn -0.2658 -0.6164 -0.7412
vn -0.2658 -0.6164 -0.7412
vn -0.3285 -0.6164 -0.7156
vn -0.3285 -0.6164 -0.7156
vn -0.3285 -0.6164 -0.7156
vn -0.3834 -0.3944 -0.8351
vn -0.3834 -0.3944 -0.8351
vn -0.3834 -0.3944 -0.8351
vn -0.4537 -0.3944 -0.7991
vn -0.4885 -0.1462 -0.8602
vn -0.5606 -0.1462 -0.8151
vn -0.0863 -0.9916 0.0961
vn -0.0777 -0.9916 0.1032
vn -0.0777 -0.9916 0.1032
vn -0.0777 -0.9916 0.1032
vn -0.228 -0.9254 0.3027
vn -0.2011 -0.9254 0.3212
vn -0.2011 -0.9254 0.3212
vn -0.2011 -0.9254 0.3212
vn -0.3202 -0.7975 0.5113
vn -0.2751 -0.7975 0.537
vn -0.2751 -0.7975 0.537
vn -0.2751 -0.7975 0.537
vn -0.359 -0.6164 0.7008
vn -0.359 -0.6164 0.7008
vn -0.359 -0.6164 0.7008
vn -0.2974 -0.6165 0.7291
vn -0.2974 -0.6165 0.7291
vn -0.2974 -0.6165 0.7291
vn -0.3471 -0.3944 0.8509
vn -0.2727 -0.3944 0.8775
vn -0.2727 -0.3944 0.8775
vn -0.2727 -0.3944 0.8775
vn -0.2935 -0.1462 0.9447
vn -0.0777 -0.9916 0.1032
vn -0.0686 -0.9916 0.1095
vn -0.2011 -0.9254 0.3212
vn -0.1728 -0.9254 0.3373
vn -0.2751 -0.7975 0.537
vn -0.2279 -0.7975 0.5586
vn -0.2974 -0.6165 0.7291
vn -0.2336 -0.6165 0.7519
vn -0.2727 -0.3944 0.8775
vn -0.1962 -0.3944 0.8977
vn 0.1268 -0.9916 -0.0249
vn 0.1242 -0.9916 -0.0357
vn 0.1242 -0.9916 -0.0357
vn 0.1242 -0.9916 -0.0357
vn 0.3642 -0.9254 -0.1046
vn 0.3539 -0.9254 -0.1355
vn 0.3539 -0.9254 -0.1355
vn 0.3539 -0.9254 -0.1355
vn 0.5634 -0.7975 -0.2158
vn 0.5428 -0.7975 -0.2634
vn 0.5428 -0.7975 -0.2634
vn 0.5428 -0.7975 -0.2634
vn 0.7084 -0.6165 -0.3438
vn 0.6762 -0.6165 -0.4034
vn 0.6762 -0.6165 -0.4034
vn 0.6762 -0.6165 -0.4034
vn 0.7891 -0.3944 -0.4708
vn 0.7457 -0.3944 -0.5369
vn 0.7457 -0.3944 -0.5369
vn 0.7457 -0.3944 -0.5369
vn 0.8028 -0.1462 -0.578
vn 0.7502 -0.1462 -0.6449
vn 0.7502 -0.1462 -0.6449
vn 0.7502 -0.1462 -0.6449
vn 0.1242 -0.9916 -0.0357
vn 0.1207 -0.9916 -0.0462
vn 0.3539 -0.9254 -0.1355
vn 0.3409 -0.9254 -0.1655
vn 0.5428 -0.7975 -0.2634
vn 0.5181 -0.7975 -0.3091
vn 0.6762 -0.6165 -0.4034
vn 0.639 -0.6165 -0.4601
vn 0.7457 -0.3944 -0.5369
vn 0.6968 -0.3944 -0.599
vn 0.7502 -0.1462 -0.6449
vn 0.7502 -0.1462 -0.6449
vn -0 -0.9916 -0.1292
vn -0 -0.9916 -0.1292
vn -0 -0.9916 -0.1292
vn -0.0111 -0.9916 -0.1287
vn -0.0326 -0.9254 -0.3775
vn -0.0326 -0.9254 -0.3775
vn -0.0326 -0.9254 -0.3775
vn -0.0649 -0.9254 -0.3734
vn -0.0649 -0.9254 -0.3734
vn -0.0649 -0.9254 -0.3734
vn -0.1033 -0.7975 -0.5944
vn -0.1033 -0.7975 -0.5944
vn -0.1033 -0.7975 -0.5944
vn -0.1541 -0.7975 -0.5833
vn -0.2011 -0.6165 -0.7613
vn -0.2011 -0.6165 -0.7613
vn -0.2011 -0.6165 -0.7613
vn -0.2658 -0.6164 -0.7412
vn -0.3102 -0.3944 -0.865
vn -0.3102 -0.3944 -0.865
vn -0.3102 -0.3944 -0.865
vn -0.3834 -0.3944 -0.8351
vn -0.4127 -0.1462 -0.899
vn -0.4885 -0.1462 -0.8602
vn 0.0863 -0.9916 0.0961
vn 0.0863 -0.9916 0.0961
vn 0.0863 -0.9916 0.0961
vn 0.0943 -0.9916 0.0884
vn 0.0943 -0.9916 0.0884
vn 0.0943 -0.9916 0.0884
vn 0.2765 -0.9254 0.2592
vn 0.2765 -0.9254 0.2592
vn 0.2765 -0.9254 0.2592
vn 0.2977 -0.9254 0.2344
vn 0.2977 -0.9254 0.2344
vn 0.2977 -0.9254 0.2344
vn 0.474 -0.7975 0.3733
vn 0.474 -0.7975 0.3733
vn 0.474 -0.7975 0.3733
vn 0.5043 -0.7975 0.3311
vn 0.5043 -0.7975 0.3311
vn 0.5043 -0.7975 0.3311
vn 0.6582 -0.6165 0.4322
vn 0.6582 -0.6165 0.4322
vn 0.6582 -0.6165 0.4322
vn 0.6929 -0.6165 0.374
vn 0.6929 -0.6165 0.374
vn 0.6929 -0.6165 0.374
vn 0.8087 -0.3944 0.4364
vn 0.8087 -0.3944 0.4364
vn 0.8087 -0.3944 0.4364
vn 0.8432 -0.3944 0.3653
vn 0.8432 -0.3944 0.3653
vn 0.8432 -0.3944 0.3653
vn 0.9077 -0.1462 0.3933
vn 0.9382 -0.1462 0.3138
vn 0.9382 -0.1462 0.3138
vn 0.9382 -0.1462 0.3138
vn 0.0777 -0.9916 0.1032
vn 0.0777 -0.9916 0.1032
vn 0.0777 -0.9916 0.1032
vn 0.0863 -0.9916 0.0961
vn 0.2532 -0.9254 0.282
vn 0.2532 -0.9254 0.282
vn 0.2532 -0.9254 0.282
vn 0.2765 -0.9254 0.2592
vn 0.4402 -0.7975 0.4126
vn 0.4402 -0.7975 0.4126
vn 0.4402 -0.7975 0.4126
vn 0.474 -0.7975 0.3733
vn 0.6186 -0.6165 0.4871
vn 0.6186 -0.6165 0.4871
vn 0.6186 -0.6165 0.4871
vn 0.6582 -0.6165 0.4322
vn 0.7681 -0.3944 0.5043
vn 0.7681 -0.3944 0.5043
vn 0.7681 -0.3944 0.5043
vn 0.8087 -0.3944 0.4364
vn 0.8706 -0.1462 0.4698
vn 0.8706 -0.1462 0.4698
vn 0.8706 -0.1462 0.4698
vn 0.8706 -0.1462 0.4698
vn 0.0686 -0.9916 0.1095
vn 0.0686 -0.9916 0.1095
vn 0.0686 -0.9916 0.1095
vn 0.0777 -0.9916 0.1032
vn 0.228 -0.9254 0.3027
vn 0.228 -0.9254 0.3027
vn 0.228 -0.9254 0.3027
vn 0.2532 -0.9254 0.282
vn 0.4031 -0.7975 0.4489
vn 0.4031 -0.7975 0.4489
vn 0.4031 -0.7975 0.4489
vn 0.4402 -0.7975 0.4126
vn 0.5745 -0.6164 0.5385
vn 0.5745 -0.6164 0.5385
vn 0.5745 -0.6164 0.5385
vn 0.6186 -0.6165 0.4871
vn 0.722 -0.3944 0.5685
vn 0.722 -0.3944 0.5685
vn 0.722 -0.3944 0.5685
vn 0.7682 -0.3944 0.5043
vn 0.7682 -0.3944 0.5043
vn 0.7682 -0.3944 0.5043
vn 0.8269 -0.1462 0.5429
vn 0.8706 -0.1462 0.4698
vn 0.0943 -0.9916 0.0884
vn 0.1015 -0.9916 0.0799
vn 0.1015 -0.9916 0.0799
vn 0.1015 -0.9916 0.0799
vn 0.2977 -0.9254 0.2344
vn 0.3168 -0.9254 0.208
vn 0.3168 -0.9254 0.208
vn 0.3168 -0.9254 0.208
vn 0.5043 -0.7975 0.3311
vn 0.5309 -0.7975 0.2866
vn 0.5309 -0.7975 0.2866
vn 0.5309 -0.7975 0.2866
vn 0.6929 -0.6165 0.374
vn 0.7225 -0.6165 0.313
vn 0.7225 -0.6165 0.313
vn 0.7225 -0.6165 0.313
vn 0.8432 -0.3944 0.3653
vn 0.8715 -0.3944 0.2915
vn 0.8715 -0.3944 0.2915
vn 0.8715 -0.3944 0.2915
vn 0.9382 -0.1462 0.3138
vn 0.9382 -0.1462 0.3138
vn 0.1015 -0.9916 0.0799
vn 0.108 -0.9916 0.0709
vn 0.108 -0.9916 0.0709
vn 0.108 -0.9916 0.0709
vn 0.3168 -0.9254 0.208
vn 0.3335 -0.9254 0.18
vn 0.3335 -0.9254 0.18
vn 0.3335 -0.9254 0.18
vn 0.5309 -0.7975 0.2866
vn 0.5536 -0.7975 0.2398
vn 0.5536 -0.7975 0.2398
vn 0.5536 -0.7975 0.2398
vn 0.7225 -0.6165 0.313
vn 0.7467 -0.6165 0.2498
vn 0.7467 -0.6165 0.2498
vn 0.7467 -0.6165 0.2498
vn 0.8715 -0.3944 0.2915
vn 0.8933 -0.3944 0.2155
vn 0.8933 -0.3944 0.2155
vn 0.8933 -0.3944 0.2155
vn 0.9617 -0.1462 0.232
vn 0.978 -0.1462 0.1484
vn 0.978 -0.1462 0.1484
vn 0.978 -0.1462 0.1484
vn 0.0111 -0.9916 -0.1287
vn 0.0111 -0.9916 -0.1287
vn 0.0111 -0.9916 -0.1287
vn -0 -0.9916 -0.1292
vn -0 -0.9254 -0.3789
vn -0 -0.9254 -0.3789
vn -0 -0.9254 -0.3789
vn -0.0326 -0.9254 -0.3775
vn -0.0519 -0.7975 -0.6011
vn -0.0519 -0.7975 -0.6011
vn -0.0519 -0.7975 -0.6011
vn -0.1033 -0.7975 -0.5944
vn -0.1349 -0.6165 -0.7758
vn -0.1349 -0.6165 -0.7758
vn -0.1349 -0.6165 -0.7758
vn -0.2011 -0.6165 -0.7613
vn -0.2347 -0.3944 -0.8885
vn -0.2347 -0.3944 -0.8885
vn -0.2347 -0.3944 -0.8885
vn -0.3102 -0.3944 -0.865
vn -0.3339 -0.1462 -0.9312
vn -0.3339 -0.1462 -0.9312
vn -0.3339 -0.1462 -0.9312
vn -0.3339 -0.1462 -0.9312
vn 0.0488 -0.9916 0.1196
vn 0.0488 -0.9916 0.1196
vn 0.0488 -0.9916 0.1196
vn 0.0589 -0.9916 0.115
vn 0.0589 -0.9916 0.115
vn 0.0589 -0.9916 0.115
vn 0.1728 -0.9254 0.3373
vn 0.1728 -0.9254 0.3373
vn 0.1728 -0.9254 0.3373
vn 0.2011 -0.9254 0.3212
vn 0.2011 -0.9254 0.3212
vn 0.2011 -0.9254 0.3212
vn 0.3202 -0.7975 0.5113
vn 0.3202 -0.7975 0.5113
vn 0.3202 -0.7975 0.5113
vn 0.363 -0.7975 0.4819
vn 0.363 -0.7975 0.4819
vn 0.363 -0.7975 0.4819
vn 0.4737 -0.6165 0.629
vn 0.4737 -0.6165 0.629
vn 0.4737 -0.6165 0.629
vn 0.526 -0.6165 0.5859
vn 0.526 -0.6165 0.5859
vn 0.526 -0.6165 0.5859
vn 0.6139 -0.3944 0.6838
vn 0.6139 -0.3944 0.6838
vn 0.6139 -0.3944 0.6838
vn 0.6704 -0.3944 0.6285
vn 0.6704 -0.3944 0.6285
vn 0.6704 -0.3944 0.6285
vn 0.7217 -0.1462 0.6766
vn 0.7217 -0.1462 0.6766
vn 0.7217 -0.1462 0.6766
vn 0.7217 -0.1462 0.6766
vn 0.0383 -0.9916 0.1234
vn 0.0383 -0.9916 0.1234
vn 0.0383 -0.9916 0.1234
vn 0.0488 -0.9916 0.1196
vn 0.1431 -0.9254 0.3509
vn 0.1431 -0.9254 0.3509
vn 0.1431 -0.9254 0.3509
vn 0.1728 -0.9254 0.3373
vn 0.2751 -0.7975 0.537
vn 0.2751 -0.7975 0.537
vn 0.2751 -0.7975 0.537
vn 0.3202 -0.7975 0.5113
vn 0.4179 -0.6164 0.6674
vn 0.4179 -0.6164 0.6674
vn 0.4179 -0.6164 0.6674
vn 0.4737 -0.6165 0.629
vn 0.5529 -0.3944 0.734
vn 0.5529 -0.3944 0.734
vn 0.5529 -0.3944 0.734
vn 0.6139 -0.3944 0.6838
vn 0.6609 -0.1462 0.7361
vn 0.7217 -0.1462 0.6766
vn 0.0589 -0.9916 0.115
vn 0.0686 -0.9916 0.1095
vn 0.2011 -0.9254 0.3212
vn 0.228 -0.9254 0.3027
vn 0.363 -0.7975 0.4819
vn 0.4031 -0.7975 0.4489
vn 0.526 -0.6164 0.5859
vn 0.526 -0.6164 0.5859
vn 0.526 -0.6164 0.5859
vn 0.5744 -0.6165 0.5385
vn 0.5744 -0.6165 0.5385
vn 0.5744 -0.6165 0.5385
vn 0.6704 -0.3944 0.6285
vn 0.722 -0.3944 0.5685
vn 0.7772 -0.1462 0.612
vn 0.8269 -0.1462 0.5429
vn 0.0221 -0.9916 -0.1273
vn 0.0221 -0.9916 -0.1273
vn 0.0221 -0.9916 -0.1273
vn 0.0111 -0.9916 -0.1287
vn 0.0326 -0.9254 -0.3776
vn 0.0326 -0.9254 -0.3776
vn 0.0326 -0.9254 -0.3776
vn -0 -0.9254 -0.3789
vn -0 -0.7975 -0.6033
vn -0 -0.7975 -0.6033
vn -0 -0.7975 -0.6033
vn -0.0519 -0.7975 -0.6011
vn -0.0677 -0.6165 -0.7845
vn -0.0677 -0.6165 -0.7845
vn -0.0677 -0.6165 -0.7845
vn -0.1349 -0.6165 -0.7758
vn -0.1574 -0.3944 -0.9053
vn -0.1574 -0.3944 -0.9053
vn -0.1574 -0.3944 -0.9053
vn -0.2346 -0.3944 -0.8885
vn -0.2346 -0.3944 -0.8885
vn -0.2346 -0.3944 -0.8885
vn -0.2526 -0.1462 -0.9565
vn -0.3339 -0.1462 -0.9312
vn -0.1284 -0.9916 -0.0139
vn -0.1284 -0.9916 -0.0139
vn -0.1284 -0.9916 -0.0139
vn -0.1292 -0.9916 -0.0028
vn -0.1292 -0.9916 -0.0028
vn -0.1292 -0.9916 -0.0028
vn -0.3789 -0.9254 -0.0082
vn -0.3789 -0.9254 -0.0082
vn -0.3789 -0.9254 -0.0082
vn -0.3782 -0.9254 0.0244
vn -0.3782 -0.9254 0.0244
vn -0.3782 -0.9254 0.0244
vn -0.6021 -0.7975 0.0389
vn -0.6021 -0.7975 0.0389
vn -0.6021 -0.7975 0.0389
vn -0.5965 -0.7975 0.0905
vn -0.5965 -0.7975 0.0905
vn -0.5965 -0.7975 0.0905
vn -0.7785 -0.6165 0.1182
vn -0.7785 -0.6165 0.1182
vn -0.7785 -0.6165 0.1182
vn -0.7654 -0.6165 0.1846
vn -0.7654 -0.6165 0.1846
vn -0.7654 -0.6165 0.1846
vn -0.8933 -0.3944 0.2155
vn -0.8933 -0.3944 0.2155
vn -0.8933 -0.3944 0.2155
vn -0.8715 -0.3944 0.2915
vn -0.8715 -0.3944 0.2915
vn -0.8715 -0.3944 0.2915
vn -0.9382 -0.1462 0.3138
vn -0.9382 -0.1462 0.3138
vn 0.033 -0.9916 -0.1249
vn 0.033 -0.9916 -0.1249
vn 0.033 -0.9916 -0.1249
vn 0.0221 -0.9916 -0.1273
vn 0.0649 -0.9254 -0.3733
vn 0.0649 -0.9254 -0.3733
vn 0.0649 -0.9254 -0.3733
vn 0.0326 -0.9254 -0.3775
vn 0.0326 -0.9254 -0.3775
vn 0.0326 -0.9254 -0.3775
vn 0.0519 -0.7975 -0.6011
vn 0.0519 -0.7975 -0.6011
vn 0.0519 -0.7975 -0.6011
vn -0 -0.7975 -0.6033
vn -0 -0.6164 -0.7874
vn -0 -0.6164 -0.7874
vn -0 -0.6164 -0.7874
vn -0.0677 -0.6165 -0.7845
vn -0.079 -0.3944 -0.9155
vn -0.079 -0.3944 -0.9155
vn -0.079 -0.3944 -0.9155
vn -0.1574 -0.3944 -0.9053
vn -0.1695 -0.1462 -0.9746
vn -0.2526 -0.1462 -0.9565
vn -0.1268 -0.9916 -0.0249
vn -0.1268 -0.9916 -0.0249
vn -0.1268 -0.9916 -0.0249
vn -0.1285 -0.9916 -0.0139
vn -0.1285 -0.9916 -0.0139
vn -0.1285 -0.9916 -0.0139
vn -0.3768 -0.9254 -0.0407
vn -0.3768 -0.9254 -0.0407
vn -0.3768 -0.9254 -0.0407
vn -0.3789 -0.9254 -0.0082
vn -0.6032 -0.7975 -0.013
vn -0.6032 -0.7975 -0.013
vn -0.6032 -0.7975 -0.013
vn -0.6021 -0.7975 0.0389
vn -0.7858 -0.6164 0.0508
vn -0.7858 -0.6164 0.0508
vn -0.7858 -0.6164 0.0508
vn -0.7785 -0.6164 0.1182
vn -0.7785 -0.6164 0.1182
vn -0.7785 -0.6164 0.1182
vn -0.9085 -0.3944 0.1379
vn -0.9085 -0.3944 0.1379
vn -0.9085 -0.3944 0.1379
vn -0.8933 -0.3944 0.2155
vn -0.9617 -0.1462 0.232
vn -0.9617 -0.1462 0.232
vn -0.9617 -0.1462 0.232
vn -0.9617 -0.1462 0.232
vn 0.0276 -0.9916 0.1262
vn 0.0276 -0.9916 0.1262
vn 0.0276 -0.9916 0.1262
vn 0.0383 -0.9916 0.1234
vn 0.1124 -0.9254 0.3619
vn 0.1124 -0.9254 0.3619
vn 0.1124 -0.9254 0.3619
vn 0.1431 -0.9254 0.3509
vn 0.2279 -0.7975 0.5586
vn 0.2279 -0.7975 0.5586
vn 0.2279 -0.7975 0.5586
vn 0.2751 -0.7975 0.537
vn 0.359 -0.6165 0.7008
vn 0.359 -0.6165 0.7008
vn 0.359 -0.6165 0.7008
vn 0.4179 -0.6165 0.6673
vn 0.4179 -0.6165 0.6673
vn 0.4179 -0.6165 0.6673
vn 0.4877 -0.3944 0.7788
vn 0.4877 -0.3944 0.7788
vn 0.4877 -0.3944 0.7788
vn 0.5528 -0.3944 0.734
vn 0.5528 -0.3944 0.734
vn 0.5528 -0.3944 0.734
vn 0.5952 -0.1462 0.7902
vn 0.5952 -0.1462 0.7902
vn 0.5952 -0.1462 0.7902
vn 0.5952 -0.1462 0.7902
vn -0.1207 -0.9916 -0.0462
vn -0.1242 -0.9916 -0.0357
vn -0.1242 -0.9916 -0.0357
vn -0.1242 -0.9916 -0.0357
vn -0.3642 -0.9254 -0.1046
vn -0.3719 -0.9254 -0.0729
vn -0.3719 -0.9254 -0.0729
vn -0.3719 -0.9254 -0.0729
vn -0.5921 -0.7975 -0.1161
vn -0.5998 -0.7975 -0.0648
vn -0.5998 -0.7975 -0.0648
vn -0.5998 -0.7975 -0.0648
vn -0.7828 -0.6165 -0.0846
vn -0.7872 -0.6165 -0.0169
vn -0.7872 -0.6165 -0.0169
vn -0.7872 -0.6165 -0.0169
vn -0.9187 -0.3944 -0.0198
vn -0.917 -0.3944 0.0593
vn -0.917 -0.3944 0.0593
vn -0.917 -0.3944 0.0593
vn -0.9872 -0.1462 0.0638
vn -0.9781 -0.1462 0.1484
vn -0.9781 -0.1462 0.1484
vn -0.9781 -0.1462 0.1484
vn 0.0436 -0.9916 -0.1216
vn 0.0436 -0.9916 -0.1216
vn 0.0436 -0.9916 -0.1216
vn 0.033 -0.9916 -0.1249
vn 0.0968 -0.9254 -0.3664
vn 0.0968 -0.9254 -0.3664
vn 0.0968 -0.9254 -0.3664
vn 0.0649 -0.9254 -0.3734
vn 0.0649 -0.9254 -0.3734
vn 0.0649 -0.9254 -0.3734
vn 0.1033 -0.7975 -0.5944
vn 0.1033 -0.7975 -0.5944
vn 0.1033 -0.7975 -0.5944
vn 0.0519 -0.7975 -0.6011
vn 0.0677 -0.6165 -0.7845
vn 0.0677 -0.6165 -0.7845
vn 0.0677 -0.6165 -0.7845
vn -0 -0.6165 -0.7874
vn -0 -0.6165 -0.7874
vn -0 -0.6165 -0.7874
vn -0 -0.3944 -0.9189
vn -0 -0.3944 -0.9189
vn -0 -0.3944 -0.9189
vn -0.079 -0.3944 -0.9155
vn -0.085 -0.1462 -0.9856
vn -0.085 -0.1462 -0.9856
vn -0.085 -0.1462 -0.9856
vn -0.085 -0.1462 -0.9856
vn -0.1242 -0.9916 -0.0357
vn -0.1268 -0.9916 -0.0249
vn -0.3719 -0.9254 -0.0729
vn -0.3768 -0.9254 -0.0407
vn -0.5998 -0.7975 -0.0648
vn -0.6032 -0.7975 -0.013
vn -0.7872 -0.6165 -0.0169
vn -0.7858 -0.6165 0.0508
vn -0.7858 -0.6165 0.0508
vn -0.7858 -0.6165 0.0508
vn -0.917 -0.3944 0.0593
vn -0.9085 -0.3944 0.1379
vn -0.978 -0.1462 0.1484
vn -0.9617 -0.1462 0.232
vn 0.108 -0.9916 0.0709
vn 0.1137 -0.9916 0.0614
vn 0.1137 -0.9916 0.0614
vn 0.1137 -0.9916 0.0614
vn 0.3335 -0.9254 0.18
vn 0.3477 -0.9254 0.1506
vn 0.3477 -0.9254 0.1506
vn 0.3477 -0.9254 0.1506
vn 0.5536 -0.7975 0.2398
vn 0.5722 -0.7975 0.1914
vn 0.5722 -0.7975 0.1914
vn 0.5722 -0.7975 0.1914
vn 0.7467 -0.6164 0.2498
vn 0.7467 -0.6164 0.2498
vn 0.7467 -0.6164 0.2498
vn 0.7654 -0.6165 0.1846
vn 0.7654 -0.6165 0.1846
vn 0.7654 -0.6165 0.1846
vn 0.8933 -0.3944 0.2155
vn 0.9085 -0.3944 0.1379
vn 0.9085 -0.3944 0.1379
vn 0.9085 -0.3944 0.1379
vn 0.978 -0.1462 0.1484
vn 0.9781 -0.1462 0.1484
vn 0.9781 -0.1462 0.1484
vn 0.9781 -0.1462 0.1484
vn -0.108 -0.9916 0.0709
vn -0.108 -0.9916 0.0709
vn -0.108 -0.9916 0.0709
vn -0.1015 -0.9916 0.0799
vn -0.2977 -0.9254 0.2344
vn -0.2977 -0.9254 0.2344
vn -0.2977 -0.9254 0.2344
vn -0.2765 -0.9254 0.2592
vn -0.4402 -0.7975 0.4126
vn -0.4402 -0.7975 0.4126
vn -0.4402 -0.7975 0.4126
vn -0.4031 -0.7975 0.4489
vn -0.526 -0.6165 0.5859
vn -0.526 -0.6165 0.5859
vn -0.526 -0.6165 0.5859
vn -0.4737 -0.6165 0.629
vn -0.5529 -0.3944 0.734
vn -0.5529 -0.3944 0.734
vn -0.5529 -0.3944 0.734
vn -0.4877 -0.3944 0.7788
vn -0.525 -0.1462 0.8384
vn -0.451 -0.1462 0.8805
vn 0.111 -0.9916 -0.0662
vn 0.1049 -0.9916 -0.0755
vn 0.1049 -0.9916 -0.0755
vn 0.1049 -0.9916 -0.0755
vn 0.3075 -0.9254 -0.2214
vn 0.2874 -0.9254 -0.247
vn 0.2874 -0.9254 -0.247
vn 0.2874 -0.9254 -0.247
vn 0.4575 -0.7975 -0.3933
vn 0.422 -0.7975 -0.4312
vn 0.422 -0.7975 -0.4312
vn 0.422 -0.7975 -0.4312
vn 0.5507 -0.6165 -0.5627
vn 0.5003 -0.6165 -0.608
vn 0.5003 -0.6165 -0.608
vn 0.5003 -0.6165 -0.608
vn 0.5839 -0.3944 -0.7096
vn 0.5208 -0.3944 -0.7571
vn 0.5208 -0.3944 -0.7571
vn 0.5208 -0.3944 -0.7571
vn 0.5606 -0.1462 -0.8151
vn 0.5606 -0.1462 -0.8151
vn 0.4885 -0.1462 -0.8602
vn 0.4885 -0.1462 -0.8602
vn 0.4885 -0.1462 -0.8602
vn 0.0056 -0.9916 0.1291
vn 0.0056 -0.9916 0.1291
vn 0.0056 -0.9916 0.1291
vn 0.0166 -0.9916 0.1281
vn 0.0166 -0.9916 0.1281
vn 0.0166 -0.9916 0.1281
vn 0.0488 -0.9254 0.3758
vn 0.0488 -0.9254 0.3758
vn 0.0488 -0.9254 0.3758
vn 0.0809 -0.9254 0.3702
vn 0.0809 -0.9254 0.3702
vn 0.0809 -0.9254 0.3702
vn 0.1288 -0.7975 0.5894
vn 0.1288 -0.7975 0.5894
vn 0.1288 -0.7975 0.5894
vn 0.179 -0.7975 0.5762
vn 0.179 -0.7975 0.5762
vn 0.179 -0.7975 0.5762
vn 0.2336 -0.6165 0.7519
vn 0.2336 -0.6165 0.7519
vn 0.2336 -0.6165 0.7519
vn 0.2974 -0.6165 0.7291
vn 0.2974 -0.6165 0.7291
vn 0.2974 -0.6165 0.7291
vn 0.3471 -0.3944 0.8509
vn 0.3471 -0.3944 0.8509
vn 0.3471 -0.3944 0.8509
vn 0.4189 -0.3944 0.8179
vn 0.4189 -0.3944 0.8179
vn 0.4189 -0.3944 0.8179
vn 0.451 -0.1462 0.8805
vn 0.451 -0.1462 0.8805
vn 0.451 -0.1462 0.8805
vn 0.451 -0.1462 0.8805
vn -0.1137 -0.9916 0.0614
vn -0.1137 -0.9916 0.0614
vn -0.1137 -0.9916 0.0614
vn -0.108 -0.9916 0.0709
vn -0.3168 -0.9254 0.208
vn -0.3168 -0.9254 0.208
vn -0.3168 -0.9254 0.208
vn -0.2977 -0.9254 0.2344
vn -0.474 -0.7975 0.3733
vn -0.474 -0.7975 0.3733
vn -0.474 -0.7975 0.3733
vn -0.4402 -0.7975 0.4126
vn -0.5744 -0.6164 0.5385
vn -0.5744 -0.6164 0.5385
vn -0.5744 -0.6164 0.5385
vn -0.526 -0.6165 0.5859
vn -0.6139 -0.3944 0.6838
vn -0.6139 -0.3944 0.6838
vn -0.6139 -0.3944 0.6838
vn -0.5528 -0.3944 0.734
vn -0.5528 -0.3944 0.734
vn -0.5528 -0.3944 0.734
vn -0.5952 -0.1462 0.7902
vn -0.5952 -0.1462 0.7902
vn 0.0166 -0.9916 0.1281
vn 0.0276 -0.9916 0.1262
vn 0.0809 -0.9254 0.3702
vn 0.1124 -0.9254 0.3619
vn 0.179 -0.7975 0.5762
vn 0.2279 -0.7975 0.5586
vn 0.2974 -0.6165 0.7291
vn 0.359 -0.6164 0.7008
vn 0.359 -0.6164 0.7008
vn 0.359 -0.6164 0.7008
vn 0.4189 -0.3944 0.8179
vn 0.4877 -0.3944 0.7788
vn 0.525 -0.1462 0.8384
vn 0.5952 -0.1462 0.7902
vn 0.1185 -0.9916 0.0514
vn 0.1185 -0.9916 0.0514
vn 0.1185 -0.9916 0.0514
vn 0.1225 -0.9916 0.041
vn 0.1225 -0.9916 0.041
vn 0.1225 -0.9916 0.041
vn 0.3594 -0.9254 0.1202
vn 0.3594 -0.9254 0.1202
vn 0.3594 -0.9254 0.1202
vn 0.3684 -0.9254 0.0889
vn 0.3684 -0.9254 0.0889
vn 0.3684 -0.9254 0.0889
vn 0.5865 -0.7975 0.1415
vn 0.5865 -0.7975 0.1415
vn 0.5865 -0.7975 0.1415
vn 0.5965 -0.7975 0.0905
vn 0.5965 -0.7975 0.0905
vn 0.5965 -0.7975 0.0905
vn 0.7785 -0.6164 0.1182
vn 0.7785 -0.6164 0.1182
vn 0.7785 -0.6164 0.1182
vn 0.7858 -0.6165 0.0508
vn 0.7858 -0.6165 0.0508
vn 0.7858 -0.6165 0.0508
vn 0.917 -0.3944 0.0593
vn 0.917 -0.3944 0.0593
vn 0.917 -0.3944 0.0593
vn 0.9187 -0.3944 -0.0198
vn 0.9187 -0.3944 -0.0198
vn 0.9187 -0.3944 -0.0198
vn 0.989 -0.1462 -0.0213
vn 0.9835 -0.1462 -0.1062
vn 0.9835 -0.1462 -0.1062
vn 0.9835 -0.1462 -0.1062
vn 0.1137 -0.9916 0.0614
vn 0.1186 -0.9916 0.0514
vn 0.1186 -0.9916 0.0514
vn 0.1186 -0.9916 0.0514
vn 0.3477 -0.9254 0.1506
vn 0.3594 -0.9254 0.1202
vn 0.5722 -0.7975 0.1914
vn 0.5865 -0.7975 0.1415
vn 0.7654 -0.6165 0.1846
vn 0.7785 -0.6165 0.1182
vn 0.7785 -0.6165 0.1182
vn 0.7785 -0.6165 0.1182
vn 0.9085 -0.3944 0.1379
vn 0.917 -0.3944 0.0593
vn 0.9872 -0.1462 0.0638
vn 0.989 -0.1462 -0.0213
vn 0.1048 -0.9916 -0.0755
vn 0.1048 -0.9916 -0.0755
vn 0.1048 -0.9916 -0.0755
vn 0.098 -0.9916 -0.0842
vn 0.098 -0.9916 -0.0842
vn 0.098 -0.9916 -0.0842
vn 0.2874 -0.9254 -0.247
vn 0.2651 -0.9254 -0.2708
vn 0.2651 -0.9254 -0.2708
vn 0.2651 -0.9254 -0.2708
vn 0.422 -0.7975 -0.4312
vn 0.3834 -0.7975 -0.4659
vn 0.3834 -0.7975 -0.4659
vn 0.3834 -0.7975 -0.4659
vn 0.5003 -0.6164 -0.608
vn 0.5003 -0.6164 -0.608
vn 0.5003 -0.6164 -0.608
vn 0.4462 -0.6165 -0.6487
vn 0.4462 -0.6165 -0.6487
vn 0.4462 -0.6165 -0.6487
vn 0.5208 -0.3944 -0.7571
vn 0.4537 -0.3944 -0.7991
vn 0.4537 -0.3944 -0.7991
vn 0.4537 -0.3944 -0.7991
vn 0.4885 -0.1462 -0.8602
vn 0.4885 -0.1462 -0.8602
vn -0.1185 -0.9916 0.0514
vn -0.1185 -0.9916 0.0514
vn -0.1185 -0.9916 0.0514
vn -0.1137 -0.9916 0.0614
vn -0.3335 -0.9254 0.18
vn -0.3335 -0.9254 0.18
vn -0.3335 -0.9254 0.18
vn -0.3168 -0.9254 0.208
vn -0.5043 -0.7975 0.3311
vn -0.5043 -0.7975 0.3311
vn -0.5043 -0.7975 0.3311
vn -0.474 -0.7975 0.3733
vn -0.6186 -0.6164 0.4871
vn -0.6186 -0.6164 0.4871
vn -0.6186 -0.6164 0.4871
vn -0.5745 -0.6164 0.5385
vn -0.5745 -0.6164 0.5385
vn -0.5745 -0.6164 0.5385
vn -0.6704 -0.3944 0.6285
vn -0.6704 -0.3944 0.6285
vn -0.6704 -0.3944 0.6285
vn -0.6139 -0.3944 0.6838
vn -0.6609 -0.1462 0.7361
vn -0.6609 -0.1462 0.7361
vn -0.6609 -0.1462 0.7361
vn -0.6609 -0.1462 0.7361
vn 0.098 -0.9916 -0.0842
vn 0.0904 -0.9916 -0.0923
vn 0.0904 -0.9916 -0.0923
vn 0.0904 -0.9916 -0.0923
vn 0.2651 -0.9254 -0.2708
vn 0.2408 -0.9254 -0.2926
vn 0.2408 -0.9254 -0.2926
vn 0.2408 -0.9254 -0.2926
vn 0.3834 -0.7975 -0.4659
vn 0.3419 -0.7975 -0.4971
vn 0.3419 -0.7975 -0.4971
vn 0.3419 -0.7975 -0.4971
vn 0.4462 -0.6164 -0.6488
vn 0.4462 -0.6164 -0.6488
vn 0.4462 -0.6164 -0.6488
vn 0.3888 -0.6165 -0.6847
vn 0.3888 -0.6165 -0.6847
vn 0.3888 -0.6165 -0.6847
vn 0.4537 -0.3944 -0.7991
vn 0.3834 -0.3944 -0.8351
vn 0.3834 -0.3944 -0.8351
vn 0.3834 -0.3944 -0.8351
vn 0.4127 -0.1462 -0.899
vn 0.3339 -0.1462 -0.9312
vn 0.1292 -0.9916 -0.0028
vn 0.1292 -0.9916 -0.0028
vn 0.1292 -0.9916 -0.0028
vn 0.1285 -0.9916 -0.0139
vn 0.3768 -0.9254 -0.0407
vn 0.3768 -0.9254 -0.0407
vn 0.3768 -0.9254 -0.0407
vn 0.3719 -0.9254 -0.0729
vn 0.5921 -0.7975 -0.1161
vn 0.5921 -0.7975 -0.1161
vn 0.5921 -0.7975 -0.1161
vn 0.5799 -0.7975 -0.1666
vn 0.7568 -0.6165 -0.2174
vn 0.7568 -0.6165 -0.2174
vn 0.7568 -0.6165 -0.2174
vn 0.7353 -0.6165 -0.2816
vn 0.7353 -0.6165 -0.2816
vn 0.7353 -0.6165 -0.2816
vn 0.8581 -0.3944 -0.3287
vn 0.8581 -0.3944 -0.3287
vn 0.8581 -0.3944 -0.3287
vn 0.8267 -0.3944 -0.4012
vn 0.8267 -0.3944 -0.4012
vn 0.8267 -0.3944 -0.4012
vn 0.89 -0.1462 -0.432
vn 0.89 -0.1462 -0.432
vn 0.89 -0.1462 -0.432
vn 0.89 -0.1462 -0.432
vn -0.0166 -0.9916 0.1281
vn -0.0166 -0.9916 0.1281
vn -0.0166 -0.9916 0.1281
vn -0.0056 -0.9916 0.1291
vn -0.0056 -0.9916 0.1291
vn -0.0056 -0.9916 0.1291
vn -0.0163 -0.9254 0.3786
vn -0.0163 -0.9254 0.3786
vn -0.0163 -0.9254 0.3786
vn 0.0163 -0.9254 0.3786
vn 0.0163 -0.9254 0.3786
vn 0.0163 -0.9254 0.3786
vn 0.026 -0.7975 0.6028
vn 0.026 -0.7975 0.6028
vn 0.026 -0.7975 0.6028
vn 0.0777 -0.7975 0.5983
vn 0.0777 -0.7975 0.5983
vn 0.0777 -0.7975 0.5983
vn 0.1014 -0.6164 0.7808
vn 0.1014 -0.6164 0.7808
vn 0.1014 -0.6164 0.7808
vn 0.1681 -0.6165 0.7692
vn 0.1681 -0.6165 0.7692
vn 0.1681 -0.6165 0.7692
vn 0.1962 -0.3944 0.8977
vn 0.1962 -0.3944 0.8977
vn 0.1962 -0.3944 0.8977
vn 0.2727 -0.3944 0.8775
vn 0.2727 -0.3944 0.8775
vn 0.2727 -0.3944 0.8775
vn 0.2935 -0.1462 0.9447
vn 0.3736 -0.1462 0.916
vn 0.1256 -0.9916 0.0303
vn 0.1256 -0.9916 0.0303
vn 0.1256 -0.9916 0.0303
vn 0.1277 -0.9916 0.0194
vn 0.1277 -0.9916 0.0194
vn 0.1277 -0.9916 0.0194
vn 0.3747 -0.9254 0.0569
vn 0.3747 -0.9254 0.0569
vn 0.3747 -0.9254 0.0569
vn 0.3782 -0.9254 0.0244
vn 0.3782 -0.9254 0.0244
vn 0.3782 -0.9254 0.0244
vn 0.6021 -0.7975 0.0389
vn 0.6021 -0.7975 0.0389
vn 0.6021 -0.7975 0.0389
vn 0.6032 -0.7975 -0.013
vn 0.6032 -0.7975 -0.013
vn 0.6032 -0.7975 -0.013
vn 0.7872 -0.6165 -0.0169
vn 0.7872 -0.6165 -0.0169
vn 0.7872 -0.6165 -0.0169
vn 0.7828 -0.6165 -0.0846
vn 0.7828 -0.6165 -0.0846
vn 0.7828 -0.6165 -0.0846
vn 0.9136 -0.3944 -0.0987
vn 0.9136 -0.3944 -0.0987
vn 0.9136 -0.3944 -0.0987
vn 0.9017 -0.3944 -0.1768
vn 0.9017 -0.3944 -0.1768
vn 0.9017 -0.3944 -0.1768
vn 0.9708 -0.1462 -0.1904
vn 0.9508 -0.1462 -0.2731
vn 0.9508 -0.1462 -0.2731
vn 0.9508 -0.1462 -0.2731
vn 0.0539 -0.9916 -0.1174
vn 0.0539 -0.9916 -0.1174
vn 0.0539 -0.9916 -0.1174
vn 0.0436 -0.9916 -0.1216
vn 0.1279 -0.9254 -0.3567
vn 0.1279 -0.9254 -0.3567
vn 0.1279 -0.9254 -0.3567
vn 0.0968 -0.9254 -0.3664
vn 0.1541 -0.7975 -0.5833
vn 0.1541 -0.7975 -0.5833
vn 0.1541 -0.7975 -0.5833
vn 0.1033 -0.7975 -0.5944
vn 0.1349 -0.6165 -0.7758
vn 0.1349 -0.6165 -0.7758
vn 0.1349 -0.6165 -0.7758
vn 0.0677 -0.6165 -0.7845
vn 0.079 -0.3944 -0.9155
vn 0.079 -0.3944 -0.9155
vn 0.079 -0.3944 -0.9155
vn -0 -0.3944 -0.9189
vn -0 -0.1462 -0.9892
vn -0 -0.1462 -0.9892
vn -0 -0.1462 -0.9892
vn -0.085 -0.1462 -0.9856
vn 0.1277 -0.9916 0.0194
vn 0.1289 -0.9916 0.0083
vn 0.1289 -0.9916 0.0083
vn 0.1289 -0.9916 0.0083
vn 0.3782 -0.9254 0.0244
vn 0.3789 -0.9254 -0.0082
vn 0.3789 -0.9254 -0.0082
vn 0.3789 -0.9254 -0.0082
vn 0.6032 -0.7975 -0.013
vn 0.5998 -0.7975 -0.0648
vn 0.5998 -0.7975 -0.0648
vn 0.5998 -0.7975 -0.0648
vn 0.7828 -0.6165 -0.0846
vn 0.7727 -0.6165 -0.1515
vn 0.7727 -0.6165 -0.1515
vn 0.7727 -0.6165 -0.1515
vn 0.9017 -0.3944 -0.1768
vn 0.8832 -0.3944 -0.2537
vn 0.8832 -0.3944 -0.2537
vn 0.8832 -0.3944 -0.2537
vn 0.9508 -0.1462 -0.2731
vn 0.9508 -0.1462 -0.2731
vn -0.0383 -0.9916 0.1234
vn -0.0383 -0.9916 0.1234
vn -0.0383 -0.9916 0.1234
vn -0.0276 -0.9916 0.1262
vn -0.0276 -0.9916 0.1262
vn -0.0276 -0.9916 0.1262
vn -0.0809 -0.9254 0.3702
vn -0.0809 -0.9254 0.3702
vn -0.0809 -0.9254 0.3702
vn -0.0488 -0.9254 0.3758
vn -0.0488 -0.9254 0.3758
vn -0.0488 -0.9254 0.3758
vn -0.0777 -0.7975 0.5983
vn -0.0777 -0.7975 0.5983
vn -0.0777 -0.7975 0.5983
vn -0.026 -0.7975 0.6028
vn -0.026 -0.7975 0.6028
vn -0.026 -0.7975 0.6028
vn -0.0339 -0.6165 0.7867
vn -0.0339 -0.6165 0.7867
vn -0.0339 -0.6165 0.7867
vn 0.0339 -0.6165 0.7867
vn 0.0339 -0.6165 0.7867
vn 0.0339 -0.6165 0.7867
vn 0.0395 -0.3944 0.9181
vn 0.0395 -0.3944 0.9181
vn 0.0395 -0.3944 0.9181
vn 0.1183 -0.3944 0.9113
vn 0.1183 -0.3944 0.9113
vn 0.1183 -0.3944 0.9113
vn 0.1274 -0.1462 0.981
vn 0.1274 -0.1462 0.981
vn 0.1274 -0.1462 0.981
vn 0.2112 -0.1462 0.9664
vn 0.2112 -0.1462 0.9664
vn 0.2112 -0.1462 0.9664
vn -0.0276 -0.9916 0.1262
vn -0.0166 -0.9916 0.1281
vn -0.0488 -0.9254 0.3758
vn -0.0163 -0.9254 0.3786
vn -0.026 -0.7975 0.6028
vn 0.026 -0.7975 0.6028
vn 0.0339 -0.6165 0.7867
vn 0.1014 -0.6165 0.7808
vn 0.1014 -0.6165 0.7808
vn 0.1014 -0.6165 0.7808
vn 0.1183 -0.3944 0.9113
vn 0.1962 -0.3944 0.8977
vn 0.2112 -0.1462 0.9664
vn 0.2112 -0.1462 0.9664
vn -0.0056 -0.9916 0.1291
vn 0.0056 -0.9916 0.1291
vn 0.0163 -0.9254 0.3786
vn 0.0488 -0.9254 0.3758
vn 0.0777 -0.7975 0.5983
vn 0.1288 -0.7975 0.5894
vn 0.1681 -0.6165 0.7692
vn 0.2336 -0.6164 0.7519
vn 0.2336 -0.6164 0.7519
vn 0.2336 -0.6164 0.7519
vn 0.2727 -0.3944 0.8775
vn 0.3471 -0.3944 0.8509
vn 0.3736 -0.1462 0.916
vn 0.451 -0.1462 0.8805
vn 0.1289 -0.9916 0.0083
vn 0.1292 -0.9916 -0.0028
vn 0.3789 -0.9254 -0.0082
vn 0.3768 -0.9254 -0.0407
vn 0.5998 -0.7975 -0.0648
vn 0.5921 -0.7975 -0.1161
vn 0.7727 -0.6165 -0.1515
vn 0.7568 -0.6165 -0.2174
vn 0.8832 -0.3944 -0.2537
vn 0.8581 -0.3944 -0.3287
vn 0.9238 -0.1462 -0.3539
vn 0.89 -0.1462 -0.432
vn 0.0904 -0.9916 -0.0923
vn 0.0821 -0.9916 -0.0998
vn 0.0821 -0.9916 -0.0998
vn 0.0821 -0.9916 -0.0998
vn 0.2408 -0.9254 -0.2926
vn 0.2148 -0.9254 -0.3122
vn 0.2148 -0.9254 -0.3122
vn 0.2148 -0.9254 -0.3122
vn 0.3419 -0.7975 -0.4971
vn 0.2979 -0.7975 -0.5247
vn 0.2979 -0.7975 -0.5247
vn 0.2979 -0.7975 -0.5247
vn 0.3888 -0.6164 -0.6847
vn 0.3888 -0.6164 -0.6847
vn 0.3888 -0.6164 -0.6847
vn 0.3285 -0.6164 -0.7156
vn 0.3285 -0.6164 -0.7156
vn 0.3285 -0.6164 -0.7156
vn 0.3834 -0.3944 -0.8351
vn 0.3102 -0.3944 -0.865
vn 0.3102 -0.3944 -0.865
vn 0.3102 -0.3944 -0.865
vn 0.3339 -0.1462 -0.9312
vn 0.2526 -0.1462 -0.9565
vn 0.2526 -0.1462 -0.9565
vn 0.2526 -0.1462 -0.9565
vn 0.0821 -0.9916 -0.0998
vn 0.0732 -0.9916 -0.1065
vn 0.0732 -0.9916 -0.1065
vn 0.0732 -0.9916 -0.1065
vn 0.2147 -0.9254 -0.3122
vn 0.2147 -0.9254 -0.3122
vn 0.2147 -0.9254 -0.3122
vn 0.1871 -0.9254 -0.3295
vn 0.1871 -0.9254 -0.3295
vn 0.1871 -0.9254 -0.3295
vn 0.2979 -0.7975 -0.5247
vn 0.2517 -0.7975 -0.5483
vn 0.2517 -0.7975 -0.5483
vn 0.2517 -0.7975 -0.5483
vn 0.3285 -0.6165 -0.7156
vn 0.3285 -0.6165 -0.7156
vn 0.3285 -0.6165 -0.7156
vn 0.2658 -0.6165 -0.7412
vn 0.2658 -0.6165 -0.7412
vn 0.2658 -0.6165 -0.7412
vn 0.3102 -0.3944 -0.865
vn 0.2346 -0.3944 -0.8885
vn 0.2346 -0.3944 -0.8885
vn 0.2346 -0.3944 -0.8885
vn 0.2526 -0.1462 -0.9565
vn 0.2526 -0.1462 -0.9565
vn -0.0589 -0.9916 0.115
vn -0.0488 -0.9916 0.1196
vn -0.0488 -0.9916 0.1196
vn -0.0488 -0.9916 0.1196
vn -0.1431 -0.9254 0.3509
vn -0.1124 -0.9254 0.3619
vn -0.1124 -0.9254 0.3619
vn -0.1124 -0.9254 0.3619
vn -0.179 -0.7975 0.5762
vn -0.1288 -0.7975 0.5894
vn -0.1288 -0.7975 0.5894
vn -0.1288 -0.7975 0.5894
vn -0.1681 -0.6165 0.7692
vn -0.1014 -0.6164 0.7808
vn -0.1014 -0.6164 0.7808
vn -0.1014 -0.6164 0.7808
vn -0.1183 -0.3944 0.9113
vn -0.0395 -0.3944 0.9181
vn -0.0395 -0.3944 0.9181
vn -0.0395 -0.3944 0.9181
vn -0.0426 -0.1462 0.9883
vn -0.0426 -0.1462 0.9883
vn -0.0426 -0.1462 0.9883
vn 0.0426 -0.1462 0.9883
vn 0.0426 -0.1462 0.9883
vn 0.0426 -0.1462 0.9883
vn 0.1225 -0.9916 0.041
vn 0.1256 -0.9916 0.0303
vn 0.3684 -0.9254 0.0889
vn 0.3747 -0.9254 0.0569
vn 0.5965 -0.7975 0.0905
vn 0.6021 -0.7975 0.0389
vn 0.7858 -0.6165 0.0508
vn 0.7872 -0.6165 -0.0169
vn 0.9187 -0.3944 -0.0198
vn 0.9136 -0.3944 -0.0987
vn 0.9835 -0.1462 -0.1062
vn 0.9835 -0.1462 -0.1062
vn -0.1292 -0.9916 -0.0028
vn -0.1289 -0.9916 0.0083
vn -0.3782 -0.9254 0.0244
vn -0.3747 -0.9254 0.0569
vn -0.5965 -0.7975 0.0905
vn -0.5865 -0.7975 0.1415
vn -0.7654 -0.6165 0.1846
vn -0.7467 -0.6165 0.2498
vn -0.8715 -0.3944 0.2915
vn -0.8432 -0.3944 0.3653
vn -0.9077 -0.1462 0.3933
vn -0.8706 -0.1462 0.4698
vn 0.0638 -0.9916 -0.1124
vn 0.0638 -0.9916 -0.1124
vn 0.0638 -0.9916 -0.1124
vn 0.0539 -0.9916 -0.1174
vn 0.1581 -0.9254 -0.3444
vn 0.1581 -0.9254 -0.3444
vn 0.1581 -0.9254 -0.3444
vn 0.1279 -0.9254 -0.3567
vn 0.2036 -0.7975 -0.5679
vn 0.2036 -0.7975 -0.5679
vn 0.2036 -0.7975 -0.5679
vn 0.1541 -0.7975 -0.5833
vn 0.2011 -0.6165 -0.7613
vn 0.2011 -0.6165 -0.7613
vn 0.2011 -0.6165 -0.7613
vn 0.1349 -0.6165 -0.7758
vn 0.1574 -0.3944 -0.9053
vn 0.1574 -0.3944 -0.9053
vn 0.1574 -0.3944 -0.9053
vn 0.079 -0.3944 -0.9155
vn 0.085 -0.1462 -0.9856
vn 0.085 -0.1462 -0.9856
vn 0.085 -0.1462 -0.9856
vn 0.085 -0.1462 -0.9856
vn 0.0732 -0.9916 -0.1065
vn 0.0638 -0.9916 -0.1124
vn 0.1871 -0.9254 -0.3295
vn 0.1581 -0.9254 -0.3444
vn 0.2517 -0.7975 -0.5483
vn 0.2036 -0.7975 -0.5679
vn 0.2658 -0.6164 -0.7412
vn 0.2658 -0.6164 -0.7412
vn 0.2658 -0.6164 -0.7412
vn 0.2011 -0.6165 -0.7613
vn 0.2347 -0.3944 -0.8885
vn 0.2347 -0.3944 -0.8885
vn 0.2347 -0.3944 -0.8885
vn 0.1574 -0.3944 -0.9053
vn 0.1695 -0.1462 -0.9746
vn 0.085 -0.1463 -0.9856
vn 0.085 -0.1463 -0.9856
vn 0.085 -0.1463 -0.9856
vn -0.1256 -0.9916 0.0303
vn -0.1256 -0.9916 0.0303
vn -0.1256 -0.9916 0.0303
vn -0.1225 -0.9916 0.041
vn -0.1225 -0.9916 0.041
vn -0.1225 -0.9916 0.041
vn -0.3594 -0.9254 0.1202
vn -0.3594 -0.9254 0.1202
vn -0.3594 -0.9254 0.1202
vn -0.3477 -0.9254 0.1506
vn -0.3477 -0.9254 0.1506
vn -0.3477 -0.9254 0.1506
vn -0.5536 -0.7975 0.2399
vn -0.5536 -0.7975 0.2399
vn -0.5536 -0.7975 0.2399
vn -0.5309 -0.7975 0.2866
vn -0.5309 -0.7975 0.2866
vn -0.5309 -0.7975 0.2866
vn -0.6929 -0.6165 0.374
vn -0.6929 -0.6165 0.374
vn -0.6929 -0.6165 0.374
vn -0.6582 -0.6165 0.4322
vn -0.6582 -0.6165 0.4322
vn -0.6582 -0.6165 0.4322
vn -0.7681 -0.3944 0.5043
vn -0.7681 -0.3944 0.5043
vn -0.7681 -0.3944 0.5043
vn -0.722 -0.3944 0.5685
vn -0.722 -0.3944 0.5685
vn -0.722 -0.3944 0.5685
vn -0.7772 -0.1462 0.612
vn -0.7217 -0.1462 0.6766
vn -0.1277 -0.9916 0.0194
vn -0.1277 -0.9916 0.0194
vn -0.1277 -0.9916 0.0194
vn -0.1256 -0.9916 0.0303
vn -0.3684 -0.9254 0.0889
vn -0.3594 -0.9254 0.1202
vn -0.5722 -0.7975 0.1914
vn -0.5536 -0.7975 0.2398
vn -0.5536 -0.7975 0.2398
vn -0.5536 -0.7975 0.2398
vn -0.7225 -0.6165 0.313
vn -0.6929 -0.6164 0.374
vn -0.6929 -0.6164 0.374
vn -0.6929 -0.6164 0.374
vn -0.8087 -0.3944 0.4364
vn -0.7682 -0.3944 0.5043
vn -0.7682 -0.3944 0.5043
vn -0.7682 -0.3944 0.5043
vn -0.8269 -0.1462 0.5429
vn -0.8269 -0.1462 0.5429
vn -0.1225 -0.9916 0.041
vn -0.1186 -0.9916 0.0514
vn -0.1186 -0.9916 0.0514
vn -0.1186 -0.9916 0.0514
vn -0.3477 -0.9254 0.1506
vn -0.3335 -0.9254 0.18
vn -0.5309 -0.7975 0.2866
vn -0.5043 -0.7975 0.3311
vn -0.6582 -0.6165 0.4322
vn -0.6186 -0.6165 0.4871
vn -0.6186 -0.6165 0.4871
vn -0.6186 -0.6165 0.4871
vn -0.722 -0.3944 0.5685
vn -0.6704 -0.3944 0.6285
vn -0.7217 -0.1462 0.6766
vn -0.6609 -0.1462 0.7361
vn -0.0488 -0.9916 0.1196
vn -0.0383 -0.9916 0.1234
vn -0.1124 -0.9254 0.3619
vn -0.0809 -0.9254 0.3702
vn -0.1288 -0.7975 0.5894
vn -0.0777 -0.7975 0.5983
vn -0.1014 -0.6164 0.7808
vn -0.0339 -0.6165 0.7867
vn -0.0395 -0.3944 0.9181
vn 0.0395 -0.3944 0.9181
vn 0.0426 -0.1462 0.9883
vn 0.1274 -0.1462 0.981
vn 0.1274 -0.1462 0.981
vn -0.0426 -0.1462 0.9883
vn -0.1274 -0.1462 0.981
vn -0.1274 -0.1462 0.981
vn -0.1274 -0.1462 0.981
vn -0.1274 -0.1462 0.981
vn -0.1274 -0.1462 0.981
vn -0.2112 -0.1462 0.9664
vn -0.2112 -0.1462 0.9664
vn -0.2112 -0.1462 0.9664
vn -0.2112 -0.1462 0.9664
vn -0.2112 -0.1462 0.9664
vn -0 -1 -0
vn -0 -1 -0
vn -0 -1 -0
vn -0 -1 -0
vn -0 -1 -0
vn -0 -1 -0
vn -0 -1 -0
vn -0 -1 -0
vn -0 -1 -0
vn -0 -1 -0
vn -0 -1 -0
vn -0 -1 -0
vn -0 -1 -0
vn -0 -1 -0
vn -0 -1 -0
vn -0 -1 -0
vn -0 -1 -0
vn -0 -1 -0
vn -0 -1 -0
vn -0 -1 -0
vn -0 -1 -0
vn -0 -1 -0
vn -0 -1 -0
vn -0 -1 -0
vn -0 -1 -0
vn -0 -1 -0
vn -0 -1 -0
vn -0 -1 -0
vn -0 -1 -0
vn -0 -1 -0
vn -0 -1 -0
vn -0 -1 -0
vn -0 -1 -0
vn -0 -1 -0
vn -0 -1 -0
vn -0 -1 -0
vn -0 -1 -0
vn -0 -1 -0
vn -0 -1 -0
vn -0 -1 -0
vn -0 -1 -0
vn -0 -1 -0
vn -0 -1 -0
vn -0 -1 -0
vn -0 -1 -0
vn -0 -1 -0
vn -0 -1 -0
vn -0 -1 -0
vn -0 -1 -0
vn -0 -1 -0
vn -0 -1 -0
vn -0 -1 -0
vn -0 -1 -0
vn -0 -1 -0
vn -0 -1 -0
vn -0 -1 -0
vn -0 -1 -0
vn -0 -1 -0
vn -0 -1 -0
vn -0 -1 -0
vn -0 -1 -0
vn -0 -1 -0
vn -0 -1 -0
vn -0 -1 -0
vn -0 -1 -0
vn -0 -1 -0
vn -0 -1 -0
vn -0 -1 -0
vn -0 -1 -0
vn -0 -1 -0
vn -0 -1 -0
vn -0 -1 -0
vn -0 -1 -0
vn -0 -1 -0
vn -0 -1 -0
vn -0 -1 -0
vn -0 -1 -0
vn -0 -1 -0
vn -0 -1 -0
vn -0 -1 -0
vn -0 -1 -0
vn -0 -1 -0
vn -0 -1 -0
vn -0 -1 -0
vn -0 -1 -0
vn -0 -1 -0
vn -0 -1 -0
vn -0 -1 -0
vn -0 -1 -0
vn -0 -1 -0
vn -0 -1 -0
vn -0 -1 -0
vn -0 -1 -0
vn -0 -1 -0
vn -0 -1 -0
vn -0 -1 -0
vn -0 -1 -0
vn -0 -1 -0
vn -0 -1 -0
vn -0 -1 -0
vn -0 -1 -0
vn -0 -1 -0
vn -0 -1 -0
vn -0 -1 -0
vn -0 -1 -0
vn -0 -1 -0
vn -0 -1 -0
vn -0 -1 -0
vn -0 -1 -0
vn -0 -1 -0
vn -0 -1 -0
vn -0 -1 -0
vn -0 -1 -0
vn -0 -1 -0
vn -0 -1 -0
vn -0 -1 -0
vn -0 -1 -0
vn -0 -1 -0
vn -0 -1 -0
vn -0 -1 -0
vn -0 -1 -0
vn -0 -1 -0
vn -0 -1 -0
vn -0 -1 -0
vn -0 -1 -0
vn -0 -1 -0
vn -0 -1 -0
vn -0 -1 -0
vn -0 -1 -0
vn -0 -1 -0
vn -0 -1 -0
vn -0 -1 -0
vn -0 -1 -0
vn -0 -1 -0
vn -0 -1 -0
vn -0 -1 -0
vn -0 -1 -0
vn -0 -1 -0
vn -0 -1 -0
vn -0 -1 -0
vn -0 -1 -0
vn -0 -1 -0
vn -0 -1 -0
vn 0.2191 -0.1758 -0.9597
vn 0.2191 -0.1758 -0.9597
vn 0.2191 -0.1758 -0.9597
vn 0.3044 -0.1722 -0.9369
vn 0.3044 -0.1722 -0.9369
vn 0.3044 -0.1722 -0.9369
vn 0.3317 -0.1754 -0.927
vn 0.3317 -0.1754 -0.927
vn 0.3317 -0.1754 -0.927
vn 0.3872 -0.172 -0.9058
vn 0.3872 -0.172 -0.9058
vn 0.3872 -0.172 -0.9058
vn 0.3872 -0.172 -0.9058
vn 0.4209 -0.1755 -0.89
vn 0.4209 -0.1755 -0.89
vn 0.4209 -0.1755 -0.89
vn 0.7295 -0.175 0.6612
vn 0.7295 -0.175 0.6612
vn 0.7295 -0.175 0.6612
vn 0.6807 -0.1723 0.712
vn 0.6807 -0.1723 0.712
vn 0.6807 -0.1723 0.712
vn 0.6615 -0.1721 0.7299
vn 0.6615 -0.1721 0.7299
vn 0.6615 -0.1721 0.7299
vn 0.6802 -0.1765 0.7115
vn 0.6802 -0.1765 0.7115
vn 0.6802 -0.1765 0.7115
vn 0.587 -0.1699 0.7915
vn 0.587 -0.1699 0.7915
vn 0.587 -0.1699 0.7915
vn 0.614 -0.1739 0.7699
vn 0.614 -0.1739 0.7699
vn 0.614 -0.1739 0.7699
vn 0.5866 -0.1739 0.791
vn 0.5866 -0.1739 0.791
vn 0.5866 -0.1739 0.791
vn 0.9833 -0.1756 0.0483
vn 0.9833 -0.1756 0.0483
vn 0.9833 -0.1756 0.0483
vn 0.9811 -0.1719 0.0883
vn 0.9811 -0.1719 0.0883
vn 0.9811 -0.1719 0.0883
vn 0.9739 -0.1751 0.1445
vn 0.9739 -0.1751 0.1445
vn 0.9739 -0.1751 0.1445
vn 0.9806 -0.1749 0.0883
vn 0.9806 -0.1749 0.0883
vn 0.9806 -0.1749 0.0883
vn 0.9738 -0.1755 0.1445
vn 0.9738 -0.1755 0.1445
vn 0.9738 -0.1755 0.1445
vn 0.9693 -0.1721 0.1759
vn 0.9693 -0.1721 0.1759
vn 0.9693 -0.1721 0.1759
vn 0.955 -0.1752 0.2392
vn 0.955 -0.1752 0.2392
vn 0.955 -0.1752 0.2392
vn 0.9493 -0.1736 0.262
vn 0.9493 -0.1736 0.262
vn 0.9493 -0.1736 0.262
vn 0.9553 -0.1736 0.2393
vn 0.9553 -0.1736 0.2393
vn 0.9553 -0.1736 0.2393
vn 0.9495 -0.1724 0.2621
vn 0.9495 -0.1724 0.2621
vn 0.9495 -0.1724 0.2621
vn 0.927 -0.1748 0.3317
vn 0.927 -0.1748 0.3317
vn 0.927 -0.1748 0.3317
vn -0.8901 -0.1743 -0.421
vn -0.8901 -0.1743 -0.421
vn -0.8901 -0.1743 -0.421
vn -0.8873 -0.1733 -0.4273
vn -0.8873 -0.1733 -0.4273
vn -0.8873 -0.1733 -0.4273
vn -0.8447 -0.1737 -0.5063
vn -0.8447 -0.1737 -0.5063
vn -0.8447 -0.1737 -0.5063
vn -0.8454 -0.1738 -0.5051
vn -0.8454 -0.1738 -0.5051
vn -0.8454 -0.1738 -0.5051
vn -0.8447 -0.1738 -0.5063
vn -0.8447 -0.1738 -0.5063
vn -0.8447 -0.1738 -0.5063
vn -0.8454 -0.1739 -0.5051
vn -0.8454 -0.1739 -0.5051
vn -0.8454 -0.1739 -0.5051
vn -0.7911 -0.1729 -0.5867
vn -0.7911 -0.1729 -0.5867
vn -0.7911 -0.1729 -0.5867
vn -0.7967 -0.1741 -0.5788
vn -0.7967 -0.1741 -0.5788
vn -0.7967 -0.1741 -0.5788
vn -0.7909 -0.1742 -0.5866
vn -0.7909 -0.1742 -0.5866
vn -0.7909 -0.1742 -0.5866
vn 0.8901 -0.1743 -0.421
vn 0.8901 -0.1743 -0.421
vn 0.8901 -0.1743 -0.421
vn 0.9222 -0.1728 -0.3461
vn 0.9222 -0.1728 -0.3461
vn 0.9222 -0.1728 -0.3461
vn 0.9274 -0.1727 -0.3318
vn 0.9274 -0.1727 -0.3318
vn 0.9274 -0.1727 -0.3318
vn 0.9218 -0.1752 -0.3459
vn 0.9218 -0.1752 -0.3459
vn 0.9218 -0.1752 -0.3459
vn 0.9557 -0.1714 -0.2394
vn 0.9557 -0.1714 -0.2394
vn 0.9557 -0.1714 -0.2394
vn -0.9738 -0.1755 0.1445
vn -0.9738 -0.1755 0.1445
vn -0.9738 -0.1755 0.1445
vn -0.9806 -0.1749 0.0883
vn -0.9806 -0.1749 0.0883
vn -0.9806 -0.1749 0.0883
vn -0.9739 -0.1751 0.1445
vn -0.9739 -0.1751 0.1445
vn -0.9739 -0.1751 0.1445
vn -0.9833 -0.1756 0.0483
vn -0.9833 -0.1756 0.0483
vn -0.9833 -0.1756 0.0483
vn -0.9811 -0.1719 0.0883
vn -0.9811 -0.1719 0.0883
vn -0.9811 -0.1719 0.0883
vn -0.219 -0.1758 0.9597
vn -0.219 -0.1758 0.9597
vn -0.219 -0.1758 0.9597
vn -0.2392 -0.1748 0.9551
vn -0.2392 -0.1748 0.9551
vn -0.2392 -0.1748 0.9551
vn -0.2191 -0.1747 0.9599
vn -0.2191 -0.1747 0.9599
vn -0.2191 -0.1747 0.9599
vn -0.2394 -0.1717 0.9556
vn -0.2394 -0.1717 0.9556
vn -0.2394 -0.1717 0.9556
vn -0.1322 -0.1749 0.9757
vn -0.1322 -0.1749 0.9757
vn -0.1322 -0.1749 0.9757
vn -0.1445 -0.1736 0.9742
vn -0.1445 -0.1736 0.9742
vn -0.1445 -0.1736 0.9742
vn -0.1322 -0.1736 0.9759
vn -0.1322 -0.1736 0.9759
vn -0.1322 -0.1736 0.9759
vn -0.1445 -0.1726 0.9743
vn -0.1445 -0.1726 0.9743
vn -0.1445 -0.1726 0.9743
vn -0.0442 -0.1741 0.9837
vn -0.0442 -0.1741 0.9837
vn -0.0442 -0.1741 0.9837
vn -0.0483 -0.1734 0.9837
vn -0.0483 -0.1734 0.9837
vn -0.0483 -0.1734 0.9837
vn 0.0442 -0.1735 0.9838
vn 0.0442 -0.1735 0.9838
vn 0.0442 -0.1735 0.9838
vn 0.0483 -0.1741 0.9835
vn 0.0483 -0.1741 0.9835
vn 0.0483 -0.1741 0.9835
vn 0.1322 -0.1729 0.976
vn 0.1322 -0.1729 0.976
vn 0.1322 -0.1729 0.976
vn 0.1445 -0.1736 0.9742
vn 0.1445 -0.1736 0.9742
vn 0.1445 -0.1736 0.9742
vn 0.1322 -0.1736 0.9759
vn 0.1322 -0.1736 0.9759
vn 0.1322 -0.1736 0.9759
vn 0.1445 -0.1747 0.974
vn 0.1445 -0.1747 0.974
vn 0.1445 -0.1747 0.974
vn 0.2192 -0.1725 0.9603
vn 0.2192 -0.1725 0.9603
vn 0.2192 -0.1725 0.9603
vn 0.2392 -0.1748 0.9551
vn 0.2392 -0.1748 0.9551
vn 0.2392 -0.1748 0.9551
vn 0.2191 -0.1747 0.9599
vn 0.2191 -0.1747 0.9599
vn 0.2191 -0.1747 0.9599
vn 0.2392 -0.1751 0.955
vn 0.2392 -0.1751 0.955
vn 0.2392 -0.1751 0.955
vn 0.3044 -0.1722 0.9369
vn 0.3044 -0.1722 0.9369
vn 0.3044 -0.1722 0.9369
vn 0.3317 -0.1754 0.927
vn 0.3317 -0.1754 0.927
vn 0.3317 -0.1754 0.927
vn 0.9553 -0.1736 -0.2393
vn 0.9553 -0.1736 -0.2393
vn 0.9553 -0.1736 -0.2393
vn 0.9493 -0.1736 -0.262
vn 0.9493 -0.1736 -0.262
vn 0.9493 -0.1736 -0.262
vn -0.3317 -0.1754 -0.927
vn -0.3317 -0.1754 -0.927
vn -0.3317 -0.1754 -0.927
vn -0.3044 -0.1722 -0.9369
vn -0.3044 -0.1722 -0.9369
vn -0.3044 -0.1722 -0.9369
vn -0.2392 -0.1751 -0.955
vn -0.2392 -0.1751 -0.955
vn -0.2392 -0.1751 -0.955
vn -0.2191 -0.1747 -0.9599
vn -0.2191 -0.1747 -0.9599
vn -0.2191 -0.1747 -0.9599
vn -0.2392 -0.1748 -0.9551
vn -0.2392 -0.1748 -0.9551
vn -0.2392 -0.1748 -0.9551
vn -0.2192 -0.1725 -0.9603
vn -0.2192 -0.1725 -0.9603
vn -0.2192 -0.1725 -0.9603
vn -0.1445 -0.1747 -0.974
vn -0.1445 -0.1747 -0.974
vn -0.1445 -0.1747 -0.974
vn -0.1322 -0.1736 -0.9759
vn -0.1322 -0.1736 -0.9759
vn -0.1322 -0.1736 -0.9759
vn -0.1445 -0.1736 -0.9742
vn -0.1445 -0.1736 -0.9742
vn -0.1445 -0.1736 -0.9742
vn -0.1322 -0.1729 -0.976
vn -0.1322 -0.1729 -0.976
vn -0.1322 -0.1729 -0.976
vn -0.0483 -0.1741 -0.9835
vn -0.0483 -0.1741 -0.9835
vn -0.0483 -0.1741 -0.9835
vn -0.0442 -0.1735 -0.9838
vn -0.0442 -0.1735 -0.9838
vn -0.0442 -0.1735 -0.9838
vn 0.0483 -0.1734 -0.9837
vn 0.0483 -0.1734 -0.9837
vn 0.0483 -0.1734 -0.9837
vn 0.0442 -0.1741 -0.9837
vn 0.0442 -0.1741 -0.9837
vn 0.0442 -0.1741 -0.9837
vn 0.1445 -0.1726 -0.9743
vn 0.1445 -0.1726 -0.9743
vn 0.1445 -0.1726 -0.9743
vn 0.1322 -0.1736 -0.9759
vn 0.1322 -0.1736 -0.9759
vn 0.1322 -0.1736 -0.9759
vn 0.1445 -0.1736 -0.9742
vn 0.1445 -0.1736 -0.9742
vn 0.1445 -0.1736 -0.9742
vn 0.1322 -0.1749 -0.9757
vn 0.1322 -0.1749 -0.9757
vn 0.1322 -0.1749 -0.9757
vn 0.2394 -0.1717 -0.9556
vn 0.2394 -0.1717 -0.9556
vn 0.2394 -0.1717 -0.9556
vn 0.2191 -0.1747 -0.9599
vn 0.2191 -0.1747 -0.9599
vn 0.2191 -0.1747 -0.9599
vn 0.2392 -0.1748 -0.9551
vn 0.2392 -0.1748 -0.9551
vn 0.2392 -0.1748 -0.9551
vn 0.5062 -0.1744 -0.8446
vn 0.5062 -0.1744 -0.8446
vn 0.5062 -0.1744 -0.8446
vn 0.4668 -0.1719 -0.8675
vn 0.4668 -0.1719 -0.8675
vn 0.4668 -0.1719 -0.8675
vn 0.5061 -0.1756 -0.8444
vn 0.5061 -0.1756 -0.8444
vn 0.5061 -0.1756 -0.8444
vn 0.4666 -0.1743 -0.8671
vn 0.4666 -0.1743 -0.8671
vn 0.4666 -0.1743 -0.8671
vn 0.5865 -0.1755 -0.7907
vn 0.5865 -0.1755 -0.7907
vn 0.5865 -0.1755 -0.7907
vn 0.5427 -0.1719 -0.8222
vn 0.5427 -0.1719 -0.8222
vn 0.5427 -0.1719 -0.8222
vn 0.5866 -0.1739 -0.791
vn 0.5866 -0.1739 -0.791
vn 0.5866 -0.1739 -0.791
vn 0.614 -0.1739 -0.7699
vn 0.614 -0.1739 -0.7699
vn 0.614 -0.1739 -0.7699
vn 0.6612 -0.1753 -0.7295
vn 0.6612 -0.1753 -0.7295
vn 0.6612 -0.1753 -0.7295
vn 0.6142 -0.172 -0.7702
vn 0.6142 -0.172 -0.7702
vn 0.6142 -0.172 -0.7702
vn -0.7295 -0.175 0.6612
vn -0.7295 -0.175 0.6612
vn -0.7295 -0.175 0.6612
vn -0.7418 -0.1726 0.6481
vn -0.7418 -0.1726 0.6481
vn -0.7418 -0.1726 0.6481
vn -0.7909 -0.1745 0.5866
vn -0.7909 -0.1745 0.5866
vn -0.7909 -0.1745 0.5866
vn -0.7967 -0.1741 0.5788
vn -0.7967 -0.1741 0.5788
vn -0.7967 -0.1741 0.5788
vn -0.7909 -0.1742 0.5866
vn -0.7909 -0.1742 0.5866
vn -0.7909 -0.1742 0.5866
vn -0.7968 -0.1731 0.5789
vn -0.7968 -0.1731 0.5789
vn -0.7968 -0.1731 0.5789
vn -0.8447 -0.1739 0.5063
vn -0.8447 -0.1739 0.5063
vn -0.8447 -0.1739 0.5063
vn -0.8454 -0.1738 0.5051
vn -0.8454 -0.1738 0.5051
vn -0.8454 -0.1738 0.5051
vn -0.8447 -0.1738 0.5063
vn -0.8447 -0.1738 0.5063
vn -0.8447 -0.1738 0.5063
vn 0.9222 -0.1728 0.3461
vn 0.9222 -0.1728 0.3461
vn 0.9222 -0.1728 0.3461
vn 0.9222 -0.1728 0.3461
vn 0.8901 -0.1743 0.421
vn 0.8901 -0.1743 0.421
vn 0.8901 -0.1743 0.421
vn 0.8873 -0.1733 0.4273
vn 0.8873 -0.1733 0.4273
vn 0.8873 -0.1733 0.4273
vn 0.8447 -0.1737 0.5063
vn 0.8447 -0.1737 0.5063
vn 0.8447 -0.1737 0.5063
vn 0.8454 -0.1738 0.5051
vn 0.8454 -0.1738 0.5051
vn 0.8454 -0.1738 0.5051
vn 0.8447 -0.1738 0.5063
vn 0.8447 -0.1738 0.5063
vn 0.8447 -0.1738 0.5063
vn 0.8454 -0.1739 0.5051
vn 0.8454 -0.1739 0.5051
vn 0.8454 -0.1739 0.5051
vn 0.7911 -0.1729 0.5867
vn 0.7911 -0.1729 0.5867
vn 0.7911 -0.1729 0.5867
vn 0.7967 -0.1741 0.5788
vn 0.7967 -0.1741 0.5788
vn 0.7967 -0.1741 0.5788
vn 0.7909 -0.1742 0.5866
vn 0.7909 -0.1742 0.5866
vn 0.7909 -0.1742 0.5866
vn 0.7966 -0.1747 0.5788
vn 0.7966 -0.1747 0.5788
vn 0.7966 -0.1747 0.5788
vn 0.7418 -0.1726 0.6481
vn 0.7418 -0.1726 0.6481
vn 0.7418 -0.1726 0.6481
vn -0.7966 -0.1747 -0.5787
vn -0.7966 -0.1747 -0.5787
vn -0.7966 -0.1747 -0.5787
vn -0.7418 -0.1726 -0.6481
vn -0.7418 -0.1726 -0.6481
vn -0.7418 -0.1726 -0.6481
vn -0.7295 -0.175 -0.6612
vn -0.7295 -0.175 -0.6612
vn -0.7295 -0.175 -0.6612
vn -0.6807 -0.1723 -0.712
vn -0.6807 -0.1723 -0.712
vn -0.6807 -0.1723 -0.712
vn -0.6615 -0.1721 -0.7299
vn -0.6615 -0.1721 -0.7299
vn -0.6615 -0.1721 -0.7299
vn -0.6802 -0.1765 -0.7115
vn -0.6802 -0.1765 -0.7115
vn -0.6802 -0.1765 -0.7115
vn -0.587 -0.1699 -0.7915
vn -0.587 -0.1699 -0.7915
vn -0.587 -0.1699 -0.7915
vn -0.614 -0.1739 -0.7699
vn -0.614 -0.1739 -0.7699
vn -0.614 -0.1739 -0.7699
vn -0.5866 -0.1739 -0.791
vn -0.5866 -0.1739 -0.791
vn -0.5866 -0.1739 -0.791
vn 0.6136 -0.1776 0.7694
vn 0.6136 -0.1776 0.7694
vn 0.6136 -0.1776 0.7694
vn 0.5427 -0.1719 0.8222
vn 0.5427 -0.1719 0.8222
vn 0.5427 -0.1719 0.8222
vn 0.5061 -0.1756 0.8444
vn 0.5061 -0.1756 0.8444
vn 0.5061 -0.1756 0.8444
vn 0.4666 -0.1743 0.8671
vn 0.4666 -0.1743 0.8671
vn 0.4666 -0.1743 0.8671
vn 0.5062 -0.1744 0.8446
vn 0.5062 -0.1744 0.8446
vn 0.5062 -0.1744 0.8446
vn 0.4668 -0.1719 0.8675
vn 0.4668 -0.1719 0.8675
vn 0.4668 -0.1719 0.8675
vn 0.4209 -0.1755 0.89
vn 0.4209 -0.1755 0.89
vn 0.4209 -0.1755 0.89
vn 0.3872 -0.172 0.9058
vn 0.3872 -0.172 0.9058
vn 0.3872 -0.172 0.9058
vn 0.3872 -0.172 0.9058
vn -0.6136 -0.1776 -0.7694
vn -0.6136 -0.1776 -0.7694
vn -0.6136 -0.1776 -0.7694
vn -0.5427 -0.1719 -0.8222
vn -0.5427 -0.1719 -0.8222
vn -0.5427 -0.1719 -0.8222
vn -0.5061 -0.1756 -0.8444
vn -0.5061 -0.1756 -0.8444
vn -0.5061 -0.1756 -0.8444
vn -0.4666 -0.1743 -0.8671
vn -0.4666 -0.1743 -0.8671
vn -0.4666 -0.1743 -0.8671
vn -0.5062 -0.1744 -0.8446
vn -0.5062 -0.1744 -0.8446
vn -0.5062 -0.1744 -0.8446
vn -0.4668 -0.1719 -0.8675
vn -0.4668 -0.1719 -0.8675
vn -0.4668 -0.1719 -0.8675
vn -0.4209 -0.1755 -0.89
vn -0.4209 -0.1755 -0.89
vn -0.4209 -0.1755 -0.89
vn -0.3872 -0.172 -0.9058
vn -0.3872 -0.172 -0.9058
vn -0.3872 -0.172 -0.9058
vn -0.3872 -0.172 -0.9058
vn -0.3317 -0.1754 0.927
vn -0.3317 -0.1754 0.927
vn -0.3317 -0.1754 0.927
vn -0.3044 -0.1722 0.9369
vn -0.3044 -0.1722 0.9369
vn -0.3044 -0.1722 0.9369
vn 0.9489 -0.1761 -0.2619
vn 0.9489 -0.1761 -0.2619
vn 0.9489 -0.1761 -0.2619
vn 0.9693 -0.1721 -0.1759
vn 0.9693 -0.1721 -0.1759
vn 0.9693 -0.1721 -0.1759
vn 0.9738 -0.1755 -0.1445
vn 0.9738 -0.1755 -0.1445
vn 0.9738 -0.1755 -0.1445
vn 0.9806 -0.1749 -0.0883
vn 0.9806 -0.1749 -0.0883
vn 0.9806 -0.1749 -0.0883
vn 0.9739 -0.1751 -0.1445
vn 0.9739 -0.1751 -0.1445
vn 0.9739 -0.1751 -0.1445
vn 0.9811 -0.1719 -0.0883
vn 0.9811 -0.1719 -0.0883
vn 0.9811 -0.1719 -0.0883
vn 0.9833 -0.1756 -0.0483
vn 0.9833 -0.1756 -0.0483
vn 0.9833 -0.1756 -0.0483
vn 0.9851 -0.1719 -0
vn 0.9851 -0.1719 -0
vn 0.9851 -0.1719 -0
vn 0.9851 -0.1719 -0
vn -0.9851 -0.1719 -0
vn -0.9851 -0.1719 -0
vn -0.9851 -0.1719 -0
vn -0.9851 -0.1719 -0
vn -0.9833 -0.1756 -0.0483
vn -0.9833 -0.1756 -0.0483
vn -0.9833 -0.1756 -0.0483
vn -0.9811 -0.1719 -0.0883
vn -0.9811 -0.1719 -0.0883
vn -0.9811 -0.1719 -0.0883
vn -0.9739 -0.1751 -0.1445
vn -0.9739 -0.1751 -0.1445
vn -0.9739 -0.1751 -0.1445
vn -0.9806 -0.1749 -0.0883
vn -0.9806 -0.1749 -0.0883
vn -0.9806 -0.1749 -0.0883
vn -0.9738 -0.1755 -0.1445
vn -0.9738 -0.1755 -0.1445
vn -0.9738 -0.1755 -0.1445
vn -0.9693 -0.1721 -0.1759
vn -0.9693 -0.1721 -0.1759
vn -0.9693 -0.1721 -0.1759
vn -0.955 -0.1752 -0.2392
vn -0.955 -0.1752 -0.2392
vn -0.955 -0.1752 -0.2392
vn -0.9493 -0.1736 -0.262
vn -0.9493 -0.1736 -0.262
vn -0.9493 -0.1736 -0.262
vn -0.9553 -0.1736 -0.2393
vn -0.9553 -0.1736 -0.2393
vn -0.9553 -0.1736 -0.2393
vn -0.9495 -0.1724 -0.2621
vn -0.9495 -0.1724 -0.2621
vn -0.9495 -0.1724 -0.2621
vn -0.927 -0.1748 -0.3317
vn -0.927 -0.1748 -0.3317
vn -0.927 -0.1748 -0.3317
vn -0.9222 -0.1728 -0.3461
vn -0.9222 -0.1728 -0.3461
vn -0.9222 -0.1728 -0.3461
vn -0.9222 -0.1728 -0.3461
vn 0.6807 -0.1723 -0.712
vn 0.6807 -0.1723 -0.712
vn 0.6807 -0.1723 -0.712
vn 0.6807 -0.1723 -0.712
vn 0.7295 -0.175 -0.6612
vn 0.7295 -0.175 -0.6612
vn 0.7295 -0.175 -0.6612
vn 0.7418 -0.1726 -0.6481
vn 0.7418 -0.1726 -0.6481
vn 0.7418 -0.1726 -0.6481
vn 0.7909 -0.1745 -0.5866
vn 0.7909 -0.1745 -0.5866
vn 0.7909 -0.1745 -0.5866
vn 0.7967 -0.1741 -0.5788
vn 0.7967 -0.1741 -0.5788
vn 0.7967 -0.1741 -0.5788
vn 0.7909 -0.1742 -0.5866
vn 0.7909 -0.1742 -0.5866
vn 0.7909 -0.1742 -0.5866
vn 0.7968 -0.1731 -0.5789
vn 0.7968 -0.1731 -0.5789
vn 0.7968 -0.1731 -0.5789
vn 0.8447 -0.1739 -0.5063
vn 0.8447 -0.1739 -0.5063
vn 0.8447 -0.1739 -0.5063
vn 0.8454 -0.1738 -0.5051
vn 0.8454 -0.1738 -0.5051
vn 0.8454 -0.1738 -0.5051
vn 0.8447 -0.1738 -0.5063
vn 0.8447 -0.1738 -0.5063
vn 0.8447 -0.1738 -0.5063
vn 0.8454 -0.1737 -0.5051
vn 0.8454 -0.1737 -0.5051
vn 0.8454 -0.1737 -0.5051
vn 0.8873 -0.1733 -0.4273
vn 0.8873 -0.1733 -0.4273
vn 0.8873 -0.1733 -0.4273
vn -0.3872 -0.172 0.9058
vn -0.3872 -0.172 0.9058
vn -0.3872 -0.172 0.9058
vn -0.3872 -0.172 0.9058
vn -0.4209 -0.1755 0.89
vn -0.4209 -0.1755 0.89
vn -0.4209 -0.1755 0.89
vn -0.4668 -0.1719 0.8675
vn -0.4668 -0.1719 0.8675
vn -0.4668 -0.1719 0.8675
vn -0.5062 -0.1744 0.8446
vn -0.5062 -0.1744 0.8446
vn -0.5062 -0.1744 0.8446
vn -0.4666 -0.1743 0.8671
vn -0.4666 -0.1743 0.8671
vn -0.4666 -0.1743 0.8671
vn -0.5061 -0.1756 0.8444
vn -0.5061 -0.1756 0.8444
vn -0.5061 -0.1756 0.8444
vn -0.5427 -0.1719 0.8222
vn -0.5427 -0.1719 0.8222
vn -0.5427 -0.1719 0.8222
vn -0.5865 -0.1755 0.7907
vn -0.5865 -0.1755 0.7907
vn -0.5865 -0.1755 0.7907
vn -0.614 -0.1739 0.7699
vn -0.614 -0.1739 0.7699
vn -0.614 -0.1739 0.7699
vn -0.5866 -0.1739 0.791
vn -0.5866 -0.1739 0.791
vn -0.5866 -0.1739 0.791
vn -0.6142 -0.172 0.7702
vn -0.6142 -0.172 0.7702
vn -0.6142 -0.172 0.7702
vn -0.6612 -0.1753 0.7295
vn -0.6612 -0.1753 0.7295
vn -0.6612 -0.1753 0.7295
vn -0.6807 -0.1723 0.712
vn -0.6807 -0.1723 0.712
vn -0.6807 -0.1723 0.712
vn -0.6807 -0.1723 0.712
vn -0.8454 -0.1737 0.5051
vn -0.8454 -0.1737 0.5051
vn -0.8454 -0.1737 0.5051
vn -0.8873 -0.1733 0.4273
vn -0.8873 -0.1733 0.4273
vn -0.8873 -0.1733 0.4273
vn -0.8901 -0.1743 0.421
vn -0.8901 -0.1743 0.421
vn -0.8901 -0.1743 0.421
vn -0.9222 -0.1728 0.3461
vn -0.9222 -0.1728 0.3461
vn -0.9222 -0.1728 0.3461
vn -0.9274 -0.1727 0.3318
vn -0.9274 -0.1727 0.3318
vn -0.9274 -0.1727 0.3318
vn -0.9218 -0.1752 0.3459
vn -0.9218 -0.1752 0.3459
vn -0.9218 -0.1752 0.3459
vn -0.9557 -0.1714 0.2394
vn -0.9557 -0.1714 0.2394
vn -0.9557 -0.1714 0.2394
vn -0.9493 -0.1736 0.262
vn -0.9493 -0.1736 0.262
vn -0.9493 -0.1736 0.262
vn -0.9553 -0.1736 0.2393
vn -0.9553 -0.1736 0.2393
vn -0.9553 -0.1736 0.2393
vn -0.9489 -0.1761 0.2619
vn -0.9489 -0.1761 0.2619
vn -0.9489 -0.1761 0.2619
vn -0.9693 -0.1721 0.1759
vn -0.9693 -0.1721 0.1759
vn -0.9693 -0.1721 0.1759
vn 0.8995 -0.018 -0.4366
vn 0.8995 -0.018 -0.4366
vn 0.8995 -0.018 -0.4366
vn 0.8995 -0.018 -0.4366
vn 0.8557 -0.0166 -0.5173
vn 0.8557 -0.0166 -0.5173
vn 0.8557 -0.0166 -0.5173
vn 0.8587 -0.0157 -0.5123
vn 0.8587 -0.0157 -0.5123
vn 0.8587 -0.0157 -0.5123
vn 0.8114 -0.0184 -0.5842
vn 0.8114 -0.0184 -0.5842
vn 0.8114 -0.0184 -0.5842
vn 0.1802 -0.015 0.9835
vn 0.1802 -0.015 0.9835
vn 0.1802 -0.015 0.9835
vn -0.9719 -0.0187 0.2344
vn -0.9719 -0.0187 0.2344
vn -0.9719 -0.0187 0.2344
vn 0.4103 -0.0182 0.9117
vn 0.4103 -0.0182 0.9117
vn 0.4103 -0.0182 0.9117
vn 0.5173 -0.0155 0.8557
vn 0.5173 -0.0155 0.8557
vn 0.5173 -0.0155 0.8557
vn 0.7871 -0.0184 -0.6166
vn 0.7871 -0.0184 -0.6166
vn 0.7871 -0.0184 -0.6166
vn 0.707 -0.0157 -0.707
vn 0.707 -0.0157 -0.707
vn 0.707 -0.0157 -0.707
vn -0.6679 -0.0187 0.744
vn -0.6679 -0.0187 0.744
vn -0.6679 -0.0187 0.744
vn -0.7871 -0.0161 0.6166
vn -0.7871 -0.0161 0.6166
vn -0.7871 -0.0161 0.6166
vn -0.2975 -0.0162 0.9546
vn -0.2975 -0.0162 0.9546
vn -0.2975 -0.0162 0.9546
vn -0.7582 -0.0185 -0.6518
vn -0.7582 -0.0185 -0.6518
vn -0.7582 -0.0185 -0.6518
vn -0.7871 -0.015 -0.6166
vn -0.7871 -0.015 -0.6166
vn -0.7871 -0.015 -0.6166
vn -0.5666 -0.0187 -0.8238
vn -0.5666 -0.0187 -0.8238
vn -0.5666 -0.0187 -0.8238
vn -0.6166 -0.0152 -0.7871
vn -0.6166 -0.0152 -0.7871
vn -0.6166 -0.0152 -0.7871
vn -0.8114 -0.0184 -0.5842
vn -0.8114 -0.0184 -0.5842
vn -0.8114 -0.0184 -0.5842
vn -0.8114 -0.0184 -0.5842
vn -0.8557 -0.0159 -0.5173
vn -0.8557 -0.0159 -0.5173
vn -0.8557 -0.0159 -0.5173
vn -0 -0.0187 -0.9998
vn -0 -0.0187 -0.9998
vn -0 -0.0187 -0.9998
vn -0.0604 -0.0152 -0.9981
vn -0.0604 -0.0152 -0.9981
vn -0.0604 -0.0152 -0.9981
vn -0.994 -0.0186 -0.1074
vn -0.994 -0.0186 -0.1074
vn -0.994 -0.0186 -0.1074
vn -0.9981 -0.015 -0.0604
vn -0.9981 -0.015 -0.0604
vn -0.9981 -0.015 -0.0604
vn -0.3375 -0.0185 -0.9412
vn -0.3375 -0.0185 -0.9412
vn -0.3375 -0.0185 -0.9412
vn -0.3375 -0.0185 -0.9412
vn -0.4104 -0.0158 -0.9118
vn -0.4104 -0.0158 -0.9118
vn -0.4104 -0.0158 -0.9118
vn -0.2553 -0.0185 -0.9667
vn -0.2553 -0.0185 -0.9667
vn -0.2553 -0.0185 -0.9667
vn -0.2975 -0.015 -0.9546
vn -0.2975 -0.015 -0.9546
vn -0.2975 -0.015 -0.9546
vn -0.9337 -0.0187 -0.3576
vn -0.9337 -0.0187 -0.3576
vn -0.9337 -0.0187 -0.3576
vn -0.9546 -0.0153 -0.2975
vn -0.9546 -0.0153 -0.2975
vn -0.9546 -0.0153 -0.2975
vn 0.9719 -0.0187 0.2345
vn 0.9719 -0.0187 0.2345
vn 0.9719 -0.0187 0.2345
vn 0.9835 -0.0151 0.1802
vn 0.9835 -0.0151 0.1802
vn 0.9835 -0.0151 0.1802
vn 0.3375 -0.0116 -0.9413
vn 0.3375 -0.0116 -0.9413
vn 0.3375 -0.0116 -0.9413
vn 0.2975 -0.0184 -0.9546
vn 0.2975 -0.0184 -0.9546
vn 0.2975 -0.0184 -0.9546
vn 0.2553 -0.0185 -0.9667
vn 0.2553 -0.0185 -0.9667
vn 0.2553 -0.0185 -0.9667
vn 0.2553 -0.0185 -0.9667
vn 0.1802 -0.0157 -0.9835
vn 0.1802 -0.0157 -0.9835
vn 0.1802 -0.0157 -0.9835
vn -0.9996 -0.0184 -0.0215
vn -0.9996 -0.0184 -0.0215
vn -0.9996 -0.0184 -0.0215
vn -0.9996 -0.0184 -0.0215
vn -0.998 -0.016 0.0604
vn -0.998 -0.016 0.0604
vn -0.998 -0.016 0.0604
vn 0.8359 -0.0122 0.5488
vn 0.8359 -0.0122 0.5488
vn 0.8359 -0.0122 0.5488
vn 0.8556 -0.0183 0.5173
vn 0.8556 -0.0183 0.5173
vn 0.8556 -0.0183 0.5173
vn 0.6679 -0.0187 0.744
vn 0.6679 -0.0187 0.744
vn 0.6679 -0.0187 0.744
vn 0.707 -0.0151 0.707
vn 0.707 -0.0151 0.707
vn 0.707 -0.0151 0.707
vn 0.3777 -0.0124 0.9259
vn 0.3777 -0.0124 0.9259
vn 0.3777 -0.0124 0.9259
vn 0.4558 -0.0186 0.8899
vn 0.4558 -0.0186 0.8899
vn 0.4558 -0.0186 0.8899
vn 0.4558 -0.0186 0.8899
vn 0.8799 -0.0186 0.4749
vn 0.8799 -0.0186 0.4749
vn 0.8799 -0.0186 0.4749
vn 0.8799 -0.0186 0.4749
vn 0.9118 -0.0155 0.4104
vn 0.9118 -0.0155 0.4104
vn 0.9118 -0.0155 0.4104
vn -0.9546 -0.0153 0.2975
vn -0.9546 -0.0153 0.2975
vn -0.9546 -0.0153 0.2975
vn -0.9482 -0.0176 0.3171
vn -0.9482 -0.0176 0.3171
vn -0.9482 -0.0176 0.3171
vn -0.9118 -0.0176 0.4103
vn -0.9118 -0.0176 0.4103
vn -0.9118 -0.0176 0.4103
vn -0.6166 -0.0154 0.7871
vn -0.6166 -0.0154 0.7871
vn -0.6166 -0.0154 0.7871
vn -0.6015 -0.0175 0.7987
vn -0.6015 -0.0175 0.7987
vn -0.6015 -0.0175 0.7987
vn -0.5173 -0.0175 0.8557
vn -0.5173 -0.0175 0.8557
vn -0.5173 -0.0175 0.8557
vn 0.8115 -0.0118 -0.5843
vn 0.8115 -0.0118 -0.5843
vn 0.8115 -0.0118 -0.5843
vn 0.7582 -0.0185 -0.6518
vn 0.7582 -0.0185 -0.6518
vn 0.7582 -0.0185 -0.6518
vn 0.7582 -0.0185 -0.6518
vn 0.994 -0.0186 -0.1074
vn 0.994 -0.0186 -0.1074
vn 0.994 -0.0186 -0.1074
vn 0.9835 -0.0156 -0.1802
vn 0.9835 -0.0156 -0.1802
vn 0.9835 -0.0156 -0.1802
vn -0.0604 -0.0154 0.9981
vn -0.0604 -0.0154 0.9981
vn -0.0604 -0.0154 0.9981
vn -0.1287 -0.0186 0.9915
vn -0.1287 -0.0186 0.9915
vn -0.1287 -0.0186 0.9915
vn 0.5666 -0.0187 -0.8238
vn 0.5666 -0.0187 -0.8238
vn 0.5666 -0.0187 -0.8238
vn 0.5173 -0.0151 -0.8557
vn 0.5173 -0.0151 -0.8557
vn 0.5173 -0.0151 -0.8557
vn 0.0604 -0.0174 0.998
vn 0.0604 -0.0174 0.998
vn 0.0604 -0.0174 0.998
vn -0.043 -0.0174 0.9989
vn -0.043 -0.0174 0.9989
vn -0.043 -0.0174 0.9989
vn 0.998 -0.0183 -0.0604
vn 0.998 -0.0183 -0.0604
vn 0.998 -0.0183 -0.0604
vn 0.9997 -0.012 -0.0215
vn 0.9997 -0.012 -0.0215
vn 0.9997 -0.012 -0.0215
vn 0.994 -0.0186 -0.1074
vn 0.043 -0.0146 0.999
vn 0.043 -0.0146 0.999
vn 0.043 -0.0146 0.999
vn 0.1287 -0.0186 0.9915
vn 0.1287 -0.0186 0.9915
vn 0.1287 -0.0186 0.9915
vn 0.1287 -0.0186 0.9915
vn 0.9337 -0.0187 -0.3576
vn 0.9337 -0.0187 -0.3576
vn 0.9337 -0.0187 -0.3576
vn 0.9118 -0.0151 -0.4104
vn 0.9118 -0.0151 -0.4104
vn 0.9118 -0.0151 -0.4104
vn -0.6353 -0.0178 -0.772
vn -0.6353 -0.0178 -0.772
vn -0.6353 -0.0178 -0.772
vn -0.6353 -0.0178 -0.772
vn -0.707 -0.0169 -0.707
vn -0.707 -0.0169 -0.707
vn -0.707 -0.0169 -0.707
vn -0.6994 -0.0153 -0.7146
vn -0.6994 -0.0153 -0.7146
vn -0.6994 -0.0153 -0.7146
vn -0.7582 -0.0185 -0.6518
vn -0.4171 -0.0168 -0.9087
vn -0.4171 -0.0168 -0.9087
vn -0.4171 -0.0168 -0.9087
vn -0.4937 -0.0179 -0.8694
vn -0.4937 -0.0179 -0.8694
vn -0.4937 -0.0179 -0.8694
vn -0.5173 -0.0179 -0.8556
vn -0.5173 -0.0179 -0.8556
vn -0.5173 -0.0179 -0.8556
vn -0.4937 -0.0135 -0.8695
vn -0.4937 -0.0135 -0.8695
vn -0.4937 -0.0135 -0.8695
vn -0.5666 -0.0187 -0.8238
vn -0.8586 -0.0167 -0.5123
vn -0.8586 -0.0167 -0.5123
vn -0.8586 -0.0167 -0.5123
vn -0.8995 -0.018 -0.4366
vn -0.8995 -0.018 -0.4366
vn -0.8995 -0.018 -0.4366
vn -0.9118 -0.018 -0.4103
vn -0.9118 -0.018 -0.4103
vn -0.9118 -0.018 -0.4103
vn -0.8996 -0.0133 -0.4366
vn -0.8996 -0.0133 -0.4366
vn -0.8996 -0.0133 -0.4366
vn -0.9337 -0.0187 -0.3576
vn -0.086 -0.0179 -0.9961
vn -0.086 -0.0179 -0.9961
vn -0.086 -0.0179 -0.9961
vn -0.086 -0.0179 -0.9961
vn -0.1802 -0.0168 -0.9835
vn -0.1802 -0.0168 -0.9835
vn -0.1802 -0.0168 -0.9835
vn -0.1713 -0.0154 -0.9851
vn -0.1713 -0.0154 -0.9851
vn -0.1713 -0.0154 -0.9851
vn -0.2553 -0.0185 -0.9667
vn -0.961 -0.0177 -0.2761
vn -0.961 -0.0177 -0.2761
vn -0.961 -0.0177 -0.2761
vn -0.961 -0.0177 -0.276
vn -0.961 -0.0177 -0.276
vn -0.961 -0.0177 -0.276
vn -0.9835 -0.017 -0.1802
vn -0.9835 -0.017 -0.1802
vn -0.9835 -0.017 -0.1802
vn -0.9812 -0.0151 -0.1924
vn -0.9812 -0.0151 -0.1924
vn -0.9812 -0.0151 -0.1924
vn -0.994 -0.0186 -0.1074
vn 0.2135 -0.0182 0.9768
vn 0.2135 -0.0182 0.9768
vn 0.2135 -0.0182 0.9768
vn 0.2135 -0.0182 0.9768
vn 0.2975 -0.0163 0.9546
vn 0.2975 -0.0163 0.9546
vn 0.2975 -0.0163 0.9546
vn 0.2967 -0.0161 0.9548
vn 0.2967 -0.0161 0.9548
vn 0.2967 -0.0161 0.9548
vn 0.3776 -0.0183 0.9258
vn 0.3776 -0.0183 0.9258
vn 0.3776 -0.0183 0.9258
vn -0.9175 -0.0149 0.3975
vn -0.9175 -0.0149 0.3975
vn -0.9175 -0.0149 0.3975
vn -0.9484 -0.0012 0.3172
vn -0.9484 -0.0012 0.3172
vn -0.9484 -0.0012 0.3172
vn 0.1713 -0.0169 -0.9851
vn 0.1713 -0.0169 -0.9851
vn 0.1713 -0.0169 -0.9851
vn 0.086 -0.0179 -0.9961
vn 0.086 -0.0179 -0.9961
vn 0.086 -0.0179 -0.9961
vn 0.0604 -0.0179 -0.998
vn 0.0604 -0.0179 -0.998
vn 0.0604 -0.0179 -0.998
vn 0.086 -0.0137 -0.9962
vn 0.086 -0.0137 -0.9962
vn 0.086 -0.0137 -0.9962
vn -0 -0.0187 -0.9998
vn 0.9174 -0.0172 0.3975
vn 0.9174 -0.0172 0.3975
vn 0.9174 -0.0172 0.3975
vn 0.9482 -0.0176 0.3171
vn 0.9482 -0.0176 0.3171
vn 0.9482 -0.0176 0.3171
vn 0.9546 -0.0176 0.2975
vn 0.9546 -0.0176 0.2975
vn 0.9546 -0.0176 0.2975
vn 0.9483 -0.0142 0.3172
vn 0.9483 -0.0142 0.3172
vn 0.9483 -0.0142 0.3172
vn 0.9719 -0.0187 0.2344
vn 0.9719 -0.0187 0.2344
vn 0.9719 -0.0187 0.2344
vn 0.4937 -0.0179 -0.8694
vn 0.4937 -0.0179 -0.8694
vn 0.4937 -0.0179 -0.8694
vn 0.4937 -0.0179 -0.8694
vn 0.4104 -0.0167 -0.9118
vn 0.4104 -0.0167 -0.9118
vn 0.4104 -0.0167 -0.9118
vn 0.4171 -0.0156 -0.9087
vn 0.4171 -0.0156 -0.9087
vn 0.4171 -0.0156 -0.9087
vn 0.3375 -0.0185 -0.9412
vn 0.3375 -0.0185 -0.9412
vn 0.3375 -0.0185 -0.9412
vn -0.9978 -0.0165 0.0645
vn -0.9978 -0.0165 0.0645
vn -0.9978 -0.0165 0.0645
vn -0.9885 -0.0181 0.15
vn -0.9885 -0.0181 0.15
vn -0.9885 -0.0181 0.15
vn -0.9835 -0.0181 0.1802
vn -0.9835 -0.0181 0.1802
vn -0.9835 -0.0181 0.1802
vn -0.9886 -0.0131 0.15
vn -0.9886 -0.0131 0.15
vn -0.9886 -0.0131 0.15
vn -0.9719 -0.0187 0.2345
vn -0.9719 -0.0187 0.2345
vn -0.9719 -0.0187 0.2345
vn 0.7294 -0.0182 0.6838
vn 0.7294 -0.0182 0.6838
vn 0.7294 -0.0182 0.6838
vn 0.7294 -0.0182 0.6838
vn 0.7871 -0.0164 0.6166
vn 0.7871 -0.0164 0.6166
vn 0.7871 -0.0164 0.6166
vn 0.7855 -0.016 0.6186
vn 0.7855 -0.016 0.6186
vn 0.7855 -0.016 0.6186
vn 0.8358 -0.0183 0.5488
vn 0.8358 -0.0183 0.5488
vn 0.8358 -0.0183 0.5488
vn 0.5307 -0.0173 0.8474
vn 0.5307 -0.0173 0.8474
vn 0.5307 -0.0173 0.8474
vn 0.6015 -0.0175 0.7987
vn 0.6015 -0.0175 0.7987
vn 0.6015 -0.0175 0.7987
vn 0.6166 -0.0175 0.7871
vn 0.6166 -0.0175 0.7871
vn 0.6166 -0.0175 0.7871
vn 0.6016 -0.0144 0.7987
vn 0.6016 -0.0144 0.7987
vn 0.6016 -0.0144 0.7987
vn 0.6679 -0.0187 0.744
vn -0.5307 -0.0148 0.8474
vn -0.5307 -0.0148 0.8474
vn -0.5307 -0.0148 0.8474
vn -0.6016 -0.0009 0.7988
vn -0.6016 -0.0009 0.7988
vn -0.6016 -0.0009 0.7988
vn -0.2967 -0.0163 0.9548
vn -0.2967 -0.0163 0.9548
vn -0.2967 -0.0163 0.9548
vn -0.2135 -0.0182 0.9768
vn -0.2135 -0.0182 0.9768
vn -0.2135 -0.0182 0.9768
vn -0.1802 -0.0182 0.9835
vn -0.1802 -0.0182 0.9835
vn -0.1802 -0.0182 0.9835
vn -0.2135 -0.0127 0.9769
vn -0.2135 -0.0127 0.9769
vn -0.2135 -0.0127 0.9769
vn -0.1287 -0.0186 0.9915
vn 0.9812 -0.0171 -0.1924
vn 0.9812 -0.0171 -0.1924
vn 0.9812 -0.0171 -0.1924
vn 0.961 -0.0177 -0.276
vn 0.961 -0.0177 -0.276
vn 0.961 -0.0177 -0.276
vn 0.9546 -0.0177 -0.2975
vn 0.9546 -0.0177 -0.2975
vn 0.9546 -0.0177 -0.2975
vn 0.961 -0.0141 -0.2761
vn 0.961 -0.0141 -0.2761
vn 0.961 -0.0141 -0.2761
vn 0.9337 -0.0187 -0.3576
vn -0.8799 -0.0186 0.4749
vn -0.8799 -0.0186 0.4749
vn -0.8799 -0.0186 0.4749
vn -0.8799 -0.0186 0.4749
vn -0.8557 -0.015 0.5173
vn -0.8557 -0.015 0.5173
vn -0.8557 -0.015 0.5173
vn -0.8358 -0.0183 0.5487
vn -0.8358 -0.0183 0.5487
vn -0.8358 -0.0183 0.5487
vn -0.8358 -0.0183 0.5488
vn -0.8358 -0.0183 0.5488
vn -0.8358 -0.0183 0.5488
vn 0.9885 -0.0181 0.15
vn 0.9885 -0.0181 0.15
vn 0.9885 -0.0181 0.15
vn 0.9885 -0.0181 0.15
vn 0.998 -0.0165 0.0604
vn 0.998 -0.0165 0.0604
vn 0.998 -0.0165 0.0604
vn 0.9978 -0.0159 0.0645
vn 0.9978 -0.0159 0.0645
vn 0.9978 -0.0159 0.0645
vn 0.9996 -0.0184 -0.0215
vn 0.9996 -0.0184 -0.0215
vn 0.9996 -0.0184 -0.0215
vn 0.6994 -0.017 -0.7146
vn 0.6994 -0.017 -0.7146
vn 0.6994 -0.017 -0.7146
vn 0.6353 -0.0178 -0.772
vn 0.6353 -0.0178 -0.772
vn 0.6353 -0.0178 -0.772
vn 0.6166 -0.0178 -0.7871
vn 0.6166 -0.0178 -0.7871
vn 0.6166 -0.0178 -0.7871
vn 0.6354 -0.0139 -0.7721
vn 0.6354 -0.0139 -0.7721
vn 0.6354 -0.0139 -0.7721
vn 0.5666 -0.0187 -0.8238
vn -0.7855 -0.0164 0.6186
vn -0.7855 -0.0164 0.6186
vn -0.7855 -0.0164 0.6186
vn -0.7294 -0.0182 0.6838
vn -0.7294 -0.0182 0.6838
vn -0.7294 -0.0182 0.6838
vn -0.707 -0.0181 0.707
vn -0.707 -0.0181 0.707
vn -0.707 -0.0181 0.707
vn -0.7295 -0.0129 0.6839
vn -0.7295 -0.0129 0.6839
vn -0.7295 -0.0129 0.6839
vn -0.6679 -0.0187 0.744
vn -0.4558 -0.0186 0.8899
vn -0.4558 -0.0186 0.8899
vn -0.4558 -0.0186 0.8899
vn -0.4558 -0.0186 0.8899
vn -0.4104 -0.015 0.9118
vn -0.4104 -0.015 0.9118
vn -0.4104 -0.015 0.9118
vn -0.3776 -0.0183 0.9258
vn -0.3776 -0.0183 0.9258
vn -0.3776 -0.0183 0.9258
vn -0.3776 -0.0183 0.9258
vn -0 1 -0
vn -0 1 -0
vn -0 1 -0
vn -0 1 -0
vn -0 1 -0
vn -0 1 -0
vn -0 1 -0
vn -0 1 -0
vn -0 1 -0
vn -0 1 -0
vn -0 1 -0
vn -0 1 -0
vn -0 1 -0
vn -0 1 -0
vn -0 1 -0
vn -0 1 -0
vn -0 1 -0
vn -0 1 -0
vn -0 1 -0
vn -0 1 -0
vn -0 1 -0
vn -0 1 -0
vn -0 1 -0
vn -0 1 -0
vn -0 1 -0
vn -0 1 -0
vn -0 1 -0
vn -0 1 -0
vn -0 1 -0
vn -0 1 -0
vn -0 1 -0
vn -0 1 -0
vn -0 1 -0
vn -0 1 -0
vn -0 1 -0
vn -0 1 -0
vn -0 1 -0
vn -0 1 -0
vn -0 1 -0
vn -0 1 -0
vn -0 1 -0
vn -0 1 -0
vn -0 1 -0
vn -0 1 -0
vn -0 1 -0
vn -0 1 -0
vn -0 1 -0
vn -0 1 -0
vn -0 1 -0
vn -0 1 -0
vn -0 1 -0
vn -0 1 -0
vn -0.3096 -0 0.9509
vn -0.157 -0 0.9876
vn -0.157 -0 0.9876
vn -0.3096 -0 0.9509
vn -0.7067 -0 -0.7075
vn -0.8087 -0 -0.5883
vn -0.8087 -0 -0.5883
vn -0.7067 -0 -0.7075
vn 0.9512 -0 -0.3084
vn 0.8913 -0 -0.4534
vn 0.8913 -0 -0.4534
vn 0.9512 -0 -0.3084
vn -0.0006 -0 1
vn -0.0006 -0 1
vn -0.8907 -0 -0.4545
vn -0.8907 -0 -0.4545
vn 0.8094 -0 -0.5873
vn 0.8094 -0 -0.5873
vn 0.1558 -0 0.9878
vn 0.1558 -0 0.9878
vn -0.9509 -0 -0.3096
vn -0.9509 -0 -0.3096
vn 0.7075 -0 -0.7067
vn 0.7075 -0 -0.7067
vn 0.3084 -0 0.9512
vn 0.3084 -0 0.9512
vn -0.9876 -0 -0.157
vn -0.9876 -0 -0.157
vn 0.5883 -0 -0.8087
vn 0.5883 -0 -0.8087
vn 0.4535 -0 0.8913
vn 0.4535 -0 0.8913
vn -1 -0 -0.0006
vn -1 -0 -0.0006
vn 0.4545 -0 -0.8907
vn 0.4545 -0 -0.8907
vn 0.5873 -0 0.8094
vn 0.5873 -0 0.8094
vn -0.9878 -0 0.1558
vn -0.9878 -0 0.1558
vn 0.3096 -0 -0.9509
vn 0.3096 -0 -0.9509
vn 0.7067 -0 0.7075
vn 0.7067 -0 0.7075
vn -0.9512 -0 0.3084
vn -0.9512 -0 0.3084
vn 0.157 -0 -0.9876
vn 0.157 -0 -0.9876
vn 0.8087 -0 0.5883
vn 0.8087 -0 0.5883
vn -0.8913 -0 0.4534
vn -0.8913 -0 0.4534
vn 0.0006 -0 -1
vn 0.0006 -0 -1
vn 0.8907 -0 0.4545
vn 0.8907 -0 0.4545
vn -0.8094 -0 0.5873
vn -0.8094 -0 0.5873
vn -0.1558 -0 -0.9878
vn -0.1558 -0 -0.9878
vn 0.9509 -0 0.3096
vn 0.9509 -0 0.3096
vn -0.7075 -0 0.7067
vn -0.7075 -0 0.7067
vn -0.3084 -0 -0.9512
vn -0.3084 -0 -0.9512
vn 0.9876 -0 0.157
vn 0.9876 -0 0.157
vn -0.5883 -0 0.8087
vn -0.5883 -0 0.8087
vn -0.4534 -0 -0.8913
vn -0.4534 -0 -0.8913
vn 1 -0 0.0006
vn 1 -0 0.0006
vn -0.4545 -0 0.8907
vn -0.4545 -0 0.8907
vn -0.5873 -0 -0.8094
vn -0.5873 -0 -0.8094
vn 0.9878 -0 -0.1558
vn 0.9878 -0 -0.1558
vn -0 1 -0
vn -0 1 -0
vn -0 1 -0
vn -0 1 -0
vn -0 1 -0
vn -0 1 -0
vn -0 1 -0
vn -0 1 -0
vn -0 1 -0
vn -0 1 -0
vn -0 1 -0
vn -0 1 -0
vn -0 1 -0
vn -0 1 -0
vn -0 1 -0
vn -0 1 -0
vn -0 1 -0
vn -0 1 -0
vn -0 1 -0
vn -0 1 -0
vn -0 1 -0
vn -0 1 -0
vn -0 1 -0
vn -0 1 -0
vn -0 1 -0
vn -0 1 -0
vn -0 1 -0
vn -0 1 -0
vn -0 1 -0
vn -0 1 -0
vn -0 1 -0
vn -0 1 -0
vn -0 1 -0
vn -0 1 -0
vn -0 1 -0
vn -0 1 -0
vn -0 1 -0
vn -0 1 -0
vn -0 1 -0
vn -0 1 -0
vn -0 1 -0
vn -0 1 -0
vn -0 1 -0
vn -0 1 -0
vn -0 1 -0
vn -0 1 -0
vn -0 1 -0
vn -0 1 -0
vn -0 1 -0
vn -0 1 -0
vn -0 1 -0
vn -0 1 -0
vn -0 1 -0
vn -0 1 -0
vn -0 1 -0
vn -0 1 -0
vn -0 1 -0
vn -0 1 -0
vn -0 1 -0
vn -0 1 -0
vn -0 1 -0
vn -0 1 -0
vn -0 1 -0
vn -0 1 -0
vn -0 1 -0
vn -0 1 -0
vn -0 1 -0
vn -0 1 -0
vn -0 1 -0
vn -0 1 -0
vn -0 1 -0
vn -0 1 -0
vn -0 1 -0
vn -0 1 -0
vn -0 1 -0
vn -0 1 -0
vn -0 1 -0
vn -0 1 -0
vn -0 1 -0
vn -0 1 -0
vn 0.9512 -0 -0.3084
vn 0.8913 -0 -0.4534
vn 0.8913 -0 -0.4534
vn 0.9512 -0 -0.3084
vn -0.157 -0 0.9876
vn -0.0006 -0 1
vn -0.0006 -0 1
vn -0.157 -0 0.9876
vn -0.8087 -0 -0.5883
vn -0.8907 -0 -0.4545
vn -0.8907 -0 -0.4545
vn -0.8087 -0 -0.5883
vn 0.8094 -0 -0.5873
vn 0.8094 -0 -0.5873
vn 0.1558 -0 0.9878
vn 0.1558 -0 0.9878
vn -0.9509 -0 -0.3096
vn -0.9509 -0 -0.3096
vn 0.7075 -0 -0.7067
vn 0.7075 -0 -0.7067
vn 0.3084 -0 0.9512
vn 0.3084 -0 0.9512
vn -0.9876 -0 -0.157
vn -0.9876 -0 -0.157
vn 0.5883 -0 -0.8087
vn 0.5883 -0 -0.8087
vn 0.4535 -0 0.8913
vn 0.4535 -0 0.8913
vn -1 -0 -0.0006
vn -1 -0 -0.0006
vn 0.4545 -0 -0.8907
vn 0.4545 -0 -0.8907
vn 0.5873 -0 0.8094
vn 0.5873 -0 0.8094
vn -0.9878 -0 0.1558
vn -0.9878 -0 0.1558
vn 0.3096 -0 -0.9509
vn 0.3096 -0 -0.9509
vn 0.7067 -0 0.7075
vn 0.7067 -0 0.7075
vn -0.9512 -0 0.3084
vn -0.9512 -0 0.3084
vn 0.157 -0 -0.9876
vn 0.157 -0 -0.9876
vn 0.8087 -0 0.5883
vn 0.8087 -0 0.5883
vn -0.8913 -0 0.4534
vn -0.8913 -0 0.4534
vn 0.0006 -0 -1
vn 0.0006 -0 -1
vn 0.8907 -0 0.4545
vn 0.8907 -0 0.4545
vn -0.8094 -0 0.5873
vn -0.8094 -0 0.5873
vn -0.1558 -0 -0.9878
vn -0.1558 -0 -0.9878
vn 0.9509 -0 0.3096
vn 0.9509 -0 0.3096
vn -0.7075 -0 0.7067
vn -0.7075 -0 0.7067
vn -0.3084 -0 -0.9512
vn -0.3084 -0 -0.9512
vn 0.9876 -0 0.157
vn 0.9876 -0 0.157
vn -0.5883 -0 0.8087
vn -0.5883 -0 0.8087
vn -0.4534 -0 -0.8913
vn -0.4534 -0 -0.8913
vn 1 -0 0.0006
vn 1 -0 0.0006
vn -0.4545 -0 0.8907
vn -0.4545 -0 0.8907
vn -0.5873 -0 -0.8094
vn -0.5873 -0 -0.8094
vn 0.9878 -0 -0.1558
vn 0.9878 -0 -0.1558
vn -0.3096 -0 0.9509
vn -0.3096 -0 0.9509
vn -0.7067 -0 -0.7075
vn -0.7067 -0 -0.7075
vn -0 1 -0
vn -0 1 -0
vn -0 1 -0
vn -0 1 -0
vn -0 1 -0
vn -0 1 -0
vn -0 1 -0
vn -0 1 -0
vn -0 1 -0
vn -0 1 -0
vn -0 1 -0
vn -0 1 -0
vn -0 1 -0
vn -0 1 -0
vn -0 1 -0
vn -0 1 -0
vn -0 1 -0
vn -0 1 -0
vn -0 1 -0
vn -0 1 -0
vn -0 1 -0
vn -0 1 -0
vn -0 1 -0
vn -0 1 -0
vn -0 1 -0
vn -0 1 -0
vn -0 1 -0
vn -0 1 -0
vn -0 1 -0
vn -0 1 -0
vn -0 1 -0
vn -0 1 -0
vn -0 1 -0
vn -0 1 -0
vn -0 1 -0
vn -0 1 -0
vn -0 1 -0
vn -0 1 -0
vn -0 1 -0
vn -0 1 -0
vn 0.7075 -0 -0.7067
vn 0.5883 -0 -0.8087
vn -0 1 -0
vn -0 1 -0
vn -0 1 -0
vn -0 1 -0
vn -0 1 -0
vn -0 1 -0
vn -0 1 -0
vn -0 1 -0
vn -0 1 -0
vn -0 1 -0
vn -0 1 -0
vn -0 1 -0
vn -0 1 -0
vn -0 1 -0
vn -0 1 -0
vn -0 1 -0
vn -0 1 -0
vn -0 1 -0
vn -0 1 -0
vn -0 1 -0
vn -0 1 -0
vn -0 1 -0
vn -0 1 -0
vn -0 1 -0
vn -0 1 -0
vn -0 1 -0
vn -0 1 -0
vn -0 1 -0
vn -0 1 -0
vn -0 1 -0
vn -0 1 -0
vn -0 1 -0
vn -0 1 -0
vn -0 1 -0
vn -0 1 -0
vn -0 1 -0
vn -0 1 -0
vn -0 1 -0
vn -0 1 -0
vn -0 1 -0
vn 0.3084 -0 0.9512
vn 0.4535 -0 0.8913
vn -0.9876 -0 -0.157
vn -1 -0 -0.0006
vn 0.4545 -0 -0.8907
vn 0.5873 -0 0.8094
vn -0.9878 -0 0.1558
vn 0.3096 -0 -0.9509
vn 0.7067 -0 0.7075
vn -0.9512 -0 0.3084
vn 0.157 -0 -0.9876
vn 0.8087 -0 0.5883
vn -0.8913 -0 0.4534
vn 0.0006 -0 -1
vn 0.8907 -0 0.4545
vn -0.8094 -0 0.5873
vn -0.1558 -0 -0.9878
vn 0.9509 -0 0.3096
vn -0.7075 -0 0.7067
vn -0.3084 -0 -0.9512
vn 0.9876 -0 0.157
vn -0.5883 -0 0.8087
vn -0.4534 -0 -0.8913
vn 1 -0 0.0006
vn -0.4545 -0 0.8907
vn -0.5873 -0 -0.8094
vn 0.9878 -0 -0.1558
vn -0.3096 -0 0.9509
vn -0.7067 -0 -0.7075
vn 0.9512 -0 -0.3084
vn -0.157 -0 0.9876
vn -0.8087 -0 -0.5883
vn 0.8913 -0 -0.4534
vn -0.0006 -0 1
vn -0.8907 -0 -0.4545
vn 0.8094 -0 -0.5873
vn 0.1558 -0 0.9878
vn -0.9509 -0 -0.3096
f 3/3/3 2/2/2 1/1/1
f 1/1/1 2/2/2 4/4/4
f 1/1/1 4/4/4 5/5/5
f 7/7/7 1/1/1 6/6/6
f 6/6/6 1/1/1 5/5/5
f 10/10/10 9/9/9 8/8/8
f 8/8/8 9/9/9 11/11/11
f 9/9/9 13/13/13 12/12/12
f 11/11/11 9/9/9 14/14/14
f 14/14/14 9/9/9 12/12/12
f 17/17/17 16/16/16 15/15/15
f 15/15/15 16/16/16 18/18/18
f 15/15/15 18/18/18 19/19/19
f 21/21/21 15/15/15 20/20/20
f 20/20/20 15/15/15 19/19/19
f 24/24/24 23/23/23 22/22/22
f 22/22/22 23/23/23 25/25/25
f 22/22/22 25/25/25 26/26/26
f 28/28/28 22/22/22 27/27/27
f 27/27/27 22/22/22 26/26/26
f 31/31/31 30/30/30 29/29/29
f 29/29/29 30/30/30 32/32/32
f 29/29/29 32/32/32 33/33/33
f 35/35/35 29/29/29 34/34/34
f 34/34/34 29/29/29 33/33/33
f 38/38/38 37/37/37 36/36/36
f 36/36/36 37/37/37 39/39/39
f 41/41/41 40/40/40 37/37/37
f 37/37/37 40/40/40 42/42/42
f 37/37/37 42/42/42 39/39/39
f 45/45/45 44/44/44 43/43/43
f 43/43/43 44/44/44 46/46/46
f 43/43/43 46/46/46 47/47/47
f 49/49/49 43/43/43 48/48/48
f 48/48/48 43/43/43 47/47/47
f 52/52/52 51/51/51 50/50/50
f 50/50/50 51/51/51 53/53/53
f 50/50/50 53/53/53 54/54/54
f 56/56/56 50/50/50 55/55/55
f 55/55/55 50/50/50 54/54/54
f 59/59/59 58/58/58 57/57/57
f 57/57/57 58/58/58 60/60/60
f 62/62/62 61/61/61 58/58/58
f 58/58/58 61/61/61 63/63/63
f 58/58/58 63/63/63 60/60/60
f 66/66/66 65/65/65 64/64/64
f 64/64/64 65/65/65 67/67/67
f 64/64/64 67/67/67 68/68/68
f 70/70/70 64/64/64 69/69/69
f 69/69/69 64/64/64 68/68/68
f 73/73/73 72/72/72 71/71/71
f 71/71/71 72/72/72 74/74/74
f 71/71/71 74/74/74 75/75/75
f 77/77/77 71/71/71 76/76/76
f 76/76/76 71/71/71 75/75/75
f 80/80/80 79/79/79 78/78/78
f 78/78/78 79/79/79 81/81/81
f 78/78/78 81/81/81 82/82/82
f 80/80/80 78/78/78 83/83/83
f 83/83/83 78/78/78 84/84/84
f 87/87/87 86/86/86 85/85/85
f 85/85/85 86/86/86 88/88/88
f 85/85/85 88/88/88 89/89/89
f 90/90/90 85/85/85 89/89/89
f 85/85/85 91/91/91 87/87/87
f 94/94/94 93/93/93 92/92/92
f 92/92/92 93/93/93 95/95/95
f 92/92/92 95/95/95 96/96/96
f 98/98/98 92/92/92 97/97/97
f 97/97/97 92/92/92 96/96/96
f 101/101/101 100/100/100 99/99/99
f 99/99/99 100/100/100 102/102/102
f 99/99/99 102/102/102 103/103/103
f 105/105/105 99/99/99 104/104/104
f 104/104/104 99/99/99 103/103/103
f 108/108/108 107/107/107 106/106/106
f 106/106/106 107/107/107 109/109/109
f 106/106/106 109/109/109 110/110/110
f 112/112/112 106/106/106 111/111/111
f 111/111/111 106/106/106 110/110/110
f 115/115/115 114/114/114 113/113/113
f 113/113/113 114/114/114 116/116/116
f 113/113/113 116/116/116 117/117/117
f 119/119/119 113/113/113 118/118/118
f 118/118/118 113/113/113 117/117/117
f 122/122/122 121/121/121 120/120/120
f 120/120/120 121/121/121 123/123/123
f 120/120/120 123/123/123 124/124/124
f 126/126/126 120/120/120 125/125/125
f 125/125/125 120/120/120 124/124/124
f 129/129/129 128/128/128 127/127/127
f 132/132/132 131/131/131 130/130/130
f 132/132/132 130/130/130 133/133/133
f 133/133/133 130/130/130 134/134/134
f 137/137/137 136/136/136 135/135/135
f 140/140/140 139/139/139 138/138/138
f 143/143/143 142/142/142 141/141/141
f 146/146/146 145/145/145 144/144/144
f 149/149/149 148/148/148 147/147/147
f 152/152/152 151/151/151 150/150/150
f 155/155/155 154/154/154 153/153/153
f 155/155/155 153/153/153 156/156/156
f 159/159/159 158/158/158 157/157/157
f 162/162/162 161/161/161 160/160/160
f 165/165/165 164/164/164 163/163/163
f 165/165/165 163/163/163 166/166/166
f 169/169/169 168/168/168 167/167/167
f 172/172/172 171/171/171 170/170/170
f 175/175/175 174/174/174 173/173/173
f 175/175/175 173/173/173 176/176/176
f 179/179/179 178/178/178 177/177/177
f 182/182/182 181/181/181 180/180/180
f 185/185/185 184/184/184 183/183/183
f 185/185/185 183/183/183 186/186/186
f 189/189/189 188/188/188 187/187/187
f 192/192/192 191/191/191 190/190/190
f 195/195/195 194/194/194 193/193/193
f 195/195/195 193/193/193 196/196/196
f 199/199/199 198/198/198 197/197/197
f 202/202/202 201/201/201 200/200/200
f 205/205/205 204/204/204 203/203/203
f 208/208/208 207/207/207 206/206/206
f 211/211/211 210/210/210 209/209/209
f 214/214/214 213/213/213 212/212/212
f 214/214/214 212/212/212 215/215/215
f 218/218/218 217/217/217 216/216/216
f 218/218/218 216/216/216 219/219/219
f 222/222/222 221/221/221 220/220/220
f 225/225/225 224/224/224 223/223/223
f 228/228/228 227/227/227 226/226/226
f 228/228/228 226/226/226 229/229/229
f 232/232/232 231/231/231 230/230/230
f 235/235/235 234/234/234 233/233/233
f 238/238/238 237/237/237 236/236/236
f 238/238/238 236/236/236 239/239/239
f 242/242/242 241/241/241 240/240/240
f 242/242/242 240/240/240 243/243/243
f 246/246/246 245/245/245 244/244/244
f 246/246/246 244/244/244 247/247/247
f 250/250/250 249/249/249 248/248/248
f 250/250/250 248/248/248 251/251/251
f 254/254/254 253/253/253 252/252/252
f 257/257/257 256/256/256 255/255/255
f 257/257/257 255/255/255 258/258/258
f 261/261/261 260/260/260 259/259/259
f 261/261/261 259/259/259 262/262/262
f 265/265/265 264/264/264 263/263/263
f 265/265/265 263/263/263 266/266/266
f 269/269/269 268/268/268 267/267/267
f 269/269/269 267/267/267 270/270/270
f 271/271/271 226/226/226 227/227/227
f 271/271/271 227/227/227 272/272/272
f 275/275/275 274/274/274 273/273/273
f 275/275/275 273/273/273 276/276/276
f 279/279/279 278/278/278 277/277/277
f 279/279/279 277/277/277 280/280/280
f 283/283/283 282/282/282 281/281/281
f 283/283/283 281/281/281 284/284/284
f 287/287/287 286/286/286 285/285/285
f 287/287/287 285/285/285 288/288/288
f 291/291/291 290/290/290 289/289/289
f 291/291/291 289/289/289 292/292/292
f 295/295/295 294/294/294 293/293/293
f 298/298/298 297/297/297 296/296/296
f 298/298/298 296/296/296 299/299/299
f 299/299/299 296/296/296 300/300/300
f 303/303/303 302/302/302 301/301/301
f 306/306/306 305/305/305 304/304/304
f 309/309/309 308/308/308 307/307/307
f 312/312/312 311/311/311 310/310/310
f 315/315/315 314/314/314 313/313/313
f 318/318/318 317/317/317 316/316/316
f 321/321/321 320/320/320 319/319/319
f 321/321/321 319/319/319 322/322/322
f 325/325/325 324/324/324 323/323/323
f 325/325/325 323/323/323 326/326/326
f 174/174/174 328/328/328 327/327/327
f 174/174/174 327/327/327 173/173/173
f 331/331/331 330/330/330 329/329/329
f 331/331/331 329/329/329 332/332/332
f 335/335/335 334/334/334 333/333/333
f 335/335/335 333/333/333 336/336/336
f 339/339/339 338/338/338 337/337/337
f 339/339/339 337/337/337 340/340/340
f 343/343/343 342/342/342 341/341/341
f 343/343/343 341/341/341 344/344/344
f 347/347/347 346/346/346 345/345/345
f 350/350/350 349/349/349 348/348/348
f 353/353/353 352/352/352 351/351/351
f 356/356/356 355/355/355 354/354/354
f 356/356/356 354/354/354 357/357/357
f 360/360/360 359/359/359 358/358/358
f 360/360/360 358/358/358 361/361/361
f 364/364/364 363/363/363 362/362/362
f 367/367/367 366/366/366 365/365/365
f 370/370/370 369/369/369 368/368/368
f 370/370/370 368/368/368 371/371/371
f 374/374/374 373/373/373 372/372/372
f 377/377/377 376/376/376 375/375/375
f 380/380/380 379/379/379 378/378/378
f 380/380/380 378/378/378 381/381/381
f 384/384/384 383/383/383 382/382/382
f 384/384/384 382/382/382 385/385/385
f 388/388/388 387/387/387 386/386/386
f 391/391/391 390/390/390 389/389/389
f 394/394/394 393/393/393 392/392/392
f 394/394/394 392/392/392 395/395/395
f 398/398/398 397/397/397 396/396/396
f 401/401/401 400/400/400 399/399/399
f 401/401/401 399/399/399 402/402/402
f 402/402/402 399/399/399 403/403/403
f 203/203/203 404/404/404 205/205/205
f 407/407/407 406/406/406 405/405/405
f 410/410/410 409/409/409 408/408/408
f 410/410/410 408/408/408 411/411/411
f 414/414/414 413/413/413 412/412/412
f 414/414/414 412/412/412 415/415/415
f 418/418/418 417/417/417 416/416/416
f 418/418/418 416/416/416 419/419/419
f 422/422/422 421/421/421 420/420/420
f 422/422/422 420/420/420 423/423/423
f 229/229/229 425/425/425 424/424/424
f 229/229/229 424/424/424 228/228/228
f 428/428/428 427/427/427 426/426/426
f 431/431/431 430/430/430 429/429/429
f 434/434/434 433/433/433 432/432/432
f 434/434/434 432/432/432 435/435/435
f 438/438/438 437/437/437 436/436/436
f 438/438/438 436/436/436 439/439/439
f 442/442/442 441/441/441 440/440/440
f 442/442/442 440/440/440 443/443/443
f 446/446/446 445/445/445 444/444/444
f 449/449/449 448/448/448 447/447/447
f 452/452/452 451/451/451 450/450/450
f 455/455/455 454/454/454 453/453/453
f 455/455/455 453/453/453 456/456/456
f 459/459/459 458/458/458 457/457/457
f 459/459/459 457/457/457 460/460/460
f 463/463/463 462/462/462 461/461/461
f 463/463/463 461/461/461 464/464/464
f 369/369/369 466/466/466 465/465/465
f 369/369/369 465/465/465 368/368/368
f 469/469/469 468/468/468 467/467/467
f 469/469/469 467/467/467 470/470/470
f 473/473/473 472/472/472 471/471/471
f 473/473/473 471/471/471 474/474/474
f 477/477/477 476/476/476 475/475/475
f 477/477/477 475/475/475 478/478/478
f 481/481/481 480/480/480 479/479/479
f 481/481/481 479/479/479 482/482/482
f 485/485/485 484/484/484 483/483/483
f 485/485/485 483/483/483 486/486/486
f 295/295/295 293/293/293 487/487/487
f 490/490/490 489/489/489 488/488/488
f 493/493/493 492/492/492 491/491/491
f 496/496/496 495/495/495 494/494/494
f 496/496/496 494/494/494 497/497/497
f 500/500/500 499/499/499 498/498/498
f 500/500/500 498/498/498 501/501/501
f 504/504/504 503/503/503 502/502/502
f 507/507/507 506/506/506 505/505/505
f 508/508/508 327/327/327 328/328/328
f 508/508/508 328/328/328 509/509/509
f 512/512/512 511/511/511 510/510/510
f 515/515/515 514/514/514 513/513/513
f 518/518/518 517/517/517 516/516/516
f 518/518/518 516/516/516 519/519/519
f 522/522/522 521/521/521 520/520/520
f 522/522/522 520/520/520 523/523/523
f 526/526/526 525/525/525 524/524/524
f 526/526/526 524/524/524 527/527/527
f 530/530/530 529/529/529 528/528/528
f 530/530/530 528/528/528 531/531/531
f 534/534/534 533/533/533 532/532/532
f 537/537/537 536/536/536 535/535/535
f 537/537/537 535/535/535 538/538/538
f 541/541/541 540/540/540 539/539/539
f 541/541/541 539/539/539 542/542/542
f 545/545/545 544/544/544 543/543/543
f 545/545/545 543/543/543 546/546/546
f 549/549/549 548/548/548 547/547/547
f 552/552/552 551/551/551 550/550/550
f 553/553/553 508/508/508 509/509/509
f 553/553/553 509/509/509 554/554/554
f 557/557/557 556/556/556 555/555/555
f 557/557/557 555/555/555 558/558/558
f 561/561/561 560/560/560 559/559/559
f 561/561/561 559/559/559 562/562/562
f 565/565/565 564/564/564 563/563/563
f 565/565/565 563/563/563 566/566/566
f 569/569/569 568/568/568 567/567/567
f 569/569/569 567/567/567 570/570/570
f 573/573/573 572/572/572 571/571/571
f 573/573/573 571/571/571 574/574/574
f 577/577/577 576/576/576 575/575/575
f 575/575/575 576/576/576 578/578/578
f 575/575/575 578/578/578 579/579/579
f 582/582/582 581/581/581 580/580/580
f 585/585/585 584/584/584 583/583/583
f 588/588/588 587/587/587 586/586/586
f 588/588/588 586/586/586 589/589/589
f 592/592/592 591/591/591 590/590/590
f 592/592/592 590/590/590 593/593/593
f 596/596/596 595/595/595 594/594/594
f 596/596/596 594/594/594 597/597/597
f 598/598/598 553/553/553 554/554/554
f 598/598/598 554/554/554 599/599/599
f 602/602/602 601/601/601 600/600/600
f 602/602/602 600/600/600 603/603/603
f 606/606/606 605/605/605 604/604/604
f 606/606/606 604/604/604 607/607/607
f 610/610/610 609/609/609 608/608/608
f 610/610/610 608/608/608 611/611/611
f 614/614/614 613/613/613 612/612/612
f 617/617/617 616/616/616 615/615/615
f 620/620/620 619/619/619 618/618/618
f 620/620/620 618/618/618 621/621/621
f 624/624/624 623/623/623 622/622/622
f 627/627/627 626/626/626 625/625/625
f 627/627/627 625/625/625 628/628/628
f 631/631/631 630/630/630 629/629/629
f 634/634/634 633/633/633 632/632/632
f 637/637/637 636/636/636 635/635/635
f 640/640/640 639/639/639 638/638/638
f 643/643/643 642/642/642 641/641/641
f 643/643/643 641/641/641 644/644/644
f 647/647/647 646/646/646 645/645/645
f 647/647/647 645/645/645 648/648/648
f 651/651/651 650/650/650 649/649/649
f 651/651/651 649/649/649 652/652/652
f 655/655/655 654/654/654 653/653/653
f 655/655/655 653/653/653 656/656/656
f 659/659/659 658/658/658 657/657/657
f 662/662/662 661/661/661 660/660/660
f 665/665/665 664/664/664 663/663/663
f 668/668/668 667/667/667 666/666/666
f 671/671/671 670/670/670 669/669/669
f 671/671/671 669/669/669 672/672/672
f 675/675/675 674/674/674 673/673/673
f 678/678/678 677/677/677 676/676/676
f 673/673/673 680/680/680 679/679/679
f 683/683/683 682/682/682 681/681/681
f 686/686/686 685/685/685 684/684/684
f 689/689/689 688/688/688 687/687/687
f 689/689/689 687/687/687 690/690/690
f 693/693/693 692/692/692 691/691/691
f 693/693/693 691/691/691 694/694/694
f 697/697/697 696/696/696 695/695/695
f 697/697/697 695/695/695 698/698/698
f 699/699/699 647/647/647 648/648/648
f 699/699/699 648/648/648 700/700/700
f 703/703/703 702/702/702 701/701/701
f 703/703/703 701/701/701 704/704/704
f 707/707/707 706/706/706 705/705/705
f 707/707/707 705/705/705 708/708/708
f 711/711/711 710/710/710 709/709/709
f 711/711/711 709/709/709 712/712/712
f 715/715/715 714/714/714 713/713/713
f 715/715/715 713/713/713 716/716/716
f 719/719/719 718/718/718 717/717/717
f 719/719/719 717/717/717 720/720/720
f 723/723/723 722/722/722 721/721/721
f 726/726/726 725/725/725 724/724/724
f 729/729/729 728/728/728 727/727/727
f 732/732/732 731/731/731 730/730/730
f 732/732/732 730/730/730 733/733/733
f 736/736/736 735/735/735 734/734/734
f 739/739/739 738/738/738 737/737/737
f 742/742/742 741/741/741 740/740/740
f 742/742/742 740/740/740 743/743/743
f 744/744/744 645/645/645 646/646/646
f 744/744/744 646/646/646 745/745/745
f 748/748/748 747/747/747 746/746/746
f 748/748/748 746/746/746 749/749/749
f 752/752/752 751/751/751 750/750/750
f 755/755/755 754/754/754 753/753/753
f 758/758/758 757/757/757 756/756/756
f 758/758/758 756/756/756 759/759/759
f 762/762/762 761/761/761 760/760/760
f 762/762/762 760/760/760 763/763/763
f 766/766/766 765/765/765 764/764/764
f 769/769/769 768/768/768 767/767/767
f 772/772/772 771/771/771 770/770/770
f 770/770/770 771/771/771 773/773/773
f 770/770/770 773/773/773 774/774/774
f 777/777/777 776/776/776 775/775/775
f 780/780/780 779/779/779 778/778/778
f 783/783/783 782/782/782 781/781/781
f 786/786/786 785/785/785 784/784/784
f 786/786/786 784/784/784 787/787/787
f 790/790/790 789/789/789 788/788/788
f 790/790/790 788/788/788 791/791/791
f 794/794/794 793/793/793 792/792/792
f 797/797/797 796/796/796 795/795/795
f 798/798/798 175/175/175 176/176/176
f 798/798/798 176/176/176 799/799/799
f 802/802/802 801/801/801 800/800/800
f 805/805/805 804/804/804 803/803/803
f 808/808/808 807/807/807 806/806/806
f 808/808/808 806/806/806 809/809/809
f 812/812/812 811/811/811 810/810/810
f 812/812/812 810/810/810 813/813/813
f 816/816/816 815/815/815 814/814/814
f 819/819/819 818/818/818 817/817/817
f 822/822/822 821/821/821 820/820/820
f 822/822/822 820/820/820 823/823/823
f 681/681/681 682/682/682 824/824/824
f 827/827/827 826/826/826 825/825/825
f 827/827/827 825/825/825 828/828/828
f 831/831/831 830/830/830 829/829/829
f 831/831/831 829/829/829 832/832/832
f 835/835/835 834/834/834 833/833/833
f 835/835/835 833/833/833 836/836/836
f 839/839/839 838/838/838 837/837/837
f 839/839/839 837/837/837 840/840/840
f 799/799/799 699/699/699 700/700/700
f 799/799/799 700/700/700 798/798/798
f 843/843/843 842/842/842 841/841/841
f 846/846/846 845/845/845 844/844/844
f 849/849/849 848/848/848 847/847/847
f 849/849/849 847/847/847 850/850/850
f 853/853/853 852/852/852 851/851/851
f 853/853/853 851/851/851 854/854/854
f 857/857/857 856/856/856 855/855/855
f 860/860/860 859/859/859 858/858/858
f 863/863/863 862/862/862 861/861/861
f 866/866/866 865/865/865 864/864/864
f 866/866/866 864/864/864 867/867/867
f 870/870/870 869/869/869 868/868/868
f 870/870/870 868/868/868 871/871/871
f 874/874/874 873/873/873 872/872/872
f 874/874/874 872/872/872 875/875/875
f 878/878/878 877/877/877 876/876/876
f 878/878/878 876/876/876 879/879/879
f 882/882/882 881/881/881 880/880/880
f 882/882/882 880/880/880 883/883/883
f 886/886/886 885/885/885 884/884/884
f 886/886/886 884/884/884 887/887/887
f 890/890/890 889/889/889 888/888/888
f 893/893/893 892/892/892 891/891/891
f 896/896/896 895/895/895 894/894/894
f 896/896/896 894/894/894 897/897/897
f 900/900/900 899/899/899 898/898/898
f 900/900/900 898/898/898 901/901/901
f 904/904/904 903/903/903 902/902/902
f 904/904/904 902/902/902 905/905/905
f 908/908/908 907/907/907 906/906/906
f 911/911/911 910/910/910 909/909/909
f 911/911/911 909/909/909 912/912/912
f 915/915/915 914/914/914 913/913/913
f 915/915/915 913/913/913 916/916/916
f 919/919/919 918/918/918 917/917/917
f 919/919/919 917/917/917 920/920/920
f 923/923/923 922/922/922 921/921/921
f 923/923/923 921/921/921 924/924/924
f 927/927/927 926/926/926 925/925/925
f 927/927/927 925/925/925 928/928/928
f 931/931/931 930/930/930 929/929/929
f 931/931/931 929/929/929 932/932/932
f 935/935/935 934/934/934 933/933/933
f 935/935/935 933/933/933 936/936/936
f 939/939/939 938/938/938 937/937/937
f 939/939/939 937/937/937 940/940/940
f 943/943/943 942/942/942 941/941/941
f 943/943/943 941/941/941 944/944/944
f 947/947/947 946/946/946 945/945/945
f 947/947/947 945/945/945 948/948/948
f 951/951/951 950/950/950 949/949/949
f 954/954/954 953/953/953 952/952/952
f 954/954/954 952/952/952 955/955/955
f 958/958/958 957/957/957 956/956/956
f 958/958/958 956/956/956 959/959/959
f 962/962/962 961/961/961 960/960/960
f 962/962/962 960/960/960 963/963/963
f 966/966/966 965/965/965 964/964/964
f 966/966/966 964/964/964 967/967/967
f 881/881/881 969/969/969 968/968/968
f 881/881/881 968/968/968 880/880/880
f 972/972/972 971/971/971 970/970/970
f 972/972/972 970/970/970 973/973/973
f 976/976/976 975/975/975 974/974/974
f 976/976/976 974/974/974 977/977/977
f 980/980/980 979/979/979 978/978/978
f 980/980/980 978/978/978 981/981/981
f 984/984/984 983/983/983 982/982/982
f 984/984/984 982/982/982 985/985/985
f 988/988/988 987/987/987 986/986/986
f 988/988/988 986/986/986 989/989/989
f 992/992/992 991/991/991 990/990/990
f 995/995/995 994/994/994 993/993/993
f 995/995/995 993/993/993 996/996/996
f 999/999/999 998/998/998 997/997/997
f 1002/1002/1002 1001/1001/1001 1000/1000/1000
f 1005/1005/1005 1004/1004/1004 1003/1003/1003
f 1005/1005/1005 1003/1003/1003 1006/1006/1006
f 1009/1009/1009 1008/1008/1008 1007/1007/1007
f 1009/1009/1009 1007/1007/1007 1010/1010/1010
f 1011/1011/1011 882/882/882 883/883/883
f 1011/1011/1011 883/883/883 1012/1012/1012
f 1015/1015/1015 1014/1014/1014 1013/1013/1013
f 1015/1015/1015 1013/1013/1013 1016/1016/1016
f 1019/1019/1019 1018/1018/1018 1017/1017/1017
f 1019/1019/1019 1017/1017/1017 1020/1020/1020
f 1023/1023/1023 1022/1022/1022 1021/1021/1021
f 1023/1023/1023 1021/1021/1021 1024/1024/1024
f 1027/1027/1027 1026/1026/1026 1025/1025/1025
f 1027/1027/1027 1025/1025/1025 1028/1028/1028
f 1031/1031/1031 1030/1030/1030 1029/1029/1029
f 1034/1034/1034 1033/1033/1033 1032/1032/1032
f 1037/1037/1037 1036/1036/1036 1035/1035/1035
f 1040/1040/1040 1039/1039/1039 1038/1038/1038
f 1040/1040/1040 1038/1038/1038 1041/1041/1041
f 1044/1044/1044 1043/1043/1043 1042/1042/1042
f 1044/1044/1044 1042/1042/1042 1045/1045/1045
f 1048/1048/1048 1047/1047/1047 1046/1046/1046
f 1048/1048/1048 1046/1046/1046 1049/1049/1049
f 1052/1052/1052 1051/1051/1051 1050/1050/1050
f 1052/1052/1052 1050/1050/1050 1053/1053/1053
f 928/928/928 744/744/744 745/745/745
f 928/928/928 745/745/745 927/927/927
f 1056/1056/1056 1055/1055/1055 1054/1054/1054
f 1056/1056/1056 1054/1054/1054 1057/1057/1057
f 1060/1060/1060 1059/1059/1059 1058/1058/1058
f 1060/1060/1060 1058/1058/1058 1061/1061/1061
f 1064/1064/1064 1063/1063/1063 1062/1062/1062
f 1067/1067/1067 1066/1066/1066 1065/1065/1065
f 1070/1070/1070 1069/1069/1069 1068/1068/1068
f 1070/1070/1070 1068/1068/1068 1071/1071/1071
f 1074/1074/1074 1073/1073/1073 1072/1072/1072
f 1077/1077/1077 1076/1076/1076 1075/1075/1075
f 1080/1080/1080 1079/1079/1079 1078/1078/1078
f 1083/1083/1083 1082/1082/1082 1081/1081/1081
f 1083/1083/1083 1081/1081/1081 1084/1084/1084
f 1087/1087/1087 1086/1086/1086 1085/1085/1085
f 1087/1087/1087 1085/1085/1085 1088/1088/1088
f 1091/1091/1091 1090/1090/1090 1089/1089/1089
f 1094/1094/1094 1093/1093/1093 1092/1092/1092
f 1097/1097/1097 1096/1096/1096 1095/1095/1095
f 1097/1097/1097 1095/1095/1095 1098/1098/1098
f 1012/1012/1012 1100/1100/1100 1099/1099/1099
f 1012/1012/1012 1099/1099/1099 1011/1011/1011
f 1103/1103/1103 1102/1102/1102 1101/1101/1101
f 1103/1103/1103 1101/1101/1101 1104/1104/1104
f 1107/1107/1107 1106/1106/1106 1105/1105/1105
f 1107/1107/1107 1105/1105/1105 1108/1108/1108
f 1111/1111/1111 1110/1110/1110 1109/1109/1109
f 1111/1111/1111 1109/1109/1109 1112/1112/1112
f 1115/1115/1115 1114/1114/1114 1113/1113/1113
f 1115/1115/1115 1113/1113/1113 1116/1116/1116
f 1119/1119/1119 1118/1118/1118 1117/1117/1117
f 1119/1119/1119 1117/1117/1117 1120/1120/1120
f 580/580/580 581/581/581 1121/1121/1121
f 1124/1124/1124 1123/1123/1123 1122/1122/1122
f 1124/1124/1124 1122/1122/1122 1125/1125/1125
f 1128/1128/1128 1127/1127/1127 1126/1126/1126
f 1131/1131/1131 1130/1130/1130 1129/1129/1129
f 1134/1134/1134 1133/1133/1133 1132/1132/1132
f 1134/1134/1134 1132/1132/1132 1135/1135/1135
f 1138/1138/1138 1137/1137/1137 1136/1136/1136
f 1138/1138/1138 1136/1136/1136 1139/1139/1139
f 1100/1100/1100 598/598/598 599/599/599
f 1100/1100/1100 599/599/599 1099/1099/1099
f 1142/1142/1142 1141/1141/1141 1140/1140/1140
f 1142/1142/1142 1140/1140/1140 1143/1143/1143
f 1146/1146/1146 1145/1145/1145 1144/1144/1144
f 1146/1146/1146 1144/1144/1144 1147/1147/1147
f 1150/1150/1150 1149/1149/1149 1148/1148/1148
f 1153/1153/1153 1152/1152/1152 1151/1151/1151
f 1156/1156/1156 1155/1155/1155 1154/1154/1154
f 1159/1159/1159 1158/1158/1158 1157/1157/1157
f 1162/1162/1162 1161/1161/1161 1160/1160/1160
f 1162/1162/1162 1160/1160/1160 1163/1163/1163
f 1166/1166/1166 1165/1165/1165 1164/1164/1164
f 1169/1169/1169 1168/1168/1168 1167/1167/1167
f 1169/1169/1169 1167/1167/1167 1170/1170/1170
f 1173/1173/1173 1172/1172/1172 1171/1171/1171
f 1176/1176/1176 1175/1175/1175 1174/1174/1174
f 1179/1179/1179 1178/1178/1178 1177/1177/1177
f 1179/1179/1179 1177/1177/1177 1180/1180/1180
f 1183/1183/1183 1182/1182/1182 1181/1181/1181
f 1183/1183/1183 1181/1181/1181 1184/1184/1184
f 1187/1187/1187 1186/1186/1186 1185/1185/1185
f 1187/1187/1187 1185/1185/1185 1188/1188/1188
f 1191/1191/1191 1190/1190/1190 1189/1189/1189
f 1191/1191/1191 1189/1189/1189 1192/1192/1192
f 1195/1195/1195 1194/1194/1194 1193/1193/1193
f 1195/1195/1195 1193/1193/1193 1196/1196/1196
f 1199/1199/1199 1198/1198/1198 1197/1197/1197
f 1202/1202/1202 1201/1201/1201 1200/1200/1200
f 1205/1205/1205 1204/1204/1204 1203/1203/1203
f 1205/1205/1205 1203/1203/1203 1206/1206/1206
f 1209/1209/1209 1208/1208/1208 1207/1207/1207
f 1209/1209/1209 1207/1207/1207 1210/1210/1210
f 1213/1213/1213 1212/1212/1212 1211/1211/1211
f 1216/1216/1216 1215/1215/1215 1214/1214/1214
f 1219/1219/1219 1218/1218/1218 1217/1217/1217
f 1222/1222/1222 1221/1221/1221 1220/1220/1220
f 1225/1225/1225 1224/1224/1224 1223/1223/1223
f 1228/1228/1228 1227/1227/1227 1226/1226/1226
f 1231/1231/1231 1230/1230/1230 1229/1229/1229
f 1234/1234/1234 1233/1233/1233 1232/1232/1232
f 1234/1234/1234 1232/1232/1232 1235/1235/1235
f 1238/1238/1238 1237/1237/1237 1236/1236/1236
f 1238/1238/1238 1236/1236/1236 1239/1239/1239
f 1242/1242/1242 1241/1241/1241 1240/1240/1240
f 1242/1242/1242 1240/1240/1240 1243/1243/1243
f 1246/1246/1246 1245/1245/1245 1244/1244/1244
f 1249/1249/1249 1248/1248/1248 1247/1247/1247
f 1252/1252/1252 1251/1251/1251 1250/1250/1250
f 1255/1255/1255 1254/1254/1254 1253/1253/1253
f 1258/1258/1258 1257/1257/1257 1256/1256/1256
f 1261/1261/1261 1260/1260/1260 1259/1259/1259
f 1264/1264/1264 1263/1263/1263 1262/1262/1262
f 1267/1267/1267 1266/1266/1266 1265/1265/1265
f 1270/1270/1270 1269/1269/1269 1268/1268/1268
f 1273/1273/1273 1272/1272/1272 1271/1271/1271
f 1273/1273/1273 1271/1271/1271 1274/1274/1274
f 1277/1277/1277 1276/1276/1276 1275/1275/1275
f 1277/1277/1277 1275/1275/1275 1278/1278/1278
f 1281/1281/1281 1280/1280/1280 1279/1279/1279
f 1281/1281/1281 1279/1279/1279 1282/1282/1282
f 1285/1285/1285 1284/1284/1284 1283/1283/1283
f 1285/1285/1285 1283/1283/1283 1286/1286/1286
f 1239/1239/1239 465/465/465 466/466/466
f 1239/1239/1239 466/466/466 1238/1238/1238
f 1289/1289/1289 1288/1288/1288 1287/1287/1287
f 1289/1289/1289 1287/1287/1287 1290/1290/1290
f 1293/1293/1293 1292/1292/1292 1291/1291/1291
f 1296/1296/1296 1295/1295/1295 1294/1294/1294
f 1299/1299/1299 1298/1298/1298 1297/1297/1297
f 1299/1299/1299 1297/1297/1297 1300/1300/1300
f 1303/1303/1303 1302/1302/1302 1301/1301/1301
f 1303/1303/1303 1301/1301/1301 1304/1304/1304
f 1307/1307/1307 1306/1306/1306 1305/1305/1305
f 1307/1307/1307 1305/1305/1305 1308/1308/1308
f 398/398/398 396/396/396 1309/1309/1309
f 1312/1312/1312 1311/1311/1311 1310/1310/1310
f 1312/1312/1312 1310/1310/1310 1313/1313/1313
f 1316/1316/1316 1315/1315/1315 1314/1314/1314
f 1316/1316/1316 1314/1314/1314 1317/1317/1317
f 1320/1320/1320 1319/1319/1319 1318/1318/1318
f 1320/1320/1320 1318/1318/1318 1321/1321/1321
f 1324/1324/1324 1323/1323/1323 1322/1322/1322
f 1324/1324/1324 1322/1322/1322 1325/1325/1325
f 1186/1186/1186 424/424/424 425/425/425
f 1186/1186/1186 425/425/425 1185/1185/1185
f 1328/1328/1328 1327/1327/1327 1326/1326/1326
f 1328/1328/1328 1326/1326/1326 1329/1329/1329
f 1332/1332/1332 1331/1331/1331 1330/1330/1330
f 1332/1332/1332 1330/1330/1330 1333/1333/1333
f 1336/1336/1336 1335/1335/1335 1334/1334/1334
f 1336/1336/1336 1334/1334/1334 1337/1337/1337
f 1340/1340/1340 1339/1339/1339 1338/1338/1338
f 1340/1340/1340 1338/1338/1338 1341/1341/1341
f 1344/1344/1344 1343/1343/1343 1342/1342/1342
f 1344/1344/1344 1342/1342/1342 1345/1345/1345
f 1348/1348/1348 1347/1347/1347 1346/1346/1346
f 1351/1351/1351 1350/1350/1350 1349/1349/1349
f 1351/1351/1351 1349/1349/1349 1352/1352/1352
f 1355/1355/1355 1354/1354/1354 1353/1353/1353
f 1358/1358/1358 1357/1357/1357 1356/1356/1356
f 1361/1361/1361 1360/1360/1360 1359/1359/1359
f 1361/1361/1361 1359/1359/1359 1362/1362/1362
f 1365/1365/1365 1364/1364/1364 1363/1363/1363
f 1365/1365/1365 1363/1363/1363 1366/1366/1366
f 1369/1369/1369 1368/1368/1368 1367/1367/1367
f 1369/1369/1369 1367/1367/1367 1370/1370/1370
f 1373/1373/1373 1372/1372/1372 1371/1371/1371
f 1373/1373/1373 1371/1371/1371 1374/1374/1374
f 1377/1377/1377 1376/1376/1376 1375/1375/1375
f 1377/1377/1377 1375/1375/1375 1378/1378/1378
f 1381/1381/1381 1380/1380/1380 1379/1379/1379
f 1384/1384/1384 1383/1383/1383 1382/1382/1382
f 1387/1387/1387 1386/1386/1386 1385/1385/1385
f 1387/1387/1387 1385/1385/1385 1388/1388/1388
f 1391/1391/1391 1390/1390/1390 1389/1389/1389
f 1391/1391/1391 1389/1389/1389 1392/1392/1392
f 1395/1395/1395 1394/1394/1394 1393/1393/1393
f 1398/1398/1398 1397/1397/1397 1396/1396/1396
f 1398/1398/1398 1396/1396/1396 1399/1399/1399
f 1402/1402/1402 1401/1401/1401 1400/1400/1400
f 1402/1402/1402 1400/1400/1400 1403/1403/1403
f 1406/1406/1406 1405/1405/1405 1404/1404/1404
f 1406/1406/1406 1404/1404/1404 1407/1407/1407
f 1410/1410/1410 1409/1409/1409 1408/1408/1408
f 1410/1410/1410 1408/1408/1408 1411/1411/1411
f 1412/1412/1412 968/968/968 969/969/969
f 1412/1412/1412 969/969/969 1413/1413/1413
f 1416/1416/1416 1415/1415/1415 1414/1414/1414
f 1416/1416/1416 1414/1414/1414 1417/1417/1417
f 1420/1420/1420 1419/1419/1419 1418/1418/1418
f 1420/1420/1420 1418/1418/1418 1421/1421/1421
f 1424/1424/1424 1423/1423/1423 1422/1422/1422
f 1424/1424/1424 1422/1422/1422 1425/1425/1425
f 1428/1428/1428 1427/1427/1427 1426/1426/1426
f 1428/1428/1428 1426/1426/1426 1429/1429/1429
f 1432/1432/1432 1431/1431/1431 1430/1430/1430
f 1432/1432/1432 1430/1430/1430 1433/1433/1433
f 1436/1436/1436 1435/1435/1435 1434/1434/1434
f 1439/1439/1439 1438/1438/1438 1437/1437/1437
f 1439/1439/1439 1437/1437/1437 1440/1440/1440
f 1443/1443/1443 1442/1442/1442 1441/1441/1441
f 1443/1443/1443 1441/1441/1441 1444/1444/1444
f 1447/1447/1447 1446/1446/1446 1445/1445/1445
f 1447/1447/1447 1445/1445/1445 1448/1448/1448
f 1451/1451/1451 1450/1450/1450 1449/1449/1449
f 1451/1451/1451 1449/1449/1449 1452/1452/1452
f 1413/1413/1413 1187/1187/1187 1188/1188/1188
f 1413/1413/1413 1188/1188/1188 1412/1412/1412
f 1455/1455/1455 1454/1454/1454 1453/1453/1453
f 1455/1455/1455 1453/1453/1453 1456/1456/1456
f 1459/1459/1459 1458/1458/1458 1457/1457/1457
f 1459/1459/1459 1457/1457/1457 1460/1460/1460
f 1463/1463/1463 1462/1462/1462 1461/1461/1461
f 1463/1463/1463 1461/1461/1461 1464/1464/1464
f 1467/1467/1467 1466/1466/1466 1465/1465/1465
f 1467/1467/1467 1465/1465/1465 1468/1468/1468
f 1471/1471/1471 1470/1470/1470 1469/1469/1469
f 1471/1471/1471 1469/1469/1469 1472/1472/1472
f 1213/1213/1213 1473/1473/1473 1212/1212/1212
f 1476/1476/1476 1475/1475/1475 1474/1474/1474
f 1476/1476/1476 1474/1474/1474 1477/1477/1477
f 1477/1477/1477 1474/1474/1474 1478/1478/1478
f 1346/1346/1346 1479/1479/1479 1348/1348/1348
f 1482/1482/1482 1481/1481/1481 1480/1480/1480
f 1485/1485/1485 1484/1484/1484 1483/1483/1483
f 1485/1485/1485 1483/1483/1483 1486/1486/1486
f 1489/1489/1489 1488/1488/1488 1487/1487/1487
f 1492/1492/1492 1491/1491/1491 1490/1490/1490
f 1495/1495/1495 1494/1494/1494 1493/1493/1493
f 1495/1495/1495 1493/1493/1493 1496/1496/1496
f 1237/1237/1237 1369/1369/1369 1370/1370/1370
f 1237/1237/1237 1370/1370/1370 1236/1236/1236
f 1499/1499/1499 1498/1498/1498 1497/1497/1497
f 1499/1499/1499 1497/1497/1497 1500/1500/1500
f 1503/1503/1503 1502/1502/1502 1501/1501/1501
f 1503/1503/1503 1501/1501/1501 1504/1504/1504
f 1507/1507/1507 1506/1506/1506 1505/1505/1505
f 1507/1507/1507 1505/1505/1505 1508/1508/1508
f 1511/1511/1511 1510/1510/1510 1509/1509/1509
f 1511/1511/1511 1509/1509/1509 1512/1512/1512
f 1515/1515/1515 1514/1514/1514 1513/1513/1513
f 1515/1515/1515 1513/1513/1513 1516/1516/1516
f 347/347/347 345/345/345 1517/1517/1517
f 1520/1520/1520 1519/1519/1519 1518/1518/1518
f 446/446/446 444/444/444 1521/1521/1521
f 1522/1522/1522 346/346/346 347/347/347
f 528/528/528 529/529/529 1523/1523/1523
f 1526/1526/1526 1525/1525/1525 1524/1524/1524
f 248/248/248 249/249/249 1527/1527/1527
f 1528/1528/1528 253/253/253 254/254/254
f 295/295/295 487/487/487 1529/1529/1529
f 1530/1530/1530 533/533/533 534/534/534
f 768/768/768 1532/1532/1532 1531/1531/1531
f 1535/1535/1535 1534/1534/1534 1533/1533/1533
f 723/723/723 721/721/721 1536/1536/1536
f 1537/1537/1537 1036/1036/1036 1037/1037/1037
f 580/580/580 1121/1121/1121 1538/1538/1538
f 1539/1539/1539 1079/1079/1079 1080/1080/1080
f 1542/1542/1542 1541/1541/1541 1540/1540/1540
f 1543/1543/1543 1269/1269/1269 1270/1270/1270
f 1430/1430/1430 1431/1431/1431 1544/1544/1544
f 1545/1545/1545 950/950/950 951/951/951
f 1547/1547/1547 1394/1394/1394 1546/1546/1546
f 1546/1546/1546 1394/1394/1394 1395/1395/1395
f 204/204/204 205/205/205 1548/1548/1548
f 1551/1551/1551 1550/1550/1550 1549/1549/1549
f 445/445/445 446/446/446 1552/1552/1552
f 1553/1553/1553 584/584/584 585/585/585
f 722/722/722 723/723/723 1554/1554/1554
f 776/776/776 777/777/777 1555/1555/1555
f 1556/1556/1556 685/685/685 686/686/686
f 1559/1559/1559 1558/1558/1558 1557/1557/1557
f 991/991/991 992/992/992 1560/1560/1560
f 862/862/862 863/863/863 1561/1561/1561
f 1165/1165/1165 1166/1166/1166 1562/1562/1562
f 1565/1565/1565 1564/1564/1564 1563/1563/1563
f 1347/1347/1347 1348/1348/1348 1566/1566/1566
f 1435/1435/1435 1436/1436/1436 1567/1567/1567
f 1570/1570/1570 1569/1569/1569 1568/1568/1568
f 1573/1573/1573 1572/1572/1572 1571/1571/1571
f 392/392/392 393/393/393 1574/1574/1574
f 572/572/572 1575/1575/1575 571/571/571
f 1076/1076/1076 1577/1577/1577 1576/1576/1576
f 824/824/824 1578/1578/1578 681/681/681
f 775/775/775 1579/1579/1579 777/777/777
f 902/902/902 903/903/903 1580/1580/1580
f 1035/1035/1035 1581/1581/1581 1037/1037/1037
f 990/990/990 1582/1582/1582 992/992/992
f 1585/1585/1585 1584/1584/1584 1583/1583/1583
f 1118/1118/1118 1586/1586/1586 1117/1117/1117
f 1208/1208/1208 1587/1587/1587 1207/1207/1207
f 1590/1590/1590 1589/1589/1589 1588/1588/1588
f 1593/1593/1593 1592/1592/1592 1591/1591/1591
f 1436/1436/1436 1434/1434/1434 1594/1594/1594
f 1469/1469/1469 1470/1470/1470 1595/1595/1595
f 1598/1598/1598 1597/1597/1597 1596/1596/1596
f 1601/1601/1601 1600/1600/1600 1599/1599/1599
f 1518/1518/1518 1519/1519/1519 1602/1602/1602
f 1605/1605/1605 1604/1604/1604 1603/1603/1603
f 1605/1605/1605 1603/1603/1603 1606/1606/1606
f 1609/1609/1609 1608/1608/1608 1607/1607/1607
f 1612/1612/1612 1611/1611/1611 1610/1610/1610
f 1615/1615/1615 1614/1614/1614 1613/1613/1613
f 1615/1615/1615 1613/1613/1613 1616/1616/1616
f 1619/1619/1619 1618/1618/1618 1617/1617/1617
f 1622/1622/1622 1621/1621/1621 1620/1620/1620
f 272/272/272 370/370/370 371/371/371
f 272/272/272 371/371/371 271/271/271
f 1625/1625/1625 1624/1624/1624 1623/1623/1623
f 1628/1628/1628 1627/1627/1627 1626/1626/1626
f 1631/1631/1631 1630/1630/1630 1629/1629/1629
f 1631/1631/1631 1629/1629/1629 1632/1632/1632
f 1635/1635/1635 1634/1634/1634 1633/1633/1633
f 1638/1638/1638 1637/1637/1637 1636/1636/1636
f 1641/1641/1641 1640/1640/1640 1639/1639/1639
f 1641/1641/1641 1639/1639/1639 1642/1642/1642
f 1643/1643/1643 1572/1572/1572 1573/1573/1573
f 1646/1646/1646 1645/1645/1645 1644/1644/1644
f 925/925/925 926/926/926 1647/1647/1647
f 1647/1647/1647 926/926/926 1648/1648/1648
f 1647/1647/1647 1648/1648/1648 1649/1649/1649
f 1649/1649/1649 1648/1648/1648 1650/1650/1650
f 1649/1649/1649 1650/1650/1650 1651/1651/1651
f 1651/1651/1651 1650/1650/1650 1652/1652/1652
f 1651/1651/1651 1652/1652/1652 1653/1653/1653
f 1653/1653/1653 1652/1652/1652 1654/1654/1654
f 1653/1653/1653 1654/1654/1654 1655/1655/1655
f 1655/1655/1655 1654/1654/1654 1656/1656/1656
f 1655/1655/1655 1656/1656/1656 1657/1657/1657
f 1657/1657/1657 1656/1656/1656 1658/1658/1658
f 1657/1657/1657 1658/1658/1658 1659/1659/1659
f 1659/1659/1659 1658/1658/1658 1660/1660/1660
f 1659/1659/1659 1660/1660/1660 1661/1661/1661
f 1661/1661/1661 1660/1660/1660 1662/1662/1662
f 1661/1661/1661 1662/1662/1662 1663/1663/1663
f 1663/1663/1663 1662/1662/1662 1664/1664/1664
f 1663/1663/1663 1664/1664/1664 1665/1665/1665
f 1665/1665/1665 1664/1664/1664 1666/1666/1666
f 1665/1665/1665 1666/1666/1666 1667/1667/1667
f 1667/1667/1667 1666/1666/1666 1668/1668/1668
f 1667/1667/1667 1668/1668/1668 1669/1669/1669
f 1669/1669/1669 1668/1668/1668 1670/1670/1670
f 1669/1669/1669 1670/1670/1670 1671/1671/1671
f 1671/1671/1671 1670/1670/1670 1672/1672/1672
f 1671/1671/1671 1672/1672/1672 1673/1673/1673
f 1673/1673/1673 1672/1672/1672 1674/1674/1674
f 1673/1673/1673 1674/1674/1674 1675/1675/1675
f 1675/1675/1675 1674/1674/1674 1676/1676/1676
f 1675/1675/1675 1676/1676/1676 1677/1677/1677
f 1677/1677/1677 1676/1676/1676 1678/1678/1678
f 1677/1677/1677 1678/1678/1678 1679/1679/1679
f 1679/1679/1679 1678/1678/1678 1680/1680/1680
f 1679/1679/1679 1680/1680/1680 1681/1681/1681
f 1681/1681/1681 1680/1680/1680 1682/1682/1682
f 1681/1681/1681 1682/1682/1682 1683/1683/1683
f 1683/1683/1683 1682/1682/1682 1684/1684/1684
f 1683/1683/1683 1684/1684/1684 1685/1685/1685
f 1685/1685/1685 1684/1684/1684 1686/1686/1686
f 1685/1685/1685 1686/1686/1686 1687/1687/1687
f 1687/1687/1687 1686/1686/1686 1688/1688/1688
f 1687/1687/1687 1688/1688/1688 1689/1689/1689
f 1689/1689/1689 1688/1688/1688 1690/1690/1690
f 1689/1689/1689 1690/1690/1690 1691/1691/1691
f 1691/1691/1691 1690/1690/1690 1692/1692/1692
f 1691/1691/1691 1692/1692/1692 1693/1693/1693
f 1693/1693/1693 1692/1692/1692 1694/1694/1694
f 1693/1693/1693 1694/1694/1694 1695/1695/1695
f 1695/1695/1695 1694/1694/1694 1696/1696/1696
f 1695/1695/1695 1696/1696/1696 1697/1697/1697
f 1697/1697/1697 1696/1696/1696 1698/1698/1698
f 1697/1697/1697 1698/1698/1698 1699/1699/1699
f 1699/1699/1699 1698/1698/1698 1700/1700/1700
f 1699/1699/1699 1700/1700/1700 1701/1701/1701
f 1701/1701/1701 1700/1700/1700 1702/1702/1702
f 1701/1701/1701 1702/1702/1702 1703/1703/1703
f 1703/1703/1703 1702/1702/1702 1704/1704/1704
f 1703/1703/1703 1704/1704/1704 1705/1705/1705
f 1705/1705/1705 1704/1704/1704 1706/1706/1706
f 1705/1705/1705 1706/1706/1706 1707/1707/1707
f 1707/1707/1707 1706/1706/1706 1708/1708/1708
f 1707/1707/1707 1708/1708/1708 1709/1709/1709
f 1709/1709/1709 1708/1708/1708 1710/1710/1710
f 1709/1709/1709 1710/1710/1710 1368/1368/1368
f 1368/1368/1368 1710/1710/1710 1367/1367/1367
f 1713/1713/1713 1712/1712/1712 1711/1711/1711
f 1711/1711/1711 1712/1712/1712 1714/1714/1714
f 1717/1717/1717 1716/1716/1716 1715/1715/1715
f 1715/1715/1715 1716/1716/1716 1718/1718/1718
f 1721/1721/1721 1720/1720/1720 1719/1719/1719
f 1719/1719/1719 1720/1720/1720 1722/1722/1722
f 1725/1725/1725 1724/1724/1724 1723/1723/1723
f 1728/1728/1728 1727/1727/1727 1726/1726/1726
f 1731/1731/1731 1730/1730/1730 1729/1729/1729
f 1729/1729/1729 1730/1730/1730 1732/1732/1732
f 1735/1735/1735 1734/1734/1734 1733/1733/1733
f 1733/1733/1733 1734/1734/1734 1736/1736/1736
f 1739/1739/1739 1738/1738/1738 1737/1737/1737
f 1737/1737/1737 1738/1738/1738 1740/1740/1740
f 1743/1743/1743 1742/1742/1742 1741/1741/1741
f 1741/1741/1741 1742/1742/1742 1744/1744/1744
f 1747/1747/1747 1746/1746/1746 1745/1745/1745
f 1745/1745/1745 1746/1746/1746 1748/1748/1748
f 1751/1751/1751 1750/1750/1750 1749/1749/1749
f 1749/1749/1749 1750/1750/1750 1752/1752/1752
f 1755/1755/1755 1754/1754/1754 1753/1753/1753
f 1753/1753/1753 1754/1754/1754 1756/1756/1756
f 1759/1759/1759 1758/1758/1758 1757/1757/1757
f 1757/1757/1757 1758/1758/1758 1760/1760/1760
f 1763/1763/1763 1762/1762/1762 1761/1761/1761
f 1761/1761/1761 1762/1762/1762 1764/1764/1764
f 1767/1767/1767 1766/1766/1766 1765/1765/1765
f 1770/1770/1770 1769/1769/1769 1768/1768/1768
f 1773/1773/1773 1772/1772/1772 1771/1771/1771
f 1771/1771/1771 1772/1772/1772 1774/1774/1774
f 1777/1777/1777 1776/1776/1776 1775/1775/1775
f 1775/1775/1775 1776/1776/1776 1778/1778/1778
f 1781/1781/1781 1780/1780/1780 1779/1779/1779
f 1784/1784/1784 1783/1783/1783 1782/1782/1782
f 1787/1787/1787 1786/1786/1786 1785/1785/1785
f 1785/1785/1785 1786/1786/1786 1788/1788/1788
f 1791/1791/1791 1790/1790/1790 1789/1789/1789
f 1794/1794/1794 1793/1793/1793 1792/1792/1792
f 1797/1797/1797 1796/1796/1796 1795/1795/1795
f 1795/1795/1795 1796/1796/1796 1798/1798/1798
f 1801/1801/1801 1800/1800/1800 1799/1799/1799
f 1799/1799/1799 1800/1800/1800 1802/1802/1802
f 1805/1805/1805 1804/1804/1804 1803/1803/1803
f 1803/1803/1803 1804/1804/1804 1806/1806/1806
f 1809/1809/1809 1808/1808/1808 1807/1807/1807
f 1807/1807/1807 1808/1808/1808 1810/1810/1810
f 1813/1813/1813 1812/1812/1812 1811/1811/1811
f 1811/1811/1811 1812/1812/1812 1814/1814/1814
f 1817/1817/1817 1816/1816/1816 1815/1815/1815
f 1815/1815/1815 1816/1816/1816 1818/1818/1818
f 1821/1821/1821 1820/1820/1820 1819/1819/1819
f 1819/1819/1819 1820/1820/1820 1822/1822/1822
f 1825/1825/1825 1824/1824/1824 1823/1823/1823
f 1823/1823/1823 1824/1824/1824 1826/1826/1826
f 1829/1829/1829 1828/1828/1828 1827/1827/1827
f 1827/1827/1827 1828/1828/1828 1830/1830/1830
f 1833/1833/1833 1832/1832/1832 1831/1831/1831
f 1836/1836/1836 1835/1835/1835 1834/1834/1834
f 1839/1839/1839 1838/1838/1838 1837/1837/1837
f 1842/1842/1842 1841/1841/1841 1840/1840/1840
f 1845/1845/1845 1844/1844/1844 1843/1843/1843
f 1843/1843/1843 1844/1844/1844 1846/1846/1846
f 1849/1849/1849 1848/1848/1848 1847/1847/1847
f 1847/1847/1847 1848/1848/1848 1850/1850/1850
f 1853/1853/1853 1852/1852/1852 1851/1851/1851
f 1851/1851/1851 1852/1852/1852 1854/1854/1854
f 1857/1857/1857 1856/1856/1856 1855/1855/1855
f 1860/1860/1860 1859/1859/1859 1858/1858/1858
f 1860/1860/1860 1858/1858/1858 1861/1861/1861
f 1864/1864/1864 1863/1863/1863 1862/1862/1862
f 1864/1864/1864 1862/1862/1862 1865/1865/1865
f 1868/1868/1868 1867/1867/1867 1866/1866/1866
f 1866/1866/1866 1867/1867/1867 1869/1869/1869
f 1872/1872/1872 1871/1871/1871 1870/1870/1870
f 1870/1870/1870 1871/1871/1871 1873/1873/1873
f 1876/1876/1876 1875/1875/1875 1874/1874/1874
f 1874/1874/1874 1875/1875/1875 1877/1877/1877
f 1880/1880/1880 1879/1879/1879 1878/1878/1878
f 1878/1878/1878 1879/1879/1879 1881/1881/1881
f 1884/1884/1884 1883/1883/1883 1882/1882/1882
f 1882/1882/1882 1883/1883/1883 1885/1885/1885
f 1888/1888/1888 1887/1887/1887 1886/1886/1886
f 1886/1886/1886 1887/1887/1887 1889/1889/1889
f 1892/1892/1892 1891/1891/1891 1890/1890/1890
f 1895/1895/1895 1894/1894/1894 1893/1893/1893
f 1898/1898/1898 1897/1897/1897 1896/1896/1896
f 1901/1901/1901 1900/1900/1900 1899/1899/1899
f 1904/1904/1904 1903/1903/1903 1902/1902/1902
f 1902/1902/1902 1903/1903/1903 1905/1905/1905
f 1908/1908/1908 1907/1907/1907 1906/1906/1906
f 1911/1911/1911 1910/1910/1910 1909/1909/1909
f 1914/1914/1914 1913/1913/1913 1912/1912/1912
f 1912/1912/1912 1913/1913/1913 1915/1915/1915
f 1918/1918/1918 1917/1917/1917 1916/1916/1916
f 1916/1916/1916 1917/1917/1917 1919/1919/1919
f 1922/1922/1922 1921/1921/1921 1920/1920/1920
f 1920/1920/1920 1921/1921/1921 1923/1923/1923
f 1926/1926/1926 1925/1925/1925 1924/1924/1924
f 1924/1924/1924 1925/1925/1925 1927/1927/1927
f 1930/1930/1930 1929/1929/1929 1928/1928/1928
f 1928/1928/1928 1929/1929/1929 1931/1931/1931
f 1934/1934/1934 1933/1933/1933 1932/1932/1932
f 1932/1932/1932 1933/1933/1933 1935/1935/1935
f 1938/1938/1938 1937/1937/1937 1936/1936/1936
f 1936/1936/1936 1937/1937/1937 1939/1939/1939
f 1942/1942/1942 1941/1941/1941 1940/1940/1940
f 1940/1940/1940 1941/1941/1941 1943/1943/1943
f 1946/1946/1946 1945/1945/1945 1944/1944/1944
f 1944/1944/1944 1945/1945/1945 1947/1947/1947
f 1950/1950/1950 1949/1949/1949 1948/1948/1948
f 1953/1953/1953 1952/1952/1952 1951/1951/1951
f 1956/1956/1956 1955/1955/1955 1954/1954/1954
f 1954/1954/1954 1955/1955/1955 1957/1957/1957
f 1960/1960/1960 1959/1959/1959 1958/1958/1958
f 1958/1958/1958 1959/1959/1959 1961/1961/1961
f 1964/1964/1964 1963/1963/1963 1962/1962/1962
f 1967/1967/1967 1966/1966/1966 1965/1965/1965
f 1970/1970/1970 1969/1969/1969 1968/1968/1968
f 1968/1968/1968 1969/1969/1969 1971/1971/1971
f 1974/1974/1974 1973/1973/1973 1972/1972/1972
f 1977/1977/1977 1976/1976/1976 1975/1975/1975
f 1980/1980/1980 1979/1979/1979 1978/1978/1978
f 1983/1983/1983 1982/1982/1982 1981/1981/1981
f 1986/1986/1986 1985/1985/1985 1984/1984/1984
f 1984/1984/1984 1985/1985/1985 1987/1987/1987
f 1990/1990/1990 1989/1989/1989 1988/1988/1988
f 1988/1988/1988 1989/1989/1989 1991/1991/1991
f 1994/1994/1994 1993/1993/1993 1992/1992/1992
f 1992/1992/1992 1993/1993/1993 1995/1995/1995
f 1998/1998/1998 1997/1997/1997 1996/1996/1996
f 1996/1996/1996 1997/1997/1997 1999/1999/1999
f 2002/2002/2002 2001/2001/2001 2000/2000/2000
f 2000/2000/2000 2001/2001/2001 2003/2003/2003
f 2006/2006/2006 2005/2005/2005 2004/2004/2004
f 2004/2004/2004 2005/2005/2005 2007/2007/2007
f 2010/2010/2010 2009/2009/2009 2008/2008/2008
f 2008/2008/2008 2009/2009/2009 2011/2011/2011
f 2014/2014/2014 2013/2013/2013 2012/2012/2012
f 2012/2012/2012 2013/2013/2013 2015/2015/2015
f 2018/2018/2018 2017/2017/2017 2016/2016/2016
f 2021/2021/2021 2020/2020/2020 2019/2019/2019
f 2024/2024/2024 2023/2023/2023 2022/2022/2022
f 2022/2022/2022 2023/2023/2023 2025/2025/2025
f 2028/2028/2028 2027/2027/2027 2026/2026/2026
f 2031/2031/2031 2030/2030/2030 2029/2029/2029
f 2034/2034/2034 2033/2033/2033 2032/2032/2032
f 2032/2032/2032 2033/2033/2033 2035/2035/2035
f 2038/2038/2038 2037/2037/2037 2036/2036/2036
f 2036/2036/2036 2037/2037/2037 2039/2039/2039
f 2042/2042/2042 2041/2041/2041 2040/2040/2040
f 2040/2040/2040 2041/2041/2041 2043/2043/2043
f 2046/2046/2046 2045/2045/2045 2044/2044/2044
f 2049/2049/2049 2048/2048/2048 2047/2047/2047
f 2052/2052/2052 2051/2051/2051 2050/2050/2050
f 2055/2055/2055 2054/2054/2054 2053/2053/2053
f 2058/2058/2058 2057/2057/2057 2056/2056/2056
f 2056/2056/2056 2057/2057/2057 2059/2059/2059
f 2062/2062/2062 2061/2061/2061 2060/2060/2060
f 2060/2060/2060 2061/2061/2061 2063/2063/2063
f 2066/2066/2066 2065/2065/2065 2064/2064/2064
f 2064/2064/2064 2065/2065/2065 2067/2067/2067
f 2070/2070/2070 2069/2069/2069 2068/2068/2068
f 2073/2073/2073 2072/2072/2072 2071/2071/2071
f 2076/2076/2076 2075/2075/2075 2074/2074/2074
f 2074/2074/2074 2075/2075/2075 2077/2077/2077
f 2080/2080/2080 2079/2079/2079 2078/2078/2078
f 2078/2078/2078 2079/2079/2079 2081/2081/2081
f 2084/2084/2084 2083/2083/2083 2082/2082/2082
f 2082/2082/2082 2083/2083/2083 2085/2085/2085
f 2088/2088/2088 2087/2087/2087 2086/2086/2086
f 2086/2086/2086 2087/2087/2087 2089/2089/2089
f 2092/2092/2092 2091/2091/2091 2090/2090/2090
f 2090/2090/2090 2091/2091/2091 2093/2093/2093
f 2096/2096/2096 2095/2095/2095 2094/2094/2094
f 2094/2094/2094 2095/2095/2095 2097/2097/2097
f 2100/2100/2100 2099/2099/2099 2098/2098/2098
f 2098/2098/2098 2099/2099/2099 2101/2101/2101
f 2104/2104/2104 2103/2103/2103 2102/2102/2102
f 2102/2102/2102 2103/2103/2103 2105/2105/2105
f 2108/2108/2108 2107/2107/2107 2106/2106/2106
f 2106/2106/2106 2107/2107/2107 2109/2109/2109
f 2112/2112/2112 2111/2111/2111 2110/2110/2110
f 2110/2110/2110 2111/2111/2111 2113/2113/2113
f 2116/2116/2116 2115/2115/2115 2114/2114/2114
f 2114/2114/2114 2115/2115/2115 2117/2117/2117
f 2120/2120/2120 2119/2119/2119 2118/2118/2118
f 2123/2123/2123 2122/2122/2122 2121/2121/2121
f 2126/2126/2126 2125/2125/2125 2124/2124/2124
f 2126/2126/2126 2124/2124/2124 2127/2127/2127
f 2130/2130/2130 2129/2129/2129 2128/2128/2128
f 2128/2128/2128 2129/2129/2129 2131/2131/2131
f 2134/2134/2134 2133/2133/2133 2132/2132/2132
f 2132/2132/2132 2133/2133/2133 2135/2135/2135
f 2138/2138/2138 2137/2137/2137 2136/2136/2136
f 2136/2136/2136 2137/2137/2137 2139/2139/2139
f 2142/2142/2142 2141/2141/2141 2140/2140/2140
f 2140/2140/2140 2141/2141/2141 2143/2143/2143
f 2146/2146/2146 2145/2145/2145 2144/2144/2144
f 2144/2144/2144 2145/2145/2145 2147/2147/2147
f 2150/2150/2150 2149/2149/2149 2148/2148/2148
f 2153/2153/2153 2152/2152/2152 2151/2151/2151
f 2156/2156/2156 2155/2155/2155 2154/2154/2154
f 2159/2159/2159 2158/2158/2158 2157/2157/2157
f 2162/2162/2162 2161/2161/2161 2160/2160/2160
f 2165/2165/2165 2164/2164/2164 2163/2163/2163
f 2168/2168/2168 2167/2167/2167 2166/2166/2166
f 2166/2166/2166 2167/2167/2167 2169/2169/2169
f 2172/2172/2172 2171/2171/2171 2170/2170/2170
f 2175/2175/2175 2174/2174/2174 2173/2173/2173
f 2178/2178/2178 2177/2177/2177 2176/2176/2176
f 2181/2181/2181 2180/2180/2180 2179/2179/2179
f 2184/2184/2184 2183/2183/2183 2182/2182/2182
f 2182/2182/2182 2183/2183/2183 2185/2185/2185
f 2188/2188/2188 2187/2187/2187 2186/2186/2186
f 2186/2186/2186 2187/2187/2187 2189/2189/2189
f 2192/2192/2192 2191/2191/2191 2190/2190/2190
f 2190/2190/2190 2191/2191/2191 2193/2193/2193
f 2196/2196/2196 2195/2195/2195 2194/2194/2194
f 2194/2194/2194 2195/2195/2195 2197/2197/2197
f 2200/2200/2200 2199/2199/2199 2198/2198/2198
f 2198/2198/2198 2199/2199/2199 2201/2201/2201
f 2204/2204/2204 2203/2203/2203 2202/2202/2202
f 2202/2202/2202 2203/2203/2203 2205/2205/2205
f 2208/2208/2208 2207/2207/2207 2206/2206/2206
f 2206/2206/2206 2207/2207/2207 2209/2209/2209
f 2212/2212/2212 2211/2211/2211 2210/2210/2210
f 2210/2210/2210 2211/2211/2211 2213/2213/2213
f 2216/2216/2216 2215/2215/2215 2214/2214/2214
f 2214/2214/2214 2215/2215/2215 2217/2217/2217
f 2220/2220/2220 2219/2219/2219 2218/2218/2218
f 2218/2218/2218 2219/2219/2219 2221/2221/2221
f 2224/2224/2224 2223/2223/2223 2222/2222/2222
f 2222/2222/2222 2223/2223/2223 2225/2225/2225
f 2228/2228/2228 2227/2227/2227 2226/2226/2226
f 2231/2231/2231 2230/2230/2230 2229/2229/2229
f 2234/2234/2234 2233/2233/2233 2232/2232/2232
f 2237/2237/2237 2236/2236/2236 2235/2235/2235
f 2240/2240/2240 2239/2239/2239 2238/2238/2238
f 2243/2243/2243 2242/2242/2242 2241/2241/2241
f 2246/2246/2246 2245/2245/2245 2244/2244/2244
f 2249/2249/2249 2248/2248/2248 2247/2247/2247
f 2252/2252/2252 2251/2251/2251 2250/2250/2250
f 2250/2250/2250 2251/2251/2251 2253/2253/2253
f 2256/2256/2256 2255/2255/2255 2254/2254/2254
f 2254/2254/2254 2255/2255/2255 2257/2257/2257
f 2260/2260/2260 2259/2259/2259 2258/2258/2258
f 2258/2258/2258 2259/2259/2259 2261/2261/2261
f 2264/2264/2264 2263/2263/2263 2262/2262/2262
f 2262/2262/2262 2263/2263/2263 2265/2265/2265
f 2268/2268/2268 2267/2267/2267 2266/2266/2266
f 2266/2266/2266 2267/2267/2267 2269/2269/2269
f 2272/2272/2272 2271/2271/2271 2270/2270/2270
f 2270/2270/2270 2271/2271/2271 2273/2273/2273
f 2276/2276/2276 2275/2275/2275 2274/2274/2274
f 2274/2274/2274 2275/2275/2275 2277/2277/2277
f 2280/2280/2280 2279/2279/2279 2278/2278/2278
f 2278/2278/2278 2279/2279/2279 2281/2281/2281
f 2284/2284/2284 2283/2283/2283 2282/2282/2282
f 2282/2282/2282 2283/2283/2283 2285/2285/2285
f 2288/2288/2288 2287/2287/2287 2286/2286/2286
f 2291/2291/2291 2290/2290/2290 2289/2289/2289
f 2294/2294/2294 2293/2293/2293 2292/2292/2292
f 2297/2297/2297 2296/2296/2296 2295/2295/2295
f 2300/2300/2300 2299/2299/2299 2298/2298/2298
f 2303/2303/2303 2302/2302/2302 2301/2301/2301
f 2306/2306/2306 2305/2305/2305 2304/2304/2304
f 2304/2304/2304 2305/2305/2305 2307/2307/2307
f 2310/2310/2310 2309/2309/2309 2308/2308/2308
f 2308/2308/2308 2309/2309/2309 2311/2311/2311
f 2314/2314/2314 2313/2313/2313 2312/2312/2312
f 2312/2312/2312 2313/2313/2313 2315/2315/2315
f 2318/2318/2318 2317/2317/2317 2316/2316/2316
f 2316/2316/2316 2317/2317/2317 2319/2319/2319
f 2322/2322/2322 2321/2321/2321 2320/2320/2320
f 2320/2320/2320 2321/2321/2321 2323/2323/2323
f 2326/2326/2326 2325/2325/2325 2324/2324/2324
f 2324/2324/2324 2325/2325/2325 2327/2327/2327
f 2330/2330/2330 2329/2329/2329 2328/2328/2328
f 2328/2328/2328 2329/2329/2329 2331/2331/2331
f 2334/2334/2334 2333/2333/2333 2332/2332/2332
f 2332/2332/2332 2333/2333/2333 2335/2335/2335
f 2338/2338/2338 2337/2337/2337 2336/2336/2336
f 2336/2336/2336 2337/2337/2337 2339/2339/2339
f 2342/2342/2342 2341/2341/2341 2340/2340/2340
f 2340/2340/2340 2341/2341/2341 2343/2343/2343
f 2346/2346/2346 2345/2345/2345 2344/2344/2344
f 2344/2344/2344 2345/2345/2345 2347/2347/2347
f 2350/2350/2350 2349/2349/2349 2348/2348/2348
f 2348/2348/2348 2349/2349/2349 2351/2351/2351
f 2354/2354/2354 2353/2353/2353 2352/2352/2352
f 2352/2352/2352 2353/2353/2353 2355/2355/2355
f 2358/2358/2358 2357/2357/2357 2356/2356/2356
f 2356/2356/2356 2357/2357/2357 2359/2359/2359
f 2362/2362/2362 2361/2361/2361 2360/2360/2360
f 2360/2360/2360 2361/2361/2361 2363/2363/2363
f 2366/2366/2366 2365/2365/2365 2364/2364/2364
f 2364/2364/2364 2365/2365/2365 2367/2367/2367
f 2370/2370/2370 2369/2369/2369 2368/2368/2368
f 2368/2368/2368 2369/2369/2369 2371/2371/2371
f 2374/2374/2374 2373/2373/2373 2372/2372/2372
f 2372/2372/2372 2373/2373/2373 2375/2375/2375
f 2378/2378/2378 2377/2377/2377 2376/2376/2376
f 2376/2376/2376 2377/2377/2377 2379/2379/2379
f 2382/2382/2382 2381/2381/2381 2380/2380/2380
f 2380/2380/2380 2381/2381/2381 2383/2383/2383
f 2386/2386/2386 2385/2385/2385 2384/2384/2384
f 2384/2384/2384 2385/2385/2385 2387/2387/2387
f 2390/2390/2390 2389/2389/2389 2388/2388/2388
f 2388/2388/2388 2389/2389/2389 2391/2391/2391
f 2394/2394/2394 2393/2393/2393 2392/2392/2392
f 2397/2397/2397 2396/2396/2396 2395/2395/2395
f 2400/2400/2400 2399/2399/2399 2398/2398/2398
f 2403/2403/2403 2402/2402/2402 2401/2401/2401
f 2406/2406/2406 2405/2405/2405 2404/2404/2404
f 2409/2409/2409 2408/2408/2408 2407/2407/2407
f 2412/2412/2412 2411/2411/2411 2410/2410/2410
f 2410/2410/2410 2411/2411/2411 2413/2413/2413
f 2416/2416/2416 2415/2415/2415 2414/2414/2414
f 2414/2414/2414 2415/2415/2415 2417/2417/2417
f 2420/2420/2420 2419/2419/2419 2418/2418/2418
f 2418/2418/2418 2419/2419/2419 2421/2421/2421
f 2424/2424/2424 2423/2423/2423 2422/2422/2422
f 2422/2422/2422 2423/2423/2423 2425/2425/2425
f 2428/2428/2428 2427/2427/2427 2426/2426/2426
f 2431/2431/2431 2430/2430/2430 2429/2429/2429
f 2434/2434/2434 2433/2433/2433 2432/2432/2432
f 2432/2432/2432 2433/2433/2433 2435/2435/2435
f 2438/2438/2438 2437/2437/2437 2436/2436/2436
f 2441/2441/2441 2440/2440/2440 2439/2439/2439
f 2444/2444/2444 2443/2443/2443 2442/2442/2442
f 2442/2442/2442 2443/2443/2443 2445/2445/2445
f 2448/2448/2448 2447/2447/2447 2446/2446/2446
f 2446/2446/2446 2447/2447/2447 2449/2449/2449
f 2452/2452/2452 2451/2451/2451 2450/2450/2450
f 2450/2450/2450 2451/2451/2451 2453/2453/2453
f 2456/2456/2456 2455/2455/2455 2454/2454/2454
f 2454/2454/2454 2455/2455/2455 2457/2457/2457
f 2460/2460/2460 2459/2459/2459 2458/2458/2458
f 2458/2458/2458 2459/2459/2459 2461/2461/2461
f 2464/2464/2464 2463/2463/2463 2462/2462/2462
f 2462/2462/2462 2463/2463/2463 2465/2465/2465
f 2468/2468/2468 2467/2467/2467 2466/2466/2466
f 2466/2466/2466 2467/2467/2467 2469/2469/2469
f 2472/2472/2472 2471/2471/2471 2470/2470/2470
f 2470/2470/2470 2471/2471/2471 2473/2473/2473
f 2476/2476/2476 2475/2475/2475 2474/2474/2474
f 2479/2479/2479 2478/2478/2478 2477/2477/2477
f 2482/2482/2482 2481/2481/2481 2480/2480/2480
f 2480/2480/2480 2481/2481/2481 2483/2483/2483
f 2486/2486/2486 2485/2485/2485 2484/2484/2484
f 2489/2489/2489 2488/2488/2488 2487/2487/2487
f 2492/2492/2492 2491/2491/2491 2490/2490/2490
f 2490/2490/2490 2491/2491/2491 2493/2493/2493
f 2496/2496/2496 2495/2495/2495 2494/2494/2494
f 2494/2494/2494 2495/2495/2495 2497/2497/2497
f 2500/2500/2500 2499/2499/2499 2498/2498/2498
f 2503/2503/2503 2502/2502/2502 2501/2501/2501
f 2506/2506/2506 2505/2505/2505 2504/2504/2504
f 2504/2504/2504 2505/2505/2505 2507/2507/2507
f 2510/2510/2510 2509/2509/2509 2508/2508/2508
f 2513/2513/2513 2512/2512/2512 2511/2511/2511
f 2516/2516/2516 2515/2515/2515 2514/2514/2514
f 2514/2514/2514 2515/2515/2515 2517/2517/2517
f 2520/2520/2520 2519/2519/2519 2518/2518/2518
f 2518/2518/2518 2519/2519/2519 2521/2521/2521
f 2524/2524/2524 2523/2523/2523 2522/2522/2522
f 2522/2522/2522 2523/2523/2523 2525/2525/2525
f 2528/2528/2528 2527/2527/2527 2526/2526/2526
f 2531/2531/2531 2530/2530/2530 2529/2529/2529
f 2534/2534/2534 2533/2533/2533 2532/2532/2532
f 2537/2537/2537 2536/2536/2536 2535/2535/2535
f 2540/2540/2540 2539/2539/2539 2538/2538/2538
f 2538/2538/2538 2539/2539/2539 2541/2541/2541
f 2544/2544/2544 2543/2543/2543 2542/2542/2542
f 2542/2542/2542 2543/2543/2543 2545/2545/2545
f 2548/2548/2548 2547/2547/2547 2546/2546/2546
f 2546/2546/2546 2547/2547/2547 2549/2549/2549
f 2552/2552/2552 2551/2551/2551 2550/2550/2550
f 2555/2555/2555 2554/2554/2554 2553/2553/2553
f 2558/2558/2558 2557/2557/2557 2556/2556/2556
f 2556/2556/2556 2557/2557/2557 2559/2559/2559
f 2562/2562/2562 2561/2561/2561 2560/2560/2560
f 2560/2560/2560 2561/2561/2561 2563/2563/2563
f 2566/2566/2566 2565/2565/2565 2564/2564/2564
f 2564/2564/2564 2565/2565/2565 2567/2567/2567
f 2570/2570/2570 2569/2569/2569 2568/2568/2568
f 2568/2568/2568 2569/2569/2569 2571/2571/2571
f 2574/2574/2574 2573/2573/2573 2572/2572/2572
f 2572/2572/2572 2573/2573/2573 2575/2575/2575
f 2578/2578/2578 2577/2577/2577 2576/2576/2576
f 2576/2576/2576 2577/2577/2577 2579/2579/2579
f 2582/2582/2582 2581/2581/2581 2580/2580/2580
f 2585/2585/2585 2584/2584/2584 2583/2583/2583
f 2588/2588/2588 2587/2587/2587 2586/2586/2586
f 2591/2591/2591 2590/2590/2590 2589/2589/2589
f 2594/2594/2594 2593/2593/2593 2592/2592/2592
f 2592/2592/2592 2593/2593/2593 2595/2595/2595
f 2598/2598/2598 2597/2597/2597 2596/2596/2596
f 2601/2601/2601 2600/2600/2600 2599/2599/2599
f 2604/2604/2604 2603/2603/2603 2602/2602/2602
f 2607/2607/2607 2606/2606/2606 2605/2605/2605
f 2610/2610/2610 2609/2609/2609 2608/2608/2608
f 2608/2608/2608 2609/2609/2609 2611/2611/2611
f 2614/2614/2614 2613/2613/2613 2612/2612/2612
f 2612/2612/2612 2613/2613/2613 2615/2615/2615
f 2618/2618/2618 2617/2617/2617 2616/2616/2616
f 2621/2621/2621 2620/2620/2620 2619/2619/2619
f 2624/2624/2624 2623/2623/2623 2622/2622/2622
f 2627/2627/2627 2626/2626/2626 2625/2625/2625
f 2630/2630/2630 2629/2629/2629 2628/2628/2628
f 2633/2633/2633 2632/2632/2632 2631/2631/2631
f 2636/2636/2636 2635/2635/2635 2634/2634/2634
f 2634/2634/2634 2635/2635/2635 2637/2637/2637
f 2640/2640/2640 2639/2639/2639 2638/2638/2638
f 2638/2638/2638 2639/2639/2639 2641/2641/2641
f 2644/2644/2644 2643/2643/2643 2642/2642/2642
f 2642/2642/2642 2643/2643/2643 2645/2645/2645
f 2648/2648/2648 2647/2647/2647 2646/2646/2646
f 2646/2646/2646 2647/2647/2647 2649/2649/2649
f 2652/2652/2652 2651/2651/2651 2650/2650/2650
f 2650/2650/2650 2651/2651/2651 2653/2653/2653
f 2656/2656/2656 2655/2655/2655 2654/2654/2654
f 2654/2654/2654 2655/2655/2655 2657/2657/2657
f 2660/2660/2660 2659/2659/2659 2658/2658/2658
f 2658/2658/2658 2659/2659/2659 2661/2661/2661
f 2664/2664/2664 2663/2663/2663 2662/2662/2662
f 2667/2667/2667 2666/2666/2666 2665/2665/2665
f 2670/2670/2670 2669/2669/2669 2668/2668/2668
f 2673/2673/2673 2672/2672/2672 2671/2671/2671
f 2676/2676/2676 2675/2675/2675 2674/2674/2674
f 2674/2674/2674 2675/2675/2675 2677/2677/2677
f 2680/2680/2680 2679/2679/2679 2678/2678/2678
f 2678/2678/2678 2679/2679/2679 2681/2681/2681
f 2684/2684/2684 2683/2683/2683 2682/2682/2682
f 2687/2687/2687 2686/2686/2686 2685/2685/2685
f 2690/2690/2690 2689/2689/2689 2688/2688/2688
f 2688/2688/2688 2689/2689/2689 2691/2691/2691
f 2694/2694/2694 2693/2693/2693 2692/2692/2692
f 2697/2697/2697 2696/2696/2696 2695/2695/2695
f 2700/2700/2700 2699/2699/2699 2698/2698/2698
f 2703/2703/2703 2702/2702/2702 2701/2701/2701
f 2706/2706/2706 2705/2705/2705 2704/2704/2704
f 2704/2704/2704 2705/2705/2705 2707/2707/2707
f 2710/2710/2710 2709/2709/2709 2708/2708/2708
f 2713/2713/2713 2712/2712/2712 2711/2711/2711
f 2716/2716/2716 2715/2715/2715 2714/2714/2714
f 2719/2719/2719 2718/2718/2718 2717/2717/2717
f 2722/2722/2722 2721/2721/2721 2720/2720/2720
f 2720/2720/2720 2721/2721/2721 2723/2723/2723
f 2726/2726/2726 2725/2725/2725 2724/2724/2724
f 2724/2724/2724 2725/2725/2725 2727/2727/2727
f 2730/2730/2730 2729/2729/2729 2728/2728/2728
f 2728/2728/2728 2729/2729/2729 2731/2731/2731
f 2734/2734/2734 2733/2733/2733 2732/2732/2732
f 2737/2737/2737 2736/2736/2736 2735/2735/2735
f 2740/2740/2740 2739/2739/2739 2738/2738/2738
f 2743/2743/2743 2742/2742/2742 2741/2741/2741
f 2743/2743/2743 2741/2741/2741 2744/2744/2744
f 2747/2747/2747 2746/2746/2746 2745/2745/2745
f 2750/2750/2750 2749/2749/2749 2748/2748/2748
f 2750/2750/2750 2748/2748/2748 2751/2751/2751
f 2754/2754/2754 2753/2753/2753 2752/2752/2752
f 2754/2754/2754 2752/2752/2752 2755/2755/2755
f 2758/2758/2758 2757/2757/2757 2756/2756/2756
f 2761/2761/2761 2760/2760/2760 2759/2759/2759
f 2761/2761/2761 2759/2759/2759 2762/2762/2762
f 2765/2765/2765 2764/2764/2764 2763/2763/2763
f 2765/2765/2765 2763/2763/2763 2766/2766/2766
f 2769/2769/2769 2768/2768/2768 2767/2767/2767
f 2771/2771/2771 2770/2770/2770 129/129/129
f 2771/2771/2771 129/129/129 127/127/127
f 2774/2774/2774 2773/2773/2773 2772/2772/2772
f 2772/2772/2772 2773/2773/2773 2775/2775/2775
f 2778/2778/2778 2777/2777/2777 2776/2776/2776
f 2776/2776/2776 2777/2777/2777 2779/2779/2779
f 2782/2782/2782 2781/2781/2781 2780/2780/2780
f 147/147/147 2784/2784/2784 2783/2783/2783
f 2787/2787/2787 2786/2786/2786 2785/2785/2785
f 2787/2787/2787 2785/2785/2785 2788/2788/2788
f 2788/2788/2788 2785/2785/2785 2789/2789/2789
f 2792/2792/2792 2791/2791/2791 2790/2790/2790
f 2790/2790/2790 2791/2791/2791 2793/2793/2793
f 2796/2796/2796 2795/2795/2795 2794/2794/2794
f 2794/2794/2794 2795/2795/2795 2797/2797/2797
f 2800/2800/2800 2799/2799/2799 2798/2798/2798
f 2803/2803/2803 2802/2802/2802 2801/2801/2801
f 2801/2801/2801 2802/2802/2802 2804/2804/2804
f 2807/2807/2807 2806/2806/2806 2805/2805/2805
f 2805/2805/2805 2806/2806/2806 2808/2808/2808
f 2811/2811/2811 2810/2810/2810 2809/2809/2809
f 2809/2809/2809 2810/2810/2810 2812/2812/2812
f 2815/2815/2815 2814/2814/2814 2813/2813/2813
f 2818/2818/2818 2817/2817/2817 2816/2816/2816
f 2821/2821/2821 2820/2820/2820 2819/2819/2819
f 2819/2819/2819 2820/2820/2820 2822/2822/2822
f 2825/2825/2825 2824/2824/2824 2823/2823/2823
f 2823/2823/2823 2824/2824/2824 2826/2826/2826
f 2829/2829/2829 2828/2828/2828 2827/2827/2827
f 2832/2832/2832 2831/2831/2831 2830/2830/2830
f 2835/2835/2835 2834/2834/2834 2833/2833/2833
f 2833/2833/2833 2834/2834/2834 2836/2836/2836
f 2839/2839/2839 2838/2838/2838 2837/2837/2837
f 2837/2837/2837 2838/2838/2838 2840/2840/2840
f 2843/2843/2843 2842/2842/2842 2841/2841/2841
f 2846/2846/2846 2845/2845/2845 2844/2844/2844
f 2849/2849/2849 2848/2848/2848 2847/2847/2847
f 2847/2847/2847 2848/2848/2848 2850/2850/2850
f 2853/2853/2853 2852/2852/2852 2851/2851/2851
f 2851/2851/2851 2852/2852/2852 2854/2854/2854
f 2857/2857/2857 2856/2856/2856 2855/2855/2855
f 2855/2855/2855 2856/2856/2856 2858/2858/2858
f 2861/2861/2861 2860/2860/2860 2859/2859/2859
f 2859/2859/2859 2860/2860/2860 2862/2862/2862
f 2865/2865/2865 2864/2864/2864 2863/2863/2863
f 2863/2863/2863 2864/2864/2864 2866/2866/2866
f 2869/2869/2869 2868/2868/2868 2867/2867/2867
f 2867/2867/2867 2868/2868/2868 2870/2870/2870
f 2873/2873/2873 2872/2872/2872 2871/2871/2871
f 2871/2871/2871 2872/2872/2872 2874/2874/2874
f 2877/2877/2877 2876/2876/2876 2875/2875/2875
f 2875/2875/2875 2876/2876/2876 2878/2878/2878
f 2881/2881/2881 2880/2880/2880 2879/2879/2879
f 2879/2879/2879 2880/2880/2880 2882/2882/2882
f 2885/2885/2885 2884/2884/2884 2883/2883/2883
f 2883/2883/2883 2884/2884/2884 2886/2886/2886
f 2889/2889/2889 2888/2888/2888 2887/2887/2887
f 2887/2887/2887 2888/2888/2888 2890/2890/2890
f 2893/2893/2893 2892/2892/2892 2891/2891/2891
f 2891/2891/2891 2892/2892/2892 2894/2894/2894
f 2897/2897/2897 2896/2896/2896 2895/2895/2895
f 2900/2900/2900 2899/2899/2899 2898/2898/2898
f 2901/2901/2901 2122/2122/2122 2123/2123/2123
f 2772/2772/2772 2902/2902/2902 2774/2774/2774
f 2905/2905/2905 2904/2904/2904 2903/2903/2903
f 2908/2908/2908 2907/2907/2907 2906/2906/2906
f 2910/2910/2910 2909/2909/2909 2903/2903/2903
f 2910/2910/2910 2903/2903/2903 2904/2904/2904
f 2913/2913/2913 2912/2912/2912 2911/2911/2911
f 2911/2911/2911 2912/2912/2912 2914/2914/2914
f 2911/2911/2911 2914/2914/2914 2915/2915/2915
f 2918/2918/2918 2917/2917/2917 2916/2916/2916
f 2798/2798/2798 2920/2920/2920 2919/2919/2919
f 2923/2923/2923 2922/2922/2922 2921/2921/2921
f 2923/2923/2923 2921/2921/2921 2924/2924/2924
f 2924/2924/2924 2921/2921/2921 2925/2925/2925
f 2928/2928/2928 2927/2927/2927 2926/2926/2926
f 2926/2926/2926 2927/2927/2927 2929/2929/2929
f 2932/2932/2932 2931/2931/2931 2930/2930/2930
f 2930/2930/2930 2931/2931/2931 2933/2933/2933
f 2936/2936/2936 2935/2935/2935 2934/2934/2934
f 2939/2939/2939 2938/2938/2938 2937/2937/2937
f 2937/2937/2937 2938/2938/2938 2940/2940/2940
f 2943/2943/2943 2942/2942/2942 2941/2941/2941
f 2941/2941/2941 2942/2942/2942 2944/2944/2944
f 2947/2947/2947 2946/2946/2946 2945/2945/2945
f 2950/2950/2950 2949/2949/2949 2948/2948/2948
f 2953/2953/2953 2952/2952/2952 2951/2951/2951
f 2956/2956/2956 2955/2955/2955 2954/2954/2954
f 2959/2959/2959 2958/2958/2958 2957/2957/2957
f 2962/2962/2962 2961/2961/2961 2960/2960/2960
f 2962/2962/2962 2960/2960/2960 2963/2963/2963
f 2963/2963/2963 2960/2960/2960 2964/2964/2964
f 2967/2967/2967 2966/2966/2966 2965/2965/2965
f 2965/2965/2965 2966/2966/2966 2968/2968/2968
f 2970/2970/2970 2969/2969/2969 2908/2908/2908
f 1591/1591/1591 1592/1592/1592 2971/2971/2971
f 2974/2974/2974 2973/2973/2973 2972/2972/2972
f 2974/2974/2974 2972/2972/2972 2975/2975/2975
f 2978/2978/2978 2977/2977/2977 2976/2976/2976
f 2978/2978/2978 2976/2976/2976 2979/2979/2979
f 2982/2982/2982 2981/2981/2981 2980/2980/2980
f 2985/2985/2985 2984/2984/2984 2983/2983/2983
f 2985/2985/2985 2983/2983/2983 2986/2986/2986
f 2989/2989/2989 2988/2988/2988 2987/2987/2987
f 2989/2989/2989 2987/2987/2987 2990/2990/2990
f 2945/2945/2945 2992/2992/2992 2991/2991/2991
f 2995/2995/2995 2994/2994/2994 2993/2993/2993
f 2995/2995/2995 2993/2993/2993 2996/2996/2996
f 2996/2996/2996 2993/2993/2993 2997/2997/2997
f 3000/3000/3000 2999/2999/2999 2998/2998/2998
f 2998/2998/2998 2999/2999/2999 3001/3001/3001
f 3002/3002/3002 2769/2769/2769 2767/2767/2767
f 3005/3005/3005 3004/3004/3004 3003/3003/3003
f 3008/3008/3008 3007/3007/3007 3006/3006/3006
f 3008/3008/3008 3006/3006/3006 3009/3009/3009
f 3012/3012/3012 3011/3011/3011 3010/3010/3010
f 3015/3015/3015 3014/3014/3014 3013/3013/3013
f 3018/3018/3018 3017/3017/3017 3016/3016/3016
f 2988/2988/2988 3019/3019/3019 2987/2987/2987
f 2936/2936/2936 2934/2934/2934 3020/3020/3020
f 3020/3020/3020 2934/2934/2934 3021/3021/3021
f 3024/3024/3024 3023/3023/3023 3022/3022/3022
f 3027/3027/3027 3026/3026/3026 3025/3025/3025
f 3030/3030/3030 3029/3029/3029 3028/3028/3028
f 3030/3030/3030 3028/3028/3028 3031/3031/3031
f 3031/3031/3031 3028/3028/3028 3032/3032/3032
f 3035/3035/3035 3034/3034/3034 3033/3033/3033
f 3033/3033/3033 3034/3034/3034 3036/3036/3036
f 3039/3039/3039 3038/3038/3038 3037/3037/3037
f 2954/2954/2954 3041/3041/3041 3040/3040/3040
f 3044/3044/3044 3043/3043/3043 3042/3042/3042
f 3047/3047/3047 3046/3046/3046 3045/3045/3045
f 3049/3049/3049 3042/3042/3042 3048/3048/3048
f 3052/3052/3052 3051/3051/3051 3050/3050/3050
f 3055/3055/3055 3054/3054/3054 3053/3053/3053
f 3058/3058/3058 3057/3057/3057 3056/3056/3056
f 3061/3061/3061 3060/3060/3060 3059/3059/3059
f 3064/3064/3064 3063/3063/3063 3062/3062/3062
f 3064/3064/3064 3062/3062/3062 3065/3065/3065
f 3068/3068/3068 3067/3067/3067 3066/3066/3066
f 3071/3071/3071 3070/3070/3070 3069/3069/3069
f 3074/3074/3074 3073/3073/3073 3072/3072/3072
f 3072/3072/3072 3073/3073/3073 3075/3075/3075
f 3076/3076/3076 3060/3060/3060 3061/3061/3061
f 3079/3079/3079 3078/3078/3078 3077/3077/3077
f 3082/3082/3082 3081/3081/3081 3080/3080/3080
f 3082/3082/3082 3080/3080/3080 3083/3083/3083
f 3083/3083/3083 3080/3080/3080 3084/3084/3084
f 3087/3087/3087 3086/3086/3086 3085/3085/3085
f 3090/3090/3090 3089/3089/3089 3088/3088/3088
f 3088/3088/3088 3089/3089/3089 3091/3091/3091
f 3094/3094/3094 3093/3093/3093 3092/3092/3092
f 3092/3092/3092 3093/3093/3093 3095/3095/3095
f 3087/3087/3087 3085/3085/3085 3096/3096/3096
f 3096/3096/3096 3085/3085/3085 3097/3097/3097
f 3100/3100/3100 3099/3099/3099 3098/3098/3098
f 3098/3098/3098 3099/3099/3099 3101/3101/3101
f 3024/3024/3024 3022/3022/3022 3102/3102/3102
f 3102/3102/3102 3022/3022/3022 3103/3103/3103
f 3106/3106/3106 3105/3105/3105 3104/3104/3104
f 3104/3104/3104 3105/3105/3105 3107/3107/3107
f 3110/3110/3110 3109/3109/3109 3108/3108/3108
f 3108/3108/3108 3109/3109/3109 3111/3111/3111
f 3114/3114/3114 3113/3113/3113 3112/3112/3112
f 3056/3056/3056 3116/3116/3116 3115/3115/3115
f 3119/3119/3119 3118/3118/3118 3117/3117/3117
f 3119/3119/3119 3117/3117/3117 3120/3120/3120
f 3120/3120/3120 3117/3117/3117 3121/3121/3121
f 3124/3124/3124 3123/3123/3123 3122/3122/3122
f 3122/3122/3122 3123/3123/3123 3125/3125/3125
f 3128/3128/3128 3127/3127/3127 3126/3126/3126
f 3131/3131/3131 3130/3130/3130 3129/3129/3129
f 3134/3134/3134 3133/3133/3133 3132/3132/3132
f 3134/3134/3134 3132/3132/3132 3135/3135/3135
f 3135/3135/3135 3132/3132/3132 3136/3136/3136
f 3139/3139/3139 3138/3138/3138 3137/3137/3137
f 3137/3137/3137 3138/3138/3138 3140/3140/3140
f 3141/3141/3141 3079/3079/3079 3077/3077/3077
f 3144/3144/3144 3143/3143/3143 3142/3142/3142
f 3147/3147/3147 3146/3146/3146 3145/3145/3145
f 3147/3147/3147 3145/3145/3145 3148/3148/3148
f 3148/3148/3148 3145/3145/3145 3149/3149/3149
f 3152/3152/3152 3151/3151/3151 3150/3150/3150
f 3150/3150/3150 3151/3151/3151 3153/3153/3153
f 3150/3150/3150 3153/3153/3153 3154/3154/3154
f 3114/3114/3114 3112/3112/3112 3155/3155/3155
f 3155/3155/3155 3112/3112/3112 3156/3156/3156
f 3159/3159/3159 3158/3158/3158 3157/3157/3157
f 3159/3159/3159 3157/3157/3157 3160/3160/3160
f 3160/3160/3160 3157/3157/3157 3161/3161/3161
f 3164/3164/3164 3163/3163/3163 3162/3162/3162
f 3162/3162/3162 3163/3163/3163 3165/3165/3165
f 3168/3168/3168 3167/3167/3167 3166/3166/3166
f 3166/3166/3166 3167/3167/3167 3169/3169/3169
f 3171/3171/3171 3170/3170/3170 3131/3131/3131
f 3174/3174/3174 3173/3173/3173 3172/3172/3172
f 3175/3175/3175 2746/2746/2746 2747/2747/2747
f 3178/3178/3178 3177/3177/3177 3176/3176/3176
f 3181/3181/3181 3180/3180/3180 3179/3179/3179
f 3184/3184/3184 3183/3183/3183 3182/3182/3182
f 3186/3186/3186 3185/3185/3185 3027/3027/3027
f 3186/3186/3186 3027/3027/3027 3025/3025/3025
f 2733/2733/2733 2734/2734/2734 3187/3187/3187
f 2757/2757/2757 2758/2758/2758 3188/3188/3188
f 2783/2783/2783 149/149/149 147/147/147
f 3191/3191/3191 3190/3190/3190 3189/3189/3189
f 2991/2991/2991 2947/2947/2947 2945/2945/2945
f 2906/2906/2906 2970/2970/2970 2908/2908/2908
f 2981/2981/2981 2982/2982/2982 3192/3192/3192
f 2800/2800/2800 2798/2798/2798 2919/2919/2919
f 3195/3195/3195 3194/3194/3194 3193/3193/3193
f 3182/3182/3182 3196/3196/3196 3184/3184/3184
f 3199/3199/3199 3198/3198/3198 3197/3197/3197
f 3171/3171/3171 3131/3131/3131 3129/3129/3129
f 3202/3202/3202 3201/3201/3201 3200/3200/3200
f 2741/2741/2741 2742/2742/2742 3203/3203/3203
f 1591/1591/1591 2971/2971/2971 3204/3204/3204
f 3207/3207/3207 3206/3206/3206 3205/3205/3205
f 3115/3115/3115 3058/3058/3058 3056/3056/3056
f 3210/3210/3210 3209/3209/3209 3208/3208/3208
f 3213/3213/3213 3212/3212/3212 3211/3211/3211
f 3216/3216/3216 3215/3215/3215 3214/3214/3214
f 3219/3219/3219 3218/3218/3218 3217/3217/3217
f 3222/3222/3222 3221/3221/3221 3220/3220/3220
f 3225/3225/3225 3224/3224/3224 3223/3223/3223
f 3228/3228/3228 3227/3227/3227 3226/3226/3226
f 3231/3231/3231 3230/3230/3230 3229/3229/3229
f 3234/3234/3234 3233/3233/3233 3232/3232/3232
f 3237/3237/3237 3236/3236/3236 3235/3235/3235
f 3240/3240/3240 3239/3239/3239 3238/3238/3238
f 3243/3243/3243 3242/3242/3242 3241/3241/3241
f 3243/3243/3243 3241/3241/3241 3244/3244/3244
f 3247/3247/3247 3246/3246/3246 3245/3245/3245
f 3250/3250/3250 3249/3249/3249 3248/3248/3248
f 3253/3253/3253 3252/3252/3252 3251/3251/3251
f 3256/3256/3256 3255/3255/3255 3254/3254/3254
f 3259/3259/3259 3258/3258/3258 3257/3257/3257
f 3262/3262/3262 3261/3261/3261 3260/3260/3260
f 3265/3265/3265 3264/3264/3264 3263/3263/3263
f 3268/3268/3268 3267/3267/3267 3266/3266/3266
f 3266/3266/3266 3267/3267/3267 3269/3269/3269
f 3272/3272/3272 3271/3271/3271 3270/3270/3270
f 3275/3275/3275 3274/3274/3274 3273/3273/3273
f 3278/3278/3278 3277/3277/3277 3276/3276/3276
f 3281/3281/3281 3280/3280/3280 3279/3279/3279
f 3284/3284/3284 3283/3283/3283 3282/3282/3282
f 3287/3287/3287 3286/3286/3286 3285/3285/3285
f 3290/3290/3290 3289/3289/3289 3288/3288/3288
f 3293/3293/3293 3292/3292/3292 3291/3291/3291
f 3296/3296/3296 3295/3295/3295 3294/3294/3294
f 3299/3299/3299 3298/3298/3298 3297/3297/3297
f 3302/3302/3302 3301/3301/3301 3300/3300/3300
f 3305/3305/3305 3304/3304/3304 3303/3303/3303
f 3308/3308/3308 3307/3307/3307 3306/3306/3306
f 3311/3311/3311 3310/3310/3310 3309/3309/3309
f 3314/3314/3314 3313/3313/3313 3312/3312/3312
f 3317/3317/3317 3316/3316/3316 3315/3315/3315
f 3320/3320/3320 3319/3319/3319 3318/3318/3318
f 3323/3323/3323 3322/3322/3322 3321/3321/3321
f 3326/3326/3326 3325/3325/3325 3324/3324/3324
f 3329/3329/3329 3328/3328/3328 3327/3327/3327
f 3332/3332/3332 3331/3331/3331 3330/3330/3330
f 3335/3335/3335 3334/3334/3334 3333/3333/3333
f 3338/3338/3338 3337/3337/3337 3336/3336/3336
f 3341/3341/3341 3340/3340/3340 3339/3339/3339
f 3344/3344/3344 3343/3343/3343 3342/3342/3342
f 3347/3347/3347 3346/3346/3346 3345/3345/3345
f 3350/3350/3350 3349/3349/3349 3348/3348/3348
f 3353/3353/3353 3352/3352/3352 3351/3351/3351
f 3356/3356/3356 3355/3355/3355 3354/3354/3354
f 3359/3359/3359 3358/3358/3358 3357/3357/3357
f 3362/3362/3362 3361/3361/3361 3360/3360/3360
f 3365/3365/3365 3364/3364/3364 3363/3363/3363
f 3368/3368/3368 3367/3367/3367 3366/3366/3366
f 3371/3371/3371 3370/3370/3370 3369/3369/3369
f 3374/3374/3374 3373/3373/3373 3372/3372/3372
f 3377/3377/3377 3376/3376/3376 3375/3375/3375
f 3380/3380/3380 3379/3379/3379 3378/3378/3378
f 3383/3383/3383 3382/3382/3382 3381/3381/3381
f 3386/3386/3386 3385/3385/3385 3384/3384/3384
f 3384/3384/3384 3385/3385/3385 3387/3387/3387
f 3390/3390/3390 3389/3389/3389 3388/3388/3388
f 3393/3393/3393 3392/3392/3392 3391/3391/3391
f 3396/3396/3396 3395/3395/3395 3394/3394/3394
f 3399/3399/3399 3398/3398/3398 3397/3397/3397
f 3402/3402/3402 3401/3401/3401 3400/3400/3400
f 3405/3405/3405 3404/3404/3404 3403/3403/3403
f 3408/3408/3408 3407/3407/3407 3406/3406/3406
f 3411/3411/3411 3410/3410/3410 3409/3409/3409
f 3414/3414/3414 3413/3413/3413 3412/3412/3412
f 3417/3417/3417 3416/3416/3416 3415/3415/3415
f 3420/3420/3420 3419/3419/3419 3418/3418/3418
f 3423/3423/3423 3422/3422/3422 3421/3421/3421
f 3426/3426/3426 3425/3425/3425 3424/3424/3424
f 3429/3429/3429 3428/3428/3428 3427/3427/3427
f 3432/3432/3432 3431/3431/3431 3430/3430/3430
f 3435/3435/3435 3434/3434/3434 3433/3433/3433
f 3438/3438/3438 3437/3437/3437 3436/3436/3436
f 3441/3441/3441 3440/3440/3440 3439/3439/3439
f 3444/3444/3444 3443/3443/3443 3442/3442/3442
f 3447/3447/3447 3446/3446/3446 3445/3445/3445
f 3450/3450/3450 3449/3449/3449 3448/3448/3448
f 3453/3453/3453 3452/3452/3452 3451/3451/3451
f 3456/3456/3456 3455/3455/3455 3454/3454/3454
f 3459/3459/3459 3458/3458/3458 3457/3457/3457
f 3462/3462/3462 3461/3461/3461 3460/3460/3460
f 3465/3465/3465 3464/3464/3464 3463/3463/3463
f 3468/3468/3468 3467/3467/3467 3466/3466/3466
f 3471/3471/3471 3470/3470/3470 3469/3469/3469
f 3474/3474/3474 3473/3473/3473 3472/3472/3472
f 3477/3477/3477 3476/3476/3476 3475/3475/3475
f 3480/3480/3480 3479/3479/3479 3478/3478/3478
f 3483/3483/3483 3482/3482/3482 3481/3481/3481
f 3486/3486/3486 3485/3485/3485 3484/3484/3484
f 3489/3489/3489 3488/3488/3488 3487/3487/3487
f 3492/3492/3492 3491/3491/3491 3490/3490/3490
f 3495/3495/3495 3494/3494/3494 3493/3493/3493
f 3498/3498/3498 3497/3497/3497 3496/3496/3496
f 3501/3501/3501 3500/3500/3500 3499/3499/3499
f 3504/3504/3504 3503/3503/3503 3502/3502/3502
f 3507/3507/3507 3506/3506/3506 3505/3505/3505
f 3510/3510/3510 3509/3509/3509 3508/3508/3508
f 3513/3513/3513 3512/3512/3512 3511/3511/3511
f 3516/3516/3516 3515/3515/3515 3514/3514/3514
f 3519/3519/3519 3518/3518/3518 3517/3517/3517
f 3522/3522/3522 3521/3521/3521 3520/3520/3520
f 3525/3525/3525 3524/3524/3524 3523/3523/3523
f 3528/3528/3528 3527/3527/3527 3526/3526/3526
f 3531/3531/3531 3530/3530/3530 3529/3529/3529
f 3534/3534/3534 3533/3533/3533 3532/3532/3532
f 3537/3537/3537 3536/3536/3536 3535/3535/3535
f 3540/3540/3540 3539/3539/3539 3538/3538/3538
f 3543/3543/3543 3542/3542/3542 3541/3541/3541
f 3546/3546/3546 3545/3545/3545 3544/3544/3544
f 3549/3549/3549 3548/3548/3548 3547/3547/3547
f 3552/3552/3552 3551/3551/3551 3550/3550/3550
f 3555/3555/3555 3554/3554/3554 3553/3553/3553
f 3558/3558/3558 3557/3557/3557 3556/3556/3556
f 3558/3558/3558 3556/3556/3556 3559/3559/3559
f 3562/3562/3562 3561/3561/3561 3560/3560/3560
f 3560/3560/3560 3561/3561/3561 3563/3563/3563
f 3566/3566/3566 3565/3565/3565 3564/3564/3564
f 3569/3569/3569 3568/3568/3568 3567/3567/3567
f 3572/3572/3572 3571/3571/3571 3570/3570/3570
f 3575/3575/3575 3574/3574/3574 3573/3573/3573
f 3578/3578/3578 3577/3577/3577 3576/3576/3576
f 3581/3581/3581 3580/3580/3580 3579/3579/3579
f 3584/3584/3584 3583/3583/3583 3582/3582/3582
f 3587/3587/3587 3586/3586/3586 3585/3585/3585
f 3590/3590/3590 3589/3589/3589 3588/3588/3588
f 3593/3593/3593 3592/3592/3592 3591/3591/3591
f 3596/3596/3596 3595/3595/3595 3594/3594/3594
f 3599/3599/3599 3598/3598/3598 3597/3597/3597
f 3602/3602/3602 3601/3601/3601 3600/3600/3600
f 3605/3605/3605 3604/3604/3604 3603/3603/3603
f 3608/3608/3608 3607/3607/3607 3606/3606/3606
f 3611/3611/3611 3610/3610/3610 3609/3609/3609
f 3614/3614/3614 3613/3613/3613 3612/3612/3612
f 3617/3617/3617 3616/3616/3616 3615/3615/3615
f 3620/3620/3620 3619/3619/3619 3618/3618/3618
f 3623/3623/3623 3622/3622/3622 3621/3621/3621
f 3626/3626/3626 3625/3625/3625 3624/3624/3624
f 3624/3624/3624 3625/3625/3625 3627/3627/3627
f 3630/3630/3630 3629/3629/3629 3628/3628/3628
f 3633/3633/3633 3632/3632/3632 3631/3631/3631
f 3636/3636/3636 3635/3635/3635 3634/3634/3634
f 3639/3639/3639 3638/3638/3638 3637/3637/3637
f 3642/3642/3642 3641/3641/3641 3640/3640/3640
f 3645/3645/3645 3644/3644/3644 3643/3643/3643
f 3648/3648/3648 3647/3647/3647 3646/3646/3646
f 3651/3651/3651 3650/3650/3650 3649/3649/3649
f 3654/3654/3654 3653/3653/3653 3652/3652/3652
f 3657/3657/3657 3656/3656/3656 3655/3655/3655
f 3660/3660/3660 3659/3659/3659 3658/3658/3658
f 3663/3663/3663 3662/3662/3662 3661/3661/3661
f 3666/3666/3666 3665/3665/3665 3664/3664/3664
f 3669/3669/3669 3668/3668/3668 3667/3667/3667
f 3672/3672/3672 3671/3671/3671 3670/3670/3670
f 3675/3675/3675 3674/3674/3674 3673/3673/3673
f 3678/3678/3678 3677/3677/3677 3676/3676/3676
f 3681/3681/3681 3680/3680/3680 3679/3679/3679
f 3684/3684/3684 3683/3683/3683 3682/3682/3682
f 3687/3687/3687 3686/3686/3686 3685/3685/3685
f 3690/3690/3690 3689/3689/3689 3688/3688/3688
f 3693/3693/3693 3692/3692/3692 3691/3691/3691
f 3696/3696/3696 3695/3695/3695 3694/3694/3694
f 3699/3699/3699 3698/3698/3698 3697/3697/3697
f 3702/3702/3702 3701/3701/3701 3700/3700/3700
f 3705/3705/3705 3704/3704/3704 3703/3703/3703
f 3708/3708/3708 3707/3707/3707 3706/3706/3706
f 3711/3711/3711 3710/3710/3710 3709/3709/3709
f 3714/3714/3714 3713/3713/3713 3712/3712/3712
f 3717/3717/3717 3716/3716/3716 3715/3715/3715
f 3720/3720/3720 3719/3719/3719 3718/3718/3718
f 3723/3723/3723 3722/3722/3722 3721/3721/3721
f 3726/3726/3726 3725/3725/3725 3724/3724/3724
f 3729/3729/3729 3728/3728/3728 3727/3727/3727
f 3732/3732/3732 3731/3731/3731 3730/3730/3730
f 3735/3735/3735 3734/3734/3734 3733/3733/3733
f 3738/3738/3738 3737/3737/3737 3736/3736/3736
f 3741/3741/3741 3740/3740/3740 3739/3739/3739
f 3741/3741/3741 3739/3739/3739 3742/3742/3742
f 3745/3745/3745 3744/3744/3744 3743/3743/3743
f 3745/3745/3745 3743/3743/3743 3746/3746/3746
f 3749/3749/3749 3748/3748/3748 3747/3747/3747
f 3749/3749/3749 3747/3747/3747 3750/3750/3750
f 3753/3753/3753 3752/3752/3752 3751/3751/3751
f 3753/3753/3753 3751/3751/3751 3754/3754/3754
f 3757/3757/3757 3756/3756/3756 3755/3755/3755
f 3757/3757/3757 3755/3755/3755 3758/3758/3758
f 3761/3761/3761 3760/3760/3760 3759/3759/3759
f 3764/3764/3764 3763/3763/3763 3762/3762/3762
f 3767/3767/3767 3766/3766/3766 3765/3765/3765
f 3770/3770/3770 3769/3769/3769 3768/3768/3768
f 3773/3773/3773 3772/3772/3772 3771/3771/3771
f 3776/3776/3776 3775/3775/3775 3774/3774/3774
f 3779/3779/3779 3778/3778/3778 3777/3777/3777
f 3782/3782/3782 3781/3781/3781 3780/3780/3780
f 3785/3785/3785 3784/3784/3784 3783/3783/3783
f 3788/3788/3788 3787/3787/3787 3786/3786/3786
f 3791/3791/3791 3790/3790/3790 3789/3789/3789
f 3794/3794/3794 3793/3793/3793 3792/3792/3792
f 3797/3797/3797 3796/3796/3796 3795/3795/3795
f 3800/3800/3800 3799/3799/3799 3798/3798/3798
f 3803/3803/3803 3802/3802/3802 3801/3801/3801
f 3806/3806/3806 3805/3805/3805 3804/3804/3804
f 3809/3809/3809 3808/3808/3808 3807/3807/3807
f 3812/3812/3812 3811/3811/3811 3810/3810/3810
f 3815/3815/3815 3814/3814/3814 3813/3813/3813
f 3818/3818/3818 3817/3817/3817 3816/3816/3816
f 3821/3821/3821 3820/3820/3820 3819/3819/3819
f 3824/3824/3824 3823/3823/3823 3822/3822/3822
f 3825/3825/3825 3737/3737/3737 3738/3738/3738
f 3828/3828/3828 3827/3827/3827 3826/3826/3826
f 3829/3829/3829 3794/3794/3794 3792/3792/3792
f 3831/3831/3831 3828/3828/3828 3830/3830/3830
f 3830/3830/3830 3828/3828/3828 3826/3826/3826
f 3834/3834/3834 3833/3833/3833 3832/3832/3832
f 3832/3832/3832 3833/3833/3833 3835/3835/3835
f 3838/3838/3838 3837/3837/3837 3836/3836/3836
f 3841/3841/3841 3840/3840/3840 3839/3839/3839
f 3842/3842/3842 3818/3818/3818 3816/3816/3816
f 3845/3845/3845 3844/3844/3844 3843/3843/3843
f 3843/3843/3843 3844/3844/3844 3846/3846/3846
f 3849/3849/3849 3848/3848/3848 3847/3847/3847
f 3847/3847/3847 3848/3848/3848 3850/3850/3850
f 3810/3810/3810 3851/3851/3851 3812/3812/3812
f 3854/3854/3854 3853/3853/3853 3852/3852/3852
f 3852/3852/3852 3853/3853/3853 3855/3855/3855
f 3858/3858/3858 3857/3857/3857 3856/3856/3856
f 3755/3755/3755 3756/3756/3756 3859/3859/3859
f 3862/3862/3862 3861/3861/3861 3860/3860/3860
f 3865/3865/3865 3864/3864/3864 3863/3863/3863
f 3866/3866/3866 3815/3815/3815 3813/3813/3813
f 3869/3869/3869 3868/3868/3868 3867/3867/3867
f 3872/3872/3872 3871/3871/3871 3870/3870/3870
f 3872/3872/3872 3870/3870/3870 3873/3873/3873
f 3876/3876/3876 3875/3875/3875 3874/3874/3874
f 3874/3874/3874 3875/3875/3875 3877/3877/3877
f 3880/3880/3880 3879/3879/3879 3878/3878/3878
f 3878/3878/3878 3879/3879/3879 3881/3881/3881
f 3884/3884/3884 3883/3883/3883 3882/3882/3882
f 3882/3882/3882 3883/3883/3883 3885/3885/3885
f 3888/3888/3888 3887/3887/3887 3886/3886/3886
f 3886/3886/3886 3887/3887/3887 3889/3889/3889
f 3892/3892/3892 3891/3891/3891 3890/3890/3890
f 3890/3890/3890 3891/3891/3891 3893/3893/3893
f 3896/3896/3896 3895/3895/3895 3894/3894/3894
f 3894/3894/3894 3895/3895/3895 3897/3897/3897
f 3900/3900/3900 3899/3899/3899 3898/3898/3898
f 3898/3898/3898 3899/3899/3899 3901/3901/3901
f 3904/3904/3904 3903/3903/3903 3902/3902/3902
f 3902/3902/3902 3903/3903/3903 3905/3905/3905
f 3908/3908/3908 3907/3907/3907 3906/3906/3906
f 3906/3906/3906 3907/3907/3907 3909/3909/3909
f 3906/3906/3906 3909/3909/3909 3910/3910/3910
f 3789/3789/3789 3911/3911/3911 3791/3791/3791
f 3914/3914/3914 3913/3913/3913 3912/3912/3912
f 3914/3914/3914 3912/3912/3912 3915/3915/3915
f 3915/3915/3915 3912/3912/3912 3916/3916/3916
f 3919/3919/3919 3918/3918/3918 3917/3917/3917
f 3837/3837/3837 3920/3920/3920 3836/3836/3836
f 3836/3836/3836 3920/3920/3920 3921/3921/3921
f 3924/3924/3924 3923/3923/3923 3922/3922/3922
f 3922/3922/3922 3923/3923/3923 3925/3925/3925
f 3904/3904/3904 3926/3926/3926 3903/3903/3903
f 3799/3799/3799 3800/3800/3800 3927/3927/3927
f 3930/3930/3930 3929/3929/3929 3928/3928/3928
f 3930/3930/3930 3928/3928/3928 3931/3931/3931
f 3934/3934/3934 3933/3933/3933 3932/3932/3932
f 3934/3934/3934 3932/3932/3932 3935/3935/3935
f 3938/3938/3938 3937/3937/3937 3936/3936/3936
f 3936/3936/3936 3937/3937/3937 3939/3939/3939
f 3942/3942/3942 3941/3941/3941 3940/3940/3940
f 3940/3940/3940 3941/3941/3941 3943/3943/3943
f 3946/3946/3946 3945/3945/3945 3944/3944/3944
f 3944/3944/3944 3945/3945/3945 3947/3947/3947
f 3950/3950/3950 3949/3949/3949 3948/3948/3948
f 3948/3948/3948 3949/3949/3949 3951/3951/3951
f 3759/3759/3759 3952/3952/3952 3761/3761/3761
f 3955/3955/3955 3954/3954/3954 3953/3953/3953
f 3955/3955/3955 3953/3953/3953 3956/3956/3956
f 3956/3956/3956 3953/3953/3953 3957/3957/3957
f 3960/3960/3960 3959/3959/3959 3958/3958/3958
f 3958/3958/3958 3959/3959/3959 3961/3961/3961
f 3958/3958/3958 3961/3961/3961 3962/3962/3962
f 3802/3802/3802 3803/3803/3803 3963/3963/3963
f 3966/3966/3966 3965/3965/3965 3964/3964/3964
f 3966/3966/3966 3964/3964/3964 3967/3967/3967
f 3970/3970/3970 3969/3969/3969 3968/3968/3968
f 3970/3970/3970 3968/3968/3968 3971/3971/3971
f 3974/3974/3974 3973/3973/3973 3972/3972/3972
f 3974/3974/3974 3972/3972/3972 3975/3975/3975
f 3978/3978/3978 3977/3977/3977 3976/3976/3976
f 3981/3981/3981 3980/3980/3980 3979/3979/3979
f 3981/3981/3981 3979/3979/3979 3982/3982/3982
f 3982/3982/3982 3979/3979/3979 3983/3983/3983
f 3986/3986/3986 3985/3985/3985 3984/3984/3984
f 3984/3984/3984 3985/3985/3985 3987/3987/3987
f 3990/3990/3990 3989/3989/3989 3988/3988/3988
f 3805/3805/3805 3806/3806/3806 3991/3991/3991
f 3994/3994/3994 3993/3993/3993 3992/3992/3992
f 3994/3994/3994 3992/3992/3992 3995/3995/3995
f 3998/3998/3998 3997/3997/3997 3996/3996/3996
f 3998/3998/3998 3996/3996/3996 3999/3999/3999
f 4002/4002/4002 4001/4001/4001 4000/4000/4000
f 4000/4000/4000 4001/4001/4001 4003/4003/4003
f 4006/4006/4006 4005/4005/4005 4004/4004/4004
f 4004/4004/4004 4005/4005/4005 4007/4007/4007
f 4004/4004/4004 4007/4007/4007 4008/4008/4008
f 4009/4009/4009 3773/3773/3773 3771/3771/3771
f 3808/3808/3808 3809/3809/3809 4010/4010/4010
f 4013/4013/4013 4012/4012/4012 4011/4011/4011
f 4013/4013/4013 4011/4011/4011 4014/4014/4014
f 4017/4017/4017 4016/4016/4016 4015/4015/4015
f 4017/4017/4017 4015/4015/4015 4018/4018/4018
f 4021/4021/4021 4020/4020/4020 4019/4019/4019
f 4019/4019/4019 4020/4020/4020 4022/4022/4022
f 4025/4025/4025 4024/4024/4024 4023/4023/4023
f 4023/4023/4023 4024/4024/4024 4026/4026/4026
f 4029/4029/4029 4028/4028/4028 4027/4027/4027
f 4027/4027/4027 4028/4028/4028 4030/4030/4030
f 3768/3768/3768 4031/4031/4031 3770/3770/3770
f 4034/4034/4034 4033/4033/4033 4032/4032/4032
f 4034/4034/4034 4032/4032/4032 4035/4035/4035
f 4035/4035/4035 4032/4032/4032 4036/4036/4036
f 4039/4039/4039 4038/4038/4038 4037/4037/4037
f 4037/4037/4037 4038/4038/4038 4040/4040/4040
f 4037/4037/4037 4040/4040/4040 4041/4041/4041
f 4044/4044/4044 4043/4043/4043 4042/4042/4042
f 4047/4047/4047 4046/4046/4046 4045/4045/4045
f 4047/4047/4047 4045/4045/4045 4048/4048/4048
f 4051/4051/4051 4050/4050/4050 4049/4049/4049
f 4051/4051/4051 4049/4049/4049 4052/4052/4052
f 4055/4055/4055 4054/4054/4054 4053/4053/4053
f 4055/4055/4055 4053/4053/4053 4056/4056/4056
f 4059/4059/4059 4058/4058/4058 4057/4057/4057
f 4059/4059/4059 4057/4057/4057 4060/4060/4060
f 4063/4063/4063 4062/4062/4062 4061/4061/4061
f 4061/4061/4061 4062/4062/4062 4064/4064/4064
f 4067/4067/4067 4066/4066/4066 4065/4065/4065
f 4065/4065/4065 4066/4066/4066 4068/4068/4068
f 4071/4071/4071 4070/4070/4070 4069/4069/4069
f 4069/4069/4069 4070/4070/4070 4072/4072/4072
f 4075/4075/4075 4074/4074/4074 4073/4073/4073
f 4073/4073/4073 4074/4074/4074 4076/4076/4076
f 4079/4079/4079 4078/4078/4078 4077/4077/4077
f 4077/4077/4077 4078/4078/4078 4080/4080/4080
f 4083/4083/4083 4082/4082/4082 4081/4081/4081
f 4081/4081/4081 4082/4082/4082 4084/4084/4084
f 4087/4087/4087 4086/4086/4086 4085/4085/4085
f 4085/4085/4085 4086/4086/4086 4088/4088/4088
f 4091/4091/4091 4090/4090/4090 4089/4089/4089
f 4089/4089/4089 4090/4090/4090 4092/4092/4092
f 4095/4095/4095 4094/4094/4094 4093/4093/4093
f 3812/3812/3812 4096/4096/4096 3811/3811/3811
f 4099/4099/4099 4098/4098/4098 4097/4097/4097
f 4099/4099/4099 4097/4097/4097 4100/4100/4100
f 4103/4103/4103 4102/4102/4102 4101/4101/4101
f 4106/4106/4106 4105/4105/4105 4104/4104/4104
f 4104/4104/4104 4105/4105/4105 4107/4107/4107
f 3834/3834/3834 4108/4108/4108 3833/3833/3833
f 3765/3765/3765 4109/4109/4109 3767/3767/3767
f 4112/4112/4112 4111/4111/4111 4110/4110/4110
f 4112/4112/4112 4110/4110/4110 4113/4113/4113
f 4113/4113/4113 4110/4110/4110 4114/4114/4114
f 4117/4117/4117 4116/4116/4116 4115/4115/4115
f 4115/4115/4115 4116/4116/4116 4118/4118/4118
f 4115/4115/4115 4118/4118/4118 4119/4119/4119
f 4044/4044/4044 4120/4120/4120 4043/4043/4043
f 4123/4123/4123 4122/4122/4122 4121/4121/4121
f 4123/4123/4123 4121/4121/4121 4124/4124/4124
f 4124/4124/4124 4121/4121/4121 4125/4125/4125
f 4128/4128/4128 4127/4127/4127 4126/4126/4126
f 4126/4126/4126 4127/4127/4127 4129/4129/4129
f 4126/4126/4126 4129/4129/4129 4130/4130/4130
f 4133/4133/4133 4132/4132/4132 4131/4131/4131
f 4131/4131/4131 4132/4132/4132 4134/4134/4134
f 4137/4137/4137 4136/4136/4136 4135/4135/4135
f 4135/4135/4135 4136/4136/4136 4138/4138/4138
f 4135/4135/4135 4138/4138/4138 4139/4139/4139
f 3774/3774/3774 4140/4140/4140 3776/3776/3776
f 4143/4143/4143 4142/4142/4142 4141/4141/4141
f 4143/4143/4143 4141/4141/4141 4144/4144/4144
f 4144/4144/4144 4141/4141/4141 4145/4145/4145
f 4148/4148/4148 4147/4147/4147 4146/4146/4146
f 4146/4146/4146 4147/4147/4147 4149/4149/4149
f 4146/4146/4146 4149/4149/4149 4150/4150/4150
f 3839/3839/3839 4151/4151/4151 3841/3841/3841
f 3841/3841/3841 4151/4151/4151 4152/4152/4152
f 4155/4155/4155 4154/4154/4154 4153/4153/4153
f 4153/4153/4153 4154/4154/4154 4156/4156/4156
f 4159/4159/4159 4158/4158/4158 4157/4157/4157
f 3786/3786/3786 4160/4160/4160 3788/3788/3788
f 4163/4163/4163 4162/4162/4162 4161/4161/4161
f 4166/4166/4166 4165/4165/4165 4164/4164/4164
f 4164/4164/4164 4165/4165/4165 4167/4167/4167
f 4170/4170/4170 4169/4169/4169 4168/4168/4168
f 4168/4168/4168 4169/4169/4169 4171/4171/4171
f 4168/4168/4168 4171/4171/4171 4172/4172/4172
f 4002/4002/4002 4173/4173/4173 4001/4001/4001
f 4176/4176/4176 4175/4175/4175 4174/4174/4174
f 4176/4176/4176 4174/4174/4174 4177/4177/4177
f 4177/4177/4177 4174/4174/4174 4178/4178/4178
f 4181/4181/4181 4180/4180/4180 4179/4179/4179
f 4179/4179/4179 4180/4180/4180 4182/4182/4182
f 3814/3814/3814 4183/4183/4183 3813/3813/3813
f 4093/4093/4093 4094/4094/4094 4184/4184/4184
f 4187/4187/4187 4186/4186/4186 4185/4185/4185
f 4187/4187/4187 4185/4185/4185 4188/4188/4188
f 4191/4191/4191 4190/4190/4190 4189/4189/4189
f 4191/4191/4191 4189/4189/4189 4192/4192/4192
f 4195/4195/4195 4194/4194/4194 4193/4193/4193
f 4195/4195/4195 4193/4193/4193 4196/4196/4196
f 4199/4199/4199 4198/4198/4198 4197/4197/4197
f 4199/4199/4199 4197/4197/4197 4200/4200/4200
f 4201/4201/4201 3763/3763/3763 3764/3764/3764
f 4201/4201/4201 3764/3764/3764 4202/4202/4202
f 4205/4205/4205 4204/4204/4204 4203/4203/4203
f 4203/4203/4203 4204/4204/4204 4206/4206/4206
f 4209/4209/4209 4208/4208/4208 4207/4207/4207
f 4207/4207/4207 4208/4208/4208 4210/4210/4210
f 3817/3817/3817 4211/4211/4211 3816/3816/3816
f 4214/4214/4214 4213/4213/4213 4212/4212/4212
f 4217/4217/4217 4216/4216/4216 4215/4215/4215
f 4217/4217/4217 4215/4215/4215 4218/4218/4218
f 4221/4221/4221 4220/4220/4220 4219/4219/4219
f 4224/4224/4224 4223/4223/4223 4222/4222/4222
f 4227/4227/4227 4226/4226/4226 4225/4225/4225
f 4227/4227/4227 4225/4225/4225 4228/4228/4228
f 4231/4231/4231 4230/4230/4230 4229/4229/4229
f 4231/4231/4231 4229/4229/4229 4232/4232/4232
f 3785/3785/3785 4234/4234/4234 4233/4233/4233
f 3785/3785/3785 4233/4233/4233 3784/3784/3784
f 3777/3777/3777 4235/4235/4235 3779/3779/3779
f 4238/4238/4238 4237/4237/4237 4236/4236/4236
f 4238/4238/4238 4236/4236/4236 4239/4239/4239
f 4239/4239/4239 4236/4236/4236 4240/4240/4240
f 4243/4243/4243 4242/4242/4242 4241/4241/4241
f 4241/4241/4241 4242/4242/4242 4244/4244/4244
f 4241/4241/4241 4244/4244/4244 4245/4245/4245
f 4248/4248/4248 4247/4247/4247 4246/4246/4246
f 4246/4246/4246 4247/4247/4247 4249/4249/4249
f 4252/4252/4252 4251/4251/4251 4250/4250/4250
f 4250/4250/4250 4251/4251/4251 4253/4253/4253
f 4250/4250/4250 4253/4253/4253 4254/4254/4254
f 3860/3860/3860 3861/3861/3861 4255/4255/4255
f 4258/4258/4258 4257/4257/4257 4256/4256/4256
f 4258/4258/4258 4256/4256/4256 4259/4259/4259
f 4262/4262/4262 4261/4261/4261 4260/4260/4260
f 4262/4262/4262 4260/4260/4260 4263/4263/4263
f 4266/4266/4266 4265/4265/4265 4264/4264/4264
f 4266/4266/4266 4264/4264/4264 4267/4267/4267
f 4270/4270/4270 4269/4269/4269 4268/4268/4268
f 4270/4270/4270 4268/4268/4268 4271/4271/4271
f 4274/4274/4274 4273/4273/4273 4272/4272/4272
f 4274/4274/4274 4272/4272/4272 4275/4275/4275
f 4278/4278/4278 4277/4277/4277 4276/4276/4276
f 4281/4281/4281 4280/4280/4280 4279/4279/4279
f 4281/4281/4281 4279/4279/4279 4282/4282/4282
f 4282/4282/4282 4279/4279/4279 4283/4283/4283
f 4286/4286/4286 4285/4285/4285 4284/4284/4284
f 4284/4284/4284 4285/4285/4285 4287/4287/4287
f 3793/3793/3793 4288/4288/4288 3792/3792/3792
f 3823/3823/3823 3824/3824/3824 4289/4289/4289
f 4292/4292/4292 4291/4291/4291 4290/4290/4290
f 4292/4292/4292 4290/4290/4290 4293/4293/4293
f 4296/4296/4296 4295/4295/4295 4294/4294/4294
f 4296/4296/4296 4294/4294/4294 4297/4297/4297
f 4300/4300/4300 4299/4299/4299 4298/4298/4298
f 4300/4300/4300 4298/4298/4298 4301/4301/4301
f 4304/4304/4304 4303/4303/4303 4302/4302/4302
f 4304/4304/4304 4302/4302/4302 4305/4305/4305
f 4276/4276/4276 4307/4307/4307 4306/4306/4306
f 4276/4276/4276 4306/4306/4306 4278/4278/4278
f 4310/4310/4310 4309/4309/4309 4308/4308/4308
f 4308/4308/4308 4309/4309/4309 4311/4311/4311
f 4314/4314/4314 4313/4313/4313 4312/4312/4312
f 4312/4312/4312 4313/4313/4313 4315/4315/4315
f 4318/4318/4318 4317/4317/4317 4316/4316/4316
f 4316/4316/4316 4317/4317/4317 4319/4319/4319
f 4322/4322/4322 4321/4321/4321 4320/4320/4320
f 4320/4320/4320 4321/4321/4321 4323/4323/4323
f 4326/4326/4326 4325/4325/4325 4324/4324/4324
f 4324/4324/4324 4325/4325/4325 4327/4327/4327
f 4330/4330/4330 4329/4329/4329 4328/4328/4328
f 4328/4328/4328 4329/4329/4329 4331/4331/4331
f 4334/4334/4334 4333/4333/4333 4332/4332/4332
f 4332/4332/4332 4333/4333/4333 4335/4335/4335
f 4338/4338/4338 4337/4337/4337 4336/4336/4336
f 4336/4336/4336 4337/4337/4337 4339/4339/4339
f 4342/4342/4342 4341/4341/4341 4340/4340/4340
f 4340/4340/4340 4341/4341/4341 4343/4343/4343
f 4346/4346/4346 4345/4345/4345 4344/4344/4344
f 4344/4344/4344 4345/4345/4345 4347/4347/4347
f 4350/4350/4350 4349/4349/4349 4348/4348/4348
f 4348/4348/4348 4349/4349/4349 4351/4351/4351
f 4354/4354/4354 4353/4353/4353 4352/4352/4352
f 4352/4352/4352 4353/4353/4353 4355/4355/4355
f 4358/4358/4358 4357/4357/4357 4356/4356/4356
f 4356/4356/4356 4357/4357/4357 4359/4359/4359
f 4362/4362/4362 4361/4361/4361 4360/4360/4360
f 4360/4360/4360 4361/4361/4361 4363/4363/4363
f 4366/4366/4366 4365/4365/4365 4364/4364/4364
f 4364/4364/4364 4365/4365/4365 4367/4367/4367
f 4370/4370/4370 4369/4369/4369 4368/4368/4368
f 4368/4368/4368 4369/4369/4369 4371/4371/4371
f 4374/4374/4374 4373/4373/4373 4372/4372/4372
f 4372/4372/4372 4373/4373/4373 4375/4375/4375
f 4378/4378/4378 4377/4377/4377 4376/4376/4376
f 4376/4376/4376 4377/4377/4377 4379/4379/4379
f 4382/4382/4382 4381/4381/4381 4380/4380/4380
f 4380/4380/4380 4381/4381/4381 4383/4383/4383
f 4386/4386/4386 4385/4385/4385 4384/4384/4384
f 4384/4384/4384 4385/4385/4385 4387/4387/4387
f 4390/4390/4390 4389/4389/4389 4388/4388/4388
f 4388/4388/4388 4389/4389/4389 4391/4391/4391
f 4394/4394/4394 4393/4393/4393 4392/4392/4392
f 4392/4392/4392 4393/4393/4393 4395/4395/4395
f 4398/4398/4398 4397/4397/4397 4396/4396/4396
f 4396/4396/4396 4397/4397/4397 4399/4399/4399
f 4402/4402/4402 4401/4401/4401 4400/4400/4400
f 4400/4400/4400 4401/4401/4401 4403/4403/4403
f 4406/4406/4406 4405/4405/4405 4404/4404/4404
f 4404/4404/4404 4405/4405/4405 4407/4407/4407
f 4410/4410/4410 4409/4409/4409 4408/4408/4408
f 4408/4408/4408 4409/4409/4409 4411/4411/4411
f 4414/4414/4414 4413/4413/4413 4412/4412/4412
f 4417/4417/4417 4416/4416/4416 4415/4415/4415
f 4420/4420/4420 4419/4419/4419 4418/4418/4418
f 4418/4418/4418 4419/4419/4419 4421/4421/4421
f 4424/4424/4424 4423/4423/4423 4422/4422/4422
f 4422/4422/4422 4423/4423/4423 4425/4425/4425
f 4428/4428/4428 4427/4427/4427 4426/4426/4426
f 4426/4426/4426 4427/4427/4427 4429/4429/4429
f 4432/4432/4432 4431/4431/4431 4430/4430/4430
f 4430/4430/4430 4431/4431/4431 4433/4433/4433
f 4436/4436/4436 4435/4435/4435 4434/4434/4434
f 4434/4434/4434 4435/4435/4435 4437/4437/4437
f 4440/4440/4440 4439/4439/4439 4438/4438/4438
f 4443/4443/4443 4442/4442/4442 4441/4441/4441
f 4446/4446/4446 4445/4445/4445 4444/4444/4444
f 4444/4444/4444 4445/4445/4445 4447/4447/4447
f 4450/4450/4450 4449/4449/4449 4448/4448/4448
f 4453/4453/4453 4452/4452/4452 4451/4451/4451
f 4456/4456/4456 4455/4455/4455 4454/4454/4454
f 4454/4454/4454 4455/4455/4455 4457/4457/4457
f 4460/4460/4460 4459/4459/4459 4458/4458/4458
f 4458/4458/4458 4459/4459/4459 4461/4461/4461
f 4464/4464/4464 4463/4463/4463 4462/4462/4462
f 4462/4462/4462 4463/4463/4463 4465/4465/4465
f 4468/4468/4468 4467/4467/4467 4466/4466/4466
f 4466/4466/4466 4467/4467/4467 4469/4469/4469
f 4472/4472/4472 4471/4471/4471 4470/4470/4470
f 4470/4470/4470 4471/4471/4471 4473/4473/4473
f 4476/4476/4476 4475/4475/4475 4474/4474/4474
f 4479/4479/4479 4478/4478/4478 4477/4477/4477
f 4482/4482/4482 4481/4481/4481 4480/4480/4480
f 4480/4480/4480 4481/4481/4481 4483/4483/4483
f 4486/4486/4486 4485/4485/4485 4484/4484/4484
f 4484/4484/4484 4485/4485/4485 4487/4487/4487
f 4490/4490/4490 4489/4489/4489 4488/4488/4488
f 4488/4488/4488 4489/4489/4489 4491/4491/4491
f 4494/4494/4494 4493/4493/4493 4492/4492/4492
f 4492/4492/4492 4493/4493/4493 4495/4495/4495
f 4498/4498/4498 4497/4497/4497 4496/4496/4496
f 4496/4496/4496 4497/4497/4497 4499/4499/4499
f 4502/4502/4502 4501/4501/4501 4500/4500/4500
f 4500/4500/4500 4501/4501/4501 4503/4503/4503
f 4506/4506/4506 4505/4505/4505 4504/4504/4504
f 4504/4504/4504 4505/4505/4505 4507/4507/4507
f 4510/4510/4510 4509/4509/4509 4508/4508/4508
f 4508/4508/4508 4509/4509/4509 4511/4511/4511
f 4514/4514/4514 4513/4513/4513 4512/4512/4512
f 4512/4512/4512 4513/4513/4513 4515/4515/4515
f 4518/4518/4518 4517/4517/4517 4516/4516/4516
f 4516/4516/4516 4517/4517/4517 4519/4519/4519
f 4522/4522/4522 4521/4521/4521 4520/4520/4520
f 4520/4520/4520 4521/4521/4521 4523/4523/4523
f 4526/4526/4526 4525/4525/4525 4524/4524/4524
f 4524/4524/4524 4525/4525/4525 4527/4527/4527
f 4530/4530/4530 4529/4529/4529 4528/4528/4528
f 4528/4528/4528 4529/4529/4529 4531/4531/4531
f 4534/4534/4534 4533/4533/4533 4532/4532/4532
f 4532/4532/4532 4533/4533/4533 4535/4535/4535
f 4538/4538/4538 4537/4537/4537 4536/4536/4536
f 4536/4536/4536 4537/4537/4537 4539/4539/4539
f 3918/3918/3918 4540/4540/4540 3917/3917/3917
f 3917/3917/3917 4540/4540/4540 4541/4541/4541
f 4544/4544/4544 4543/4543/4543 4542/4542/4542
f 4542/4542/4542 4543/4543/4543 4545/4545/4545
f 4548/4548/4548 4547/4547/4547 4546/4546/4546
f 4551/4551/4551 4550/4550/4550 4549/4549/4549
f 4549/4549/4549 4550/4550/4550 4552/4552/4552
f 4549/4549/4549 4552/4552/4552 4553/4553/4553
f 4556/4556/4556 4555/4555/4555 4554/4554/4554
f 4554/4554/4554 4555/4555/4555 4557/4557/4557
f 4560/4560/4560 4559/4559/4559 4558/4558/4558
f 4558/4558/4558 4559/4559/4559 4561/4561/4561
f 4564/4564/4564 4563/4563/4563 4562/4562/4562
f 4562/4562/4562 4563/4563/4563 4565/4565/4565
f 4568/4568/4568 4567/4567/4567 4566/4566/4566
f 4566/4566/4566 4567/4567/4567 4569/4569/4569
f 4572/4572/4572 4571/4571/4571 4570/4570/4570
f 4570/4570/4570 4571/4571/4571 4573/4573/4573
f 4576/4576/4576 4575/4575/4575 4574/4574/4574
f 4574/4574/4574 4575/4575/4575 4577/4577/4577
f 4580/4580/4580 4579/4579/4579 4578/4578/4578
f 4578/4578/4578 4579/4579/4579 4581/4581/4581
f 4584/4584/4584 4583/4583/4583 4582/4582/4582
f 4582/4582/4582 4583/4583/4583 4585/4585/4585
f 4588/4588/4588 4587/4587/4587 4586/4586/4586
f 4586/4586/4586 4587/4587/4587 4589/4589/4589
f 4592/4592/4592 4591/4591/4591 4590/4590/4590
f 4590/4590/4590 4591/4591/4591 4593/4593/4593
f 4596/4596/4596 4595/4595/4595 4594/4594/4594
f 4594/4594/4594 4595/4595/4595 4597/4597/4597
f 4600/4600/4600 4599/4599/4599 4598/4598/4598
f 4598/4598/4598 4599/4599/4599 4601/4601/4601
f 4604/4604/4604 4603/4603/4603 4602/4602/4602
f 4607/4607/4607 4606/4606/4606 4605/4605/4605
f 4610/4610/4610 4609/4609/4609 4608/4608/4608
f 4608/4608/4608 4609/4609/4609 4611/4611/4611
f 4614/4614/4614 4613/4613/4613 4612/4612/4612
f 4612/4612/4612 4613/4613/4613 4615/4615/4615
f 4618/4618/4618 4617/4617/4617 4616/4616/4616
f 4616/4616/4616 4617/4617/4617 4619/4619/4619
f 4622/4622/4622 4621/4621/4621 4620/4620/4620
f 4620/4620/4620 4621/4621/4621 4623/4623/4623
f 4626/4626/4626 4625/4625/4625 4624/4624/4624
f 4624/4624/4624 4625/4625/4625 4627/4627/4627
f 4630/4630/4630 4629/4629/4629 4628/4628/4628
f 4628/4628/4628 4629/4629/4629 4631/4631/4631
f 4634/4634/4634 4633/4633/4633 4632/4632/4632
f 4632/4632/4632 4633/4633/4633 4635/4635/4635
f 4638/4638/4638 4637/4637/4637 4636/4636/4636
f 4636/4636/4636 4637/4637/4637 4639/4639/4639
f 4642/4642/4642 4641/4641/4641 4640/4640/4640
f 4640/4640/4640 4641/4641/4641 4643/4643/4643
f 4646/4646/4646 4645/4645/4645 4644/4644/4644
f 4644/4644/4644 4645/4645/4645 4647/4647/4647
f 4650/4650/4650 4649/4649/4649 4648/4648/4648
f 4648/4648/4648 4649/4649/4649 4651/4651/4651
f 4654/4654/4654 4653/4653/4653 4652/4652/4652
f 4652/4652/4652 4653/4653/4653 4655/4655/4655
f 4658/4658/4658 4657/4657/4657 4656/4656/4656
f 4656/4656/4656 4657/4657/4657 4659/4659/4659
f 4662/4662/4662 4661/4661/4661 4660/4660/4660
f 4660/4660/4660 4661/4661/4661 4663/4663/4663
f 4666/4666/4666 4665/4665/4665 4664/4664/4664
f 4664/4664/4664 4665/4665/4665 4667/4667/4667
f 4670/4670/4670 4669/4669/4669 4668/4668/4668
f 4668/4668/4668 4669/4669/4669 4671/4671/4671
f 4674/4674/4674 4673/4673/4673 4672/4672/4672
f 4672/4672/4672 4673/4673/4673 4675/4675/4675
f 4678/4678/4678 4677/4677/4677 4676/4676/4676
f 4676/4676/4676 4677/4677/4677 4679/4679/4679
f 4682/4682/4682 4681/4681/4681 4680/4680/4680
f 4680/4680/4680 4681/4681/4681 4683/4683/4683
f 4686/4686/4686 4685/4685/4685 4684/4684/4684
f 4684/4684/4684 4685/4685/4685 4687/4687/4687
f 4690/4690/4690 4689/4689/4689 4688/4688/4688
f 4688/4688/4688 4689/4689/4689 4691/4691/4691
f 4694/4694/4694 4693/4693/4693 4692/4692/4692
f 4692/4692/4692 4693/4693/4693 4695/4695/4695
f 4698/4698/4698 4697/4697/4697 4696/4696/4696
f 4696/4696/4696 4697/4697/4697 4699/4699/4699
f 4702/4702/4702 4701/4701/4701 4700/4700/4700
f 4700/4700/4700 4701/4701/4701 4703/4703/4703
f 4706/4706/4706 4705/4705/4705 4704/4704/4704
f 4704/4704/4704 4705/4705/4705 4707/4707/4707
f 4710/4710/4710 4709/4709/4709 4708/4708/4708
f 4708/4708/4708 4709/4709/4709 4711/4711/4711
f 4714/4714/4714 4713/4713/4713 4712/4712/4712
f 4712/4712/4712 4713/4713/4713 4715/4715/4715
f 4718/4718/4718 4717/4717/4717 4716/4716/4716
f 4716/4716/4716 4717/4717/4717 4719/4719/4719
f 4722/4722/4722 4721/4721/4721 4720/4720/4720
f 4720/4720/4720 4721/4721/4721 4723/4723/4723
f 4726/4726/4726 4725/4725/4725 4724/4724/4724
f 4724/4724/4724 4725/4725/4725 4727/4727/4727
f 4730/4730/4730 4729/4729/4729 4728/4728/4728
f 4728/4728/4728 4729/4729/4729 4731/4731/4731
f 4734/4734/4734 4733/4733/4733 4732/4732/4732
f 4732/4732/4732 4733/4733/4733 4735/4735/4735
f 4738/4738/4738 4737/4737/4737 4736/4736/4736
f 4736/4736/4736 4737/4737/4737 4739/4739/4739
f 4742/4742/4742 4741/4741/4741 4740/4740/4740
f 4740/4740/4740 4741/4741/4741 4743/4743/4743
f 4746/4746/4746 4745/4745/4745 4744/4744/4744
f 4744/4744/4744 4745/4745/4745 4747/4747/4747
f 4750/4750/4750 4749/4749/4749 4748/4748/4748
f 4748/4748/4748 4749/4749/4749 4751/4751/4751
f 4754/4754/4754 4753/4753/4753 4752/4752/4752
f 4752/4752/4752 4753/4753/4753 4755/4755/4755
f 4758/4758/4758 4757/4757/4757 4756/4756/4756
f 4756/4756/4756 4757/4757/4757 4759/4759/4759
f 4762/4762/4762 4761/4761/4761 4760/4760/4760
f 4760/4760/4760 4761/4761/4761 4763/4763/4763
f 4766/4766/4766 4765/4765/4765 4764/4764/4764
f 4764/4764/4764 4765/4765/4765 4767/4767/4767
f 4770/4770/4770 4769/4769/4769 4768/4768/4768
f 4768/4768/4768 4769/4769/4769 4771/4771/4771
f 4774/4774/4774 4773/4773/4773 4772/4772/4772
f 4772/4772/4772 4773/4773/4773 4775/4775/4775
f 4778/4778/4778 4777/4777/4777 4776/4776/4776
f 4776/4776/4776 4777/4777/4777 4779/4779/4779
f 4782/4782/4782 4781/4781/4781 4780/4780/4780
f 4547/4547/4547 4783/4783/4783 4546/4546/4546
f 4786/4786/4786 4785/4785/4785 4784/4784/4784
f 4786/4786/4786 4784/4784/4784 4787/4787/4787
f 4787/4787/4787 4784/4784/4784 4788/4788/4788
f 4205/4205/4205 4789/4789/4789 4204/4204/4204
f 4792/4792/4792 4791/4791/4791 4790/4790/4790
f 4790/4790/4790 4791/4791/4791 4793/4793/4793
f 4796/4796/4796 4795/4795/4795 4794/4794/4794
f 4794/4794/4794 4795/4795/4795 4797/4797/4797
f 4800/4800/4800 4799/4799/4799 4798/4798/4798
f 4798/4798/4798 4799/4799/4799 4801/4801/4801
f 4804/4804/4804 4803/4803/4803 4802/4802/4802
f 4802/4802/4802 4803/4803/4803 4805/4805/4805
f 4808/4808/4808 4807/4807/4807 4806/4806/4806
f 4806/4806/4806 4807/4807/4807 4809/4809/4809
f 4812/4812/4812 4811/4811/4811 4810/4810/4810
f 4810/4810/4810 4811/4811/4811 4813/4813/4813
f 4816/4816/4816 4815/4815/4815 4814/4814/4814
f 4814/4814/4814 4815/4815/4815 4817/4817/4817
f 4820/4820/4820 4819/4819/4819 4818/4818/4818
f 4818/4818/4818 4819/4819/4819 4821/4821/4821
f 4824/4824/4824 4823/4823/4823 4822/4822/4822
f 4822/4822/4822 4823/4823/4823 4825/4825/4825
f 4828/4828/4828 4827/4827/4827 4826/4826/4826
f 4826/4826/4826 4827/4827/4827 4829/4829/4829
f 4832/4832/4832 4831/4831/4831 4830/4830/4830
f 4830/4830/4830 4831/4831/4831 4833/4833/4833
f 4836/4836/4836 4835/4835/4835 4834/4834/4834
f 4834/4834/4834 4835/4835/4835 4837/4837/4837
f 4840/4840/4840 4839/4839/4839 4838/4838/4838
f 4838/4838/4838 4839/4839/4839 4841/4841/4841
f 4844/4844/4844 4843/4843/4843 4842/4842/4842
f 4842/4842/4842 4843/4843/4843 4845/4845/4845
f 4848/4848/4848 4847/4847/4847 4846/4846/4846
f 4846/4846/4846 4847/4847/4847 4849/4849/4849
f 4852/4852/4852 4851/4851/4851 4850/4850/4850
f 4850/4850/4850 4851/4851/4851 4853/4853/4853
f 4856/4856/4856 4855/4855/4855 4854/4854/4854
f 4854/4854/4854 4855/4855/4855 4857/4857/4857
f 4860/4860/4860 4859/4859/4859 4858/4858/4858
f 4858/4858/4858 4859/4859/4859 4861/4861/4861
f 4864/4864/4864 4863/4863/4863 4862/4862/4862
f 4862/4862/4862 4863/4863/4863 4865/4865/4865
f 4868/4868/4868 4867/4867/4867 4866/4866/4866
f 4866/4866/4866 4867/4867/4867 4869/4869/4869
f 4872/4872/4872 4871/4871/4871 4870/4870/4870
f 4870/4870/4870 4871/4871/4871 4873/4873/4873
f 4876/4876/4876 4875/4875/4875 4874/4874/4874
f 4874/4874/4874 4875/4875/4875 4877/4877/4877
f 4880/4880/4880 4879/4879/4879 4878/4878/4878
f 4878/4878/4878 4879/4879/4879 4881/4881/4881
f 4884/4884/4884 4883/4883/4883 4882/4882/4882
f 4882/4882/4882 4883/4883/4883 4885/4885/4885
f 4888/4888/4888 4887/4887/4887 4886/4886/4886
f 4886/4886/4886 4887/4887/4887 4889/4889/4889
f 4892/4892/4892 4891/4891/4891 4890/4890/4890
f 4890/4890/4890 4891/4891/4891 4893/4893/4893
f 4896/4896/4896 4895/4895/4895 4894/4894/4894
f 4894/4894/4894 4895/4895/4895 4897/4897/4897
f 4900/4900/4900 4899/4899/4899 4898/4898/4898
f 4898/4898/4898 4899/4899/4899 4901/4901/4901
f 4904/4904/4904 4903/4903/4903 4902/4902/4902
f 4902/4902/4902 4903/4903/4903 4905/4905/4905
f 4908/4908/4908 4907/4907/4907 4906/4906/4906
f 4906/4906/4906 4907/4907/4907 4909/4909/4909
f 4912/4912/4912 4911/4911/4911 4910/4910/4910
f 4910/4910/4910 4911/4911/4911 4913/4913/4913
f 4916/4916/4916 4915/4915/4915 4914/4914/4914
f 4914/4914/4914 4915/4915/4915 4917/4917/4917
f 4920/4920/4920 4919/4919/4919 4918/4918/4918
f 4918/4918/4918 4919/4919/4919 4921/4921/4921
f 4924/4924/4924 4923/4923/4923 4922/4922/4922
f 4922/4922/4922 4923/4923/4923 4925/4925/4925
f 4928/4928/4928 4927/4927/4927 4926/4926/4926
f 4926/4926/4926 4927/4927/4927 4929/4929/4929
f 4932/4932/4932 4931/4931/4931 4930/4930/4930
f 4930/4930/4930 4931/4931/4931 4933/4933/4933
f 4936/4936/4936 4935/4935/4935 4934/4934/4934
f 4934/4934/4934 4935/4935/4935 4937/4937/4937
f 4940/4940/4940 4939/4939/4939 4938/4938/4938
f 4938/4938/4938 4939/4939/4939 4941/4941/4941
f 4944/4944/4944 4943/4943/4943 4942/4942/4942
f 4942/4942/4942 4943/4943/4943 4945/4945/4945
f 4948/4948/4948 4947/4947/4947 4946/4946/4946
f 4946/4946/4946 4947/4947/4947 4949/4949/4949
f 4952/4952/4952 4951/4951/4951 4950/4950/4950
f 4950/4950/4950 4951/4951/4951 4953/4953/4953
f 4956/4956/4956 4955/4955/4955 4954/4954/4954
f 4954/4954/4954 4955/4955/4955 4957/4957/4957
f 4960/4960/4960 4959/4959/4959 4958/4958/4958
f 4958/4958/4958 4959/4959/4959 4961/4961/4961
f 4964/4964/4964 4963/4963/4963 4962/4962/4962
f 4962/4962/4962 4963/4963/4963 4965/4965/4965
f 4968/4968/4968 4967/4967/4967 4966/4966/4966
f 4966/4966/4966 4967/4967/4967 4969/4969/4969
f 4972/4972/4972 4971/4971/4971 4970/4970/4970
f 4970/4970/4970 4971/4971/4971 4973/4973/4973
f 4976/4976/4976 4975/4975/4975 4974/4974/4974
f 4974/4974/4974 4975/4975/4975 4977/4977/4977
f 4980/4980/4980 4979/4979/4979 4978/4978/4978
f 4978/4978/4978 4979/4979/4979 4981/4981/4981
f 4984/4984/4984 4983/4983/4983 4982/4982/4982
f 4982/4982/4982 4983/4983/4983 4985/4985/4985
f 4988/4988/4988 4987/4987/4987 4986/4986/4986
f 4986/4986/4986 4987/4987/4987 4989/4989/4989
f 4992/4992/4992 4991/4991/4991 4990/4990/4990
f 4990/4990/4990 4991/4991/4991 4993/4993/4993
f 4996/4996/4996 4995/4995/4995 4994/4994/4994
f 4994/4994/4994 4995/4995/4995 4997/4997/4997
f 5000/5000/5000 4999/4999/4999 4998/4998/4998
f 4998/4998/4998 4999/4999/4999 5001/5001/5001
f 5004/5004/5004 5003/5003/5003 5002/5002/5002
f 5002/5002/5002 5003/5003/5003 5005/5005/5005
f 5008/5008/5008 5007/5007/5007 5006/5006/5006
f 5006/5006/5006 5007/5007/5007 5009/5009/5009
f 5012/5012/5012 5011/5011/5011 5010/5010/5010
f 5010/5010/5010 5011/5011/5011 5013/5013/5013
f 5016/5016/5016 5015/5015/5015 5014/5014/5014
f 5014/5014/5014 5015/5015/5015 5017/5017/5017
f 5020/5020/5020 5019/5019/5019 5018/5018/5018
f 5018/5018/5018 5019/5019/5019 5021/5021/5021
f 5024/5024/5024 5023/5023/5023 5022/5022/5022
f 5022/5022/5022 5023/5023/5023 5025/5025/5025
f 5028/5028/5028 5027/5027/5027 5026/5026/5026
f 5026/5026/5026 5027/5027/5027 5029/5029/5029
f 5032/5032/5032 5031/5031/5031 5030/5030/5030
f 5030/5030/5030 5031/5031/5031 5033/5033/5033
f 5036/5036/5036 5035/5035/5035 5034/5034/5034
f 5034/5034/5034 5035/5035/5035 5037/5037/5037
f 5040/5040/5040 5039/5039/5039 5038/5038/5038
f 5038/5038/5038 5039/5039/5039 5041/5041/5041
f 5044/5044/5044 5043/5043/5043 5042/5042/5042
f 5042/5042/5042 5043/5043/5043 5045/5045/5045
f 5048/5048/5048 5047/5047/5047 5046/5046/5046
f 5046/5046/5046 5047/5047/5047 5049/5049/5049
f 5052/5052/5052 5051/5051/5051 5050/5050/5050
f 5050/5050/5050 5051/5051/5051 5053/5053/5053
f 5056/5056/5056 5055/5055/5055 5054/5054/5054
f 5054/5054/5054 5055/5055/5055 5057/5057/5057
f 5060/5060/5060 5059/5059/5059 5058/5058/5058
f 5058/5058/5058 5059/5059/5059 5061/5061/5061
f 5064/5064/5064 5063/5063/5063 5062/5062/5062
f 5067/5067/5067 5066/5066/5066 5065/5065/5065
f 5070/5070/5070 5069/5069/5069 5068/5068/5068
f 5068/5068/5068 5069/5069/5069 5071/5071/5071
f 5074/5074/5074 5073/5073/5073 5072/5072/5072
f 5072/5072/5072 5073/5073/5073 5075/5075/5075
f 5078/5078/5078 5077/5077/5077 5076/5076/5076
f 5076/5076/5076 5077/5077/5077 5079/5079/5079
f 5082/5082/5082 5081/5081/5081 5080/5080/5080
f 5080/5080/5080 5081/5081/5081 5083/5083/5083
f 5086/5086/5086 5085/5085/5085 5084/5084/5084
f 5084/5084/5084 5085/5085/5085 5087/5087/5087
f 5090/5090/5090 5089/5089/5089 5088/5088/5088
f 5088/5088/5088 5089/5089/5089 5091/5091/5091
f 5094/5094/5094 5093/5093/5093 5092/5092/5092
f 5092/5092/5092 5093/5093/5093 5095/5095/5095
f 5098/5098/5098 5097/5097/5097 5096/5096/5096
f 5096/5096/5096 5097/5097/5097 5099/5099/5099
f 5102/5102/5102 5101/5101/5101 5100/5100/5100
f 5100/5100/5100 5101/5101/5101 5103/5103/5103
f 5106/5106/5106 5105/5105/5105 5104/5104/5104
f 5104/5104/5104 5105/5105/5105 5107/5107/5107
f 5110/5110/5110 5109/5109/5109 5108/5108/5108
f 5108/5108/5108 5109/5109/5109 5111/5111/5111
f 5114/5114/5114 5113/5113/5113 5112/5112/5112
f 5112/5112/5112 5113/5113/5113 5115/5115/5115
f 5118/5118/5118 5117/5117/5117 5116/5116/5116
f 5116/5116/5116 5117/5117/5117 5119/5119/5119
f 5122/5122/5122 5121/5121/5121 5120/5120/5120
f 5120/5120/5120 5121/5121/5121 5123/5123/5123
f 5126/5126/5126 5125/5125/5125 5124/5124/5124
f 5124/5124/5124 5125/5125/5125 5127/5127/5127
f 5130/5130/5130 5129/5129/5129 5128/5128/5128
f 5128/5128/5128 5129/5129/5129 5131/5131/5131
f 5134/5134/5134 5133/5133/5133 5132/5132/5132
f 5132/5132/5132 5133/5133/5133 5135/5135/5135
f 5138/5138/5138 5137/5137/5137 5136/5136/5136
f 5136/5136/5136 5137/5137/5137 5139/5139/5139
f 5142/5142/5142 5141/5141/5141 5140/5140/5140
f 5140/5140/5140 5141/5141/5141 5143/5143/5143
f 5146/5146/5146 5145/5145/5145 5144/5144/5144
f 5144/5144/5144 5145/5145/5145 5147/5147/5147
f 5150/5150/5150 5149/5149/5149 5148/5148/5148
f 5148/5148/5148 5149/5149/5149 5151/5151/5151
f 5154/5154/5154 5153/5153/5153 5152/5152/5152
f 5152/5152/5152 5153/5153/5153 5155/5155/5155
f 5158/5158/5158 5157/5157/5157 5156/5156/5156
f 5156/5156/5156 5157/5157/5157 5159/5159/5159
f 5162/5162/5162 5161/5161/5161 5160/5160/5160
f 5160/5160/5160 5161/5161/5161 5163/5163/5163
f 5166/5166/5166 5165/5165/5165 5164/5164/5164
f 5164/5164/5164 5165/5165/5165 5167/5167/5167
f 5170/5170/5170 5169/5169/5169 5168/5168/5168
f 5168/5168/5168 5169/5169/5169 5171/5171/5171
f 5174/5174/5174 5173/5173/5173 5172/5172/5172
f 5172/5172/5172 5173/5173/5173 5175/5175/5175
f 5178/5178/5178 5177/5177/5177 5176/5176/5176
f 5176/5176/5176 5177/5177/5177 5179/5179/5179
f 5182/5182/5182 5181/5181/5181 5180/5180/5180
f 5180/5180/5180 5181/5181/5181 5183/5183/5183
f 5186/5186/5186 5185/5185/5185 5184/5184/5184
f 5184/5184/5184 5185/5185/5185 5187/5187/5187
f 5190/5190/5190 5189/5189/5189 5188/5188/5188
f 5188/5188/5188 5189/5189/5189 5191/5191/5191
f 5194/5194/5194 5193/5193/5193 5192/5192/5192
f 5192/5192/5192 5193/5193/5193 5195/5195/5195
f 5198/5198/5198 5197/5197/5197 5196/5196/5196
f 5196/5196/5196 5197/5197/5197 5199/5199/5199
f 5202/5202/5202 5201/5201/5201 5200/5200/5200
f 5200/5200/5200 5201/5201/5201 5203/5203/5203
f 5206/5206/5206 5205/5205/5205 5204/5204/5204
f 5209/5209/5209 5208/5208/5208 5207/5207/5207
f 5212/5212/5212 5211/5211/5211 5210/5210/5210
f 5210/5210/5210 5211/5211/5211 5213/5213/5213
f 5216/5216/5216 5215/5215/5215 5214/5214/5214
f 5214/5214/5214 5215/5215/5215 5217/5217/5217
f 5220/5220/5220 5219/5219/5219 5218/5218/5218
f 5218/5218/5218 5219/5219/5219 5221/5221/5221
f 5224/5224/5224 5223/5223/5223 5222/5222/5222
f 5222/5222/5222 5223/5223/5223 5225/5225/5225
f 5228/5228/5228 5227/5227/5227 5226/5226/5226
f 5226/5226/5226 5227/5227/5227 5229/5229/5229
f 5232/5232/5232 5231/5231/5231 5230/5230/5230
f 5230/5230/5230 5231/5231/5231 5233/5233/5233
f 5236/5236/5236 5235/5235/5235 5234/5234/5234
f 5234/5234/5234 5235/5235/5235 5237/5237/5237
f 5240/5240/5240 5239/5239/5239 5238/5238/5238
f 5238/5238/5238 5239/5239/5239 5241/5241/5241
f 5244/5244/5244 5243/5243/5243 5242/5242/5242
f 5242/5242/5242 5243/5243/5243 5245/5245/5245
f 5248/5248/5248 5247/5247/5247 5246/5246/5246
f 5246/5246/5246 5247/5247/5247 5249/5249/5249
f 5252/5252/5252 5251/5251/5251 5250/5250/5250
f 5250/5250/5250 5251/5251/5251 5253/5253/5253
f 5256/5256/5256 5255/5255/5255 5254/5254/5254
f 5254/5254/5254 5255/5255/5255 5257/5257/5257
f 5260/5260/5260 5259/5259/5259 5258/5258/5258
f 5258/5258/5258 5259/5259/5259 5261/5261/5261
f 5264/5264/5264 5263/5263/5263 5262/5262/5262
f 5262/5262/5262 5263/5263/5263 5265/5265/5265
f 5268/5268/5268 5267/5267/5267 5266/5266/5266
f 5266/5266/5266 5267/5267/5267 5269/5269/5269
f 5272/5272/5272 5271/5271/5271 5270/5270/5270
f 5270/5270/5270 5271/5271/5271 5273/5273/5273
f 5276/5276/5276 5275/5275/5275 5274/5274/5274
f 5274/5274/5274 5275/5275/5275 5277/5277/5277
f 5280/5280/5280 5279/5279/5279 5278/5278/5278
f 5278/5278/5278 5279/5279/5279 5281/5281/5281
f 5284/5284/5284 5283/5283/5283 5282/5282/5282
f 5282/5282/5282 5283/5283/5283 5285/5285/5285
f 5288/5288/5288 5287/5287/5287 5286/5286/5286
f 5286/5286/5286 5287/5287/5287 5289/5289/5289
f 5292/5292/5292 5291/5291/5291 5290/5290/5290
f 5290/5290/5290 5291/5291/5291 5293/5293/5293
f 5296/5296/5296 5295/5295/5295 5294/5294/5294
f 5294/5294/5294 5295/5295/5295 5297/5297/5297
f 5300/5300/5300 5299/5299/5299 5298/5298/5298
f 5298/5298/5298 5299/5299/5299 5301/5301/5301
f 5304/5304/5304 5303/5303/5303 5302/5302/5302
f 5302/5302/5302 5303/5303/5303 5305/5305/5305
f 5308/5308/5308 5307/5307/5307 5306/5306/5306
f 5306/5306/5306 5307/5307/5307 5309/5309/5309
f 5312/5312/5312 5311/5311/5311 5310/5310/5310
f 5310/5310/5310 5311/5311/5311 5313/5313/5313
f 5316/5316/5316 5315/5315/5315 5314/5314/5314
f 5314/5314/5314 5315/5315/5315 5317/5317/5317
f 5320/5320/5320 5319/5319/5319 5318/5318/5318
f 5318/5318/5318 5319/5319/5319 5321/5321/5321
f 5324/5324/5324 5323/5323/5323 5322/5322/5322
f 5322/5322/5322 5323/5323/5323 5325/5325/5325
f 5328/5328/5328 5327/5327/5327 5326/5326/5326
f 5331/5331/5331 5330/5330/5330 5329/5329/5329
f 5334/5334/5334 5333/5333/5333 5332/5332/5332
f 5332/5332/5332 5333/5333/5333 5335/5335/5335
f 5338/5338/5338 5337/5337/5337 5336/5336/5336
f 5336/5336/5336 5337/5337/5337 5339/5339/5339
f 5342/5342/5342 5341/5341/5341 5340/5340/5340
f 5340/5340/5340 5341/5341/5341 5343/5343/5343
f 5346/5346/5346 5345/5345/5345 5344/5344/5344
f 5344/5344/5344 5345/5345/5345 5347/5347/5347
f 5350/5350/5350 5349/5349/5349 5348/5348/5348
f 5348/5348/5348 5349/5349/5349 5351/5351/5351
f 5354/5354/5354 5353/5353/5353 5352/5352/5352
f 5352/5352/5352 5353/5353/5353 5355/5355/5355
f 5358/5358/5358 5357/5357/5357 5356/5356/5356
f 5356/5356/5356 5357/5357/5357 5359/5359/5359
f 5362/5362/5362 5361/5361/5361 5360/5360/5360
f 5360/5360/5360 5361/5361/5361 5363/5363/5363
f 5366/5366/5366 5365/5365/5365 5364/5364/5364
f 5364/5364/5364 5365/5365/5365 5367/5367/5367
f 5370/5370/5370 5369/5369/5369 5368/5368/5368
f 5368/5368/5368 5369/5369/5369 5371/5371/5371
f 5374/5374/5374 5373/5373/5373 5372/5372/5372
f 5372/5372/5372 5373/5373/5373 5375/5375/5375
f 5378/5378/5378 5377/5377/5377 5376/5376/5376
f 5376/5376/5376 5377/5377/5377 5379/5379/5379
f 5382/5382/5382 5381/5381/5381 5380/5380/5380
f 5380/5380/5380 5381/5381/5381 5383/5383/5383
f 5386/5386/5386 5385/5385/5385 5384/5384/5384
f 5384/5384/5384 5385/5385/5385 5387/5387/5387
f 5390/5390/5390 5389/5389/5389 5388/5388/5388
f 5388/5388/5388 5389/5389/5389 5391/5391/5391
f 5394/5394/5394 5393/5393/5393 5392/5392/5392
f 5392/5392/5392 5393/5393/5393 5395/5395/5395
f 5398/5398/5398 5397/5397/5397 5396/5396/5396
f 5396/5396/5396 5397/5397/5397 5399/5399/5399
f 5402/5402/5402 5401/5401/5401 5400/5400/5400
f 5400/5400/5400 5401/5401/5401 5403/5403/5403
f 5406/5406/5406 5405/5405/5405 5404/5404/5404
f 5404/5404/5404 5405/5405/5405 5407/5407/5407
f 5410/5410/5410 5409/5409/5409 5408/5408/5408
f 5408/5408/5408 5409/5409/5409 5411/5411/5411
f 5414/5414/5414 5413/5413/5413 5412/5412/5412
f 5412/5412/5412 5413/5413/5413 5415/5415/5415
f 5418/5418/5418 5417/5417/5417 5416/5416/5416
f 5416/5416/5416 5417/5417/5417 5419/5419/5419
f 5422/5422/5422 5421/5421/5421 5420/5420/5420
f 5420/5420/5420 5421/5421/5421 5423/5423/5423
f 5426/5426/5426 5425/5425/5425 5424/5424/5424
f 5424/5424/5424 5425/5425/5425 5427/5427/5427
f 5430/5430/5430 5429/5429/5429 5428/5428/5428
f 5428/5428/5428 5429/5429/5429 5431/5431/5431
f 5434/5434/5434 5433/5433/5433 5432/5432/5432
f 5432/5432/5432 5433/5433/5433 5435/5435/5435
f 5438/5438/5438 5437/5437/5437 5436/5436/5436
f 5436/5436/5436 5437/5437/5437 5439/5439/5439
f 5442/5442/5442 5441/5441/5441 5440/5440/5440
f 5440/5440/5440 5441/5441/5441 5443/5443/5443
f 5446/5446/5446 5445/5445/5445 5444/5444/5444
f 5444/5444/5444 5445/5445/5445 5447/5447/5447
f 5450/5450/5450 5449/5449/5449 5448/5448/5448
f 5448/5448/5448 5449/5449/5449 5451/5451/5451
f 5454/5454/5454 5453/5453/5453 5452/5452/5452
f 5452/5452/5452 5453/5453/5453 5455/5455/5455
f 5458/5458/5458 5457/5457/5457 5456/5456/5456
f 5456/5456/5456 5457/5457/5457 5459/5459/5459
f 5462/5462/5462 5461/5461/5461 5460/5460/5460
f 5460/5460/5460 5461/5461/5461 5463/5463/5463
f 5466/5466/5466 5465/5465/5465 5464/5464/5464
f 5464/5464/5464 5465/5465/5465 5467/5467/5467
f 3863/3863/3863 5468/5468/5468 3865/3865/3865
f 3865/3865/3865 5468/5468/5468 5469/5469/5469
f 5472/5472/5472 5471/5471/5471 5470/5470/5470
f 5470/5470/5470 5471/5471/5471 5473/5473/5473
f 4248/4248/4248 5474/5474/5474 4247/4247/4247
f 4780/4780/4780 4781/4781/4781 5475/5475/5475
f 5478/5478/5478 5477/5477/5477 5476/5476/5476
f 5481/5481/5481 5480/5480/5480 5479/5479/5479
f 5484/5484/5484 5483/5483/5483 5482/5482/5482
f 5484/5484/5484 5482/5482/5482 5485/5485/5485
f 5488/5488/5488 5487/5487/5487 5486/5486/5486
f 5488/5488/5488 5486/5486/5486 5489/5489/5489
f 5492/5492/5492 5491/5491/5491 5490/5490/5490
f 5495/5495/5495 5494/5494/5494 5493/5493/5493
f 5496/5496/5496 3858/3858/3858 3856/3856/3856
f 5496/5496/5496 3856/3856/3856 5497/5497/5497
f 5500/5500/5500 5499/5499/5499 5498/5498/5498
f 5503/5503/5503 5502/5502/5502 5501/5501/5501
f 5506/5506/5506 5505/5505/5505 5504/5504/5504
f 5509/5509/5509 5508/5508/5508 5507/5507/5507
f 5512/5512/5512 5511/5511/5511 5510/5510/5510
f 5515/5515/5515 5514/5514/5514 5513/5513/5513
f 5518/5518/5518 5517/5517/5517 5516/5516/5516
f 5521/5521/5521 5520/5520/5520 5519/5519/5519
f 5524/5524/5524 5523/5523/5523 5522/5522/5522
f 5527/5527/5527 5526/5526/5526 5525/5525/5525
f 5530/5530/5530 5529/5529/5529 5528/5528/5528
f 5533/5533/5533 5532/5532/5532 5531/5531/5531
f 5536/5536/5536 5535/5535/5535 5534/5534/5534
f 5539/5539/5539 5538/5538/5538 5537/5537/5537
f 5542/5542/5542 5541/5541/5541 5540/5540/5540
f 5545/5545/5545 5544/5544/5544 5543/5543/5543
f 5548/5548/5548 5547/5547/5547 5546/5546/5546
f 5551/5551/5551 5550/5550/5550 5549/5549/5549
f 5554/5554/5554 5553/5553/5553 5552/5552/5552
f 5557/5557/5557 5556/5556/5556 5555/5555/5555
f 5560/5560/5560 5559/5559/5559 5558/5558/5558
f 5563/5563/5563 5562/5562/5562 5561/5561/5561
f 5566/5566/5566 5565/5565/5565 5564/5564/5564
f 5569/5569/5569 5568/5568/5568 5567/5567/5567
f 5572/5572/5572 5571/5571/5571 5570/5570/5570
f 5575/5575/5575 5574/5574/5574 5573/5573/5573
f 5578/5578/5578 5577/5577/5577 5576/5576/5576
f 5581/5581/5581 5580/5580/5580 5579/5579/5579
f 5584/5584/5584 5583/5583/5583 5582/5582/5582
f 5587/5587/5587 5586/5586/5586 5585/5585/5585
f 5590/5590/5590 5589/5589/5589 5588/5588/5588
f 5593/5593/5593 5592/5592/5592 5591/5591/5591
f 5596/5596/5596 5595/5595/5595 5594/5594/5594
f 5599/5599/5599 5598/5598/5598 5597/5597/5597
f 5602/5602/5602 5601/5601/5601 5600/5600/5600
f 5605/5605/5605 5604/5604/5604 5603/5603/5603
f 5608/5608/5608 5607/5607/5607 5606/5606/5606
f 5611/5611/5611 5610/5610/5610 5609/5609/5609
f 5614/5614/5614 5613/5613/5613 5612/5612/5612
f 5617/5617/5617 5616/5616/5616 5615/5615/5615
f 5620/5620/5620 5619/5619/5619 5618/5618/5618
f 5623/5623/5623 5622/5622/5622 5621/5621/5621
f 5626/5626/5626 5625/5625/5625 5624/5624/5624
f 5629/5629/5629 5628/5628/5628 5627/5627/5627
f 5632/5632/5632 5631/5631/5631 5630/5630/5630
f 5635/5635/5635 5634/5634/5634 5633/5633/5633
f 5638/5638/5638 5637/5637/5637 5636/5636/5636
f 5530/5530/5530 5528/5528/5528 5639/5639/5639
f 5642/5642/5642 5641/5641/5641 5640/5640/5640
f 5645/5645/5645 5644/5644/5644 5643/5643/5643
f 5648/5648/5648 5647/5647/5647 5646/5646/5646
f 5651/5651/5651 5650/5650/5650 5649/5649/5649
f 5654/5654/5654 5653/5653/5653 5652/5652/5652
f 5657/5657/5657 5656/5656/5656 5655/5655/5655
f 5655/5655/5655 5656/5656/5656 5658/5658/5658
f 5661/5661/5661 5660/5660/5660 5659/5659/5659
f 5659/5659/5659 5660/5660/5660 5662/5662/5662
f 5665/5665/5665 5664/5664/5664 5663/5663/5663
f 5663/5663/5663 5664/5664/5664 5666/5666/5666
f 5669/5669/5669 5668/5668/5668 5667/5667/5667
f 5672/5672/5672 5671/5671/5671 5670/5670/5670
f 5675/5675/5675 5674/5674/5674 5673/5673/5673
f 5678/5678/5678 5677/5677/5677 5676/5676/5676
f 5681/5681/5681 5680/5680/5680 5679/5679/5679
f 5684/5684/5684 5683/5683/5683 5682/5682/5682
f 5687/5687/5687 5686/5686/5686 5685/5685/5685
f 5690/5690/5690 5689/5689/5689 5688/5688/5688
f 5693/5693/5693 5692/5692/5692 5691/5691/5691
f 5696/5696/5696 5695/5695/5695 5694/5694/5694
f 5699/5699/5699 5698/5698/5698 5697/5697/5697
f 5702/5702/5702 5701/5701/5701 5700/5700/5700
f 5548/5548/5548 5703/5703/5703 5547/5547/5547
f 5704/5704/5704 5554/5554/5554 5552/5552/5552
f 5707/5707/5707 5706/5706/5706 5705/5705/5705
f 5708/5708/5708 5675/5675/5675 5673/5673/5673
f 5711/5711/5711 5710/5710/5710 5709/5709/5709
f 5712/5712/5712 5681/5681/5681 5679/5679/5679
f 5715/5715/5715 5714/5714/5714 5713/5713/5713
f 5716/5716/5716 5687/5687/5687 5685/5685/5685
f 5719/5719/5719 5718/5718/5718 5717/5717/5717
f 5720/5720/5720 5693/5693/5693 5691/5691/5691
f 5723/5723/5723 5722/5722/5722 5721/5721/5721
f 5724/5724/5724 5699/5699/5699 5697/5697/5697
f 5727/5727/5727 5726/5726/5726 5725/5725/5725
f 5725/5725/5725 5726/5726/5726 5728/5728/5728
f 5731/5731/5731 5730/5730/5730 5729/5729/5729
f 5732/5732/5732 5707/5707/5707 5705/5705/5705
f 5735/5735/5735 5734/5734/5734 5733/5733/5733
f 5736/5736/5736 5711/5711/5711 5709/5709/5709
f 5739/5739/5739 5738/5738/5738 5737/5737/5737
f 5740/5740/5740 5715/5715/5715 5713/5713/5713
f 5743/5743/5743 5742/5742/5742 5741/5741/5741
f 5744/5744/5744 5719/5719/5719 5717/5717/5717
f 5747/5747/5747 5746/5746/5746 5745/5745/5745
f 5748/5748/5748 5723/5723/5723 5721/5721/5721
f 5751/5751/5751 5750/5750/5750 5749/5749/5749
f 5752/5752/5752 5727/5727/5727 5725/5725/5725
f 5677/5677/5677 5753/5753/5753 5676/5676/5676
f 5756/5756/5756 5755/5755/5755 5754/5754/5754
f 5683/5683/5683 5757/5757/5757 5682/5682/5682
f 5760/5760/5760 5759/5759/5759 5758/5758/5758
f 5689/5689/5689 5761/5761/5761 5688/5688/5688
f 5764/5764/5764 5763/5763/5763 5762/5762/5762
f 5695/5695/5695 5765/5765/5765 5694/5694/5694
f 5768/5768/5768 5767/5767/5767 5766/5766/5766
f 5701/5701/5701 5769/5769/5769 5700/5700/5700
f 5772/5772/5772 5771/5771/5771 5770/5770/5770
f 5554/5554/5554 5773/5773/5773 5553/5553/5553
f 5776/5776/5776 5775/5775/5775 5774/5774/5774
f 5779/5779/5779 5778/5778/5778 5777/5777/5777
f 5780/5780/5780 5731/5731/5731 5729/5729/5729
f 5783/5783/5783 5782/5782/5782 5781/5781/5781
f 5784/5784/5784 5735/5735/5735 5733/5733/5733
f 5787/5787/5787 5786/5786/5786 5785/5785/5785
f 5788/5788/5788 5739/5739/5739 5737/5737/5737
f 5791/5791/5791 5790/5790/5790 5789/5789/5789
f 5792/5792/5792 5743/5743/5743 5741/5741/5741
f 5795/5795/5795 5794/5794/5794 5793/5793/5793
f 5798/5798/5798 5797/5797/5797 5796/5796/5796
f 5539/5539/5539 5799/5799/5799 5538/5538/5538
f 5801/5801/5801 5751/5751/5751 5800/5800/5800
f 5755/5755/5755 5802/5802/5802 5754/5754/5754
f 5805/5805/5805 5804/5804/5804 5803/5803/5803
f 5759/5759/5759 5806/5806/5806 5758/5758/5758
f 5809/5809/5809 5808/5808/5808 5807/5807/5807
f 5763/5763/5763 5810/5810/5810 5762/5762/5762
f 5813/5813/5813 5812/5812/5812 5811/5811/5811
f 5767/5767/5767 5814/5814/5814 5766/5766/5766
f 5817/5817/5817 5816/5816/5816 5815/5815/5815
f 5820/5820/5820 5819/5819/5819 5818/5818/5818
f 5823/5823/5823 5822/5822/5822 5821/5821/5821
f 5775/5775/5775 5824/5824/5824 5774/5774/5774
f 5827/5827/5827 5826/5826/5826 5825/5825/5825
f 5830/5830/5830 5829/5829/5829 5828/5828/5828
f 5833/5833/5833 5832/5832/5832 5831/5831/5831
f 5836/5836/5836 5835/5835/5835 5834/5834/5834
f 5839/5839/5839 5838/5838/5838 5837/5837/5837
f 5842/5842/5842 5841/5841/5841 5840/5840/5840
f 5845/5845/5845 5844/5844/5844 5843/5843/5843
f 5848/5848/5848 5847/5847/5847 5846/5846/5846
f 5851/5851/5851 5850/5850/5850 5849/5849/5849
f 5854/5854/5854 5853/5853/5853 5852/5852/5852
f 5857/5857/5857 5856/5856/5856 5855/5855/5855
f 5545/5545/5545 5858/5858/5858 5544/5544/5544
f 5859/5859/5859 5596/5596/5596 5594/5594/5594
f 5862/5862/5862 5861/5861/5861 5860/5860/5860
f 5865/5865/5865 5864/5864/5864 5863/5863/5863
f 5868/5868/5868 5867/5867/5867 5866/5866/5866
f 5871/5871/5871 5870/5870/5870 5869/5869/5869
f 5874/5874/5874 5873/5873/5873 5872/5872/5872
f 5877/5877/5877 5876/5876/5876 5875/5875/5875
f 5880/5880/5880 5879/5879/5879 5878/5878/5878
f 5883/5883/5883 5882/5882/5882 5881/5881/5881
f 5886/5886/5886 5885/5885/5885 5884/5884/5884
f 5889/5889/5889 5888/5888/5888 5887/5887/5887
f 5804/5804/5804 5890/5890/5890 5803/5803/5803
f 5893/5893/5893 5892/5892/5892 5891/5891/5891
f 5808/5808/5808 5894/5894/5894 5807/5807/5807
f 5897/5897/5897 5896/5896/5896 5895/5895/5895
f 5812/5812/5812 5898/5898/5898 5811/5811/5811
f 5901/5901/5901 5900/5900/5900 5899/5899/5899
f 5816/5816/5816 5902/5902/5902 5815/5815/5815
f 5905/5905/5905 5904/5904/5904 5903/5903/5903
f 5822/5822/5822 5906/5906/5906 5821/5821/5821
f 5909/5909/5909 5908/5908/5908 5907/5907/5907
f 5566/5566/5566 5910/5910/5910 5565/5565/5565
f 5565/5565/5565 5910/5910/5910 5911/5911/5911
f 5914/5914/5914 5913/5913/5913 5912/5912/5912
f 5917/5917/5917 5916/5916/5916 5915/5915/5915
f 5920/5920/5920 5919/5919/5919 5918/5918/5918
f 5923/5923/5923 5922/5922/5922 5921/5921/5921
f 5926/5926/5926 5925/5925/5925 5924/5924/5924
f 5929/5929/5929 5928/5928/5928 5927/5927/5927
f 5932/5932/5932 5931/5931/5931 5930/5930/5930
f 5935/5935/5935 5934/5934/5934 5933/5933/5933
f 5938/5938/5938 5937/5937/5937 5936/5936/5936
f 5941/5941/5941 5940/5940/5940 5939/5939/5939
f 5944/5944/5944 5943/5943/5943 5942/5942/5942
f 5942/5942/5942 5943/5943/5943 5945/5945/5945
f 5948/5948/5948 5947/5947/5947 5946/5946/5946
f 5951/5951/5951 5950/5950/5950 5949/5949/5949
f 5896/5896/5896 5952/5952/5952 5895/5895/5895
f 5955/5955/5955 5954/5954/5954 5953/5953/5953
f 5900/5900/5900 5956/5956/5956 5899/5899/5899
f 5959/5959/5959 5958/5958/5958 5957/5957/5957
f 5904/5904/5904 5960/5960/5960 5903/5903/5903
f 5963/5963/5963 5962/5962/5962 5961/5961/5961
f 5908/5908/5908 5964/5964/5964 5907/5907/5907
f 5967/5967/5967 5966/5966/5966 5965/5965/5965
f 5569/5569/5569 5968/5968/5968 5568/5568/5568
f 5969/5969/5969 5587/5587/5587 5585/5585/5585
f 5916/5916/5916 5970/5970/5970 5915/5915/5915
f 5971/5971/5971 5779/5779/5779 5777/5777/5777
f 5922/5922/5922 5972/5972/5972 5921/5921/5921
f 5973/5973/5973 5783/5783/5783 5781/5781/5781
f 5928/5928/5928 5974/5974/5974 5927/5927/5927
f 5977/5977/5977 5976/5976/5976 5975/5975/5975
f 5980/5980/5980 5979/5979/5979 5978/5978/5978
f 5983/5983/5983 5982/5982/5982 5981/5981/5981
f 5940/5940/5940 5984/5984/5984 5939/5939/5939
f 5985/5985/5985 5795/5795/5795 5793/5793/5793
f 5542/5542/5542 5986/5986/5986 5541/5541/5541
f 5989/5989/5989 5988/5988/5988 5987/5987/5987
f 5992/5992/5992 5991/5991/5991 5990/5990/5990
f 5995/5995/5995 5994/5994/5994 5993/5993/5993
f 5998/5998/5998 5997/5997/5997 5996/5996/5996
f 6001/6001/6001 6000/6000/6000 5999/5999/5999
f 6004/6004/6004 6003/6003/6003 6002/6002/6002
f 6007/6007/6007 6006/6006/6006 6005/6005/6005
f 6010/6010/6010 6009/6009/6009 6008/6008/6008
f 6013/6013/6013 6012/6012/6012 6011/6011/6011
f 6016/6016/6016 6015/6015/6015 6014/6014/6014
f 6019/6019/6019 6018/6018/6018 6017/6017/6017
f 6022/6022/6022 6021/6021/6021 6020/6020/6020
f 6020/6020/6020 6021/6021/6021 6023/6023/6023
f 6026/6026/6026 6025/6025/6025 6024/6024/6024
f 6027/6027/6027 5992/5992/5992 5990/5990/5990
f 6030/6030/6030 6029/6029/6029 6028/6028/6028
f 6031/6031/6031 5998/5998/5998 5996/5996/5996
f 6034/6034/6034 6033/6033/6033 6032/6032/6032
f 6035/6035/6035 6004/6004/6004 6002/6002/6002
f 6038/6038/6038 6037/6037/6037 6036/6036/6036
f 6039/6039/6039 6010/6010/6010 6008/6008/6008
f 6042/6042/6042 6041/6041/6041 6040/6040/6040
f 6043/6043/6043 6016/6016/6016 6014/6014/6014
f 5581/5581/5581 6044/6044/6044 5580/5580/5580
f 6047/6047/6047 6046/6046/6046 6045/6045/6045
f 6050/6050/6050 6049/6049/6049 6048/6048/6048
f 6053/6053/6053 6052/6052/6052 6051/6051/6051
f 6056/6056/6056 6055/6055/6055 6054/6054/6054
f 6059/6059/6059 6058/6058/6058 6057/6057/6057
f 6062/6062/6062 6061/6061/6061 6060/6060/6060
f 6065/6065/6065 6064/6064/6064 6063/6063/6063
f 6068/6068/6068 6067/6067/6067 6066/6066/6066
f 6071/6071/6071 6070/6070/6070 6069/6069/6069
f 6074/6074/6074 6073/6073/6073 6072/6072/6072
f 6077/6077/6077 6076/6076/6076 6075/6075/6075
f 5551/5551/5551 6078/6078/6078 5550/5550/5550
f 6081/6081/6081 6080/6080/6080 6079/6079/6079
f 6052/6052/6052 6082/6082/6082 6051/6051/6051
f 6085/6085/6085 6084/6084/6084 6083/6083/6083
f 6058/6058/6058 6086/6086/6086 6057/6057/6057
f 6089/6089/6089 6088/6088/6088 6087/6087/6087
f 6064/6064/6064 6090/6090/6090 6063/6063/6063
f 6093/6093/6093 6092/6092/6092 6091/6091/6091
f 6096/6096/6096 6095/6095/6095 6094/6094/6094
f 6099/6099/6099 6098/6098/6098 6097/6097/6097
f 6076/6076/6076 6100/6100/6100 6075/6075/6075
f 6103/6103/6103 6102/6102/6102 6101/6101/6101
f 6080/6080/6080 6104/6104/6104 6079/6079/6079
f 6079/6079/6079 6104/6104/6104 6105/6105/6105
f 6108/6108/6108 6107/6107/6107 6106/6106/6106
f 6111/6111/6111 6110/6110/6110 6109/6109/6109
f 6114/6114/6114 6113/6113/6113 6112/6112/6112
f 6117/6117/6117 6116/6116/6116 6115/6115/6115
f 6120/6120/6120 6119/6119/6119 6118/6118/6118
f 6123/6123/6123 6122/6122/6122 6121/6121/6121
f 6126/6126/6126 6125/6125/6125 6124/6124/6124
f 6129/6129/6129 6128/6128/6128 6127/6127/6127
f 6132/6132/6132 6131/6131/6131 6130/6130/6130
f 6135/6135/6135 6134/6134/6134 6133/6133/6133
f 6138/6138/6138 6137/6137/6137 6136/6136/6136
f 6136/6136/6136 6137/6137/6137 6139/6139/6139
f 5950/5950/5950 6140/6140/6140 5949/5949/5949
f 6141/6141/6141 6108/6108/6108 6106/6106/6106
f 5954/5954/5954 6142/6142/6142 5953/5953/5953
f 6143/6143/6143 6114/6114/6114 6112/6112/6112
f 5958/5958/5958 6144/6144/6144 5957/5957/5957
f 6145/6145/6145 6120/6120/6120 6118/6118/6118
f 5962/5962/5962 6146/6146/6146 5961/5961/5961
f 6149/6149/6149 6148/6148/6148 6147/6147/6147
f 5966/5966/5966 6150/6150/6150 5965/5965/5965
f 6151/6151/6151 6132/6132/6132 6130/6130/6130
f 5587/5587/5587 6152/6152/6152 5586/5586/5586
f 6153/6153/6153 6138/6138/6138 6136/6136/6136
f 6156/6156/6156 6155/6155/6155 6154/6154/6154
f 6157/6157/6157 5914/5914/5914 5912/5912/5912
f 6160/6160/6160 6159/6159/6159 6158/6158/6158
f 6161/6161/6161 5920/5920/5920 5918/5918/5918
f 6164/6164/6164 6163/6163/6163 6162/6162/6162
f 6165/6165/6165 5926/5926/5926 5924/5924/5924
f 6168/6168/6168 6167/6167/6167 6166/6166/6166
f 6171/6171/6171 6170/6170/6170 6169/6169/6169
f 6174/6174/6174 6173/6173/6173 6172/6172/6172
f 6175/6175/6175 5938/5938/5938 5936/5936/5936
f 5560/5560/5560 6176/6176/6176 5559/5559/5559
f 6177/6177/6177 5944/5944/5944 5942/5942/5942
f 6084/6084/6084 6178/6178/6178 6083/6083/6083
f 6181/6181/6181 6180/6180/6180 6179/6179/6179
f 6088/6088/6088 6182/6182/6182 6087/6087/6087
f 6185/6185/6185 6184/6184/6184 6183/6183/6183
f 6092/6092/6092 6186/6186/6186 6091/6091/6091
f 6189/6189/6189 6188/6188/6188 6187/6187/6187
f 6192/6192/6192 6191/6191/6191 6190/6190/6190
f 6195/6195/6195 6194/6194/6194 6193/6193/6193
f 6102/6102/6102 6196/6196/6196 6101/6101/6101
f 6199/6199/6199 6198/6198/6198 6197/6197/6197
f 5557/5557/5557 6200/6200/6200 5556/5556/5556
f 6180/6180/6180 6201/6201/6201 6179/6179/6179
f 6202/6202/6202 5862/5862/5862 5860/5860/5860
f 6184/6184/6184 6203/6203/6203 6183/6183/6183
f 6204/6204/6204 5868/5868/5868 5866/5866/5866
f 6188/6188/6188 6205/6205/6205 6187/6187/6187
f 6206/6206/6206 5874/5874/5874 5872/5872/5872
f 6194/6194/6194 6207/6207/6207 6193/6193/6193
f 6208/6208/6208 5880/5880/5880 5878/5878/5878
f 6198/6198/6198 6209/6209/6209 6197/6197/6197
f 6210/6210/6210 5886/5886/5886 5884/5884/5884
f 5832/5832/5832 6211/6211/6211 5831/5831/5831
f 6214/6214/6214 6213/6213/6213 6212/6212/6212
f 5838/5838/5838 6215/6215/6215 5837/5837/5837
f 6218/6218/6218 6217/6217/6217 6216/6216/6216
f 5844/5844/5844 6219/6219/6219 5843/5843/5843
f 6222/6222/6222 6221/6221/6221 6220/6220/6220
f 5850/5850/5850 6223/6223/6223 5849/5849/5849
f 6226/6226/6226 6225/6225/6225 6224/6224/6224
f 5856/5856/5856 6227/6227/6227 5855/5855/5855
f 6230/6230/6230 6229/6229/6229 6228/6228/6228
f 5596/5596/5596 6231/6231/6231 5595/5595/5595
f 6234/6234/6234 6233/6233/6233 6232/6232/6232
f 6213/6213/6213 6235/6235/6235 6212/6212/6212
f 6236/6236/6236 6026/6026/6026 6024/6024/6024
f 6217/6217/6217 6237/6237/6237 6216/6216/6216
f 6238/6238/6238 6030/6030/6030 6028/6028/6028
f 6221/6221/6221 6239/6239/6239 6220/6220/6220
f 6240/6240/6240 6034/6034/6034 6032/6032/6032
f 6225/6225/6225 6241/6241/6241 6224/6224/6224
f 6242/6242/6242 6038/6038/6038 6036/6036/6036
f 6229/6229/6229 6243/6243/6243 6228/6228/6228
f 6244/6244/6244 6042/6042/6042 6040/6040/6040
f 6233/6233/6233 6245/6245/6245 6232/6232/6232
f 6232/6232/6232 6245/6245/6245 6246/6246/6246
f 6249/6249/6249 6248/6248/6248 6247/6247/6247
f 6250/6250/6250 6156/6156/6156 6154/6154/6154
f 6253/6253/6253 6252/6252/6252 6251/6251/6251
f 6256/6256/6256 6255/6255/6255 6254/6254/6254
f 6259/6259/6259 6258/6258/6258 6257/6257/6257
f 6260/6260/6260 6164/6164/6164 6162/6162/6162
f 6263/6263/6263 6262/6262/6262 6261/6261/6261
f 6264/6264/6264 6168/6168/6168 6166/6166/6166
f 6267/6267/6267 6266/6266/6266 6265/6265/6265
f 6268/6268/6268 6174/6174/6174 6172/6172/6172
f 5575/5575/5575 6269/6269/6269 5574/5574/5574
f 6270/6270/6270 5560/5560/5560 5558/5558/5558
f 6273/6273/6273 6272/6272/6272 6271/6271/6271
f 6276/6276/6276 6275/6275/6275 6274/6274/6274
f 6279/6279/6279 6278/6278/6278 6277/6277/6277
f 6282/6282/6282 6281/6281/6281 6280/6280/6280
f 6285/6285/6285 6284/6284/6284 6283/6283/6283
f 6288/6288/6288 6287/6287/6287 6286/6286/6286
f 6291/6291/6291 6290/6290/6290 6289/6289/6289
f 6294/6294/6294 6293/6293/6293 6292/6292/6292
f 6297/6297/6297 6296/6296/6296 6295/6295/6295
f 6300/6300/6300 6299/6299/6299 6298/6298/6298
f 5602/5602/5602 6301/6301/6301 5601/5601/5601
f 6304/6304/6304 6303/6303/6303 6302/6302/6302
f 6307/6307/6307 6306/6306/6306 6305/6305/6305
f 6308/6308/6308 6273/6273/6273 6271/6271/6271
f 6311/6311/6311 6310/6310/6310 6309/6309/6309
f 6312/6312/6312 6279/6279/6279 6277/6277/6277
f 6315/6315/6315 6314/6314/6314 6313/6313/6313
f 6316/6316/6316 6285/6285/6285 6283/6283/6283
f 6319/6319/6319 6318/6318/6318 6317/6317/6317
f 6320/6320/6320 6291/6291/6291 6289/6289/6289
f 6323/6323/6323 6322/6322/6322 6321/6321/6321
f 6324/6324/6324 6297/6297/6297 6295/6295/6295
f 6327/6327/6327 6326/6326/6326 6325/6325/6325
f 6325/6325/6325 6326/6326/6326 6328/6328/6328
f 6331/6331/6331 6330/6330/6330 6329/6329/6329
f 6332/6332/6332 6307/6307/6307 6305/6305/6305
f 6335/6335/6335 6334/6334/6334 6333/6333/6333
f 6336/6336/6336 6311/6311/6311 6309/6309/6309
f 6339/6339/6339 6338/6338/6338 6337/6337/6337
f 6340/6340/6340 6315/6315/6315 6313/6313/6313
f 6343/6343/6343 6342/6342/6342 6341/6341/6341
f 6344/6344/6344 6319/6319/6319 6317/6317/6317
f 6347/6347/6347 6346/6346/6346 6345/6345/6345
f 6350/6350/6350 6349/6349/6349 6348/6348/6348
f 5620/5620/5620 6351/6351/6351 5619/5619/5619
f 6352/6352/6352 6327/6327/6327 6325/6325/6325
f 6275/6275/6275 6353/6353/6353 6274/6274/6274
f 6356/6356/6356 6355/6355/6355 6354/6354/6354
f 6281/6281/6281 6357/6357/6357 6280/6280/6280
f 6360/6360/6360 6359/6359/6359 6358/6358/6358
f 6287/6287/6287 6361/6361/6361 6286/6286/6286
f 6364/6364/6364 6363/6363/6363 6362/6362/6362
f 6293/6293/6293 6365/6365/6365 6292/6292/6292
f 6368/6368/6368 6367/6367/6367 6366/6366/6366
f 6299/6299/6299 6369/6369/6369 6298/6298/6298
f 6372/6372/6372 6371/6371/6371 6370/6370/6370
f 6303/6303/6303 6373/6373/6373 6302/6302/6302
f 6302/6302/6302 6373/6373/6373 6374/6374/6374
f 6355/6355/6355 6375/6375/6375 6354/6354/6354
f 6378/6378/6378 6377/6377/6377 6376/6376/6376
f 6359/6359/6359 6379/6379/6379 6358/6358/6358
f 6382/6382/6382 6381/6381/6381 6380/6380/6380
f 6363/6363/6363 6383/6383/6383 6362/6362/6362
f 6386/6386/6386 6385/6385/6385 6384/6384/6384
f 6367/6367/6367 6387/6387/6387 6366/6366/6366
f 6390/6390/6390 6389/6389/6389 6388/6388/6388
f 6371/6371/6371 6391/6391/6391 6370/6370/6370
f 6394/6394/6394 6393/6393/6393 6392/6392/6392
f 5656/5656/5656 6395/6395/6395 5658/5658/5658
f 6398/6398/6398 6397/6397/6397 6396/6396/6396
f 6401/6401/6401 6400/6400/6400 6399/6399/6399
f 6402/6402/6402 6249/6249/6249 6247/6247/6247
f 6405/6405/6405 6404/6404/6404 6403/6403/6403
f 6406/6406/6406 6253/6253/6253 6251/6251/6251
f 6409/6409/6409 6408/6408/6408 6407/6407/6407
f 6410/6410/6410 6259/6259/6259 6257/6257/6257
f 6413/6413/6413 6412/6412/6412 6411/6411/6411
f 6414/6414/6414 6263/6263/6263 6261/6261/6261
f 6417/6417/6417 6416/6416/6416 6415/6415/6415
f 6418/6418/6418 6267/6267/6267 6265/6265/6265
f 6421/6421/6421 6420/6420/6420 6419/6419/6419
f 6419/6419/6419 6420/6420/6420 6422/6422/6422
f 6425/6425/6425 6424/6424/6424 6423/6423/6423
f 6428/6428/6428 6427/6427/6427 6426/6426/6426
f 6431/6431/6431 6430/6430/6430 6429/6429/6429
f 6434/6434/6434 6433/6433/6433 6432/6432/6432
f 6437/6437/6437 6436/6436/6436 6435/6435/6435
f 6440/6440/6440 6439/6439/6439 6438/6438/6438
f 6443/6443/6443 6442/6442/6442 6441/6441/6441
f 6446/6446/6446 6445/6445/6445 6444/6444/6444
f 6449/6449/6449 6448/6448/6448 6447/6447/6447
f 6452/6452/6452 6451/6451/6451 6450/6450/6450
f 6455/6455/6455 6454/6454/6454 6453/6453/6453
f 6453/6453/6453 6454/6454/6454 6456/6456/6456
f 6459/6459/6459 6458/6458/6458 6457/6457/6457
f 6460/6460/6460 6425/6425/6425 6423/6423/6423
f 6463/6463/6463 6462/6462/6462 6461/6461/6461
f 6464/6464/6464 6431/6431/6431 6429/6429/6429
f 6467/6467/6467 6466/6466/6466 6465/6465/6465
f 6468/6468/6468 6437/6437/6437 6435/6435/6435
f 6471/6471/6471 6470/6470/6470 6469/6469/6469
f 6472/6472/6472 6443/6443/6443 6441/6441/6441
f 6475/6475/6475 6474/6474/6474 6473/6473/6473
f 6476/6476/6476 6449/6449/6449 6447/6447/6447
f 5664/5664/5664 6477/6477/6477 5666/5666/5666
f 6478/6478/6478 6455/6455/6455 6453/6453/6453
f 6427/6427/6427 6479/6479/6479 6426/6426/6426
f 6480/6480/6480 6331/6331/6331 6329/6329/6329
f 6433/6433/6433 6481/6481/6481 6432/6432/6432
f 6482/6482/6482 6335/6335/6335 6333/6333/6333
f 6439/6439/6439 6483/6483/6483 6438/6438/6438
f 6484/6484/6484 6339/6339/6339 6337/6337/6337
f 6487/6487/6487 6486/6486/6486 6485/6485/6485
f 6490/6490/6490 6489/6489/6489 6488/6488/6488
f 6451/6451/6451 6491/6491/6491 6450/6450/6450
f 6492/6492/6492 6347/6347/6347 6345/6345/6345
f 5617/5617/5617 6493/6493/6493 5616/5616/5616
f 6494/6494/6494 5620/5620/5620 5618/5618/5618
f 6497/6497/6497 6496/6496/6496 6495/6495/6495
f 6498/6498/6498 6401/6401/6401 6399/6399/6399
f 6501/6501/6501 6500/6500/6500 6499/6499/6499
f 6502/6502/6502 6405/6405/6405 6403/6403/6403
f 6505/6505/6505 6504/6504/6504 6503/6503/6503
f 6506/6506/6506 6409/6409/6409 6407/6407/6407
f 6509/6509/6509 6508/6508/6508 6507/6507/6507
f 6510/6510/6510 6413/6413/6413 6411/6411/6411
f 6513/6513/6513 6512/6512/6512 6511/6511/6511
f 6516/6516/6516 6515/6515/6515 6514/6514/6514
f 5593/5593/5593 6517/6517/6517 5592/5592/5592
f 6518/6518/6518 6421/6421/6421 6419/6419/6419
f 6521/6521/6521 6520/6520/6520 6519/6519/6519
f 6524/6524/6524 6523/6523/6523 6522/6522/6522
f 6527/6527/6527 6526/6526/6526 6525/6525/6525
f 6530/6530/6530 6529/6529/6529 6528/6528/6528
f 6533/6533/6533 6532/6532/6532 6531/6531/6531
f 6536/6536/6536 6535/6535/6535 6534/6534/6534
f 6539/6539/6539 6538/6538/6538 6537/6537/6537
f 6542/6542/6542 6541/6541/6541 6540/6540/6540
f 6545/6545/6545 6544/6544/6544 6543/6543/6543
f 6548/6548/6548 6547/6547/6547 6546/6546/6546
f 5605/5605/5605 6549/6549/6549 5604/5604/5604
f 5604/5604/5604 6549/6549/6549 6550/6550/6550
f 6553/6553/6553 6552/6552/6552 6551/6551/6551
f 6554/6554/6554 6497/6497/6497 6495/6495/6495
f 6557/6557/6557 6556/6556/6556 6555/6555/6555
f 6560/6560/6560 6559/6559/6559 6558/6558/6558
f 6563/6563/6563 6562/6562/6562 6561/6561/6561
f 6564/6564/6564 6505/6505/6505 6503/6503/6503
f 6567/6567/6567 6566/6566/6566 6565/6565/6565
f 6568/6568/6568 6509/6509/6509 6507/6507/6507
f 6571/6571/6571 6570/6570/6570 6569/6569/6569
f 6572/6572/6572 6513/6513/6513 6511/6511/6511
f 5584/5584/5584 6573/6573/6573 5583/5583/5583
f 6574/6574/6574 5593/5593/5593 5591/5591/5591
f 6577/6577/6577 6576/6576/6576 6575/6575/6575
f 6580/6580/6580 6579/6579/6579 6578/6578/6578
f 6583/6583/6583 6582/6582/6582 6581/6581/6581
f 6584/6584/6584 6527/6527/6527 6525/6525/6525
f 6587/6587/6587 6586/6586/6586 6585/6585/6585
f 6588/6588/6588 6533/6533/6533 6531/6531/6531
f 6591/6591/6591 6590/6590/6590 6589/6589/6589
f 6594/6594/6594 6593/6593/6593 6592/6592/6592
f 6597/6597/6597 6596/6596/6596 6595/6595/6595
f 6598/6598/6598 6545/6545/6545 6543/6543/6543
f 6601/6601/6601 6600/6600/6600 6599/6599/6599
f 6599/6599/6599 6600/6600/6600 6602/6602/6602
f 6605/6605/6605 6604/6604/6604 6603/6603/6603
f 6606/6606/6606 6459/6459/6459 6457/6457/6457
f 6609/6609/6609 6608/6608/6608 6607/6607/6607
f 6610/6610/6610 6463/6463/6463 6461/6461/6461
f 6613/6613/6613 6612/6612/6612 6611/6611/6611
f 6614/6614/6614 6467/6467/6467 6465/6465/6465
f 6617/6617/6617 6616/6616/6616 6615/6615/6615
f 6620/6620/6620 6619/6619/6619 6618/6618/6618
f 6623/6623/6623 6622/6622/6622 6621/6621/6621
f 6626/6626/6626 6625/6625/6625 6624/6624/6624
f 6629/6629/6629 6628/6628/6628 6627/6627/6627
f 6627/6627/6627 6628/6628/6628 6630/6630/6630
f 6110/6110/6110 6631/6631/6631 6109/6109/6109
f 6634/6634/6634 6633/6633/6633 6632/6632/6632
f 6116/6116/6116 6635/6635/6635 6115/6115/6115
f 6638/6638/6638 6637/6637/6637 6636/6636/6636
f 6122/6122/6122 6639/6639/6639 6121/6121/6121
f 6642/6642/6642 6641/6641/6641 6640/6640/6640
f 6128/6128/6128 6643/6643/6643 6127/6127/6127
f 6646/6646/6646 6645/6645/6645 6644/6644/6644
f 6134/6134/6134 6647/6647/6647 6133/6133/6133
f 6650/6650/6650 6649/6649/6649 6648/6648/6648
f 5623/5623/5623 6651/6651/6651 5622/5622/5622
f 6654/6654/6654 6653/6653/6653 6652/6652/6652
f 6657/6657/6657 6656/6656/6656 6655/6655/6655
f 6658/6658/6658 6553/6553/6553 6551/6551/6551
f 6661/6661/6661 6660/6660/6660 6659/6659/6659
f 6664/6664/6664 6663/6663/6663 6662/6662/6662
f 6667/6667/6667 6666/6666/6666 6665/6665/6665
f 6668/6668/6668 6563/6563/6563 6561/6561/6561
f 6671/6671/6671 6670/6670/6670 6669/6669/6669
f 6674/6674/6674 6673/6673/6673 6672/6672/6672
f 6677/6677/6677 6676/6676/6676 6675/6675/6675
f 6678/6678/6678 6571/6571/6571 6569/6569/6569
f 6681/6681/6681 6680/6680/6680 6679/6679/6679
f 6679/6679/6679 6680/6680/6680 6682/6682/6682
f 6633/6633/6633 6683/6683/6683 6632/6632/6632
f 6684/6684/6684 6577/6577/6577 6575/6575/6575
f 6637/6637/6637 6685/6685/6685 6636/6636/6636
f 6686/6686/6686 6583/6583/6583 6581/6581/6581
f 6641/6641/6641 6687/6687/6687 6640/6640/6640
f 6688/6688/6688 6587/6587/6587 6585/6585/6585
f 6645/6645/6645 6689/6689/6689 6644/6644/6644
f 6692/6692/6692 6691/6691/6691 6690/6690/6690
f 6649/6649/6649 6693/6693/6693 6648/6648/6648
f 6694/6694/6694 6597/6597/6597 6595/6595/6595
f 5626/5626/5626 6695/6695/6695 5625/5625/5625
f 6696/6696/6696 6601/6601/6601 6599/6599/6599
f 6377/6377/6377 6697/6697/6697 6376/6376/6376
f 6700/6700/6700 6699/6699/6699 6698/6698/6698
f 6381/6381/6381 6701/6701/6701 6380/6380/6380
f 6704/6704/6704 6703/6703/6703 6702/6702/6702
f 6385/6385/6385 6705/6705/6705 6384/6384/6384
f 6708/6708/6708 6707/6707/6707 6706/6706/6706
f 6711/6711/6711 6710/6710/6710 6709/6709/6709
f 6714/6714/6714 6713/6713/6713 6712/6712/6712
f 6393/6393/6393 6715/6715/6715 6392/6392/6392
f 6718/6718/6718 6717/6717/6717 6716/6716/6716
f 6397/6397/6397 6719/6719/6719 6396/6396/6396
f 6722/6722/6722 6721/6721/6721 6720/6720/6720
f 6725/6725/6725 6724/6724/6724 6723/6723/6723
f 6726/6726/6726 6050/6050/6050 6048/6048/6048
f 6729/6729/6729 6728/6728/6728 6727/6727/6727
f 6730/6730/6730 6056/6056/6056 6054/6054/6054
f 6733/6733/6733 6732/6732/6732 6731/6731/6731
f 6734/6734/6734 6062/6062/6062 6060/6060/6060
f 6737/6737/6737 6736/6736/6736 6735/6735/6735
f 6738/6738/6738 6068/6068/6068 6066/6066/6066
f 6741/6741/6741 6740/6740/6740 6739/6739/6739
f 6742/6742/6742 6074/6074/6074 6072/6072/6072
f 5590/5590/5590 6743/6743/6743 5589/5589/5589
f 6744/6744/6744 5551/5551/5551 5549/5549/5549
f 5994/5994/5994 6745/6745/6745 5993/5993/5993
f 6748/6748/6748 6747/6747/6747 6746/6746/6746
f 6000/6000/6000 6749/6749/6749 5999/5999/5999
f 6752/6752/6752 6751/6751/6751 6750/6750/6750
f 6006/6006/6006 6753/6753/6753 6005/6005/6005
f 6756/6756/6756 6755/6755/6755 6754/6754/6754
f 6012/6012/6012 6757/6757/6757 6011/6011/6011
f 6760/6760/6760 6759/6759/6759 6758/6758/6758
f 6018/6018/6018 6761/6761/6761 6017/6017/6017
f 6764/6764/6764 6763/6763/6763 6762/6762/6762
f 5668/5668/5668 6766/6766/6766 6765/6765/6765
f 6769/6769/6769 6768/6768/6768 6767/6767/6767
f 6772/6772/6772 6771/6771/6771 6770/6770/6770
f 6775/6775/6775 6774/6774/6774 6773/6773/6773
f 6778/6778/6778 6777/6777/6777 6776/6776/6776
f 6781/6781/6781 6780/6780/6780 6779/6779/6779
f 6784/6784/6784 6783/6783/6783 6782/6782/6782
f 6787/6787/6787 6786/6786/6786 6785/6785/6785
f 6790/6790/6790 6789/6789/6789 6788/6788/6788
f 6793/6793/6793 6792/6792/6792 6791/6791/6791
f 6796/6796/6796 6795/6795/6795 6794/6794/6794
f 6799/6799/6799 6798/6798/6798 6797/6797/6797
f 6802/6802/6802 6801/6801/6801 6800/6800/6800
f 6800/6800/6800 6801/6801/6801 6803/6803/6803
f 6806/6806/6806 6805/6805/6805 6804/6804/6804
f 6807/6807/6807 6725/6725/6725 6723/6723/6723
f 6810/6810/6810 6809/6809/6809 6808/6808/6808
f 6811/6811/6811 6729/6729/6729 6727/6727/6727
f 6814/6814/6814 6813/6813/6813 6812/6812/6812
f 6815/6815/6815 6733/6733/6733 6731/6731/6731
f 6818/6818/6818 6817/6817/6817 6816/6816/6816
f 6819/6819/6819 6737/6737/6737 6735/6735/6735
f 6822/6822/6822 6821/6821/6821 6820/6820/6820
f 6825/6825/6825 6824/6824/6824 6823/6823/6823
f 5578/5578/5578 6826/6826/6826 5577/5577/5577
f 5577/5577/5577 6826/6826/6826 6827/6827/6827
f 6774/6774/6774 6828/6828/6828 6773/6773/6773
f 6829/6829/6829 6605/6605/6605 6603/6603/6603
f 6780/6780/6780 6830/6830/6830 6779/6779/6779
f 6831/6831/6831 6609/6609/6609 6607/6607/6607
f 6786/6786/6786 6832/6832/6832 6785/6785/6785
f 6833/6833/6833 6613/6613/6613 6611/6611/6611
f 6792/6792/6792 6834/6834/6834 6791/6791/6791
f 6837/6837/6837 6836/6836/6836 6835/6835/6835
f 6798/6798/6798 6838/6838/6838 6797/6797/6797
f 6839/6839/6839 6623/6623/6623 6621/6621/6621
f 5614/5614/5614 6840/6840/6840 5613/5613/5613
f 6841/6841/6841 6629/6629/6629 6627/6627/6627
f 6844/6844/6844 6843/6843/6843 6842/6842/6842
f 6847/6847/6847 6846/6846/6846 6845/6845/6845
f 6850/6850/6850 6849/6849/6849 6848/6848/6848
f 6853/6853/6853 6852/6852/6852 6851/6851/6851
f 6856/6856/6856 6855/6855/6855 6854/6854/6854
f 6859/6859/6859 6858/6858/6858 6857/6857/6857
f 6862/6862/6862 6861/6861/6861 6860/6860/6860
f 6865/6865/6865 6864/6864/6864 6863/6863/6863
f 6868/6868/6868 6867/6867/6867 6866/6866/6866
f 6871/6871/6871 6870/6870/6870 6869/6869/6869
f 5635/5635/5635 6872/6872/6872 5634/5634/5634
f 6875/6875/6875 6874/6874/6874 6873/6873/6873
f 6699/6699/6699 6876/6876/6876 6698/6698/6698
f 6879/6879/6879 6878/6878/6878 6877/6877/6877
f 6703/6703/6703 6880/6880/6880 6702/6702/6702
f 6881/6881/6881 6850/6850/6850 6848/6848/6848
f 6707/6707/6707 6882/6882/6882 6706/6706/6706
f 6883/6883/6883 6856/6856/6856 6854/6854/6854
f 6713/6713/6713 6884/6884/6884 6712/6712/6712
f 6887/6887/6887 6886/6886/6886 6885/6885/6885
f 6717/6717/6717 6888/6888/6888 6716/6716/6716
f 6889/6889/6889 6868/6868/6868 6866/6866/6866
f 5632/5632/5632 6890/6890/6890 5631/5631/5631
f 6891/6891/6891 5635/5635/5635 5633/5633/5633
f 6894/6894/6894 6893/6893/6893 6892/6892/6892
f 6897/6897/6897 6896/6896/6896 6895/6895/6895
f 6751/6751/6751 6898/6898/6898 6750/6750/6750
f 6901/6901/6901 6900/6900/6900 6899/6899/6899
f 6755/6755/6755 6902/6902/6902 6754/6754/6754
f 6905/6905/6905 6904/6904/6904 6903/6903/6903
f 6908/6908/6908 6907/6907/6907 6906/6906/6906
f 6911/6911/6911 6910/6910/6910 6909/6909/6909
f 6763/6763/6763 6912/6912/6912 6762/6762/6762
f 6915/6915/6915 6914/6914/6914 6913/6913/6913
f 6768/6768/6768 6916/6916/6916 6767/6767/6767
f 6767/6767/6767 6916/6916/6916 6917/6917/6917
f 6920/6920/6920 6919/6919/6919 6918/6918/6918
f 6921/6921/6921 6806/6806/6806 6804/6804/6804
f 6924/6924/6924 6923/6923/6923 6922/6922/6922
f 6925/6925/6925 6810/6810/6810 6808/6808/6808
f 6928/6928/6928 6927/6927/6927 6926/6926/6926
f 6929/6929/6929 6814/6814/6814 6812/6812/6812
f 6932/6932/6932 6931/6931/6931 6930/6930/6930
f 6935/6935/6935 6934/6934/6934 6933/6933/6933
f 6938/6938/6938 6937/6937/6937 6936/6936/6936
f 6939/6939/6939 6822/6822/6822 6820/6820/6820
f 6942/6942/6942 6941/6941/6941 6940/6940/6940
f 6940/6940/6940 6941/6941/6941 6943/6943/6943
f 6896/6896/6896 6944/6944/6944 6895/6895/6895
f 6947/6947/6947 6946/6946/6946 6945/6945/6945
f 6900/6900/6900 6948/6948/6948 6899/6899/6899
f 6951/6951/6951 6950/6950/6950 6949/6949/6949
f 6904/6904/6904 6952/6952/6952 6903/6903/6903
f 6955/6955/6955 6954/6954/6954 6953/6953/6953
f 6958/6958/6958 6957/6957/6957 6956/6956/6956
f 6961/6961/6961 6960/6960/6960 6959/6959/6959
f 6914/6914/6914 6962/6962/6962 6913/6913/6913
f 6965/6965/6965 6964/6964/6964 6963/6963/6963
f 5638/5638/5638 6966/6966/6966 5637/5637/5637
f 6967/6967/6967 5642/5642/5642 5640/5640/5640
f 6970/6970/6970 6969/6969/6969 6968/6968/6968
f 6971/6971/6971 5830/5830/5830 5828/5828/5828
f 6974/6974/6974 6973/6973/6973 6972/6972/6972
f 6975/6975/6975 5836/5836/5836 5834/5834/5834
f 6978/6978/6978 6977/6977/6977 6976/6976/6976
f 6979/6979/6979 5842/5842/5842 5840/5840/5840
f 6982/6982/6982 6981/6981/6981 6980/6980/6980
f 6985/6985/6985 6984/6984/6984 6983/6983/6983
f 6988/6988/6988 6987/6987/6987 6986/6986/6986
f 6991/6991/6991 6990/6990/6990 6989/6989/6989
f 6994/6994/6994 6993/6993/6993 6992/6992/6992
f 6992/6992/6992 6993/6993/6993 6995/6995/6995
f 6998/6998/6998 6997/6997/6997 6996/6996/6996
f 7001/7001/7001 7000/7000/7000 6999/6999/6999
f 7004/7004/7004 7003/7003/7003 7002/7002/7002
f 7007/7007/7007 7006/7006/7006 7005/7005/7005
f 7010/7010/7010 7009/7009/7009 7008/7008/7008
f 7013/7013/7013 7012/7012/7012 7011/7011/7011
f 7016/7016/7016 7015/7015/7015 7014/7014/7014
f 7019/7019/7019 7018/7018/7018 7017/7017/7017
f 7022/7022/7022 7021/7021/7021 7020/7020/7020
f 7025/7025/7025 7024/7024/7024 7023/7023/7023
f 5611/5611/5611 7026/7026/7026 5610/5610/5610
f 7027/7027/7027 5599/5599/5599 5597/5597/5597
f 7030/7030/7030 7029/7029/7029 7028/7028/7028
f 7033/7033/7033 7032/7032/7032 7031/7031/7031
f 7036/7036/7036 7035/7035/7035 7034/7034/7034
f 7039/7039/7039 7038/7038/7038 7037/7037/7037
f 7042/7042/7042 7041/7041/7041 7040/7040/7040
f 7045/7045/7045 7044/7044/7044 7043/7043/7043
f 7048/7048/7048 7047/7047/7047 7046/7046/7046
f 7051/7051/7051 7050/7050/7050 7049/7049/7049
f 7054/7054/7054 7053/7053/7053 7052/7052/7052
f 7057/7057/7057 7056/7056/7056 7055/7055/7055
f 5645/5645/5645 7058/7058/7058 5644/5644/5644
f 7061/7061/7061 7060/7060/7060 7059/7059/7059
f 7064/7064/7064 7063/7063/7063 7062/7062/7062
f 7065/7065/7065 6657/6657/6657 6655/6655/6655
f 7068/7068/7068 7067/7067/7067 7066/7066/7066
f 7069/7069/7069 6661/6661/6661 6659/6659/6659
f 7072/7072/7072 7071/7071/7071 7070/7070/7070
f 7073/7073/7073 6667/6667/6667 6665/6665/6665
f 7076/7076/7076 7075/7075/7075 7074/7074/7074
f 7077/7077/7077 6671/6671/6671 6669/6669/6669
f 7080/7080/7080 7079/7079/7079 7078/7078/7078
f 7081/7081/7081 6677/6677/6677 6675/6675/6675
f 7084/7084/7084 7083/7083/7083 7082/7082/7082
f 7085/7085/7085 6681/6681/6681 6679/6679/6679
f 7032/7032/7032 7086/7086/7086 7031/7031/7031
f 7089/7089/7089 7088/7088/7088 7087/7087/7087
f 7038/7038/7038 7090/7090/7090 7037/7037/7037
f 7093/7093/7093 7092/7092/7092 7091/7091/7091
f 7044/7044/7044 7094/7094/7094 7043/7043/7043
f 7097/7097/7097 7096/7096/7096 7095/7095/7095
f 7050/7050/7050 7098/7098/7098 7049/7049/7049
f 7101/7101/7101 7100/7100/7100 7099/7099/7099
f 7056/7056/7056 7102/7102/7102 7055/7055/7055
f 7105/7105/7105 7104/7104/7104 7103/7103/7103
f 7060/7060/7060 7106/7106/7106 7059/7059/7059
f 7059/7059/7059 7106/7106/7106 7107/7107/7107
f 7110/7110/7110 7109/7109/7109 7108/7108/7108
f 7113/7113/7113 7112/7112/7112 7111/7111/7111
f 7116/7116/7116 7115/7115/7115 7114/7114/7114
f 7119/7119/7119 7118/7118/7118 7117/7117/7117
f 7122/7122/7122 7121/7121/7121 7120/7120/7120
f 7125/7125/7125 7124/7124/7124 7123/7123/7123
f 7128/7128/7128 7127/7127/7127 7126/7126/7126
f 7131/7131/7131 7130/7130/7130 7129/7129/7129
f 7134/7134/7134 7133/7133/7133 7132/7132/7132
f 7137/7137/7137 7136/7136/7136 7135/7135/7135
f 7140/7140/7140 7139/7139/7139 7138/7138/7138
f 7143/7143/7143 7142/7142/7142 7141/7141/7141
f 7112/7112/7112 7144/7144/7144 7111/7111/7111
f 7145/7145/7145 6998/6998/6998 6996/6996/6996
f 7118/7118/7118 7146/7146/7146 7117/7117/7117
f 7147/7147/7147 7004/7004/7004 7002/7002/7002
f 7124/7124/7124 7148/7148/7148 7123/7123/7123
f 7149/7149/7149 7010/7010/7010 7008/7008/7008
f 7130/7130/7130 7150/7150/7150 7129/7129/7129
f 7153/7153/7153 7152/7152/7152 7151/7151/7151
f 7136/7136/7136 7154/7154/7154 7135/7135/7135
f 7155/7155/7155 7022/7022/7022 7020/7020/7020
f 7142/7142/7142 7156/7156/7156 7141/7141/7141
f 7141/7141/7141 7156/7156/7156 7157/7157/7157
f 7000/7000/7000 7158/7158/7158 6999/6999/6999
f 7159/7159/7159 6772/6772/6772 6770/6770/6770
f 7006/7006/7006 7160/7160/7160 7005/7005/7005
f 7161/7161/7161 6778/6778/6778 6776/6776/6776
f 7012/7012/7012 7162/7162/7162 7011/7011/7011
f 7163/7163/7163 6784/6784/6784 6782/6782/6782
f 7018/7018/7018 7164/7164/7164 7017/7017/7017
f 7167/7167/7167 7166/7166/7166 7165/7165/7165
f 7024/7024/7024 7168/7168/7168 7023/7023/7023
f 7169/7169/7169 6796/6796/6796 6794/6794/6794
f 5599/5599/5599 7170/7170/7170 5598/5598/5598
f 7171/7171/7171 6802/6802/6802 6800/6800/6800
f 7088/7088/7088 7172/7172/7172 7087/7087/7087
f 7173/7173/7173 6970/6970/6970 6968/6968/6968
f 7092/7092/7092 7174/7174/7174 7091/7091/7091
f 7175/7175/7175 6974/6974/6974 6972/6972/6972
f 7096/7096/7096 7176/7176/7176 7095/7095/7095
f 7177/7177/7177 6978/6978/6978 6976/6976/6976
f 7100/7100/7100 7178/7178/7178 7099/7099/7099
f 7179/7179/7179 6982/6982/6982 6980/6980/6980
f 7104/7104/7104 7180/7180/7180 7103/7103/7103
f 7181/7181/7181 6988/6988/6988 6986/6986/6986
f 5653/5653/5653 7182/7182/7182 5652/5652/5652
f 7183/7183/7183 6994/6994/6994 6992/6992/6992
f 6946/6946/6946 7184/7184/7184 6945/6945/6945
f 7187/7187/7187 7186/7186/7186 7185/7185/7185
f 6950/6950/6950 7188/7188/7188 6949/6949/6949
f 7191/7191/7191 7190/7190/7190 7189/7189/7189
f 6954/6954/6954 7192/7192/7192 6953/6953/6953
f 7195/7195/7195 7194/7194/7194 7193/7193/7193
f 7198/7198/7198 7197/7197/7197 7196/7196/7196
f 7201/7201/7201 7200/7200/7200 7199/7199/7199
f 6964/6964/6964 7202/7202/7202 6963/6963/6963
f 7205/7205/7205 7204/7204/7204 7203/7203/7203
f 5642/5642/5642 7206/7206/7206 5641/5641/5641
f 7209/7209/7209 7208/7208/7208 7207/7207/7207
f 7186/7186/7186 7210/7210/7210 7185/7185/7185
f 7213/7213/7213 7212/7212/7212 7211/7211/7211
f 7216/7216/7216 7215/7215/7215 7214/7214/7214
f 7219/7219/7219 7218/7218/7218 7217/7217/7217
f 7194/7194/7194 7220/7220/7220 7193/7193/7193
f 7223/7223/7223 7222/7222/7222 7221/7221/7221
f 7226/7226/7226 7225/7225/7225 7224/7224/7224
f 7229/7229/7229 7228/7228/7228 7227/7227/7227
f 7204/7204/7204 7230/7230/7230 7203/7203/7203
f 7233/7233/7233 7232/7232/7232 7231/7231/7231
f 7208/7208/7208 7234/7234/7234 7207/7207/7207
f 7207/7207/7207 7234/7234/7234 7235/7235/7235
f 5864/5864/5864 7236/7236/7236 5863/5863/5863
f 7239/7239/7239 7238/7238/7238 7237/7237/7237
f 5870/5870/5870 7240/7240/7240 5869/5869/5869
f 7243/7243/7243 7242/7242/7242 7241/7241/7241
f 5876/5876/5876 7244/7244/7244 5875/5875/5875
f 7247/7247/7247 7246/7246/7246 7245/7245/7245
f 5882/5882/5882 7248/7248/7248 5881/5881/5881
f 7251/7251/7251 7250/7250/7250 7249/7249/7249
f 5888/5888/5888 7252/7252/7252 5887/5887/5887
f 7255/7255/7255 7254/7254/7254 7253/7253/7253
f 7258/7258/7258 7257/7257/7257 7256/7256/7256
f 7261/7261/7261 7260/7260/7260 7259/7259/7259
f 6846/6846/6846 7262/7262/7262 6845/6845/6845
f 7263/7263/7263 7030/7030/7030 7028/7028/7028
f 6852/6852/6852 7264/7264/7264 6851/6851/6851
f 7265/7265/7265 7036/7036/7036 7034/7034/7034
f 6858/6858/6858 7266/7266/7266 6857/6857/6857
f 7267/7267/7267 7042/7042/7042 7040/7040/7040
f 6864/6864/6864 7268/7268/7268 6863/6863/6863
f 7269/7269/7269 7048/7048/7048 7046/7046/7046
f 6870/6870/6870 7270/7270/7270 6869/6869/6869
f 7271/7271/7271 7054/7054/7054 7052/7052/7052
f 6874/6874/6874 7272/7272/7272 6873/6873/6873
f 6873/6873/6873 7272/7272/7272 7273/7273/7273
f 6523/6523/6523 7274/7274/7274 6522/6522/6522
f 7275/7275/7275 5500/5500/5500 5498/5498/5498
f 6529/6529/6529 7276/7276/7276 6528/6528/6528
f 7277/7277/7277 5506/5506/5506 5504/5504/5504
f 6535/6535/6535 7278/7278/7278 6534/6534/6534
f 7279/7279/7279 5512/5512/5512 5510/5510/5510
f 6541/6541/6541 7280/7280/7280 6540/6540/6540
f 7281/7281/7281 5518/5518/5518 5516/5516/5516
f 6547/6547/6547 7282/7282/7282 6546/6546/6546
f 7283/7283/7283 5524/5524/5524 5522/5522/5522
f 5648/5648/5648 7284/7284/7284 5647/5647/5647
f 7285/7285/7285 5530/5530/5530 5639/5639/5639
f 7288/7288/7288 7287/7287/7287 7286/7286/7286
f 7289/7289/7289 7064/7064/7064 7062/7062/7062
f 7292/7292/7292 7291/7291/7291 7290/7290/7290
f 7293/7293/7293 7068/7068/7068 7066/7066/7066
f 7296/7296/7296 7295/7295/7295 7294/7294/7294
f 7297/7297/7297 7072/7072/7072 7070/7070/7070
f 7300/7300/7300 7299/7299/7299 7298/7298/7298
f 7301/7301/7301 7076/7076/7076 7074/7074/7074
f 7304/7304/7304 7303/7303/7303 7302/7302/7302
f 7305/7305/7305 7080/7080/7080 7078/7078/7078
f 7308/7308/7308 7307/7307/7307 7306/7306/7306
f 7306/7306/7306 7307/7307/7307 7309/7309/7309
f 7212/7212/7212 7310/7310/7310 7211/7211/7211
f 7311/7311/7311 7288/7288/7288 7286/7286/7286
f 7218/7218/7218 7312/7312/7312 7217/7217/7217
f 7313/7313/7313 7292/7292/7292 7290/7290/7290
f 7222/7222/7222 7314/7314/7314 7221/7221/7221
f 7315/7315/7315 7296/7296/7296 7294/7294/7294
f 7318/7318/7318 7317/7317/7317 7316/7316/7316
f 7319/7319/7319 7300/7300/7300 7298/7298/7298
f 7322/7322/7322 7321/7321/7321 7320/7320/7320
f 7323/7323/7323 7304/7304/7304 7302/7302/7302
f 5608/5608/5608 7324/7324/7324 5607/5607/5607
f 7327/7327/7327 7326/7326/7326 7325/7325/7325
f 7330/7330/7330 7329/7329/7329 7328/7328/7328
f 7333/7333/7333 7332/7332/7332 7331/7331/7331
f 7336/7336/7336 7335/7335/7335 7334/7334/7334
f 7339/7339/7339 7338/7338/7338 7337/7337/7337
f 7342/7342/7342 7341/7341/7341 7340/7340/7340
f 7345/7345/7345 7344/7344/7344 7343/7343/7343
f 7348/7348/7348 7347/7347/7347 7346/7346/7346
f 7351/7351/7351 7350/7350/7350 7349/7349/7349
f 7354/7354/7354 7353/7353/7353 7352/7352/7352
f 7357/7357/7357 7356/7356/7356 7355/7355/7355
f 5563/5563/5563 7358/7358/7358 5562/5562/5562
f 7359/7359/7359 5572/5572/5572 5570/5570/5570
f 7362/7362/7362 7361/7361/7361 7360/7360/7360
f 7363/7363/7363 7330/7330/7330 7328/7328/7328
f 5508/5508/5508 7364/7364/7364 5507/5507/5507
f 7365/7365/7365 7336/7336/7336 7334/7334/7334
f 5514/5514/5514 7366/7366/7366 5513/5513/5513
f 7369/7369/7369 7368/7368/7368 7367/7367/7367
f 5520/5520/5520 7370/7370/7370 5519/5519/5519
f 7373/7373/7373 7372/7372/7372 7371/7371/7371
f 5526/5526/5526 7374/7374/7374 5525/5525/5525
f 7377/7377/7377 7376/7376/7376 7375/7375/7375
f 5532/5532/5532 7378/7378/7378 5531/5531/5531
f 5531/5531/5531 7378/7378/7378 7379/7379/7379
f 7332/7332/7332 7380/7380/7380 7331/7331/7331
f 7383/7383/7383 7382/7382/7382 7381/7381/7381
f 7338/7338/7338 7384/7384/7384 7337/7337/7337
f 7385/7385/7385 6924/6924/6924 6922/6922/6922
f 7344/7344/7344 7386/7386/7386 7343/7343/7343
f 7387/7387/7387 6928/6928/6928 6926/6926/6926
f 7350/7350/7350 7388/7388/7388 7349/7349/7349
f 7391/7391/7391 7390/7390/7390 7389/7389/7389
f 7356/7356/7356 7392/7392/7392 7355/7355/7355
f 7393/7393/7393 6938/6938/6938 6936/6936/6936
f 5572/5572/5572 7394/7394/7394 5571/5571/5571
f 7395/7395/7395 6942/6942/6942 6940/6940/6940
f 7238/7238/7238 7396/7396/7396 7237/7237/7237
f 7397/7397/7397 7110/7110/7110 7108/7108/7108
f 7242/7242/7242 7398/7398/7398 7241/7241/7241
f 7399/7399/7399 7116/7116/7116 7114/7114/7114
f 7246/7246/7246 7400/7400/7400 7245/7245/7245
f 7401/7401/7401 7122/7122/7122 7120/7120/7120
f 7250/7250/7250 7402/7402/7402 7249/7249/7249
f 7403/7403/7403 7128/7128/7128 7126/7126/7126
f 7254/7254/7254 7404/7404/7404 7253/7253/7253
f 7405/7405/7405 7134/7134/7134 7132/7132/7132
f 7260/7260/7260 7406/7406/7406 7259/7259/7259
f 7408/7408/7408 7140/7140/7140 7407/7407/7407
f 7256/7256/7256 7409/7409/7409 7258/7258/7258
f 7412/7412/7412 7411/7411/7411 7410/7410/7410
f 7412/7412/7412 7410/7410/7410 7413/7413/7413
f 7413/7413/7413 7410/7410/7410 7414/7414/7414
f 7417/7417/7417 7416/7416/7416 7415/7415/7415
f 7415/7415/7415 7416/7416/7416 7418/7418/7418
f 7415/7415/7415 7418/7418/7418 7419/7419/7419
f 7422/7422/7422 7421/7421/7421 7420/7420/7420
f 7420/7420/7420 7421/7421/7421 7423/7423/7423
f 7420/7420/7420 7423/7423/7423 7424/7424/7424
f 7424/7424/7424 7423/7423/7423 7425/7425/7425
f 7424/7424/7424 7425/7425/7425 7426/7426/7426
f 7426/7426/7426 7425/7425/7425 7427/7427/7427
f 7426/7426/7426 7427/7427/7427 7428/7428/7428
f 7428/7428/7428 7427/7427/7427 7429/7429/7429
f 7428/7428/7428 7429/7429/7429 7430/7430/7430
f 7430/7430/7430 7429/7429/7429 7431/7431/7431
f 7430/7430/7430 7431/7431/7431 7432/7432/7432
f 7432/7432/7432 7431/7431/7431 7433/7433/7433
f 7432/7432/7432 7433/7433/7433 7434/7434/7434
f 7434/7434/7434 7433/7433/7433 7435/7435/7435
f 7434/7434/7434 7435/7435/7435 7436/7436/7436
f 7436/7436/7436 7435/7435/7435 7437/7437/7437
f 7436/7436/7436 7437/7437/7437 7438/7438/7438
f 7438/7438/7438 7437/7437/7437 7439/7439/7439
f 7438/7438/7438 7439/7439/7439 7440/7440/7440
f 7440/7440/7440 7439/7439/7439 7441/7441/7441
f 7440/7440/7440 7441/7441/7441 7442/7442/7442
f 7442/7442/7442 7441/7441/7441 7443/7443/7443
f 7442/7442/7442 7443/7443/7443 7444/7444/7444
f 7444/7444/7444 7443/7443/7443 7445/7445/7445
f 7444/7444/7444 7445/7445/7445 7446/7446/7446
f 7446/7446/7446 7445/7445/7445 7447/7447/7447
f 7446/7446/7446 7447/7447/7447 7448/7448/7448
f 7448/7448/7448 7447/7447/7447 7449/7449/7449
f 7448/7448/7448 7449/7449/7449 7450/7450/7450
f 7450/7450/7450 7449/7449/7449 7451/7451/7451
f 7450/7450/7450 7451/7451/7451 7452/7452/7452
f 7452/7452/7452 7451/7451/7451 7453/7453/7453
f 7452/7452/7452 7453/7453/7453 7454/7454/7454
f 7454/7454/7454 7453/7453/7453 7455/7455/7455
f 7454/7454/7454 7455/7455/7455 7456/7456/7456
f 7456/7456/7456 7455/7455/7455 7457/7457/7457
f 7456/7456/7456 7457/7457/7457 7458/7458/7458
f 7458/7458/7458 7457/7457/7457 7459/7459/7459
f 7458/7458/7458 7459/7459/7459 7460/7460/7460
f 7460/7460/7460 7459/7459/7459 7461/7461/7461
f 7460/7460/7460 7461/7461/7461 7462/7462/7462
f 7462/7462/7462 7461/7461/7461 7463/7463/7463
f 7462/7462/7462 7463/7463/7463 7464/7464/7464
f 7464/7464/7464 7463/7463/7463 7465/7465/7465
f 7464/7464/7464 7465/7465/7465 7466/7466/7466
f 7466/7466/7466 7465/7465/7465 7467/7467/7467
f 7466/7466/7466 7467/7467/7467 7468/7468/7468
f 7468/7468/7468 7467/7467/7467 7469/7469/7469
f 7468/7468/7468 7469/7469/7469 7470/7470/7470
f 7468/7468/7468 7470/7470/7470 7471/7471/7471
f 7471/7471/7471 7470/7470/7470 7472/7472/7472
f 7471/7471/7471 7472/7472/7472 7473/7473/7473
f 7473/7473/7473 7472/7472/7472 7474/7474/7474
f 7473/7473/7473 7474/7474/7474 7475/7475/7475
f 7475/7475/7475 7474/7474/7474 7476/7476/7476
f 7475/7475/7475 7476/7476/7476 7477/7477/7477
f 7477/7477/7477 7476/7476/7476 7478/7478/7478
f 7477/7477/7477 7478/7478/7478 7479/7479/7479
f 7479/7479/7479 7478/7478/7478 7480/7480/7480
f 7479/7479/7479 7480/7480/7480 7481/7481/7481
f 7481/7481/7481 7480/7480/7480 7482/7482/7482
f 7481/7481/7481 7482/7482/7482 7483/7483/7483
f 7483/7483/7483 7482/7482/7482 7484/7484/7484
f 7483/7483/7483 7484/7484/7484 7485/7485/7485
f 7485/7485/7485 7484/7484/7484 7486/7486/7486
f 7485/7485/7485 7486/7486/7486 7487/7487/7487
f 7487/7487/7487 7486/7486/7486 7488/7488/7488
f 7487/7487/7487 7488/7488/7488 7489/7489/7489
f 7489/7489/7489 7488/7488/7488 7490/7490/7490
f 7489/7489/7489 7490/7490/7490 7491/7491/7491
f 7491/7491/7491 7490/7490/7490 7492/7492/7492
f 7491/7491/7491 7492/7492/7492 7493/7493/7493
f 7493/7493/7493 7492/7492/7492 7494/7494/7494
f 7493/7493/7493 7494/7494/7494 7495/7495/7495
f 7495/7495/7495 7494/7494/7494 7496/7496/7496
f 7495/7495/7495 7496/7496/7496 7497/7497/7497
f 7497/7497/7497 7496/7496/7496 7498/7498/7498
f 7497/7497/7497 7498/7498/7498 7499/7499/7499
f 7499/7499/7499 7498/7498/7498 7500/7500/7500
f 7499/7499/7499 7500/7500/7500 7501/7501/7501
f 7501/7501/7501 7500/7500/7500 7502/7502/7502
f 7501/7501/7501 7502/7502/7502 7503/7503/7503
f 7503/7503/7503 7502/7502/7502 7504/7504/7504
f 7503/7503/7503 7504/7504/7504 7505/7505/7505
f 7505/7505/7505 7504/7504/7504 7506/7506/7506
f 7505/7505/7505 7506/7506/7506 7507/7507/7507
f 7507/7507/7507 7506/7506/7506 7508/7508/7508
f 7507/7507/7507 7508/7508/7508 7509/7509/7509
f 7509/7509/7509 7508/7508/7508 7510/7510/7510
f 7509/7509/7509 7510/7510/7510 7511/7511/7511
f 7511/7511/7511 7510/7510/7510 7512/7512/7512
f 7511/7511/7511 7512/7512/7512 7513/7513/7513
f 7513/7513/7513 7512/7512/7512 7514/7514/7514
f 7513/7513/7513 7514/7514/7514 7515/7515/7515
f 7514/7514/7514 7516/7516/7516 7515/7515/7515
f 7515/7515/7515 7516/7516/7516 7517/7517/7517
f 7515/7515/7515 7517/7517/7517 7518/7518/7518
f 7518/7518/7518 7517/7517/7517 7519/7519/7519
f 7518/7518/7518 7519/7519/7519 7520/7520/7520
f 7520/7520/7520 7519/7519/7519 7521/7521/7521
f 7520/7520/7520 7521/7521/7521 7522/7522/7522
f 7522/7522/7522 7521/7521/7521 7523/7523/7523
f 7522/7522/7522 7523/7523/7523 7524/7524/7524
f 7524/7524/7524 7523/7523/7523 7525/7525/7525
f 7524/7524/7524 7525/7525/7525 7526/7526/7526
f 7526/7526/7526 7525/7525/7525 7527/7527/7527
f 7526/7526/7526 7527/7527/7527 7528/7528/7528
f 7528/7528/7528 7527/7527/7527 7529/7529/7529
f 7528/7528/7528 7529/7529/7529 7530/7530/7530
f 7530/7530/7530 7529/7529/7529 7531/7531/7531
f 7530/7530/7530 7531/7531/7531 7532/7532/7532
f 7532/7532/7532 7531/7531/7531 7533/7533/7533
f 7532/7532/7532 7533/7533/7533 7534/7534/7534
f 7534/7534/7534 7533/7533/7533 7535/7535/7535
f 7534/7534/7534 7535/7535/7535 7536/7536/7536
f 7536/7536/7536 7535/7535/7535 7537/7537/7537
f 7536/7536/7536 7537/7537/7537 7538/7538/7538
f 7538/7538/7538 7537/7537/7537 7539/7539/7539
f 7538/7538/7538 7539/7539/7539 7540/7540/7540
f 7540/7540/7540 7539/7539/7539 7541/7541/7541
f 7540/7540/7540 7541/7541/7541 7542/7542/7542
f 7542/7542/7542 7541/7541/7541 7543/7543/7543
f 7542/7542/7542 7543/7543/7543 7544/7544/7544
f 7544/7544/7544 7543/7543/7543 7545/7545/7545
f 7544/7544/7544 7545/7545/7545 7546/7546/7546
f 7546/7546/7546 7545/7545/7545 7547/7547/7547
f 7546/7546/7546 7547/7547/7547 7548/7548/7548
f 7548/7548/7548 7547/7547/7547 7549/7549/7549
f 7548/7548/7548 7549/7549/7549 7550/7550/7550
f 7550/7550/7550 7549/7549/7549 7551/7551/7551
f 7550/7550/7550 7551/7551/7551 7552/7552/7552
f 7552/7552/7552 7551/7551/7551 7553/7553/7553
f 7552/7552/7552 7553/7553/7553 7554/7554/7554
f 7554/7554/7554 7553/7553/7553 7555/7555/7555
f 7554/7554/7554 7555/7555/7555 7556/7556/7556
f 7556/7556/7556 7555/7555/7555 7557/7557/7557
f 7556/7556/7556 7557/7557/7557 7558/7558/7558
f 7558/7558/7558 7557/7557/7557 7559/7559/7559
f 7558/7558/7558 7559/7559/7559 7560/7560/7560
f 7560/7560/7560 7559/7559/7559 7561/7561/7561
f 7560/7560/7560 7561/7561/7561 7562/7562/7562
f 7562/7562/7562 7561/7561/7561 7422/7422/7422
f 7562/7562/7562 7422/7422/7422 7420/7420/7420
f 7565/7565/7565 7564/7564/7564 7563/7563/7563
f 7568/7568/7568 7567/7567/7567 7566/7566/7566
f 7571/7571/7571 7570/7570/7570 7569/7569/7569
f 7574/7574/7574 7573/7573/7573 7572/7572/7572
f 7574/7574/7574 7572/7572/7572 7575/7575/7575
f 7578/7578/7578 7577/7577/7577 7576/7576/7576
f 7581/7581/7581 7580/7580/7580 7579/7579/7579
f 7584/7584/7584 7583/7583/7583 7582/7582/7582
f 7587/7587/7587 7586/7586/7586 7585/7585/7585
f 7590/7590/7590 7589/7589/7589 7588/7588/7588
f 7593/7593/7593 7592/7592/7592 7591/7591/7591
f 7596/7596/7596 7595/7595/7595 7594/7594/7594
f 7599/7599/7599 7598/7598/7598 7597/7597/7597
f 7602/7602/7602 7601/7601/7601 7600/7600/7600
f 7605/7605/7605 7604/7604/7604 7603/7603/7603
f 7608/7608/7608 7607/7607/7607 7606/7606/7606
f 7611/7611/7611 7610/7610/7610 7609/7609/7609
f 7614/7614/7614 7613/7613/7613 7612/7612/7612
f 7617/7617/7617 7616/7616/7616 7615/7615/7615
f 7620/7620/7620 7619/7619/7619 7618/7618/7618
f 7623/7623/7623 7622/7622/7622 7621/7621/7621
f 7626/7626/7626 7625/7625/7625 7624/7624/7624
f 7629/7629/7629 7628/7628/7628 7627/7627/7627
f 7632/7632/7632 7631/7631/7631 7630/7630/7630
f 7635/7635/7635 7634/7634/7634 7633/7633/7633
f 7638/7638/7638 7637/7637/7637 7636/7636/7636
f 7641/7641/7641 7640/7640/7640 7639/7639/7639
f 7644/7644/7644 7643/7643/7643 7642/7642/7642
f 7647/7647/7647 7646/7646/7646 7645/7645/7645
f 7650/7650/7650 7649/7649/7649 7648/7648/7648
f 7653/7653/7653 7652/7652/7652 7651/7651/7651
f 7656/7656/7656 7655/7655/7655 7654/7654/7654
f 7659/7659/7659 7658/7658/7658 7657/7657/7657
f 7662/7662/7662 7661/7661/7661 7660/7660/7660
f 7665/7665/7665 7664/7664/7664 7663/7663/7663
f 7668/7668/7668 7667/7667/7667 7666/7666/7666
f 7671/7671/7671 7670/7670/7670 7669/7669/7669
f 7674/7674/7674 7673/7673/7673 7672/7672/7672
f 7677/7677/7677 7676/7676/7676 7675/7675/7675
f 7680/7680/7680 7679/7679/7679 7678/7678/7678
f 7683/7683/7683 7682/7682/7682 7681/7681/7681
f 7686/7686/7686 7685/7685/7685 7684/7684/7684
f 7689/7689/7689 7688/7688/7688 7687/7687/7687
f 7692/7692/7692 7691/7691/7691 7690/7690/7690
f 7695/7695/7695 7694/7694/7694 7693/7693/7693
f 7698/7698/7698 7697/7697/7697 7696/7696/7696
f 7701/7701/7701 7700/7700/7700 7699/7699/7699
f 7704/7704/7704 7703/7703/7703 7702/7702/7702
f 7707/7707/7707 7706/7706/7706 7705/7705/7705
f 7710/7710/7710 7709/7709/7709 7708/7708/7708
f 7713/7713/7713 7712/7712/7712 7711/7711/7711
f 7716/7716/7716 7715/7715/7715 7714/7714/7714
f 7719/7719/7719 7718/7718/7718 7717/7717/7717
f 7722/7722/7722 7721/7721/7721 7720/7720/7720
f 7725/7725/7725 7724/7724/7724 7723/7723/7723
f 7728/7728/7728 7727/7727/7727 7726/7726/7726
f 7731/7731/7731 7730/7730/7730 7729/7729/7729
f 7734/7734/7734 7733/7733/7733 7732/7732/7732
f 7737/7737/7737 7736/7736/7736 7735/7735/7735
f 7740/7740/7740 7739/7739/7739 7738/7738/7738
f 7743/7743/7743 7742/7742/7742 7741/7741/7741
f 7746/7746/7746 7745/7745/7745 7744/7744/7744
f 7749/7749/7749 7748/7748/7748 7747/7747/7747
f 7752/7752/7752 7751/7751/7751 7750/7750/7750
f 7755/7755/7755 7754/7754/7754 7753/7753/7753
f 7758/7758/7758 7757/7757/7757 7756/7756/7756
f 7761/7761/7761 7760/7760/7760 7759/7759/7759
f 7764/7764/7764 7763/7763/7763 7762/7762/7762
f 7767/7767/7767 7766/7766/7766 7765/7765/7765
f 7770/7770/7770 7769/7769/7769 7768/7768/7768
f 7773/7773/7773 7772/7772/7772 7771/7771/7771
f 7776/7776/7776 7775/7775/7775 7774/7774/7774
f 7779/7779/7779 7778/7778/7778 7777/7777/7777
f 7782/7782/7782 7781/7781/7781 7780/7780/7780
f 7785/7785/7785 7784/7784/7784 7783/7783/7783
f 7788/7788/7788 7787/7787/7787 7786/7786/7786
f 7791/7791/7791 7790/7790/7790 7789/7789/7789
f 7794/7794/7794 7793/7793/7793 7792/7792/7792
f 7797/7797/7797 7796/7796/7796 7795/7795/7795
f 7800/7800/7800 7799/7799/7799 7798/7798/7798
f 7803/7803/7803 7802/7802/7802 7801/7801/7801
f 7806/7806/7806 7805/7805/7805 7804/7804/7804
f 7809/7809/7809 7808/7808/7808 7807/7807/7807
f 7812/7812/7812 7811/7811/7811 7810/7810/7810
f 7815/7815/7815 7814/7814/7814 7813/7813/7813
f 7818/7818/7818 7817/7817/7817 7816/7816/7816
f 7821/7821/7821 7820/7820/7820 7819/7819/7819
f 7824/7824/7824 7823/7823/7823 7822/7822/7822
f 7827/7827/7827 7826/7826/7826 7825/7825/7825
f 7830/7830/7830 7829/7829/7829 7828/7828/7828
f 7833/7833/7833 7832/7832/7832 7831/7831/7831
f 7836/7836/7836 7835/7835/7835 7834/7834/7834
f 7839/7839/7839 7838/7838/7838 7837/7837/7837
f 7842/7842/7842 7841/7841/7841 7840/7840/7840
f 7845/7845/7845 7844/7844/7844 7843/7843/7843
f 7848/7848/7848 7847/7847/7847 7846/7846/7846
f 7851/7851/7851 7850/7850/7850 7849/7849/7849
f 7854/7854/7854 7853/7853/7853 7852/7852/7852
f 7857/7857/7857 7856/7856/7856 7855/7855/7855
f 7860/7860/7860 7859/7859/7859 7858/7858/7858
f 7863/7863/7863 7862/7862/7862 7861/7861/7861
f 7866/7866/7866 7865/7865/7865 7864/7864/7864
f 7869/7869/7869 7868/7868/7868 7867/7867/7867
f 7872/7872/7872 7871/7871/7871 7870/7870/7870
f 7875/7875/7875 7874/7874/7874 7873/7873/7873
f 7878/7878/7878 7877/7877/7877 7876/7876/7876
f 7881/7881/7881 7880/7880/7880 7879/7879/7879
f 7884/7884/7884 7883/7883/7883 7882/7882/7882
f 7882/7882/7882 7883/7883/7883 7885/7885/7885
f 7888/7888/7888 7887/7887/7887 7886/7886/7886
f 7891/7891/7891 7890/7890/7890 7889/7889/7889
f 7894/7894/7894 7893/7893/7893 7892/7892/7892
f 7897/7897/7897 7896/7896/7896 7895/7895/7895
f 7900/7900/7900 7899/7899/7899 7898/7898/7898
f 7903/7903/7903 7902/7902/7902 7901/7901/7901
f 7906/7906/7906 7905/7905/7905 7904/7904/7904
f 7909/7909/7909 7908/7908/7908 7907/7907/7907
f 7912/7912/7912 7911/7911/7911 7910/7910/7910
f 7915/7915/7915 7914/7914/7914 7913/7913/7913
f 7918/7918/7918 7917/7917/7917 7916/7916/7916
f 7921/7921/7921 7920/7920/7920 7919/7919/7919
f 7924/7924/7924 7923/7923/7923 7922/7922/7922
f 7927/7927/7927 7926/7926/7926 7925/7925/7925
f 7930/7930/7930 7929/7929/7929 7928/7928/7928
f 7933/7933/7933 7932/7932/7932 7931/7931/7931
f 7936/7936/7936 7935/7935/7935 7934/7934/7934
f 7939/7939/7939 7938/7938/7938 7937/7937/7937
f 7942/7942/7942 7941/7941/7941 7940/7940/7940
f 7945/7945/7945 7944/7944/7944 7943/7943/7943
f 7948/7948/7948 7947/7947/7947 7946/7946/7946
f 7951/7951/7951 7950/7950/7950 7949/7949/7949
f 7954/7954/7954 7953/7953/7953 7952/7952/7952
f 7957/7957/7957 7956/7956/7956 7955/7955/7955
f 7960/7960/7960 7959/7959/7959 7958/7958/7958
f 7963/7963/7963 7962/7962/7962 7961/7961/7961
f 7966/7966/7966 7965/7965/7965 7964/7964/7964
f 7969/7969/7969 7968/7968/7968 7967/7967/7967
f 7969/7969/7969 7967/7967/7967 7970/7970/7970
f 7973/7973/7973 7972/7972/7972 7971/7971/7971
f 7976/7976/7976 7975/7975/7975 7974/7974/7974
f 7979/7979/7979 7978/7978/7978 7977/7977/7977
f 7982/7982/7982 7981/7981/7981 7980/7980/7980
f 7985/7985/7985 7984/7984/7984 7983/7983/7983
f 7988/7988/7988 7987/7987/7987 7986/7986/7986
f 7991/7991/7991 7990/7990/7990 7989/7989/7989
f 7994/7994/7994 7993/7993/7993 7992/7992/7992
f 7994/7994/7994 7992/7992/7992 7995/7995/7995
f 7998/7998/7998 7997/7997/7997 7996/7996/7996
f 8001/8001/8001 8000/8000/8000 7999/7999/7999
f 8004/8004/8004 8003/8003/8003 8002/8002/8002
f 8007/8007/8007 8006/8006/8006 8005/8005/8005
f 8010/8010/8010 8009/8009/8009 8008/8008/8008
f 8013/8013/8013 8012/8012/8012 8011/8011/8011
f 8016/8016/8016 8015/8015/8015 8014/8014/8014
f 8019/8019/8019 8018/8018/8018 8017/8017/8017
f 8022/8022/8022 8021/8021/8021 8020/8020/8020
f 8025/8025/8025 8024/8024/8024 8023/8023/8023
f 8025/8025/8025 8023/8023/8023 8026/8026/8026
f 8029/8029/8029 8028/8028/8028 8027/8027/8027
f 8027/8027/8027 8028/8028/8028 8030/8030/8030
f 8033/8033/8033 8032/8032/8032 8031/8031/8031
f 8036/8036/8036 8035/8035/8035 8034/8034/8034
f 8039/8039/8039 8038/8038/8038 8037/8037/8037
f 8042/8042/8042 8041/8041/8041 8040/8040/8040
f 8045/8045/8045 8044/8044/8044 8043/8043/8043
f 8048/8048/8048 8047/8047/8047 8046/8046/8046
f 8051/8051/8051 8050/8050/8050 8049/8049/8049
f 8054/8054/8054 8053/8053/8053 8052/8052/8052
f 8057/8057/8057 8056/8056/8056 8055/8055/8055
f 8060/8060/8060 8059/8059/8059 8058/8058/8058
f 8063/8063/8063 8062/8062/8062 8061/8061/8061
f 8066/8066/8066 8065/8065/8065 8064/8064/8064
f 8066/8066/8066 8064/8064/8064 8067/8067/8067
f 8070/8070/8070 8069/8069/8069 8068/8068/8068
f 8068/8068/8068 8069/8069/8069 8071/8071/8071
f 8074/8074/8074 8073/8073/8073 8072/8072/8072
f 8077/8077/8077 8076/8076/8076 8075/8075/8075
f 8080/8080/8080 8079/8079/8079 8078/8078/8078
f 8083/8083/8083 8082/8082/8082 8081/8081/8081
f 8086/8086/8086 8085/8085/8085 8084/8084/8084
f 8089/8089/8089 8088/8088/8088 8087/8087/8087
f 8092/8092/8092 8091/8091/8091 8090/8090/8090
f 8095/8095/8095 8094/8094/8094 8093/8093/8093
f 8098/8098/8098 8097/8097/8097 8096/8096/8096
f 8101/8101/8101 8100/8100/8100 8099/8099/8099
f 8104/8104/8104 8103/8103/8103 8102/8102/8102
f 8107/8107/8107 8106/8106/8106 8105/8105/8105
f 8105/8105/8105 8106/8106/8106 8108/8108/8108
f 8111/8111/8111 8110/8110/8110 8109/8109/8109
f 8114/8114/8114 8113/8113/8113 8112/8112/8112
f 8117/8117/8117 8116/8116/8116 8115/8115/8115
f 8120/8120/8120 8119/8119/8119 8118/8118/8118
f 8123/8123/8123 8122/8122/8122 8121/8121/8121
f 8126/8126/8126 8125/8125/8125 8124/8124/8124
f 8129/8129/8129 8128/8128/8128 8127/8127/8127
f 8132/8132/8132 8131/8131/8131 8130/8130/8130
f 8135/8135/8135 8134/8134/8134 8133/8133/8133
f 8138/8138/8138 8137/8137/8137 8136/8136/8136
f 8141/8141/8141 8140/8140/8140 8139/8139/8139
f 8144/8144/8144 8143/8143/8143 8142/8142/8142
f 8144/8144/8144 8142/8142/8142 8145/8145/8145
f 8148/8148/8148 8147/8147/8147 8146/8146/8146
f 8151/8151/8151 8150/8150/8150 8149/8149/8149
f 8154/8154/8154 8153/8153/8153 8152/8152/8152
f 8157/8157/8157 8156/8156/8156 8155/8155/8155
f 8160/8160/8160 8159/8159/8159 8158/8158/8158
f 8163/8163/8163 8162/8162/8162 8161/8161/8161
f 8166/8166/8166 8165/8165/8165 8164/8164/8164
f 8169/8169/8169 8168/8168/8168 8167/8167/8167
f 8172/8172/8172 8171/8171/8171 8170/8170/8170
f 8175/8175/8175 8174/8174/8174 8173/8173/8173
f 8178/8178/8178 8177/8177/8177 8176/8176/8176
f 8181/8181/8181 8180/8180/8180 8179/8179/8179
f 8179/8179/8179 8180/8180/8180 8182/8182/8182
f 8185/8185/8185 8184/8184/8184 8183/8183/8183
f 8188/8188/8188 8187/8187/8187 8186/8186/8186
f 8191/8191/8191 8190/8190/8190 8189/8189/8189
f 8194/8194/8194 8193/8193/8193 8192/8192/8192
f 8197/8197/8197 8196/8196/8196 8195/8195/8195
f 8200/8200/8200 8199/8199/8199 8198/8198/8198
f 8203/8203/8203 8202/8202/8202 8201/8201/8201
f 8206/8206/8206 8205/8205/8205 8204/8204/8204
f 8209/8209/8209 8208/8208/8208 8207/8207/8207
f 8212/8212/8212 8211/8211/8211 8210/8210/8210
f 8215/8215/8215 8214/8214/8214 8213/8213/8213
f 8218/8218/8218 8217/8217/8217 8216/8216/8216
f 8221/8221/8221 8220/8220/8220 8219/8219/8219
f 8224/8224/8224 8223/8223/8223 8222/8222/8222
f 8227/8227/8227 8226/8226/8226 8225/8225/8225
f 8230/8230/8230 8229/8229/8229 8228/8228/8228
f 8233/8233/8233 8232/8232/8232 8231/8231/8231
f 8231/8231/8231 8232/8232/8232 8234/8234/8234
f 8237/8237/8237 8236/8236/8236 8235/8235/8235
f 8240/8240/8240 8239/8239/8239 8238/8238/8238
f 8243/8243/8243 8242/8242/8242 8241/8241/8241
f 8246/8246/8246 8245/8245/8245 8244/8244/8244
f 8249/8249/8249 8248/8248/8248 8247/8247/8247
f 8252/8252/8252 8251/8251/8251 8250/8250/8250
f 8250/8250/8250 8251/8251/8251 8253/8253/8253
f 8256/8256/8256 8255/8255/8255 8254/8254/8254
f 8259/8259/8259 8258/8258/8258 8257/8257/8257
f 8262/8262/8262 8261/8261/8261 8260/8260/8260
f 8265/8265/8265 8264/8264/8264 8263/8263/8263
f 8268/8268/8268 8267/8267/8267 8266/8266/8266
f 8271/8271/8271 8270/8270/8270 8269/8269/8269
f 8274/8274/8274 8273/8273/8273 8272/8272/8272
f 8277/8277/8277 8276/8276/8276 8275/8275/8275
f 8280/8280/8280 8279/8279/8279 8278/8278/8278
f 8283/8283/8283 8282/8282/8282 8281/8281/8281
f 8281/8281/8281 8282/8282/8282 8284/8284/8284
f 8287/8287/8287 8286/8286/8286 8285/8285/8285
f 8290/8290/8290 8289/8289/8289 8288/8288/8288
f 8288/8288/8288 8289/8289/8289 8291/8291/8291
f 8294/8294/8294 8293/8293/8293 8292/8292/8292
f 8297/8297/8297 8296/8296/8296 8295/8295/8295
f 8300/8300/8300 8299/8299/8299 8298/8298/8298
f 8303/8303/8303 8302/8302/8302 8301/8301/8301
f 8306/8306/8306 8305/8305/8305 8304/8304/8304
f 8309/8309/8309 8308/8308/8308 8307/8307/8307
f 8312/8312/8312 8311/8311/8311 8310/8310/8310
f 8312/8312/8312 8310/8310/8310 8313/8313/8313
f 8316/8316/8316 8315/8315/8315 8314/8314/8314
f 8314/8314/8314 8315/8315/8315 8317/8317/8317
f 8320/8320/8320 8319/8319/8319 8318/8318/8318
f 8323/8323/8323 8322/8322/8322 8321/8321/8321
f 8326/8326/8326 8325/8325/8325 8324/8324/8324
f 8329/8329/8329 8328/8328/8328 8327/8327/8327
f 8332/8332/8332 8331/8331/8331 8330/8330/8330
f 8335/8335/8335 8334/8334/8334 8333/8333/8333
f 8338/8338/8338 8337/8337/8337 8336/8336/8336
f 8341/8341/8341 8340/8340/8340 8339/8339/8339
f 8344/8344/8344 8343/8343/8343 8342/8342/8342
f 8344/8344/8344 8342/8342/8342 8345/8345/8345
f 8348/8348/8348 8347/8347/8347 8346/8346/8346
f 8351/8351/8351 8350/8350/8350 8349/8349/8349
f 8354/8354/8354 8353/8353/8353 8352/8352/8352
f 8357/8357/8357 8356/8356/8356 8355/8355/8355
f 8360/8360/8360 8359/8359/8359 8358/8358/8358
f 8363/8363/8363 8362/8362/8362 8361/8361/8361
f 8366/8366/8366 8365/8365/8365 8364/8364/8364
f 8369/8369/8369 8368/8368/8368 8367/8367/8367
f 8372/8372/8372 8371/8371/8371 8370/8370/8370
f 8375/8375/8375 8374/8374/8374 8373/8373/8373
f 8346/8346/8346 8376/8376/8376 8348/8348/8348
f 8379/8379/8379 8378/8378/8378 8377/8377/8377
f 8382/8382/8382 8381/8381/8381 8380/8380/8380
f 8382/8382/8382 8380/8380/8380 8383/8383/8383
f 8386/8386/8386 8385/8385/8385 8384/8384/8384
f 8389/8389/8389 8388/8388/8388 8387/8387/8387
f 8392/8392/8392 8391/8391/8391 8390/8390/8390
f 8390/8390/8390 8391/8391/8391 8393/8393/8393
f 8396/8396/8396 8395/8395/8395 8394/8394/8394
f 8399/8399/8399 8398/8398/8398 8397/8397/8397
f 8219/8219/8219 8400/8400/8400 8221/8221/8221
f 8403/8403/8403 8402/8402/8402 8401/8401/8401
f 8406/8406/8406 8405/8405/8405 8404/8404/8404
f 8409/8409/8409 8408/8408/8408 8407/8407/8407
f 8412/8412/8412 8411/8411/8411 8410/8410/8410
f 8225/8225/8225 8413/8413/8413 8227/8227/8227
f 8416/8416/8416 8415/8415/8415 8414/8414/8414
f 8419/8419/8419 8418/8418/8418 8417/8417/8417
f 8422/8422/8422 8421/8421/8421 8420/8420/8420
f 8425/8425/8425 8424/8424/8424 8423/8423/8423
f 8263/8263/8263 8426/8426/8426 8265/8265/8265
f 8429/8429/8429 8428/8428/8428 8427/8427/8427
f 8427/8427/8427 8428/8428/8428 8430/8430/8430
f 8433/8433/8433 8432/8432/8432 8431/8431/8431
f 8436/8436/8436 8435/8435/8435 8434/8434/8434
f 8257/8257/8257 8437/8437/8437 8259/8259/8259
f 8440/8440/8440 8439/8439/8439 8438/8438/8438
f 8443/8443/8443 8442/8442/8442 8441/8441/8441
f 8446/8446/8446 8445/8445/8445 8444/8444/8444
f 8449/8449/8449 8448/8448/8448 8447/8447/8447
f 8244/8244/8244 8450/8450/8450 8246/8246/8246
f 8453/8453/8453 8452/8452/8452 8451/8451/8451
f 8451/8451/8451 8452/8452/8452 8454/8454/8454
f 8457/8457/8457 8456/8456/8456 8455/8455/8455
f 8460/8460/8460 8459/8459/8459 8458/8458/8458
f 8463/8463/8463 8462/8462/8462 8461/8461/8461
f 8466/8466/8466 8465/8465/8465 8464/8464/8464
f 8469/8469/8469 8468/8468/8468 8467/8467/8467
f 8472/8472/8472 8471/8471/8471 8470/8470/8470
f 8475/8475/8475 8474/8474/8474 8473/8473/8473
f 8478/8478/8478 8477/8477/8477 8476/8476/8476
f 8481/8481/8481 8480/8480/8480 8479/8479/8479
f 8238/8238/8238 8482/8482/8482 8240/8240/8240
f 8485/8485/8485 8484/8484/8484 8483/8483/8483
f 8488/8488/8488 8487/8487/8487 8486/8486/8486
f 8491/8491/8491 8490/8490/8490 8489/8489/8489
f 8494/8494/8494 8493/8493/8493 8492/8492/8492
f 8497/8497/8497 8496/8496/8496 8495/8495/8495
f 8500/8500/8500 8499/8499/8499 8498/8498/8498
f 8498/8498/8498 8499/8499/8499 8501/8501/8501
f 8504/8504/8504 8503/8503/8503 8502/8502/8502
f 8507/8507/8507 8506/8506/8506 8505/8505/8505
f 8510/8510/8510 8509/8509/8509 8508/8508/8508
f 8513/8513/8513 8512/8512/8512 8511/8511/8511
f 8516/8516/8516 8515/8515/8515 8514/8514/8514
f 8519/8519/8519 8518/8518/8518 8517/8517/8517
f 8522/8522/8522 8521/8521/8521 8520/8520/8520
f 8525/8525/8525 8524/8524/8524 8523/8523/8523
f 8528/8528/8528 8527/8527/8527 8526/8526/8526
f 8526/8526/8526 8527/8527/8527 8529/8529/8529
f 8532/8532/8532 8531/8531/8531 8530/8530/8530
f 8535/8535/8535 8534/8534/8534 8533/8533/8533
f 8538/8538/8538 8537/8537/8537 8536/8536/8536
f 8541/8541/8541 8540/8540/8540 8539/8539/8539
f 8544/8544/8544 8543/8543/8543 8542/8542/8542
f 8547/8547/8547 8546/8546/8546 8545/8545/8545
f 8550/8550/8550 8549/8549/8549 8548/8548/8548
f 8301/8301/8301 8551/8551/8551 8303/8303/8303
f 8554/8554/8554 8553/8553/8553 8552/8552/8552
f 8557/8557/8557 8556/8556/8556 8555/8555/8555
f 8560/8560/8560 8559/8559/8559 8558/8558/8558
f 8563/8563/8563 8562/8562/8562 8561/8561/8561
f 8566/8566/8566 8565/8565/8565 8564/8564/8564
f 8569/8569/8569 8568/8568/8568 8567/8567/8567
f 8356/8356/8356 8570/8570/8570 8355/8355/8355
f 8573/8573/8573 8572/8572/8572 8571/8571/8571
f 8576/8576/8576 8575/8575/8575 8574/8574/8574
f 8579/8579/8579 8578/8578/8578 8577/8577/8577
f 8582/8582/8582 8581/8581/8581 8580/8580/8580
f 8384/8384/8384 8583/8583/8583 8386/8386/8386
f 8586/8586/8586 8585/8585/8585 8584/8584/8584
f 8584/8584/8584 8585/8585/8585 8587/8587/8587
f 8590/8590/8590 8589/8589/8589 8588/8588/8588
f 8593/8593/8593 8592/8592/8592 8591/8591/8591
f 8596/8596/8596 8595/8595/8595 8594/8594/8594
f 8599/8599/8599 8598/8598/8598 8597/8597/8597
f 8597/8597/8597 8598/8598/8598 8600/8600/8600
f 8603/8603/8603 8602/8602/8602 8601/8601/8601
f 8606/8606/8606 8605/8605/8605 8604/8604/8604
f 8609/8609/8609 8608/8608/8608 8607/8607/8607
f 8612/8612/8612 8611/8611/8611 8610/8610/8610
f 8615/8615/8615 8614/8614/8614 8613/8613/8613
f 8618/8618/8618 8617/8617/8617 8616/8616/8616
f 8621/8621/8621 8620/8620/8620 8619/8619/8619
f 8358/8358/8358 8622/8622/8622 8360/8360/8360
f 8625/8625/8625 8624/8624/8624 8623/8623/8623
f 8628/8628/8628 8627/8627/8627 8626/8626/8626
f 8631/8631/8631 8630/8630/8630 8629/8629/8629
f 8634/8634/8634 8633/8633/8633 8632/8632/8632
f 8210/8210/8210 8635/8635/8635 8212/8212/8212
f 8638/8638/8638 8637/8637/8637 8636/8636/8636
f 8636/8636/8636 8637/8637/8637 8639/8639/8639
f 8642/8642/8642 8641/8641/8641 8640/8640/8640
f 8645/8645/8645 8644/8644/8644 8643/8643/8643
f 8645/8645/8645 8643/8643/8643 8646/8646/8646
f 8649/8649/8649 8648/8648/8648 8647/8647/8647
f 8650/8650/8650 8649/8649/8649 8647/8647/8647
f 8651/8651/8651 8650/8650/8650 8647/8647/8647
f 8652/8652/8652 8651/8651/8651 8647/8647/8647
f 8653/8653/8653 8652/8652/8652 8647/8647/8647
f 8654/8654/8654 8653/8653/8653 8647/8647/8647
f 8655/8655/8655 8654/8654/8654 8647/8647/8647
f 8656/8656/8656 8655/8655/8655 8647/8647/8647
f 8657/8657/8657 8656/8656/8656 8647/8647/8647
f 8658/8658/8658 8657/8657/8657 8647/8647/8647
f 8659/8659/8659 8658/8658/8658 8647/8647/8647
f 8660/8660/8660 8659/8659/8659 8647/8647/8647
f 8661/8661/8661 8660/8660/8660 8647/8647/8647
f 8662/8662/8662 8661/8661/8661 8647/8647/8647
f 8663/8663/8663 8662/8662/8662 8647/8647/8647
f 8664/8664/8664 8663/8663/8663 8647/8647/8647
f 8665/8665/8665 8664/8664/8664 8647/8647/8647
f 8666/8666/8666 8665/8665/8665 8647/8647/8647
f 8667/8667/8667 8666/8666/8666 8647/8647/8647
f 8668/8668/8668 8667/8667/8667 8647/8647/8647
f 8669/8669/8669 8668/8668/8668 8647/8647/8647
f 8670/8670/8670 8669/8669/8669 8647/8647/8647
f 8671/8671/8671 8670/8670/8670 8647/8647/8647
f 8672/8672/8672 8671/8671/8671 8647/8647/8647
f 8673/8673/8673 8672/8672/8672 8647/8647/8647
f 8674/8674/8674 8673/8673/8673 8647/8647/8647
f 8675/8675/8675 8674/8674/8674 8647/8647/8647
f 8676/8676/8676 8675/8675/8675 8647/8647/8647
f 8677/8677/8677 8676/8676/8676 8647/8647/8647
f 8678/8678/8678 8677/8677/8677 8647/8647/8647
f 8679/8679/8679 8678/8678/8678 8647/8647/8647
f 8680/8680/8680 8679/8679/8679 8647/8647/8647
f 8681/8681/8681 8680/8680/8680 8647/8647/8647
f 8682/8682/8682 8681/8681/8681 8647/8647/8647
f 8683/8683/8683 8682/8682/8682 8647/8647/8647
f 8684/8684/8684 8683/8683/8683 8647/8647/8647
f 8685/8685/8685 8684/8684/8684 8647/8647/8647
f 8686/8686/8686 8685/8685/8685 8647/8647/8647
f 8687/8687/8687 8686/8686/8686 8647/8647/8647
f 8688/8688/8688 8687/8687/8687 8647/8647/8647
f 8689/8689/8689 8688/8688/8688 8647/8647/8647
f 8690/8690/8690 8689/8689/8689 8647/8647/8647
f 8691/8691/8691 8690/8690/8690 8647/8647/8647
f 8692/8692/8692 8691/8691/8691 8647/8647/8647
f 8693/8693/8693 8692/8692/8692 8647/8647/8647
f 8694/8694/8694 8693/8693/8693 8647/8647/8647
f 8695/8695/8695 8694/8694/8694 8647/8647/8647
f 8696/8696/8696 8695/8695/8695 8647/8647/8647
f 8697/8697/8697 8696/8696/8696 8647/8647/8647
f 8698/8698/8698 8697/8697/8697 8647/8647/8647
f 8701/8701/8701 8700/8700/8700 8699/8699/8699
f 8702/8702/8702 8701/8701/8701 8699/8699/8699
f 8705/8705/8705 8704/8704/8704 8703/8703/8703
f 8706/8706/8706 8705/8705/8705 8703/8703/8703
f 8709/8709/8709 8708/8708/8708 8707/8707/8707
f 8710/8710/8710 8709/8709/8709 8707/8707/8707
f 8712/8712/8712 8711/8711/8711 8700/8700/8700
f 8701/8701/8701 8712/8712/8712 8700/8700/8700
f 8714/8714/8714 8713/8713/8713 8704/8704/8704
f 8705/8705/8705 8714/8714/8714 8704/8704/8704
f 8716/8716/8716 8715/8715/8715 8708/8708/8708
f 8709/8709/8709 8716/8716/8716 8708/8708/8708
f 8718/8718/8718 8717/8717/8717 8711/8711/8711
f 8712/8712/8712 8718/8718/8718 8711/8711/8711
f 8720/8720/8720 8719/8719/8719 8713/8713/8713
f 8714/8714/8714 8720/8720/8720 8713/8713/8713
f 8722/8722/8722 8721/8721/8721 8715/8715/8715
f 8716/8716/8716 8722/8722/8722 8715/8715/8715
f 8724/8724/8724 8723/8723/8723 8717/8717/8717
f 8718/8718/8718 8724/8724/8724 8717/8717/8717
f 8726/8726/8726 8725/8725/8725 8719/8719/8719
f 8720/8720/8720 8726/8726/8726 8719/8719/8719
f 8728/8728/8728 8727/8727/8727 8721/8721/8721
f 8722/8722/8722 8728/8728/8728 8721/8721/8721
f 8730/8730/8730 8729/8729/8729 8723/8723/8723
f 8724/8724/8724 8730/8730/8730 8723/8723/8723
f 8732/8732/8732 8731/8731/8731 8725/8725/8725
f 8726/8726/8726 8732/8732/8732 8725/8725/8725
f 8734/8734/8734 8733/8733/8733 8727/8727/8727
f 8728/8728/8728 8734/8734/8734 8727/8727/8727
f 8736/8736/8736 8735/8735/8735 8729/8729/8729
f 8730/8730/8730 8736/8736/8736 8729/8729/8729
f 8738/8738/8738 8737/8737/8737 8731/8731/8731
f 8732/8732/8732 8738/8738/8738 8731/8731/8731
f 8740/8740/8740 8739/8739/8739 8733/8733/8733
f 8734/8734/8734 8740/8740/8740 8733/8733/8733
f 8742/8742/8742 8741/8741/8741 8735/8735/8735
f 8736/8736/8736 8742/8742/8742 8735/8735/8735
f 8744/8744/8744 8743/8743/8743 8737/8737/8737
f 8738/8738/8738 8744/8744/8744 8737/8737/8737
f 8746/8746/8746 8745/8745/8745 8739/8739/8739
f 8740/8740/8740 8746/8746/8746 8739/8739/8739
f 8748/8748/8748 8747/8747/8747 8741/8741/8741
f 8742/8742/8742 8748/8748/8748 8741/8741/8741
f 8750/8750/8750 8749/8749/8749 8743/8743/8743
f 8744/8744/8744 8750/8750/8750 8743/8743/8743
f 8752/8752/8752 8751/8751/8751 8745/8745/8745
f 8746/8746/8746 8752/8752/8752 8745/8745/8745
f 8754/8754/8754 8753/8753/8753 8747/8747/8747
f 8748/8748/8748 8754/8754/8754 8747/8747/8747
f 8756/8756/8756 8755/8755/8755 8749/8749/8749
f 8750/8750/8750 8756/8756/8756 8749/8749/8749
f 8758/8758/8758 8757/8757/8757 8751/8751/8751
f 8752/8752/8752 8758/8758/8758 8751/8751/8751
f 8760/8760/8760 8759/8759/8759 8753/8753/8753
f 8754/8754/8754 8760/8760/8760 8753/8753/8753
f 8762/8762/8762 8761/8761/8761 8755/8755/8755
f 8756/8756/8756 8762/8762/8762 8755/8755/8755
f 8764/8764/8764 8763/8763/8763 8757/8757/8757
f 8758/8758/8758 8764/8764/8764 8757/8757/8757
f 8766/8766/8766 8765/8765/8765 8759/8759/8759
f 8760/8760/8760 8766/8766/8766 8759/8759/8759
f 8768/8768/8768 8767/8767/8767 8761/8761/8761
f 8762/8762/8762 8768/8768/8768 8761/8761/8761
f 8770/8770/8770 8769/8769/8769 8763/8763/8763
f 8764/8764/8764 8770/8770/8770 8763/8763/8763
f 8772/8772/8772 8771/8771/8771 8765/8765/8765
f 8766/8766/8766 8772/8772/8772 8765/8765/8765
f 8774/8774/8774 8773/8773/8773 8767/8767/8767
f 8768/8768/8768 8774/8774/8774 8767/8767/8767
f 8776/8776/8776 8775/8775/8775 8769/8769/8769
f 8770/8770/8770 8776/8776/8776 8769/8769/8769
f 8778/8778/8778 8777/8777/8777 8771/8771/8771
f 8772/8772/8772 8778/8778/8778 8771/8771/8771
f 8702/8702/8702 8699/8699/8699 8773/8773/8773
f 8774/8774/8774 8702/8702/8702 8773/8773/8773
f 8706/8706/8706 8703/8703/8703 8775/8775/8775
f 8776/8776/8776 8706/8706/8706 8775/8775/8775
f 8710/8710/8710 8707/8707/8707 8777/8777/8777
f 8778/8778/8778 8710/8710/8710 8777/8777/8777
f 8781/8781/8781 8780/8780/8780 8779/8779/8779
f 8782/8782/8782 8781/8781/8781 8779/8779/8779
f 8785/8785/8785 8784/8784/8784 8783/8783/8783
f 8786/8786/8786 8785/8785/8785 8783/8783/8783
f 8789/8789/8789 8788/8788/8788 8787/8787/8787
f 8790/8790/8790 8789/8789/8789 8787/8787/8787
f 8792/8792/8792 8791/8791/8791 8780/8780/8780
f 8781/8781/8781 8792/8792/8792 8780/8780/8780
f 8794/8794/8794 8793/8793/8793 8784/8784/8784
f 8785/8785/8785 8794/8794/8794 8784/8784/8784
f 8796/8796/8796 8795/8795/8795 8788/8788/8788
f 8789/8789/8789 8796/8796/8796 8788/8788/8788
f 8798/8798/8798 8797/8797/8797 8791/8791/8791
f 8792/8792/8792 8798/8798/8798 8791/8791/8791
f 8800/8800/8800 8799/8799/8799 8793/8793/8793
f 8794/8794/8794 8800/8800/8800 8793/8793/8793
f 8802/8802/8802 8801/8801/8801 8795/8795/8795
f 8796/8796/8796 8802/8802/8802 8795/8795/8795
f 8804/8804/8804 8803/8803/8803 8797/8797/8797
f 8798/8798/8798 8804/8804/8804 8797/8797/8797
f 8806/8806/8806 8805/8805/8805 8799/8799/8799
f 8800/8800/8800 8806/8806/8806 8799/8799/8799
f 8808/8808/8808 8807/8807/8807 8801/8801/8801
f 8802/8802/8802 8808/8808/8808 8801/8801/8801
f 8810/8810/8810 8809/8809/8809 8803/8803/8803
f 8804/8804/8804 8810/8810/8810 8803/8803/8803
f 8812/8812/8812 8811/8811/8811 8805/8805/8805
f 8806/8806/8806 8812/8812/8812 8805/8805/8805
f 8814/8814/8814 8813/8813/8813 8807/8807/8807
f 8808/8808/8808 8814/8814/8814 8807/8807/8807
f 8816/8816/8816 8815/8815/8815 8809/8809/8809
f 8810/8810/8810 8816/8816/8816 8809/8809/8809
f 8818/8818/8818 8817/8817/8817 8811/8811/8811
f 8812/8812/8812 8818/8818/8818 8811/8811/8811
f 8820/8820/8820 8819/8819/8819 8813/8813/8813
f 8814/8814/8814 8820/8820/8820 8813/8813/8813
f 8822/8822/8822 8821/8821/8821 8815/8815/8815
f 8816/8816/8816 8822/8822/8822 8815/8815/8815
f 8824/8824/8824 8823/8823/8823 8817/8817/8817
f 8818/8818/8818 8824/8824/8824 8817/8817/8817
f 8826/8826/8826 8825/8825/8825 8819/8819/8819
f 8820/8820/8820 8826/8826/8826 8819/8819/8819
f 8828/8828/8828 8827/8827/8827 8821/8821/8821
f 8822/8822/8822 8828/8828/8828 8821/8821/8821
f 8830/8830/8830 8829/8829/8829 8823/8823/8823
f 8824/8824/8824 8830/8830/8830 8823/8823/8823
f 8832/8832/8832 8831/8831/8831 8825/8825/8825
f 8826/8826/8826 8832/8832/8832 8825/8825/8825
f 8834/8834/8834 8833/8833/8833 8827/8827/8827
f 8828/8828/8828 8834/8834/8834 8827/8827/8827
f 8836/8836/8836 8835/8835/8835 8829/8829/8829
f 8830/8830/8830 8836/8836/8836 8829/8829/8829
f 8838/8838/8838 8837/8837/8837 8831/8831/8831
f 8832/8832/8832 8838/8838/8838 8831/8831/8831
f 8840/8840/8840 8839/8839/8839 8833/8833/8833
f 8834/8834/8834 8840/8840/8840 8833/8833/8833
f 8842/8842/8842 8841/8841/8841 8835/8835/8835
f 8836/8836/8836 8842/8842/8842 8835/8835/8835
f 8844/8844/8844 8843/8843/8843 8837/8837/8837
f 8838/8838/8838 8844/8844/8844 8837/8837/8837
f 8846/8846/8846 8845/8845/8845 8839/8839/8839
f 8840/8840/8840 8846/8846/8846 8839/8839/8839
f 8848/8848/8848 8847/8847/8847 8841/8841/8841
f 8842/8842/8842 8848/8848/8848 8841/8841/8841
f 8850/8850/8850 8849/8849/8849 8843/8843/8843
f 8844/8844/8844 8850/8850/8850 8843/8843/8843
f 8852/8852/8852 8851/8851/8851 8845/8845/8845
f 8846/8846/8846 8852/8852/8852 8845/8845/8845
f 8854/8854/8854 8853/8853/8853 8847/8847/8847
f 8848/8848/8848 8854/8854/8854 8847/8847/8847
f 8856/8856/8856 8855/8855/8855 8849/8849/8849
f 8850/8850/8850 8856/8856/8856 8849/8849/8849
f 8858/8858/8858 8857/8857/8857 8851/8851/8851
f 8852/8852/8852 8858/8858/8858 8851/8851/8851
f 8782/8782/8782 8779/8779/8779 8853/8853/8853
f 8854/8854/8854 8782/8782/8782 8853/8853/8853
f 8786/8786/8786 8783/8783/8783 8855/8855/8855
f 8856/8856/8856 8786/8786/8786 8855/8855/8855
f 8790/8790/8790 8787/8787/8787 8857/8857/8857
f 8858/8858/8858 8790/8790/8790 8857/8857/8857
f 8861/8861/8861 8860/8860/8860 8859/8859/8859
f 8862/8862/8862 8861/8861/8861 8859/8859/8859
f 8865/8865/8865 8864/8864/8864 8863/8863/8863
f 8866/8866/8866 8865/8865/8865 8863/8863/8863
f 8869/8869/8869 8868/8868/8868 8867/8867/8867
f 8870/8870/8870 8869/8869/8869 8867/8867/8867
f 8872/8872/8872 8871/8871/8871 8860/8860/8860
f 8861/8861/8861 8872/8872/8872 8860/8860/8860
f 8874/8874/8874 8873/8873/8873 8864/8864/8864
f 8865/8865/8865 8874/8874/8874 8864/8864/8864
f 8876/8876/8876 8875/8875/8875 8868/8868/8868
f 8869/8869/8869 8876/8876/8876 8868/8868/8868
f 8878/8878/8878 8877/8877/8877 8871/8871/8871
f 8872/8872/8872 8878/8878/8878 8871/8871/8871
f 8880/8880/8880 8879/8879/8879 8873/8873/8873
f 8874/8874/8874 8880/8880/8880 8873/8873/8873
f 8882/8882/8882 8881/8881/8881 8875/8875/8875
f 8876/8876/8876 8882/8882/8882 8875/8875/8875
f 8884/8884/8884 8883/8883/8883 8877/8877/8877
f 8878/8878/8878 8884/8884/8884 8877/8877/8877
f 8886/8886/8886 8885/8885/8885 8879/8879/8879
f 8880/8880/8880 8886/8886/8886 8879/8879/8879
f 8888/8888/8888 8887/8887/8887 8881/8881/8881
f 8882/8882/8882 8888/8888/8888 8881/8881/8881
f 8890/8890/8890 8889/8889/8889 8883/8883/8883
f 8884/8884/8884 8890/8890/8890 8883/8883/8883
f 8892/8892/8892 8891/8891/8891 8885/8885/8885
f 8886/8886/8886 8892/8892/8892 8885/8885/8885
f 8894/8894/8894 8893/8893/8893 8887/8887/8887
f 8888/8888/8888 8894/8894/8894 8887/8887/8887
f 8896/8896/8896 8895/8895/8895 8889/8889/8889
f 8890/8890/8890 8896/8896/8896 8889/8889/8889
f 8898/8898/8898 8897/8897/8897 8891/8891/8891
f 8892/8892/8892 8898/8898/8898 8891/8891/8891
f 8900/8900/8900 8899/8899/8899 8893/8893/8893
f 8894/8894/8894 8900/8900/8900 8893/8893/8893
f 8902/8902/8902 8901/8901/8901 8895/8895/8895
f 8896/8896/8896 8902/8902/8902 8895/8895/8895
f 8904/8904/8904 8903/8903/8903 8897/8897/8897
f 8898/8898/8898 8904/8904/8904 8897/8897/8897
f 8906/8906/8906 8905/8905/8905 8899/8899/8899
f 8900/8900/8900 8906/8906/8906 8899/8899/8899
f 8908/8908/8908 8907/8907/8907 8901/8901/8901
f 8902/8902/8902 8908/8908/8908 8901/8901/8901
f 8910/8910/8910 8909/8909/8909 8903/8903/8903
f 8904/8904/8904 8910/8910/8910 8903/8903/8903
f 8912/8912/8912 8911/8911/8911 8905/8905/8905
f 8906/8906/8906 8912/8912/8912 8905/8905/8905
f 8914/8914/8914 8913/8913/8913 8907/8907/8907
f 8908/8908/8908 8914/8914/8914 8907/8907/8907
f 8916/8916/8916 8915/8915/8915 8909/8909/8909
f 8910/8910/8910 8916/8916/8916 8909/8909/8909
f 8918/8918/8918 8917/8917/8917 8911/8911/8911
f 8912/8912/8912 8918/8918/8918 8911/8911/8911
f 8920/8920/8920 8919/8919/8919 8913/8913/8913
f 8914/8914/8914 8920/8920/8920 8913/8913/8913
f 8922/8922/8922 8921/8921/8921 8915/8915/8915
f 8916/8916/8916 8922/8922/8922 8915/8915/8915
f 8924/8924/8924 8923/8923/8923 8917/8917/8917
f 8918/8918/8918 8924/8924/8924 8917/8917/8917
f 8926/8926/8926 8925/8925/8925 8919/8919/8919
f 8920/8920/8920 8926/8926/8926 8919/8919/8919
f 8928/8928/8928 8927/8927/8927 8921/8921/8921
f 8922/8922/8922 8928/8928/8928 8921/8921/8921
f 8930/8930/8930 8929/8929/8929 8923/8923/8923
f 8924/8924/8924 8930/8930/8930 8923/8923/8923
f 8932/8932/8932 8931/8931/8931 8925/8925/8925
f 8926/8926/8926 8932/8932/8932 8925/8925/8925
f 8934/8934/8934 8933/8933/8933 8927/8927/8927
f 8928/8928/8928 8934/8934/8934 8927/8927/8927
f 8936/8936/8936 8935/8935/8935 8929/8929/8929
f 8930/8930/8930 8936/8936/8936 8929/8929/8929
f 8938/8938/8938 8937/8937/8937 8931/8931/8931
f 8932/8932/8932 8938/8938/8938 8931/8931/8931
f 8862/8862/8862 8859/8859/8859 8933/8933/8933
f 8934/8934/8934 8862/8862/8862 8933/8933/8933
f 8866/8866/8866 8863/8863/8863 8935/8935/8935
f 8936/8936/8936 8866/8866/8866 8935/8935/8935
f 8870/8870/8870 8867/8867/8867 8937/8937/8937
f 8938/8938/8938 8870/8870/8870 8937/8937/8937
f 8941/8941/8941 8940/8940/8940 8939/8939/8939
f 8942/8942/8942 8941/8941/8941 8939/8939/8939
f 8943/8943/8943 8942/8942/8942 8939/8939/8939
f 8944/8944/8944 8943/8943/8943 8939/8939/8939
f 8945/8945/8945 8944/8944/8944 8939/8939/8939
f 8946/8946/8946 8945/8945/8945 8939/8939/8939
f 8947/8947/8947 8946/8946/8946 8939/8939/8939
f 8948/8948/8948 8947/8947/8947 8939/8939/8939
f 8949/8949/8949 8948/8948/8948 8939/8939/8939
f 8950/8950/8950 8949/8949/8949 8939/8939/8939
f 8951/8951/8951 8950/8950/8950 8939/8939/8939
f 8952/8952/8952 8951/8951/8951 8939/8939/8939
f 8953/8953/8953 8952/8952/8952 8939/8939/8939
f 8954/8954/8954 8953/8953/8953 8939/8939/8939
f 8955/8955/8955 8954/8954/8954 8939/8939/8939
f 8956/8956/8956 8955/8955/8955 8939/8939/8939
f 8957/8957/8957 8956/8956/8956 8939/8939/8939
f 8958/8958/8958 8957/8957/8957 8939/8939/8939
f 8959/8959/8959 8958/8958/8958 8939/8939/8939
f 8960/8960/8960 8959/8959/8959 8939/8939/8939
f 8961/8961/8961 8960/8960/8960 8939/8939/8939
f 8962/8962/8962 8961/8961/8961 8939/8939/8939
f 8963/8963/8963 8962/8962/8962 8939/8939/8939
f 8964/8964/8964 8963/8963/8963 8939/8939/8939
f 8965/8965/8965 8964/8964/8964 8939/8939/8939
f 8966/8966/8966 8965/8965/8965 8939/8939/8939
f 8967/8967/8967 8966/8966/8966 8939/8939/8939
f 8968/8968/8968 8967/8967/8967 8939/8939/8939
f 8969/8969/8969 8968/8968/8968 8939/8939/8939
f 8970/8970/8970 8969/8969/8969 8939/8939/8939
f 8971/8971/8971 8970/8970/8970 8939/8939/8939
f 8972/8972/8972 8971/8971/8971 8939/8939/8939
f 8973/8973/8973 8972/8972/8972 8939/8939/8939
f 8974/8974/8974 8973/8973/8973 8939/8939/8939
f 8975/8975/8975 8974/8974/8974 8939/8939/8939
f 8976/8976/8976 8975/8975/8975 8939/8939/8939
f 8977/8977/8977 8976/8976/8976 8939/8939/8939
f 8978/8978/8978 8977/8977/8977 8939/8939/8939
f 8883/8883/8883 8980/8980/8980 8979/8979/8979
f 8877/8877/8877 8883/8883/8883 8979/8979/8979
f 8983/8983/8983 8982/8982/8982 8981/8981/8981
f 8984/8984/8984 8983/8983/8983 8981/8981/8981
f 8985/8985/8985 8984/8984/8984 8981/8981/8981
f 8986/8986/8986 8985/8985/8985 8981/8981/8981
f 8987/8987/8987 8986/8986/8986 8981/8981/8981
f 8988/8988/8988 8987/8987/8987 8981/8981/8981
f 8989/8989/8989 8988/8988/8988 8981/8981/8981
f 8990/8990/8990 8989/8989/8989 8981/8981/8981
f 8991/8991/8991 8990/8990/8990 8981/8981/8981
f 8992/8992/8992 8991/8991/8991 8981/8981/8981
f 8993/8993/8993 8992/8992/8992 8981/8981/8981
f 8994/8994/8994 8993/8993/8993 8981/8981/8981
f 8995/8995/8995 8994/8994/8994 8981/8981/8981
f 8996/8996/8996 8995/8995/8995 8981/8981/8981
f 8997/8997/8997 8996/8996/8996 8981/8981/8981
f 8998/8998/8998 8997/8997/8997 8981/8981/8981
f 8999/8999/8999 8998/8998/8998 8981/8981/8981
f 9000/9000/9000 8999/8999/8999 8981/8981/8981
f 9001/9001/9001 9000/9000/9000 8981/8981/8981
f 9002/9002/9002 9001/9001/9001 8981/8981/8981
f 9003/9003/9003 9002/9002/9002 8981/8981/8981
f 9004/9004/9004 9003/9003/9003 8981/8981/8981
f 9005/9005/9005 9004/9004/9004 8981/8981/8981
f 9006/9006/9006 9005/9005/9005 8981/8981/8981
f 9007/9007/9007 9006/9006/9006 8981/8981/8981
f 9008/9008/9008 9007/9007/9007 8981/8981/8981
f 9009/9009/9009 9008/9008/9008 8981/8981/8981
f 9010/9010/9010 9009/9009/9009 8981/8981/8981
f 9011/9011/9011 9010/9010/9010 8981/8981/8981
f 9012/9012/9012 9011/9011/9011 8981/8981/8981
f 9013/9013/9013 9012/9012/9012 8981/8981/8981
f 9014/9014/9014 9013/9013/9013 8981/8981/8981
f 9015/9015/9015 9014/9014/9014 8981/8981/8981
f 9016/9016/9016 9015/9015/9015 8981/8981/8981
f 9017/9017/9017 9016/9016/9016 8981/8981/8981
f 9018/9018/9018 9017/9017/9017 8981/8981/8981
f 9019/9019/9019 9018/9018/9018 8981/8981/8981
f 9020/9020/9020 9019/9019/9019 8981/8981/8981
f 8885/8885/8885 9022/9022/9022 9021/9021/9021
f 8879/8879/8879 8885/8885/8885 9021/9021/9021
f 8887/8887/8887 9024/9024/9024 9023/9023/9023
f 8881/8881/8881 8887/8887/8887 9023/9023/9023
f 8889/8889/8889 9025/9025/9025 8980/8980/8980
f 8883/8883/8883 8889/8889/8889 8980/8980/8980
f 8891/8891/8891 9026/9026/9026 9022/9022/9022
f 8885/8885/8885 8891/8891/8891 9022/9022/9022
f 8893/8893/8893 9027/9027/9027 9024/9024/9024
f 8887/8887/8887 8893/8893/8893 9024/9024/9024
f 8895/8895/8895 9028/9028/9028 9025/9025/9025
f 8889/8889/8889 8895/8895/8895 9025/9025/9025
f 8897/8897/8897 9029/9029/9029 9026/9026/9026
f 8891/8891/8891 8897/8897/8897 9026/9026/9026
f 8899/8899/8899 9030/9030/9030 9027/9027/9027
f 8893/8893/8893 8899/8899/8899 9027/9027/9027
f 8901/8901/8901 9031/9031/9031 9028/9028/9028
f 8895/8895/8895 8901/8901/8901 9028/9028/9028
f 8903/8903/8903 9032/9032/9032 9029/9029/9029
f 8897/8897/8897 8903/8903/8903 9029/9029/9029
f 8905/8905/8905 9033/9033/9033 9030/9030/9030
f 8899/8899/8899 8905/8905/8905 9030/9030/9030
f 8907/8907/8907 9034/9034/9034 9031/9031/9031
f 8901/8901/8901 8907/8907/8907 9031/9031/9031
f 8909/8909/8909 9035/9035/9035 9032/9032/9032
f 8903/8903/8903 8909/8909/8909 9032/9032/9032
f 8911/8911/8911 9036/9036/9036 9033/9033/9033
f 8905/8905/8905 8911/8911/8911 9033/9033/9033
f 8913/8913/8913 9037/9037/9037 9034/9034/9034
f 8907/8907/8907 8913/8913/8913 9034/9034/9034
f 8915/8915/8915 9038/9038/9038 9035/9035/9035
f 8909/8909/8909 8915/8915/8915 9035/9035/9035
f 8917/8917/8917 9039/9039/9039 9036/9036/9036
f 8911/8911/8911 8917/8917/8917 9036/9036/9036
f 8919/8919/8919 9040/9040/9040 9037/9037/9037
f 8913/8913/8913 8919/8919/8919 9037/9037/9037
f 8921/8921/8921 9041/9041/9041 9038/9038/9038
f 8915/8915/8915 8921/8921/8921 9038/9038/9038
f 8923/8923/8923 9042/9042/9042 9039/9039/9039
f 8917/8917/8917 8923/8923/8923 9039/9039/9039
f 8925/8925/8925 9043/9043/9043 9040/9040/9040
f 8919/8919/8919 8925/8925/8925 9040/9040/9040
f 8927/8927/8927 9044/9044/9044 9041/9041/9041
f 8921/8921/8921 8927/8927/8927 9041/9041/9041
f 8929/8929/8929 9045/9045/9045 9042/9042/9042
f 8923/8923/8923 8929/8929/8929 9042/9042/9042
f 8931/8931/8931 9046/9046/9046 9043/9043/9043
f 8925/8925/8925 8931/8931/8931 9043/9043/9043
f 8933/8933/8933 9047/9047/9047 9044/9044/9044
f 8927/8927/8927 8933/8933/8933 9044/9044/9044
f 8935/8935/8935 9048/9048/9048 9045/9045/9045
f 8929/8929/8929 8935/8935/8935 9045/9045/9045
f 8937/8937/8937 9049/9049/9049 9046/9046/9046
f 8931/8931/8931 8937/8937/8937 9046/9046/9046
f 8859/8859/8859 9050/9050/9050 9047/9047/9047
f 8933/8933/8933 8859/8859/8859 9047/9047/9047
f 8863/8863/8863 9051/9051/9051 9048/9048/9048
f 8935/8935/8935 8863/8863/8863 9048/9048/9048
f 8867/8867/8867 9052/9052/9052 9049/9049/9049
f 8937/8937/8937 8867/8867/8867 9049/9049/9049
f 8860/8860/8860 9053/9053/9053 9050/9050/9050
f 8859/8859/8859 8860/8860/8860 9050/9050/9050
f 8864/8864/8864 9054/9054/9054 9051/9051/9051
f 8863/8863/8863 8864/8864/8864 9051/9051/9051
f 8868/8868/8868 9055/9055/9055 9052/9052/9052
f 8867/8867/8867 8868/8868/8868 9052/9052/9052
f 8871/8871/8871 9056/9056/9056 9053/9053/9053
f 8860/8860/8860 8871/8871/8871 9053/9053/9053
f 8873/8873/8873 9057/9057/9057 9054/9054/9054
f 8864/8864/8864 8873/8873/8873 9054/9054/9054
f 8875/8875/8875 9058/9058/9058 9055/9055/9055
f 8868/8868/8868 8875/8875/8875 9055/9055/9055
f 8877/8877/8877 8979/8979/8979 9056/9056/9056
f 8871/8871/8871 8877/8877/8877 9056/9056/9056
f 8879/8879/8879 9021/9021/9021 9057/9057/9057
f 8873/8873/8873 8879/8879/8879 9057/9057/9057
f 8881/8881/8881 9023/9023/9023 9058/9058/9058
f 8875/8875/8875 8881/8881/8881 9058/9058/9058
