# VPXTOOL table OBJ file
# VPXTOOL OBJ file
# numVerts: 3057 numFaces: 4583
o CaptiveScoop
v 681.1953 783.6493 -51.62746
v 680.1007 786.76013 -52.28526
v 690.31683 790.3498 -52.27866
v 683.57495 739.9361 -20.004654
v 683.4331 740.34326 -19.797855
v 683.8953 739.02496 -16.680456
v 671.83356 773.4422 -51.60766
v 672.0002 773.49884 -51.618656
v 670.6968 776.83685 -52.20826
v 683.65204 739.90967 -16.299856
v 683.6581 739.8068 -16.341656
v 683.19586 741.20447 -19.368855
v 731.03864 822.52386 -53.80106
v 730.9633 822.6839 -53.807663
v 731.0594 822.53125 -53.90446
v 677.22766 762.6188 -47.434258
v 677.195 762.57916 -47.69386
v 678.1098 759.8971 -46.032856
v 668.23047 787.8942 -53.32366
v 667.1203 791.2072 -53.47326
v 666.8997 791.1315 -53.479862
v 741.31506 793.3395 -51.43386
v 740.224 796.4469 -52.69006
v 741.28296 793.30475 -51.491062
v 674.9099 764.78766 -45.806255
v 674.90265 764.7291 -45.90086
v 673.9109 767.5496 -47.44526
v 671.628 773.38336 -51.563656
v 671.56903 773.3718 -51.52406
v 672.6299 770.2047 -50.817856
v 664.86847 793.23615 -56.34206
v 665.65686 790.99005 -56.19026
v 665.67786 790.9835 -56.37506
v 664.48456 799.4413 -55.75246
v 664.4801 799.45374 -55.27286
v 663.2004 798.97485 -55.27286
v 667.8984 790.5259 -50.93666
v 666.87744 793.56714 -50.73206
v 667.61743 791.2666 -53.03326
v 744.4243 784.4866 -46.585064
v 744.43225 784.55005 -46.49266
v 743.4272 787.4079 -48.28126
v 672.89325 770.44965 -48.820255
v 673.9207 767.46906 -47.612457
v 670.4927 776.77386 -52.162056
v 670.4338 776.7623 -52.12246
v 677.7132 756.9374 -40.163254
v 677.9312 757.0402 -40.132458
v 678.7798 754.6241 -37.967655
v 676.1193 762.20294 -44.013256
v 675.89856 762.1014 -44.04626
v 674.93976 764.8286 -45.753456
v 732.98425 817.24054 -55.158463
v 732.97473 817.26746 -54.678864
v 732.3473 819.0524 -55.235462
v 663.33905 798.4382 -53.521664
v 663.4509 798.4848 -53.53046
v 663.4377 798.52216 -53.123463
v 673.1984 769.5285 -51.163258
v 673.15137 769.62854 -50.89706
v 674.2594 766.5061 -49.731056
v 747.9866 774.5128 -37.40006
v 747.14606 776.9061 -39.798058
v 748.0466 774.31696 -37.604656
v 676.411 797.2652 -56.793064
v 677.20233 795.01086 -56.639065
v 687.41705 798.5978 -56.64566
v 719.45685 818.81 -54.79106
v 719.45465 818.8162 -54.37746
v 709.2406 815.22723 -54.79106
v 672.94257 773.82324 -51.620857
v 673.11053 773.8827 -51.61206
v 671.8058 777.2179 -52.22146
v 709.23987 815.2293 -54.08486
v 696.9263 810.9062 -54.08486
v 696.92554 810.90826 -54.37746
v 683.1538 739.8733 -20.587656
v 683.0846 739.8908 -20.574457
v 683.57404 738.4888 -16.603455
v 663.2471 798.89575 -53.72626
v 663.23065 798.95526 -53.75706
v 664.52515 799.35297 -53.708664
v 731.0055 822.51215 -53.743862
v 731.1762 822.16187 -53.794464
v 687.93256 743.547 -26.888456
v 684.5338 742.3691 -26.877455
v 688.5256 741.85254 -23.843655
v 731.50665 820.4048 -53.68446
v 730.21735 819.9529 -53.658062
v 731.1476 821.4189 -53.691063
v 668.5174 787.99347 -53.29726
v 668.5996 788.0249 -53.268658
v 667.40857 791.3093 -53.44686
v 683.0017 740.00616 -20.462255
v 683.0846 739.8908 -20.574457
v 682.1728 742.30084 -23.401455
v 696.9652 810.79626 -56.74906
v 684.6531 806.469 -56.74686
v 684.667 806.42957 -56.80846
v 683.8323 740.24426 -23.821653
v 684.36865 738.71643 -20.686655
v 685.666 739.1455 -20.697655
v 667.8709 800.64746 -55.75246
v 664.4897 799.42676 -56.163864
v 676.85504 759.08405 -42.706455
v 677.75354 756.52686 -40.667057
v 677.8325 756.2841 -40.986057
v 683.1978 741.6603 -24.360655
v 683.8127 739.95026 -20.303854
v 683.4531 741.7367 -24.329855
v 675.733 778.2678 -50.798058
v 672.3408 777.0713 -50.815655
v 671.25934 780.15173 -51.653854
v 681.5063 745.73834 -31.963858
v 682.2784 743.54486 -28.274456
v 681.72833 745.81 -31.966059
v 684.92676 736.09247 -6.905856
v 685.1487 735.4592 -3.491456
v 685.3037 735.01465 -3.579456
v 732.35187 819.033 -55.717262
v 731.8503 820.44946 -55.74586
v 677.0178 758.5979 -43.42806
v 676.06866 761.2981 -45.342056
v 676.92737 758.8599 -43.04086
v 738.00433 766.01843 -27.951057
v 744.549 768.31036 -27.955456
v 745.16693 766.55237 -25.168056
v 665.1128 797.75934 -53.59426
v 664.94336 797.70404 -53.60306
v 665.41846 796.28986 -53.589863
v 685.0205 735.84094 -3.414456
v 685.18866 735.366 0.296944
v 685.3183 734.98016 0.237545
v 675.45807 768.2025 -47.23186
v 676.44415 765.39166 -45.691856
v 675.1613 764.92804 -45.71606
v 739.0757 799.90045 -52.80886
v 739.0337 800.02563 -52.35126
v 737.9611 803.0743 -53.675663
v 734.71185 812.26965 -55.93946
v 734.7019 812.2451 -56.122063
v 735.75433 809.3061 -55.565464
v 688.94946 740.649 -13.109857
v 688.5528 741.7758 -16.244856
v 695.0937 744.0851 -16.240456
v 734.2 776.84705 -40.08846
v 740.74475 779.139 -40.097256
v 741.5933 776.72284 -37.934658
v 736.6165 769.9637 -37.921455
v 726.404 766.37054 -37.925858
v 727.20776 764.08093 -35.358456
v 676.1105 759.6839 -41.24566
v 677.12445 756.7545 -42.295055
v 676.2058 759.42126 -44.497257
v 674.07245 766.9813 -48.67066
v 673.0313 769.94775 -50.076458
v 674.0055 767.177 -48.241657
v 677.7285 756.5647 -44.013256
v 678.72473 753.6921 -41.50306
v 677.9484 756.63556 -44.017654
v 672.9355 770.53467 -48.66406
v 673.15924 770.62787 -48.62666
v 673.9502 767.6429 -47.293457
v 751.87256 762.4318 -20.686657
v 751.33624 763.9596 -23.821655
v 750.5942 761.95575 -20.697657
v 726.00085 821.104 -54.37966
v 726.00085 821.104 -54.08706
v 719.45465 818.8162 -54.37746
v 677.8666 759.76666 -46.105457
v 676.9503 762.4529 -47.77086
v 676.7831 762.3913 -47.779655
v 663.0689 798.5619 -56.738064
v 663.04596 798.5608 -56.634663
v 663.1629 798.18445 -56.636864
v 673.7573 783.893 -55.477463
v 674.89984 780.6404 -54.784454
v 681.4451 782.9372 -54.79546
v 732.94495 817.29895 -53.97486
v 732.9247 817.3034 -53.790062
v 732.3131 819.0963 -54.049664
v 728.7155 813.37866 -53.38966
v 732.1099 814.56903 -53.40726
v 729.62067 810.80286 -53.14986
v 675.2917 763.5646 -48.120655
v 675.3377 763.4875 -48.281258
v 685.32404 739.0501 -16.616655
v 684.8325 740.4514 -20.594255
v 684.764 740.3945 -20.585455
v 747.09326 776.0402 -35.662056
v 747.33167 776.092 -35.69066
v 748.0951 773.9164 -33.25306
v 752.5646 761.55194 -0.169457
v 754.0612 757.3652 -0.171657
v 752.6062 761.44763 -0.387257
v 753.61395 758.5161 -3.669657
v 753.7845 758.028 0.103343
v 753.4596 758.95856 -3.579457
v 663.58044 797.058 -50.606663
v 663.5569 797.2037 -53.110264
v 663.3019 797.93024 -50.58466
v 731.43726 821.5168 -53.897858
v 731.4117 821.5101 -53.792263
v 731.20184 822.1686 -53.90006
v 671.8938 773.49615 -49.860855
v 672.1175 773.5894 -49.82346
v 674.45215 802.8497 -53.691063
v 667.91034 800.5494 -53.69766
v 674.4279 802.9181 -53.73066
v 664.9679 798.06976 -56.87006
v 663.6786 797.61786 -56.843662
v 665.32874 797.0376 -56.87006
v 696.9556 810.82324 -56.641262
v 663.29755 798.72687 -53.708664
v 664.58124 799.18146 -53.68446
v 664.70703 798.8129 -53.67126
v 719.4783 818.7429 -53.73066
v 726.0195 821.03827 -53.73506
v 719.5018 818.6765 -53.691063
v 684.54846 737.3518 -17.424055
v 684.0723 738.70953 -20.642656
v 684.01514 738.792 -20.594255
v 723.19354 808.1722 -56.38826
v 722.2569 810.83716 -56.639065
v 712.97955 804.5832 -56.392662
v 681.8701 748.6258 -35.415657
v 680.9331 751.3047 -38.610058
v 681.75555 748.5736 -35.426655
v 685.70526 733.92694 -3.799455
v 685.5994 734.1928 -3.744455
v 685.87726 733.4347 0.004345
v 663.01685 798.8142 -56.63026
v 663.22986 798.9246 -56.63246
v 663.21844 798.93695 -56.452065
v 674.9469 764.7097 -49.071056
v 675.16815 764.78345 -49.077656
v 674.035 767.4232 -50.087456
v 730.95105 822.70526 -56.163864
v 730.9506 822.6934 -56.452065
v 731.0119 822.6521 -56.161663
v 664.5171 799.3758 -56.738064
v 664.52954 799.3405 -56.793064
v 667.9015 800.5743 -56.742462
v 680.07104 754.22015 -41.432655
v 680.02313 754.17755 -41.46346
v 681.00946 751.3527 -38.59026
v 733.0428 801.0665 -54.78446
v 736.43286 802.2623 -54.76906
v 735.29114 805.5129 -55.462063
v 664.8599 793.3988 -53.68226
v 665.6299 791.2046 -53.537064
v 664.83514 793.38306 -53.790062
v 667.8833 800.6192 -56.45646
v 667.89197 800.60126 -56.639065
v 674.42285 802.92566 -56.45646
v 662.98535 798.7517 -56.163864
v 662.9768 798.7627 -55.75246
v 663.01355 798.57965 -55.750263
v 693.12396 749.69366 -32.654655
v 693.82715 747.6882 -29.832058
v 704.0447 751.27374 -29.834257
v 676.7577 759.3786 -46.112057
v 676.97974 759.45026 -46.118656
v 683.8457 739.18475 -20.389656
v 683.7182 739.5317 -20.211454
v 684.18695 738.1947 -17.045656
v 730.4436 787.5339 -47.20766
v 729.4304 790.4215 -48.57606
v 735.97437 792.7155 -48.58486
v 665.82983 795.6094 -56.843662
v 669.22345 796.80176 -56.861263
v 685.7431 738.1436 -11.987855
v 685.761 737.9679 -12.091255
v 686.0661 737.08636 -6.481256
v 743.1658 788.2582 -46.673058
v 742.1593 791.1202 -48.24166
v 742.2304 790.92596 -48.670662
v 726.04663 820.96155 -56.80186
v 729.43695 822.14343 -56.793064
v 726.0342 820.99677 -56.742462
v 732.99567 817.18854 -56.051662
v 732.99176 817.2128 -55.63806
v 732.35223 819.01215 -56.128662
v 667.914 800.53906 -56.80186
v 664.52954 799.3405 -56.793064
v 667.93823 800.4706 -56.83926
v 672.0698 772.709 -52.142254
v 672.1104 772.62067 -52.415054
v 671.0025 775.7758 -53.47986
v 682.0832 744.20154 -29.403055
v 682.726 742.37305 -26.499054
v 682.1721 743.98334 -29.570255
v 737.33575 767.9195 -30.628458
v 743.8805 770.2114 -30.635057
v 663.4525 797.53784 -56.80406
v 664.0394 796.5857 -56.843662
v 700.0326 762.6893 -42.633854
v 689.8171 759.10443 -42.62946
v 690.712 756.5576 -40.350254
v 667.535 785.5941 -53.922062
v 666.5144 788.50244 -54.28506
v 667.5221 785.6502 -53.51506
v 677.26135 757.96295 -44.38726
v 678.19073 755.3187 -42.277454
v 678.2434 755.216 -42.422657
v 675.4641 761.9639 -47.72466
v 674.571 764.6046 -49.018257
v 674.51196 764.6001 -48.980858
v 719.6935 818.13525 -53.64926
v 719.92346 817.4792 -53.638264
v 709.47943 814.5463 -53.64266
v 675.2274 800.634 -53.62946
v 674.8696 801.6509 -53.638264
v 685.44147 804.2229 -53.625057
v 664.5405 795.1575 -56.81506
v 730.9293 822.7536 -54.08926
v 730.9225 822.7465 -53.91106
v 730.6908 822.7088 -54.08926
v 663.0065 798.73816 -56.63246
v 663.01685 798.8142 -56.63026
v 662.99243 798.7449 -56.452065
v 676.1725 765.14374 -49.049057
v 676.2525 765.1814 -49.024857
v 675.26135 767.85516 -50.063255
v 742.6653 788.64343 -45.716064
v 742.9 788.7055 -45.75346
v 743.6233 785.9183 -44.01326
v 731.0964 822.486 -56.161663
v 731.0969 822.49786 -55.750263
v 731.0119 822.6521 -56.161663
v 681.53705 745.8426 -32.489655
v 681.472 745.9736 -32.37526
v 682.23865 743.8482 -29.678055
v 738.8355 800.3942 -50.941063
v 737.7525 803.4788 -51.779263
v 737.78754 803.4656 -51.884865
v 670.78424 776.3987 -51.22046
v 671.8518 773.3576 -50.19526
v 670.801 776.3183 -51.499855
v 750.21216 768.09625 -25.304457
v 749.59204 769.8605 -28.102858
v 750.2808 767.9549 -25.403458
v 667.914 800.53906 -56.80186
v 674.4551 802.8414 -56.806263
v 674.44183 802.87866 -56.74686
v 750.2948 767.91547 -29.570257
v 749.5947 769.90576 -32.37526
v 750.3282 767.7686 -29.678057
v 663.3418 797.5803 -54.37526
v 663.1201 798.2393 -54.37526
v 663.34717 797.59155 -54.082664
v 710.7821 771.4623 -42.097057
v 723.095 775.7875 -42.09926
v 723.9824 773.2615 -40.084057
v 680.6474 748.18353 -35.431057
v 680.4786 748.13306 -35.424454
v 681.33466 745.6892 -31.957258
v 732.0445 818.87286 -56.81506
v 732.27185 818.9557 -56.775463
v 731.54205 820.2983 -56.843662
v 665.0335 798.9192 -50.57806
v 665.01483 798.9126 -53.11466
v 665.17285 798.5718 -50.58906
v 668.7238 787.9709 -52.940865
v 668.65283 788.0461 -53.22906
v 669.8411 784.4993 -52.98046
v 672.092 777.3192 -52.195057
v 670.9081 780.8536 -52.68126
v 671.97375 777.27734 -52.212658
v 709.7087 813.89233 -53.63386
v 697.16656 810.22107 -53.64266
v 719.47534 818.7512 -56.45646
v 709.2591 815.16846 -56.45646
v 709.2665 815.1477 -56.641262
v 664.47003 798.38824 -53.60086
v 664.6885 798.46326 -53.59866
v 664.3618 798.70703 -53.57886
v 666.61237 788.32477 -56.122063
v 665.70776 790.98474 -56.48286
v 664.9893 798.89886 -53.51286
v 665.1389 798.60175 -53.11686
v 679.346 752.1617 -35.734657
v 678.5371 754.4658 -38.04466
v 678.5633 754.5171 -37.998455
v 677.92957 756.0034 -41.360058
v 749.62585 769.7651 -32.489655
v 748.8742 771.9074 -35.17806
v 748.8744 771.82117 -35.24846
v 680.9275 747.4915 -31.088259
v 681.6048 745.56555 -28.377857
v 681.7095 745.2502 -28.615456
v 674.75757 767.66974 -50.09406
v 674.97736 767.74756 -50.089657
v 673.7858 770.572 -50.919056
v 668.09784 800.00665 -53.65586
v 667.96924 800.3765 -53.67126
v 674.63965 802.3069 -53.64926
v 739.9745 797.28973 -50.195263
v 738.90625 800.3329 -51.220463
v 738.9417 800.2591 -51.49986
v 679.3707 752.2171 -35.69066
v 679.5893 752.3248 -35.662056
v 663.0345 798.8041 -56.72706
v 663.2427 798.90814 -56.73146
v 664.94226 798.8869 -53.54146
v 664.8647 798.8687 -53.56126
v 664.97345 798.5549 -53.57886
v 735.5427 809.64655 -52.87706
v 735.583 809.6515 -52.938663
v 736.61395 806.59515 -52.379864
v 664.55023 799.2755 -56.828262
v 667.99713 800.2977 -56.86346
v 683.0196 746.67804 -27.966457
v 681.7377 746.2054 -27.981855
v 681.0712 748.1072 -30.661457
v 673.4087 773.9766 -51.25346
v 672.28076 777.3464 -51.821056
v 673.36255 773.9883 -51.528458
v 730.9137 822.7317 -53.81206
v 730.90564 822.71484 -53.77026
v 730.68774 822.6844 -53.807663
v 663.31146 797.97565 -53.112465
v 744.8797 783.2732 -42.319263
v 745.7716 780.7347 -40.295258
v 745.724 780.79016 -40.21166
v 748.8453 772.0419 -35.054855
v 723.0781 808.5047 -53.138863
v 722.17303 811.0805 -53.378662
v 684.88275 736.40125 -3.306656
v 684.90234 736.4712 -3.295655
v 685.0502 735.92847 0.378344
v 663.00476 798.60455 -54.78886
v 662.96796 798.78754 -54.79106
v 663.00525 798.6164 -54.37746
v 750.33057 767.6761 -29.739656
v 749.6275 769.6746 -32.555656
v 689.8171 759.10443 -42.62946
v 683.27026 756.81177 -42.622856
v 684.16516 754.26495 -40.341457
v 748.5752 771.8226 -30.661459
v 748.81226 771.8715 -30.68786
v 749.4815 769.9683 -28.006056
v 729.4618 822.0799 -56.828262
v 729.43695 822.14343 -56.793064
v 726.0701 820.89514 -56.83926
v 666.506 788.54614 -53.875862
v 674.0056 770.64984 -50.914658
v 672.59406 770.1873 -50.573658
v 672.6299 770.2047 -50.817856
v 671.5405 773.33374 -51.249058
v 666.54895 788.40497 -55.23986
v 666.52997 788.45197 -54.762463
v 667.5564 785.527 -54.39726
v 684.5581 735.8219 0.761144
v 684.6549 735.8188 0.714944
v 684.3433 736.4483 -6.483456
v 682.3492 743.7403 -29.774855
v 682.587 743.7872 -29.799055
v 681.8845 745.7906 -32.619457
v 730.7443 822.5247 -56.81066
v 729.5241 821.9105 -56.85026
v 685.561 739.4421 -13.114256
v 689.2874 739.6881 -9.906656
v 671.0998 780.87244 -52.333656
v 669.8997 784.4524 -52.72746
v 671.0441 780.9111 -52.61306
v 680.12756 748.1885 -35.191257
v 679.9598 748.60284 -34.155056
v 681.05536 745.66736 -31.908855
v 734.17584 808.6888 -55.98346
v 730.7837 807.4922 -56.00106
v 684.2833 738.964 -13.123056
v 683.88586 740.09283 -16.260256
v 665.1848 793.3248 -56.738064
v 666.4741 793.77673 -56.76446
v 663.02765 798.8694 -53.77026
v 675.84076 762.06696 -47.775257
v 676.062 762.1406 -47.781857
v 677.195 762.57916 -47.69386
v 677.1449 762.5428 -47.731255
v 678.06116 759.8565 -46.068058
v 674.3711 770.79095 -50.86186
v 674.4213 770.82043 -50.822258
v 673.3095 773.96014 -51.568058
v 733.7674 814.9039 -56.37506
v 733.7788 814.9243 -56.19026
v 732.97754 817.1541 -56.52686
v 678.0774 754.0043 -39.670456
v 679.1978 750.8536 -38.341656
v 679.2631 750.781 -38.55726
v 751.3899 763.8082 -16.260258
v 750.93646 765.1017 -19.322657
v 751.6305 763.85376 -16.277859
v 685.8989 738.4812 -9.911056
v 664.22363 797.4561 -53.605263
v 663.9708 798.2161 -53.60086
v 663.7503 798.1404 -53.59426
v 677.2314 759.53705 -46.120857
v 671.6002 773.07947 -49.63646
v 671.96387 772.9819 -51.304058
v 672.9724 770.1206 -49.63646
v 752.9838 759.999 -14.150457
v 752.5679 761.1867 -17.448256
v 752.35223 761.0707 -17.463657
v 753.14874 759.7377 0.362943
v 752.98267 760.2133 -3.326458
v 753.22626 759.5714 0.336543
v 751.53204 764.3954 -23.632458
v 750.94135 766.0766 -26.653057
v 751.56696 764.23737 -23.720457
v 672.22516 777.37805 -52.126854
v 697.7536 808.55023 -53.622864
v 697.3958 809.5671 -53.63166
v 709.7087 813.89233 -53.63386
v 674.53894 802.59796 -56.87006
v 726.0267 821.0245 -56.639065
v 729.42053 822.20294 -56.634663
v 726.02216 821.0439 -56.454258
v 663.2571 798.8806 -56.78206
v 732.9604 817.2881 -54.267464
v 732.3379 819.07245 -54.75586
v 668.0497 783.8836 -52.976063
v 666.85284 787.32935 -52.936462
v 667.0451 786.6809 -51.251263
v 663.1028 798.5716 -56.793064
v 663.0565 798.7419 -56.779858
v 669.3088 780.3082 -52.64826
v 668.1072 783.8993 -53.01566
v 668.0497 783.8836 -52.976063
v 709.3766 814.8366 -56.874462
v 697.0637 810.5114 -56.876663
v 697.1959 810.1381 -56.892063
v 667.2881 787.5698 -53.32146
v 667.50867 787.64557 -53.32806
v 666.17926 790.8857 -53.47106
v 679.9246 750.38275 -37.604656
v 679.07764 752.7878 -40.015858
v 679.8452 750.57404 -37.40006
v 740.9419 794.3999 -48.72126
v 739.90076 797.36633 -49.92026
v 739.9381 797.3399 -50.02146
v 753.35895 759.0583 -10.771257
v 753.3493 759.16455 -10.742658
v 753.0034 760.069 -14.130657
v 745.4027 781.7897 -44.53906
v 745.39703 781.72 -44.627056
v 746.33295 779.1364 -42.422657
v 706.0409 745.5905 -9.902256
v 718.353 749.9178 -9.900056
v 718.63074 749.1269 -6.637457
v 665.1035 798.59625 -53.519463
v 665.0538 798.5786 -53.556858
v 682.2929 743.77405 -29.739655
v 681.5919 745.7733 -32.555656
v 740.9828 794.37006 -48.82026
v 664.9324 793.6555 -53.52386
v 665.0513 793.6953 -53.54146
v 664.1912 795.867 -53.55906
v 729.844 789.247 -51.579063
v 719.6286 785.6552 -51.58566
v 720.699 782.6128 -50.14026
v 677.0422 759.5704 -42.147655
v 744.7194 767.8292 -32.64806
v 748.10657 769.0333 -32.63706
v 743.96277 769.9792 -35.347458
v 685.4796 804.1151 -56.90306
v 685.9808 802.6868 -56.876663
v 698.2929 807.0141 -56.878864
v 678.55817 754.2679 -38.260258
v 678.6124 754.0817 -38.478058
v 677.7037 756.7006 -40.440456
v 694.478 745.83685 -26.892857
v 693.82715 747.6882 -29.832058
v 670.1668 783.2633 -52.311665
v 669.9743 779.69434 -51.68026
v 752.79767 760.84094 -10.225657
v 753.08057 760.0356 -6.905857
v 752.66003 761.20996 -10.111258
v 692.7936 783.2964 -53.91766
v 693.9096 780.11847 -52.844055
v 706.2225 784.44366 -52.84626
v 726.4983 819.68616 -56.88766
v 726.2661 820.3484 -56.878864
v 719.72284 818.0523 -56.88766
v 752.5861 761.25385 -17.424057
v 752.11005 762.6116 -20.642658
v 726.0017 821.095 -53.90226
v 726.00775 821.0714 -53.796658
v 719.45703 818.80304 -53.90006
v 668.71234 782.2628 -54.760258
v 667.6073 785.40967 -55.277264
v 668.6825 782.3339 -54.357655
v 663.6498 797.7057 -53.691063
v 663.4226 798.3604 -53.69766
v 664.9363 798.15894 -53.66466
v 664.2204 798.3022 -53.60086
v 663.8626 798.5349 -53.57666
v 666.0291 796.08136 -50.652863
v 665.89307 796.3996 -53.10366
v 666.6508 794.15436 -53.07946
v 666.9189 787.44604 -53.264263
v 669.41956 784.34534 -53.07506
v 668.00995 787.8184 -53.32806
v 684.64276 806.49805 -56.641262
v 674.44183 802.87866 -56.74686
v 678.3437 755.13715 -42.554657
v 678.29315 755.16125 -42.506256
v 679.1858 752.6207 -40.231457
v 666.57446 788.6427 -53.23346
v 666.53723 788.62256 -53.295063
v 741.6771 791.45355 -47.25606
v 740.6632 794.34326 -48.626663
v 741.91113 791.51776 -47.29346
v 668.32715 799.3527 -53.64926
v 674.8696 801.6509 -53.638264
v 664.1122 798.621 -53.57886
v 664.0827 798.7109 -53.539265
v 685.2353 735.2145 -7.128055
v 685.0776 735.6534 -7.018055
v 685.46014 734.57294 -3.669656
v 726.0119 821.0729 -55.75246
v 719.4657 818.7851 -55.75246
v 719.47156 818.7685 -56.166058
v 734.71124 812.30444 -55.649063
v 735.74866 809.3484 -55.277264
v 730.9784 822.694 -53.908863
v 731.0726 822.53357 -54.08706
v 752.02655 762.72205 -13.136257
v 752.0851 762.68207 -13.158257
v 730.6881 822.7032 -53.908863
v 729.3975 822.2812 -54.08926
v 663.34717 797.59155 -54.082664
v 663.70154 796.5711 -54.078262
v 663.3418 797.5803 -54.37526
v 751.6869 763.81305 -16.299858
v 751.7476 763.72723 -16.341658
v 664.888 793.2337 -56.52686
v 664.9172 793.23706 -56.634663
v 747.2004 776.7199 -40.015858
v 746.31134 779.2501 -42.277454
v 735.61584 809.6445 -53.044262
v 736.65704 806.5987 -52.439262
v 748.07196 774.186 -37.73446
v 751.10486 760.50055 -6.646257
v 750.8271 761.29144 -9.911057
v 752.1252 761.71844 -9.917657
v 665.6087 791.07336 -55.00886
v 664.82837 793.29663 -55.158463
v 665.59827 791.1094 -54.53146
v 736.85504 806.2044 -54.76026
v 736.8342 806.27637 -54.35766
v 735.74866 809.3484 -55.277264
v 726.1339 820.7217 -56.86346
v 719.5914 818.4235 -56.87006
v 668.7403 782.21674 -55.046257
v 669.8754 778.98486 -54.357655
v 668.7687 782.18945 -55.226658
v 733.7185 815.1013 -53.82966
v 733.6975 815.10785 -53.64486
v 753.9141 757.64215 0.046143
v 753.74286 758.1323 -3.744457
v 753.99994 757.3668 0.004343
v 748.6878 772.53925 -34.588455
v 749.4292 770.4259 -31.939657
v 748.57166 772.8739 -34.271656
v 682.6607 741.5424 -24.466255
v 681.97986 743.4718 -28.278854
v 682.56824 741.54004 -24.461855
v 680.8534 747.9974 -30.687859
v 681.52264 746.09424 -28.006056
v 666.65015 791.0454 -53.479862
v 665.68945 793.9166 -53.55906
v 665.4398 793.83057 -53.556858
v 716.03436 795.89075 -51.62086
v 714.9405 798.9995 -52.27866
v 725.1566 802.58923 -52.28526
v 672.17346 777.3527 -52.168655
v 664.6987 796.042 -53.59206
v 664.9483 796.12805 -53.59426
v 729.3963 822.27136 -53.906662
v 729.4009 822.252 -53.80106
v 742.38043 790.3046 -49.992863
v 742.35187 790.2665 -50.05006
v 743.4192 787.3514 -48.37586
v 698.472 767.13574 -42.09926
v 697.5478 769.7655 -43.96046
v 675.5494 761.9801 -47.751057
v 674.65625 764.62085 -49.044655
v 663.0088 798.8767 -53.81206
v 663.0024 798.8091 -53.807663
v 662.98224 798.8066 -53.908863
v 707.0791 742.6324 -10.817456
v 707.3715 741.80005 -7.396456
v 719.6851 746.12317 -7.396456
v 731.1688 822.07056 -56.80186
v 731.03265 822.4354 -56.793064
v 730.9428 821.9905 -56.83926
v 748.10205 758.19794 -14.179057
v 741.56036 755.89075 -14.183457
v 741.9166 754.878 -10.817457
v 683.6702 739.9768 -16.277857
v 683.21686 741.27026 -19.340254
v 746.0735 763.9724 -26.888458
v 745.4226 765.8237 -29.825457
v 738.883 763.5173 -29.832058
v 663.38434 797.6117 -53.792263
v 663.74005 796.59406 -53.78566
v 663.3602 797.6008 -53.90006
v 665.93976 794.0006 -53.55906
v 745.6974 775.896 -40.32826
v 744.8032 778.4407 -42.607456
v 742.30817 774.6911 -40.341457
v 697.0034 810.6884 -56.85026
v 696.9791 810.75684 -56.80846
v 684.6912 806.36115 -56.84806
v 746.2615 779.4238 -42.053055
v 667.0005 787.4726 -53.292862
v 667.12146 787.5131 -53.31046
v 665.89233 790.7864 -53.44246
v 668.87897 782.80725 -52.34026
v 668.6558 782.71893 -52.37986
v 672.0002 773.49884 -51.618656
v 672.2215 773.5726 -51.62526
v 670.8634 776.8935 -52.219257
v 671.8638 773.4622 -49.920258
v 746.69507 762.20404 -16.244858
v 746.24036 763.4947 -19.305058
v 749.63983 764.67053 -19.311659
v 706.53613 744.17883 -3.275856
v 718.84827 748.5061 -3.275856
v 719.0129 748.0346 0.402544
v 682.9423 741.9269 -26.809256
v 682.88525 742.0024 -26.752056
v 683.536 740.23737 -23.773254
v 748.20197 773.8189 -33.365257
v 747.43567 776.00275 -35.811657
v 747.4942 775.8834 -35.941456
v 737.708 803.47943 -51.71986
v 737.4783 803.4097 -51.680264
v 664.85223 793.2491 -56.051662
v 664.2277 795.06537 -56.42126
v 696.92773 810.90204 -54.79106
v 696.9314 810.89166 -55.27286
v 663.14825 798.1862 -56.452065
v 729.4266 822.1794 -56.738064
v 695.4904 742.9583 -13.105456
v 695.8263 741.99664 -9.902256
v 666.5678 788.365 -55.649063
v 667.6073 785.40967 -55.277264
v 666.5892 788.3375 -55.93946
v 684.607 737.3118 -17.448254
v 684.13007 738.67163 -20.669054
v 744.8342 783.32245 -42.231262
v 745.6721 780.81146 -40.163254
v 685.257 738.989 -16.592455
v 684.65735 740.32635 -20.539257
v 664.33307 798.79486 -53.539265
v 664.55225 798.8678 -53.537064
v 664.3191 798.8342 -53.130062
v 678.43195 753.6094 -41.481056
v 678.55383 753.64087 -41.494255
v 677.43567 756.482 -43.989056
v 665.4071 797.8379 -53.11466
v 665.36316 797.8433 -53.51726
v 672.4635 772.60565 -52.786858
v 673.755 773.05133 -52.81326
v 672.63837 776.2244 -53.884655
v 684.2993 737.8774 -13.486055
v 684.4478 737.45154 -13.644455
v 739.50244 782.6736 -46.708256
v 740.4773 779.90076 -44.745853
v 743.86725 781.1036 -44.732655
v 669.41956 784.34534 -53.07506
v 669.5875 784.40485 -53.06626
v 668.23047 787.8942 -53.32366
v 663.0281 798.7365 -56.73146
v 670.7899 780.8117 -52.698856
v 664.95996 798.9819 -53.110264
v 684.0401 738.60944 -16.863056
v 665.5965 791.16705 -53.82966
v 666.50397 788.5781 -53.58766
v 665.59344 791.14264 -54.12006
v 685.36475 739.10657 -16.607855
v 750.95825 765.7652 -26.842257
v 750.74115 765.6533 -26.864256
v 672.9042 770.49786 -48.721256
v 673.9217 767.6048 -47.348457
v 731.7715 820.4939 -53.78566
v 731.73346 820.4827 -53.724064
v 731.4117 821.5101 -53.792263
v 673.06323 770.3255 -50.912457
v 673.28455 770.3992 -50.919056
v 666.39984 790.9614 -53.47766
v 665.2193 793.75476 -53.550262
v 734.71124 812.30444 -55.649063
v 734.70276 812.34814 -55.23986
v 733.78186 814.94867 -55.89986
v 753.8799 757.57404 -3.852257
v 753.65063 758.228 -7.359057
v 753.86035 757.5041 -3.865457
v 729.3996 822.2819 -54.37966
v 754.52545 757.5436 -1.225457
v 753.05237 761.776 -1.243057
v 752.9082 761.7086 -1.216657
v 663.7503 798.1404 -53.59426
v 663.58435 798.0816 -53.58766
v 664.0051 797.3811 -53.59866
v 664.4753 797.5429 -53.607464
v 726.017 821.0584 -56.166058
v 743.8574 785.9755 -44.046265
v 744.5482 783.2865 -42.14766
v 671.03595 775.734 -53.65806
v 672.1476 772.5685 -52.588856
v 671.07324 775.7145 -53.761456
v 709.86066 774.0907 -43.95826
v 722.17145 778.41516 -43.96046
v 676.9064 757.3705 -38.724457
v 696.9762 810.76514 -53.68666
v 684.6633 806.43994 -53.68886
v 696.95197 810.8336 -53.72846
v 727.1195 764.33673 -30.624058
v 734.68066 812.22595 -56.229862
v 734.6435 812.20575 -56.291462
v 735.72473 809.2512 -55.85366
v 680.8622 747.7088 -30.907858
v 680.83105 747.8494 -30.793457
v 681.5359 745.79315 -28.210657
v 681.2113 745.66187 -31.948458
v 681.89014 743.4681 -28.265656
v 665.36316 797.8433 -53.51726
v 678.20013 756.72235 -44.019855
v 679.9482 754.1323 -41.48546
v 735.7351 809.4066 -54.87026
v 666.799 788.7269 -53.193863
v 667.8084 785.8566 -52.835262
v 673.7444 767.3343 -50.058857
v 673.8669 767.37067 -50.076458
v 672.7734 770.2345 -50.883858
v 732.95276 817.13837 -56.634663
v 732.3085 818.971 -56.71386
v 732.9162 817.12305 -56.69626
v 730.9614 822.5969 -56.779858
v 731.03265 822.4354 -56.793064
v 731.06433 822.4513 -56.738064
v 733.66754 815.1066 -53.537064
v 734.57495 812.5246 -53.295063
v 734.5326 812.5189 -53.23346
v 669.76776 779.23615 -53.21146
v 668.651 782.41614 -53.886856
v 669.73315 779.3406 -52.745056
v 719.5055 818.6662 -56.806263
v 719.4915 818.70557 -56.74686
v 709.29 815.08136 -56.80846
v 745.43726 780.75635 -40.132458
v 744.142 780.321 -40.110455
v 743.2546 782.84705 -42.125656
v 743.24286 788.0404 -47.09106
v 675.2364 763.69434 -47.867657
v 676.232 760.8565 -46.092255
v 667.862 800.6793 -54.08706
v 664.4756 799.47314 -54.08926
v 667.862 800.6793 -54.37966
v 746.6239 778.3082 -38.123856
v 746.6809 778.2 -38.260258
v 709.34796 814.9175 -53.66026
v 697.0372 810.593 -53.66026
v 709.28705 815.08966 -53.68886
v 742.9922 788.6495 -45.900864
v 743.9518 785.91327 -44.18926
v 743.90784 785.9584 -44.09906
v 672.69995 769.7697 -45.707256
v 672.6059 770.0748 -49.181057
v 671.832 772.3657 -45.485058
v 663.1885 798.19116 -56.742462
v 689.06476 740.3234 -20.706455
v 684.36865 738.71643 -20.686655
v 684.13007 738.67163 -20.669054
v 684.607 737.3118 -17.448254
v 742.34985 790.5622 -49.46926
v 741.292 793.56934 -50.894863
v 741.32117 793.46063 -51.16326
v 732.9912 817.1683 -56.34206
v 732.99567 817.18854 -56.051662
v 732.3483 818.99677 -56.42126
v 665.608 791.1875 -53.64486
v 671.8486 773.4195 -50.021458
v 672.90015 770.37744 -48.991856
v 735.31244 809.572 -52.835262
v 730.71344 822.6118 -56.73146
v 730.7131 822.6326 -56.63246
v 664.5048 799.39716 -56.634663
v 682.7883 741.5643 -24.453054
v 683.247 739.87366 -20.581055
v 674.20715 766.6206 -49.469257
v 664.968 798.9987 -50.57586
v 682.8186 742.1445 -26.653055
v 683.4093 740.4632 -23.632456
v 683.4774 740.31696 -23.720455
v 704.85364 748.9696 -19.296259
v 717.1658 753.2969 -19.296259
v 717.6184 752.0055 -16.236057
v 719.5018 818.6765 -53.691063
v 662.97186 798.8029 -54.08926
v 662.9857 798.8825 -54.08926
v 668.1888 783.92584 -53.044262
v 676.26917 759.3083 -45.80186
v 677.2856 756.4709 -43.934055
v 663.32733 798.4714 -53.11686
v 676.8242 759.4675 -42.182858
v 675.8701 762.05634 -44.099056
v 684.6841 737.0941 -6.661656
v 684.6645 737.0242 -6.677056
v 684.40564 737.887 -9.930856
v 684.2912 742.17114 -24.448656
v 683.61383 744.0971 -28.250256
v 683.5709 744.04694 -28.270054
v 664.2465 795.065 -56.606064
v 664.2729 795.0697 -56.71386
v 676.3191 759.2793 -46.028458
v 676.3804 759.27765 -46.063656
v 675.40356 761.9635 -47.689457
v 738.87274 800.37476 -51.04446
v 737.8492 803.3707 -52.34686
v 736.7456 806.51337 -53.01346
v 736.7768 806.44507 -53.41606
v 683.37964 739.88794 -20.537056
v 731.234 822.1567 -54.78886
v 731.2262 822.1655 -54.37526
v 731.0881 822.5227 -54.78886
v 745.2655 782.28253 -43.81746
v 746.18256 779.6666 -41.731857
v 745.1758 782.5425 -43.42806
v 679.3124 768.08075 -50.12706
v 680.35205 765.11847 -48.505657
v 686.89813 767.4132 -48.514458
v 683.20154 739.36273 -15.879656
v 683.4838 738.6249 -16.500055
v 682.76215 740.6168 -19.802256
v 735.6655 809.5897 -53.51506
v 735.68884 809.53723 -53.922062
v 674.17316 767.73816 -47.256058
v 673.3248 769.4286 -51.49106
v 674.39166 766.3896 -50.050056
v 674.6257 766.45374 -50.085255
v 682.9973 741.8903 -26.842255
v 664.1935 795.10925 -55.235462
v 664.18616 795.13 -54.75586
v 664.8209 793.32434 -54.678864
v 663.02216 798.56866 -56.161663
v 666.01056 790.82825 -53.46006
v 666.17926 790.8857 -53.47106
v 665.47626 797.7084 -50.61106
v 684.4015 735.9741 0.822744
v 684.49023 735.84216 0.772144
v 684.18304 736.6109 -6.388856
v 740.88214 757.82574 -9.902257
v 740.5442 758.7866 -13.105457
v 747.0904 761.0744 -13.109858
v 751.2907 765.02405 -19.415058
v 685.63275 734.08563 0.103345
v 685.77277 733.7034 0.046145
v 663.8199 798.6622 -53.130062
v 663.83386 798.62274 -53.539265
v 664.06946 798.74817 -53.130062
v 671.586 777.14 -52.22586
v 671.8058 777.2179 -52.22146
v 670.4021 780.6744 -52.714256
v 750.1001 768.20825 -25.214256
v 750.1564 768.17456 -25.247257
v 730.9225 822.7465 -53.91106
v 730.9881 822.6997 -54.08926
v 734.60345 812.523 -53.402863
v 731.20337 822.08514 -56.742462
v 731.1688 822.07056 -56.80186
v 731.4418 821.42505 -56.74466
v 670.363 782.70264 -55.46206
v 672.64276 787.0668 -56.00106
v 749.12994 766.12366 -22.290457
v 748.5657 767.7303 -25.179058
v 749.8602 768.1607 -25.192259
v 733.7454 814.8868 -56.48286
v 664.4969 799.41296 -56.454258
v 676.29376 760.715 -46.336456
v 677.3132 757.86926 -44.53906
v 686.3772 768.89746 -45.667656
v 679.8348 766.59235 -45.676456
v 678.84875 769.40326 -47.216457
v 682.50397 743.6131 -28.261255
v 682.7571 743.69574 -28.252457
v 729.9313 756.3307 -16.238256
v 729.47656 757.62134 -19.296259
v 739.6949 761.20483 -19.298456
v 743.4137 787.4988 -48.12066
v 744.4165 784.64716 -46.33646
v 679.34686 752.08026 -35.811657
v 679.3715 751.9513 -35.941456
v 678.53436 754.3878 -38.123856
v 731.7694 820.3811 -56.80186
v 731.4052 821.4097 -56.80406
v 731.17914 821.3297 -56.843662
v 748.8678 771.83984 -30.727459
v 748.1478 773.88605 -33.292656
v 663.0345 798.8041 -56.72706
v 663.2421 798.37585 -53.495262
v 663.25183 798.30225 -53.50846
v 663.296 798.3226 -53.537064
v 703.3394 753.2785 -32.659058
v 702.58484 755.4292 -35.358456
v 708.9034 776.8137 -45.661057
v 696.5905 772.4885 -45.663258
v 707.91595 779.62177 -47.19886
v 702.8303 794.1019 -55.497265
v 690.51746 789.77673 -55.495064
v 703.9728 790.8493 -54.80206
v 681.1953 783.6493 -51.62746
v 682.2761 780.57086 -50.789257
v 674.6515 781.34827 -51.636257
v 747.92566 758.7026 -3.280257
v 741.3781 756.412 -3.278057
v 747.70605 759.3227 -6.641857
v 743.16486 772.2522 -33.195858
v 747.2785 771.3914 -30.64606
v 697.1553 738.2173 -7.394256
v 697.38525 737.5612 -3.883056
v 707.6015 741.144 -3.883056
v 675.766 799.0999 -56.87006
v 676.411 797.2652 -56.793064
v 747.8987 774.7874 -37.10966
v 747.7884 775.1054 -36.773056
v 747.22345 776.52277 -40.231457
v 746.3308 779.0633 -42.506256
v 747.198 776.46936 -40.277657
v 731.00146 822.6881 -54.79106
v 730.9957 822.69775 -54.37966
v 730.93994 822.74335 -54.79106
v 664.22955 795.192 -53.75706
v 663.71454 796.5804 -53.893463
v 752.7514 760.9716 -13.802857
v 752.6037 761.3954 -13.644457
v 752.19806 762.5541 -16.863058
v 663.1262 798.2485 -54.08486
v 736.9897 789.8287 -47.21646
v 737.9778 787.0185 -45.67646
v 731.43176 784.72375 -45.66766
v 753.3025 759.40234 -3.491457
v 751.82074 763.5734 -16.412058
v 748.2641 773.69617 -33.488457
v 748.34436 773.4959 -33.682056
v 676.80884 759.2474 -42.471058
v 676.79016 759.3528 -42.31926
v 677.7037 756.7006 -40.440456
v 665.7877 796.41364 -53.537064
v 665.3113 797.82495 -53.554665
v 665.7061 796.3871 -53.56346
v 727.96515 761.9289 -32.659058
v 715.653 757.6016 -32.659058
v 668.12726 799.9237 -56.878864
v 668.35944 799.2615 -56.88766
v 674.902 801.55963 -56.89646
v 716.65454 754.7472 -22.272858
v 704.3445 750.42065 -22.275057
v 716.0903 756.3538 -25.159256
v 679.1971 753.84766 -41.509655
v 680.18207 751.0201 -38.63426
v 679.446 753.9358 -41.509655
v 683.2372 741.9379 -26.864254
v 721.4017 813.2719 -53.52386
v 720.7741 815.06384 -53.60086
v 727.94696 815.5687 -53.534863
v 733.87524 798.69604 -50.79806
v 727.3299 796.39923 -50.78926
v 732.79236 801.7737 -51.63626
v 731.8159 820.5003 -54.078262
v 731.45325 821.5178 -54.082664
v 731.4666 821.5132 -54.37526
v 663.6996 796.52374 -55.26406
v 675.38226 763.44727 -48.375854
v 675.42914 763.43353 -48.428654
v 674.39166 766.3896 -50.050056
v 750.98004 765.8289 -26.809258
v 750.30804 767.61444 -29.774857
v 677.7001 759.703 -46.114258
v 676.7831 762.3913 -47.779655
v 676.5633 762.3135 -47.784058
v 682.7268 742.4037 -22.495056
v 683.2397 740.94226 -19.494255
v 682.8009 742.16156 -22.633656
v 677.1117 758.33936 -43.81746
v 678.0308 755.7242 -41.731857
v 751.57367 764.1394 -23.773256
v 665.7486 790.99457 -56.54446
v 666.6825 788.33093 -56.291462
v 665.97614 791.07043 -56.58406
v 681.6347 750.62195 -33.206856
v 680.86993 752.7947 -35.642258
v 685.0218 751.82605 -33.195858
v 730.63007 807.93256 -52.79126
v 672.48706 787.5064 -52.79126
v 673.55896 784.4599 -52.294064
v 669.09625 786.3127 -52.80886
v 696.9388 810.8709 -53.790062
v 684.62665 806.54364 -53.790062
v 696.93066 810.89374 -53.90006
v 733.4801 814.7858 -56.58406
v 732.6888 817.0402 -56.738064
v 732.1936 814.3326 -56.61266
v 719.4554 818.81415 -54.08706
v 719.45703 818.80304 -53.90006
v 670.15247 780.5883 -52.714256
v 668.9494 784.18353 -53.08166
v 679.71045 750.86237 -38.625458
v 678.72473 753.6921 -41.50306
v 679.5388 750.8133 -38.61886
v 696.32355 740.5857 -3.278056
v 706.3186 744.7996 -6.637456
v 754.0526 757.0797 -0.037457
v 754.0358 757.0084 -0.044057
v 744.3754 784.796 -46.09226
v 745.3386 782.0564 -44.151855
v 744.309 785.00354 -45.744663
v 729.4098 822.22015 -53.743862
v 726.04297 820.97186 -53.69766
v 739.85474 797.37103 -49.86086
v 738.7923 800.3976 -50.88166
v 678.3256 760.0389 -42.125656
v 679.21387 757.5108 -40.110455
v 719.4657 818.7851 -55.75246
v 719.4606 818.7996 -55.27286
v 709.24945 815.20233 -55.75246
v 720.2812 816.4623 -53.62946
v 710.06647 812.8754 -53.625057
v 719.92346 817.4792 -53.638264
v 675.91656 766.89453 -50.11166
v 676.9576 763.9351 -48.490257
v 680.4337 751.1069 -38.632057
v 681.37067 748.428 -35.437656
v 680.65283 751.18677 -38.629856
v 664.3102 795.90674 -53.57666
v 719.47534 818.7512 -56.45646
v 663.20483 798.9951 -53.908863
v 662.9926 798.8826 -53.91106
v 663.1964 798.99915 -54.08926
v 731.4857 821.4592 -56.161663
v 731.4854 821.47314 -55.750263
v 731.2431 822.11786 -56.161663
v 746.0875 779.94806 -41.360058
v 745.9863 780.2273 -40.986057
v 751.5869 764.28644 -19.797857
v 752.0484 762.97015 -16.680458
v 751.46014 764.6313 -19.619658
v 672.1863 772.54486 -52.690056
v 673.27734 769.43744 -51.433857
v 672.2302 772.5394 -52.747257
v 735.7466 809.2753 -55.748062
v 736.8575 806.1119 -55.22666
v 752.4531 761.82056 -13.486057
v 752.3205 762.182 -13.349657
v 668.6201 782.69464 -52.43926
v 669.71484 779.5768 -51.77926
v 668.59973 782.6664 -52.54706
v 665.12384 793.49695 -53.581062
v 666.4125 793.9509 -53.552464
v 665.8952 791.30554 -53.433662
v 685.08575 805.24054 -53.63386
v 674.8696 801.6509 -53.638264
v 684.8537 805.8959 -53.64486
v 696.074 773.9603 -50.14026
v 695.00494 777.00555 -51.585655
v 685.85846 770.3755 -50.135857
v 664.968 798.9987 -50.57586
v 664.9065 799.0142 -50.57806
v 741.3723 788.2019 -45.69186
v 742.3296 785.4788 -43.98906
v 740.1475 759.91345 -16.240458
v 725.3565 802.0182 -55.48846
v 726.49896 798.76556 -54.795464
v 731.89825 804.3184 -55.477463
v 697.3958 809.5671 -53.63166
v 662.98315 798.86993 -54.79106
v 662.9692 798.7973 -54.37966
v 663.469 798.03845 -53.57446
v 663.39294 798.00916 -53.550262
v 663.721 797.2805 -53.57446
v 674.43024 802.9049 -56.639065
v 682.726 742.37305 -26.499054
v 682.60657 742.6972 -26.281256
v 683.3145 740.69806 -23.491655
v 678.69727 753.8224 -38.781654
v 678.6124 754.0817 -38.478058
v 684.05493 738.67303 -13.193456
v 684.04736 738.7801 -13.158256
v 737.9258 803.1808 -53.211464
v 669.8664 794.9663 -56.78206
v 670.6598 792.7127 -56.63026
v 744.13934 785.48254 -44.93726
v 685.1172 736.58936 -3.286855
v 686.3949 737.06744 -3.282455
v 685.28186 736.11786 0.391544
v 731.43176 784.72375 -45.66766
v 721.21625 781.1389 -45.663258
v 674.20715 766.6206 -49.469257
v 673.15137 769.62854 -50.89706
v 674.14355 766.7872 -49.101856
v 683.19586 741.20447 -19.368855
v 683.2012 741.1037 -19.415056
v 682.6898 742.561 -22.404856
v 684.24976 742.1168 -24.466255
v 682.96576 741.60376 -24.415655
v 684.17694 742.06537 -24.470654
v 684.0661 742.00275 -24.457455
v 696.9417 810.8626 -56.166058
v 696.9366 810.87714 -55.75466
v 684.6296 806.53534 -56.166058
v 676.34344 760.62756 -46.492657
v 676.3874 760.58246 -46.58506
v 728.9674 759.0724 -22.275057
v 674.17285 770.7114 -50.905857
v 674.29034 770.7554 -50.888256
v 674.4016 802.9858 -54.08706
v 674.4008 802.98785 -54.37746
v 675.3414 767.8928 -50.03906
v 739.96747 796.32104 -52.78686
v 740.1912 796.41425 -52.74726
v 738.8529 799.4948 -53.85826
v 730.711 818.5523 -53.62726
v 727.31665 817.362 -53.609657
v 683.383 743.93835 -28.285456
v 683.22076 743.86926 -28.276657
v 752.2183 762.43756 -13.255057
v 709.26276 815.1581 -53.72846
v 685.12225 740.0219 -15.884056
v 685.352 739.26776 -16.504456
v 719.92346 817.4792 -53.638264
v 719.6935 818.13525 -53.64926
v 726.466 819.7774 -53.64926
v 688.8804 761.7694 -44.754658
v 682.33636 759.4754 -44.745853
v 689.8171 759.10443 -42.62946
v 676.6733 760.62537 -46.67086
v 676.4378 760.5653 -46.63566
v 677.64465 757.85596 -44.71066
v 666.52814 794.2043 -53.49966
v 666.5841 794.2241 -53.46006
v 665.7877 796.41364 -53.537064
v 685.73956 749.786 -30.635057
v 738.5605 800.32715 -50.842064
v 683.6368 744.9221 -25.179056
v 684.2017 743.3134 -22.290455
v 682.35626 744.4453 -25.192257
v 732.8976 817.30084 -53.68226
v 732.2936 819.09875 -53.86486
v 726.04663 820.96155 -56.80186
v 719.529 818.5998 -56.84586
v 674.50793 767.5837 -50.09626
v 673.5341 770.4852 -50.921257
v 674.25555 767.49896 -50.09406
v 674.77875 764.6572 -49.062256
v 684.6841 737.0941 -6.661656
v 684.8969 737.2115 -6.652856
v 742.4391 753.3896 -3.883057
v 748.98 755.69885 -3.880857
v 742.20905 754.04565 -7.394257
v 687.90826 764.5409 -46.71706
v 681.3615 762.24817 -46.708256
v 665.7061 796.3871 -53.56346
v 665.58716 796.3473 -53.57886
v 666.3283 794.13586 -53.54366
v 753.8209 756.8903 -0.050657
v 670.575 776.7984 -52.19066
v 687.2103 734.7516 -7.387655
v 685.9122 734.3246 -7.381055
v 687.4396 734.0976 -3.876455
v 715.14246 798.4292 -55.495064
v 716.2849 795.1766 -54.80206
v 664.7484 798.8346 -53.57226
v 664.7196 798.9224 -53.534863
v 664.58307 798.7807 -53.57666
v 684.7925 736.465 -10.359855
v 681.7163 761.23956 -42.112457
v 682.6038 758.71356 -40.097256
v 683.49603 743.99475 -28.283255
v 682.7283 746.18274 -31.952856
v 685.1289 740.6754 -23.837057
v 663.6498 797.7057 -53.691063
v 664.00476 796.6901 -53.68446
v 663.4217 797.62494 -53.73066
v 684.88306 805.8129 -56.892063
v 674.669 802.22394 -56.88766
v 685.11597 805.14856 -56.90086
v 726.00305 821.0978 -54.79106
v 719.45685 818.81 -54.79106
v 745.7981 775.6049 -35.642258
v 744.9914 777.90283 -37.945656
v 731.4023 816.587 -56.76446
v 752.1385 757.5618 -7.387657
v 751.84607 758.39417 -10.808658
v 748.75073 756.35284 -7.392057
v 689.99274 758.6018 -37.925858
v 683.4524 756.2974 -37.934658
v 689.14417 761.01794 -40.08846
v 738.93304 784.29474 -43.973663
v 741.9166 754.878 -10.817457
v 731.7041 751.28485 -10.817456
v 742.20905 754.04565 -7.394257
v 682.13916 744.33344 -25.214254
v 682.70416 742.72473 -22.323454
v 676.15515 761.06036 -45.74466
v 685.3784 735.11346 -10.788856
v 685.02496 736.1249 -14.150455
v 684.96643 736.16486 -14.130655
v 751.5526 764.0736 -23.801857
v 742.09564 791.2867 -47.872063
v 742.04346 791.40125 -47.61246
v 741.0679 794.2088 -49.25806
v 684.731 736.665 -13.937056
v 684.3195 737.8402 -17.201855
v 684.5983 737.0264 -13.802855
v 750.7604 766.6403 -26.281258
v 750.6273 767.02264 -26.028257
v 750.1212 768.4585 -29.167658
v 731.08026 822.5316 -54.37746
v 663.38885 797.51996 -56.636864
v 663.37213 797.521 -56.452065
v 740.0669 797.0751 -50.855263
v 740.0172 797.2022 -50.468063
v 738.9868 800.1514 -51.89146
v 684.43646 737.5362 -10.029856
v 684.5187 737.27124 -10.111256
v 684.09564 738.50543 -13.255055
v 745.0812 782.80304 -43.04086
v 744.9985 783.0235 -42.706455
v 744.9315 783.1795 -42.47106
v 745.8264 780.63275 -40.440456
v 730.9957 822.69775 -54.37966
v 730.93494 822.7509 -54.37966
v 739.1252 799.70795 -53.479862
v 737.99817 802.917 -54.35766
v 737.9962 802.8696 -54.535862
v 684.6192 738.0023 -9.917655
v 745.1486 781.57135 -44.71066
v 746.0846 778.90845 -42.587658
v 667.26544 791.52234 -56.61266
v 668.20215 788.85736 -56.35966
v 662.98224 798.87897 -54.37966
v 680.7692 753.08575 -40.32826
v 679.87506 755.63043 -42.607456
v 679.474 752.65045 -40.308456
v 683.1784 746.2231 -32.63706
v 686.5764 747.4031 -32.64806
v 682.42377 748.3738 -35.33646
v 732.9621 780.3692 -46.71706
v 731.95197 783.2416 -48.51446
v 722.7488 776.7782 -46.723656
v 683.4325 741.3863 -19.322655
v 685.1664 740.56964 -16.251455
v 671.47974 790.37744 -53.14986
v 678.0223 792.6756 -53.138863
v 730.9487 822.71844 -55.75246
v 730.9436 822.733 -55.27286
v 730.70667 822.67706 -55.75246
v 690.6077 735.9267 -7.392056
v 697.1553 738.2173 -7.394256
v 690.3153 736.75903 -10.813055
v 703.7215 791.5655 -51.61866
v 683.1907 741.0346 -23.293653
v 683.04974 741.42584 -23.062656
v 748.9206 771.76984 -30.793459
v 748.9849 771.6409 -30.90786
v 681.38806 746.18427 -32.19486
v 681.8374 744.8824 -28.890457
v 681.1505 746.8353 -31.640457
v 739.07733 799.586 -53.82086
v 739.1088 799.6158 -53.76146
v 737.94446 802.81165 -54.70086
v 681.8845 745.7906 -32.619457
v 681.12787 747.94055 -35.316658
v 731.99725 750.45044 -7.396457
v 746.6686 762.2787 -23.843657
v 740.12695 759.9715 -23.850258
v 733.31256 779.37305 -42.10366
v 732.38904 782.00073 -43.964855
v 680.35315 748.105 -35.411255
v 680.4786 748.13306 -35.424454
v 679.4162 750.7839 -38.60566
v 737.5665 799.03467 -53.88466
v 736.43286 802.2623 -54.76906
v 752.7682 759.883 -14.163657
v 751.4898 759.4069 -14.174657
v 731.09454 822.51105 -55.27066
v 731.0103 822.6632 -55.75246
v 663.2245 798.2016 -56.80186
v 752.4609 761.77893 -17.201857
v 752.34076 762.1378 -17.045658
v 751.98914 763.12427 -20.389658
v 747.3837 776.0637 -35.734657
v 746.57477 778.36786 -38.04466
v 673.23645 769.4673 -51.332657
v 674.3427 766.4026 -49.99286
v 664.7357 798.73206 -56.86346
v 710.43665 772.4509 -46.725857
v 698.12305 768.12775 -46.723656
v 711.40875 769.67944 -44.76126
v 667.95764 785.4287 -55.95706
v 669.0743 782.2556 -55.433456
v 669.2477 785.87854 -55.98346
v 663.64014 797.25183 -53.550262
v 663.5883 797.2335 -53.51066
v 664.11035 795.8383 -53.53266
v 683.7773 739.3846 -16.522055
v 683.3167 740.69183 -19.619656
v 683.69806 739.64124 -16.412056
v 747.5729 775.6943 -36.146057
v 684.3766 774.59314 -48.576057
v 683.3371 777.54846 -49.770657
v 693.55035 781.1395 -49.764057
v 731.84454 820.41943 -56.449863
v 731.4783 821.44727 -56.452065
v 731.4652 821.438 -56.636864
v 711.2508 809.5046 -56.79966
v 712.0421 807.25024 -56.64566
v 730.9467 822.67804 -56.63026
v 730.9394 822.6591 -56.72706
v 731.0026 822.6255 -56.63246
v 681.6219 743.86316 -21.047455
v 746.56287 773.4321 -33.206856
v 741.88574 786.7453 -48.49026
v 742.8931 783.8743 -46.69506
v 743.1686 787.2089 -48.46606
v 675.6646 763.4936 -48.466057
v 677.9649 761.0641 -46.695057
v 738.17773 765.52203 -32.654655
v 737.42316 767.6727 -35.35406
v 718.61975 749.158 -17.487858
v 718.1401 750.51917 -20.713057
v 706.30615 744.8349 -17.487856
v 726.0067 821.0874 -55.27286
v 719.4606 818.7996 -55.27286
v 726.017 821.0584 -56.166058
v 729.4137 822.23553 -56.163864
v 746.75586 778.0212 -38.478058
v 663.2234 798.2969 -53.108063
v 663.20404 798.29236 -50.57366
v 719.5914 818.4235 -56.87006
v 743.159 772.2688 -37.914856
v 663.7753 796.4945 -56.742462
v 663.81335 796.5057 -56.80406
v 753.74286 758.1323 -3.744457
v 663.7774 796.6073 -53.724064
v 664.2682 795.20807 -53.69546
v 673.6606 767.31396 -50.034657
v 734.6682 812.4456 -54.28506
v 734.6879 812.39655 -54.762463
v 744.398 784.44226 -46.635662
v 682.0832 744.20154 -29.403055
v 681.38806 746.18427 -32.19486
v 681.9674 744.5153 -29.167656
v 667.5825 785.76965 -52.87706
v 677.22833 756.52057 -43.696457
v 731.3743 821.4968 -53.73066
v 686.2417 736.3994 0.756744
v 686.0261 737.0279 -6.487856
v 686.17944 736.34467 0.712744
v 682.2761 780.57086 -50.789257
v 692.4901 784.15985 -50.78266
v 744.142 780.321 -40.110455
v 745.43726 780.75635 -40.132458
v 746.28656 778.33813 -37.967655
v 663.83923 797.3223 -53.589863
v 731.0836 822.4628 -56.634663
v 731.22754 822.096 -56.636864
v 731.2378 822.1066 -56.452065
v 733.7521 815.0525 -54.53146
v 733.76666 815.018 -55.00886
v 750.4245 766.5541 -22.303658
v 741.0229 794.3096 -48.99186
v 740.0172 797.2022 -50.468063
v 664.21295 795.07416 -56.128662
v 663.7161 796.4969 -56.15726
v 664.20087 795.0885 -55.717262
v 730.758 818.4196 -56.843662
v 750.09454 763.3799 -16.251457
v 713.2403 764.46765 -40.356857
v 700.9274 760.14246 -40.354656
v 714.09186 762.0433 -37.92806
v 730.2548 819.8471 -56.87006
v 729.8919 820.87854 -56.87006
v 726.8612 818.6547 -56.88766
v 737.269 799.8815 -50.81566
v 736.1875 802.962 -51.65386
v 696.86285 739.0496 -10.817456
v 689.9611 737.7725 -14.179055
v 691.40936 787.2382 -51.62086
v 702.6276 794.6743 -52.276463
v 736.38367 806.52057 -52.340263
v 734.0244 809.1229 -52.80886
v 664.8965 793.41406 -53.620663
v 701.715 797.2778 -56.01866
v 700.6667 800.258 -56.39486
v 689.40216 792.9526 -56.01646
v 663.3451 797.55115 -55.26846
v 663.12195 798.2143 -55.26846
v 663.33997 797.5657 -54.78666
v 662.9984 798.8334 -56.163864
v 685.3213 735.15625 -10.771255
v 685.2598 735.24414 -10.742656
v 731.24286 822.1318 -55.750263
v 682.61237 746.1277 -31.961657
v 682.44867 746.06274 -31.966059
v 682.49976 741.5554 -24.444254
v 680.534 748.5961 -34.588455
v 680.41364 748.92926 -34.271656
v 681.2753 746.4828 -31.939657
v 746.8511 777.7655 -38.781654
v 746.75586 778.0212 -38.478058
v 736.6893 806.5868 -52.547062
v 736.71686 806.5615 -52.72746
v 737.78754 803.4656 -51.884865
v 684.38605 737.8171 -9.948455
v 684.0677 738.84796 -13.138455
v 663.6161 798.54565 -53.534863
v 663.4509 798.4848 -53.53046
v 663.64484 798.4578 -53.57446
v 740.23315 796.5528 -52.41506
v 732.1099 814.56903 -53.40726
v 731.3406 816.76117 -53.552464
v 733.3992 815.0209 -53.433662
v 731.3265 752.3578 0.400343
v 731.16187 752.8292 -3.275857
v 741.5427 755.9405 0.400343
v 667.7604 787.73236 -53.33026
v 750.6651 766.5996 -22.323456
v 731.08026 822.5316 -54.37746
v 684.25916 753.9995 -35.631256
v 691.5642 754.13116 -33.18926
v 730.4436 787.5339 -47.20766
v 677.14874 774.2368 -52.828655
v 678.2441 771.1239 -51.57026
v 683.6941 776.5336 -52.83966
v 684.6728 736.91504 -6.701256
v 684.89386 736.29083 -3.326456
v 684.93536 736.1142 -3.361655
v 680.72253 748.10974 -35.054855
v 680.6402 748.3093 -34.861256
v 678.1098 759.8971 -46.032856
v 752.14374 762.5955 -13.193458
v 684.63617 806.51666 -56.45646
v 674.42285 802.92566 -56.45646
v 674.43024 802.9049 -56.639065
v 730.9123 786.20386 -50.13586
v 694.639 745.37573 -19.298456
v 694.1298 746.8268 -22.277258
v 738.6194 764.2618 -25.163658
v 687.2817 745.3983 -29.825457
v 683.88293 744.2204 -29.814455
v 684.6185 806.56647 -53.90006
v 743.3778 787.6331 -47.86546
v 743.31793 787.82196 -47.50906
v 742.34985 790.5622 -49.46926
v 682.35034 748.5812 -30.646059
v 747.8567 773.8647 -33.224457
v 664.21295 795.07416 -56.128662
v 664.49426 795.28815 -53.65586
v 747.3519 771.184 -35.33646
v 730.9416 753.4514 -6.637457
v 684.63983 806.5063 -53.72846
v 747.6833 759.38696 -17.481258
v 751.0718 760.5939 -17.474657
v 747.2057 760.74884 -20.706457
v 662.97235 798.7751 -55.27066
v 736.61804 769.95953 -33.18926
v 738.33203 796.8598 -49.797062
v 734.9362 795.67365 -49.77946
v 733.3992 815.0209 -53.433662
v 733.6267 815.0968 -53.47546
v 734.30505 812.44305 -53.193863
v 663.8111 798.687 -50.58466
v 664.05994 798.77515 -50.58686
v 675.42914 763.43353 -48.428654
v 701.55786 797.72156 -52.77366
v 713.8707 802.0468 -52.77586
v 753.2264 759.6041 -10.608458
v 752.87445 760.60443 -13.937057
v 753.3072 759.33636 -10.689857
v 663.2735 798.82104 -56.81066
v 664.6084 799.10474 -56.85026
v 684.3936 737.7101 -9.977056
v 680.7854 747.985 -35.17806
v 680.83673 747.9191 -35.24846
v 679.9825 750.26556 -37.73446
v 731.00934 822.6396 -56.452065
v 670.9903 780.885 -52.654854
v 671.0441 780.9111 -52.61306
v 669.7858 784.4774 -53.022263
v 743.03815 788.5724 -46.06146
v 743.09344 788.4426 -46.31446
v 744.00073 785.8279 -44.345463
v 685.73956 749.786 -30.635057
v 733.015 811.9932 -53.16526
v 701.77826 757.72015 -37.925858
v 692.3666 751.8457 -35.35406
v 685.08575 805.24054 -53.63386
v 678.9391 758.29333 -44.732655
v 664.3103 798.85913 -50.58686
v 685.47675 734.57886 -7.290855
v 685.3724 734.8406 -7.222655
v 667.51855 785.6933 -53.226864
v 666.506 788.54614 -53.875862
v 740.21124 796.64777 -52.142258
v 665.2297 797.7984 -53.57886
v 719.72284 818.0523 -56.88766
v 709.5088 814.4633 -56.892063
v 719.95575 817.38794 -56.89646
v 724.2412 805.19403 -56.01206
v 696.0899 741.25214 -17.485655
v 706.7228 743.64514 -14.185657
v 670.6219 780.7522 -52.707657
v 669.199 784.2696 -53.08166
v 680.0632 755.0926 -37.945656
v 684.94806 736.0323 -10.494056
v 676.34784 797.44354 -53.52386
v 669.8061 795.1433 -53.534863
v 669.17645 796.9345 -53.609657
v 748.45264 773.20984 -33.95266
v 747.6732 775.4241 -36.43646
v 684.6645 737.0242 -6.677056
v 750.48914 762.2523 -13.114257
v 730.95105 822.70526 -56.163864
v 730.7118 822.66254 -56.163864
v 680.6474 748.18353 -35.431057
v 733.73486 815.0814 -54.12006
v 674.84827 769.9377 -51.552658
v 675.66943 764.9563 -49.079857
v 675.8892 765.0341 -49.073257
v 753.4162 758.04 -7.381057
v 753.1238 758.8723 -10.799857
v 720.2289 783.947 -47.201057
v 731.6999 804.8853 -52.294064
v 732.79236 801.7737 -51.63626
v 725.1566 802.58923 -52.28526
v 751.32306 759.8777 -3.282457
v 752.62115 760.3047 -3.286857
v 725.3565 802.0182 -55.48846
v 724.2412 805.19403 -56.01206
v 686.3772 768.89746 -45.667656
v 695.6031 775.2966 -47.201054
v 705.8625 785.4668 -49.76406
v 731.9982 819.0035 -53.65586
v 665.80865 790.7591 -53.41606
v 664.8487 793.62823 -53.495262
v 680.3527 750.1493 -33.224457
v 664.84 793.2704 -55.63806
v 662.9855 798.85675 -55.27286
v 662.98315 798.86993 -54.79106
v 748.0721 774.1066 -37.811455
v 684.667 806.42957 -56.80846
v 674.4793 802.7729 -56.84586
v 752.64294 760.9682 -6.661657
v 752.3645 761.76117 -9.930858
v 752.70215 760.92615 -6.677057
v 671.0847 776.9672 -52.22586
v 669.6816 780.4286 -52.705456
v 668.84326 782.18317 -55.39386
v 669.98425 778.9347 -54.700855
v 671.0565 776.6118 -50.84206
v 670.8321 776.5206 -50.881657
v 668.7231 798.22797 -56.88766
v 733.70746 814.86865 -56.54446
v 733.4801 814.7858 -56.58406
v 667.48944 791.33795 -53.42046
v 666.4472 794.1756 -53.52826
v 730.9123 786.20386 -50.13586
v 731.95197 783.2416 -48.51446
v 737.45337 788.50616 -50.127064
v 732.8574 817.28894 -53.620663
v 732.2271 819.0822 -53.69546
v 682.96576 741.60376 -24.415655
v 739.18567 762.6559 -22.277258
v 696.104 741.2058 -6.639656
v 684.61414 806.5789 -54.08486
v 674.4016 802.9858 -54.08706
v 684.6134 806.581 -54.37746
v 741.326 793.3877 -51.33266
v 679.07837 757.08936 -43.938457
v 679.0284 757.046 -43.97146
v 676.85504 759.08405 -42.706455
v 674.91547 764.64026 -46.061455
v 675.878 761.89575 -44.34546
v 674.9521 764.50385 -46.314457
v 731.0964 822.486 -56.161663
v 752.48315 761.63043 -9.977057
v 752.5592 761.4683 -10.029858
v 664.19244 795.1649 -54.05186
v 664.8222 793.36676 -53.97486
v 664.1865 795.1488 -54.34226
v 742.94763 788.6897 -45.80626
v 680.0864 750.17633 -37.853256
v 679.23706 752.59454 -40.277657
v 680.03436 750.2046 -37.811455
v 744.0625 785.6864 -44.59186
v 677.55835 756.5114 -44.004456
v 753.10114 759.97754 -10.494058
v 743.3901 787.3084 -48.428658
v 708.38684 778.2855 -50.14246
v 689.5651 738.8973 -6.641856
v 696.104 741.2058 -6.639656
v 689.78265 738.2764 -3.280256
v 674.40674 802.97125 -55.27286
v 674.4031 802.9816 -54.79106
v 667.8621 800.67236 -54.79106
v 749.3885 769.506 -32.619457
v 748.6339 771.6567 -35.316658
v 699.6454 803.1684 -53.369858
v 687.33325 798.8411 -53.37206
v 698.87476 805.3577 -53.51726
v 714.0889 762.0516 -33.182655
v 713.32697 764.22296 -35.618057
v 726.4018 766.3768 -33.184856
v 744.17725 784.3407 -46.670864
v 686.1436 737.7836 -17.474655
v 689.54236 738.96155 -17.481256
v 685.666 739.1455 -20.697655
v 664.5024 799.4173 -53.743862
v 664.49133 799.44836 -53.80106
v 685.6137 734.3239 -7.359056
v 685.5515 734.41394 -7.332655
v 685.8422 733.672 -3.852255
v 685.47675 734.57886 -7.290855
v 685.5515 734.41394 -7.332655
v 685.1865 735.40497 -10.689856
v 672.0698 772.709 -52.142254
v 670.96497 775.8489 -53.202656
v 672.01807 772.8354 -51.755054
v 663.2571 798.8806 -56.78206
v 749.0709 771.43097 -31.08826
v 684.177 738.2425 -13.349655
v 684.64386 736.8978 -10.225656
v 753.8272 757.86115 -3.799457
v 753.59735 758.51025 -7.290857
v 753.8716 757.6831 -3.832457
v 750.86945 766.31256 -26.499056
v 680.6474 748.18353 -35.431057
v 680.86945 748.2551 -35.43546
v 679.71045 750.86237 -38.625458
v 742.12964 790.1691 -50.08526
v 665.66785 791.22266 -53.47546
v 663.00696 798.8224 -56.452065
v 663.212 798.94867 -56.163864
v 748.4576 757.18726 -10.813057
v 686.6258 800.8521 -56.79966
v 684.3766 774.59314 -48.576057
v 685.38983 771.70557 -47.207657
v 677.83344 772.2901 -48.584858
v 702.49457 755.68427 -30.624058
v 692.28125 752.0932 -30.628458
v 701.7768 757.7243 -33.184856
v 675.2364 763.69434 -47.867657
v 675.1641 763.8788 -47.509056
v 751.98914 763.12427 -20.389658
v 751.45795 764.6375 -23.491657
v 752.0654 762.87585 -20.515059
v 671.1164 775.7111 -53.820858
v 673.3248 769.4286 -51.49106
v 753.64545 757.386 -3.872057
v 752.5412 756.4115 -0.055057
v 719.4651 818.7802 -53.792263
v 709.2496 815.1954 -53.790062
v 663.45123 798.27954 -56.83926
v 664.9679 798.06976 -56.87006
v 745.7312 764.94574 -22.281658
v 698.2451 807.1489 -53.59206
v 710.558 811.4741 -53.59426
v 686.9179 735.5839 -10.808656
v 696.50653 740.0624 -14.183456
v 680.0854 754.3116 -41.184055
v 680.07104 754.22015 -41.432655
v 681.0559 751.39954 -38.563858
v 747.0612 777.16547 -39.49446
v 746.2615 779.4238 -42.053055
v 664.83527 798.9517 -53.52606
v 664.9123 798.96497 -53.51286
v 664.8249 798.9877 -53.12126
v 664.3102 795.90674 -53.57666
v 694.59064 778.1821 -48.569458
v 663.2457 798.4448 -50.57366
v 663.25854 798.42834 -53.110264
v 663.3172 798.49347 -50.57806
v 663.27295 798.40076 -53.50846
v 663.25183 798.30225 -53.50846
v 663.2421 798.37585 -53.495262
v 748.8111 767.03064 -29.814457
v 681.6048 745.56555 -28.377857
v 680.9275 747.4915 -31.088259
v 679.8452 750.57404 -37.40006
v 679.7449 750.84424 -37.10966
v 680.6402 748.3093 -34.861256
v 672.8938 770.27014 -50.901455
v 673.06323 770.3255 -50.912457
v 686.4081 747.88495 -27.955456
v 732.3999 749.3001 -0.059457
v 732.2265 749.79645 -3.883056
v 720.0899 744.9736 -0.059456
v 690.8016 756.3046 -35.62246
v 668.08685 789.183 -53.16526
v 664.54114 798.9059 -53.130062
v 664.5323 798.9307 -50.58686
v 682.84674 746.283 -31.913258
v 677.3594 757.81793 -44.627056
v 678.29315 755.16125 -42.506256
v 677.4105 757.7987 -44.67546
v 663.33905 798.4382 -53.521664
v 663.3664 798.3545 -53.556858
v 663.4797 798.397 -53.567863
v 738.68317 795.8616 -52.813263
v 733.1303 811.6676 -56.35966
v 734.4168 812.12085 -56.331062
v 677.6863 756.8881 -40.21166
v 677.6821 756.81433 -40.295258
v 742.38043 790.3046 -49.992863
v 742.35187 790.2665 -50.05006
v 665.89307 796.3996 -53.10366
v 665.8417 796.43274 -53.49746
v 731.7999 820.49927 -53.893463
v 663.64484 798.4578 -53.57446
v 663.6161 798.54565 -53.534863
v 685.0829 735.6646 -10.608456
v 685.7821 733.76276 -3.832455
v 686.01495 733.17773 -0.037455
v 742.3821 790.43823 -49.73106
v 742.34985 790.5622 -49.46926
v 751.4898 759.4069 0.395943
v 663.6958 796.5411 -54.782265
v 663.33997 797.5657 -54.78666
v 663.6948 796.55707 -54.37086
v 728.74866 792.3599 -52.839664
v 665.58716 796.3473 -53.57886
v 662.9984 798.8334 -56.163864
v 697.11365 770.99805 -48.518856
v 687.90826 764.5409 -46.71706
v 674.669 802.22394 -56.88766
v 670.2153 779.0072 -54.740456
v 671.3482 775.78156 -53.858257
v 671.5047 779.45215 -54.769054
v 662.99194 798.84503 -55.75246
v 663.2048 798.96246 -55.75246
v 732.35223 819.01215 -56.128662
v 663.0071 798.5914 -55.27066
v 677.7001 759.703 -46.114258
v 683.5737 744.5333 -21.054054
v 682.84674 746.61914 -24.123056
v 684.0935 742.96 -23.408056
v 685.47723 739.00635 -11.341056
v 683.5671 739.9123 -20.440254
v 668.623 782.50195 -53.416058
v 668.60425 782.57465 -53.013454
v 669.70776 779.43195 -52.346855
v 672.6903 770.2121 -50.85746
v 730.93994 822.74335 -54.79106
v 730.6979 822.70197 -54.79106
v 730.70435 822.69025 -55.27286
v 679.0972 757.1614 -43.70086
v 683.6941 776.5336 -52.83966
v 684.7881 773.4179 -51.57906
v 731.4652 821.438 -56.636864
v 666.5841 794.2241 -53.46006
v 667.5454 791.3578 -53.378662
v 678.7391 752.0961 -33.69526
v 679.04694 751.2202 -37.052456
v 684.28503 742.31366 -24.301256
v 683.6083 744.2445 -28.069855
v 684.8969 737.2115 -6.652856
v 753.6318 758.156 -7.372257
v 753.3394 758.98834 -10.788857
v 752.4237 761.7191 -9.946258
v 670.7832 776.45435 -51.044456
v 735.76575 772.386 -40.350254
v 734.8709 774.9328 -42.62946
v 725.5525 768.795 -40.354656
v 664.3137 795.07947 -56.775463
v 678.3445 753.5994 -41.459057
v 677.3497 756.4679 -43.967056
v 677.2856 756.4709 -43.934055
v 664.4897 799.42676 -56.163864
v 667.8782 800.6337 -56.166058
v 719.5055 818.6662 -56.806263
v 709.3142 815.0129 -56.84806
v 669.6954 779.4999 -52.065258
v 669.70776 779.43195 -52.346855
v 709.276 815.1207 -56.74686
v 696.9791 810.75684 -56.80846
v 667.5454 791.3578 -53.378662
v 682.15814 744.02277 -25.403456
v 723.19354 808.1722 -56.38826
v 729.7374 810.47314 -56.377262
v 728.8007 813.1381 -56.63026
v 664.1865 795.1488 -54.34226
v 684.6728 736.91504 -6.701256
v 684.7157 736.7412 -6.743056
v 679.1853 789.3649 -56.01206
v 680.3027 786.1898 -55.48846
v 737.8181 803.43207 -52.06526
v 737.8492 803.3707 -52.34686
v 669.698 779.54517 -51.88486
v 668.5942 782.6294 -52.727455
v 671.1164 775.7111 -53.820858
v 672.2302 772.5394 -52.747257
v 670.6219 780.7522 -52.707657
v 663.3432 797.9916 -53.51506
v 663.196 798.9873 -54.79106
v 662.98224 798.87897 -54.37966
v 719.56274 818.5044 -53.66466
v 671.33636 777.054 -52.228054
v 669.90216 780.50433 -52.71206
v 664.47815 795.96625 -53.58546
v 664.0051 797.3811 -53.59866
v 664.8559 798.5179 -53.59206
v 674.4793 802.7729 -56.84586
v 674.4551 802.8414 -56.806263
v 676.4378 760.5653 -46.63566
v 686.89813 767.4132 -48.514458
v 719.4783 818.7429 -53.73066
v 729.8919 820.87854 -56.87006
v 729.65765 821.5401 -56.86346
v 680.79205 763.8693 -43.97366
v 676.5896 759.3261 -46.10326
v 676.7577 759.3786 -46.112057
v 675.6726 762.0144 -47.766457
v 684.6296 806.53534 -56.166058
v 669.7491 779.6053 -51.719856
v 751.7873 762.6793 -13.123057
v 709.29 815.08136 -56.80846
v 676.46564 759.2939 -46.08786
v 736.8378 806.0816 -55.33226
v 736.80414 806.058 -55.393864
v 737.97736 802.8373 -54.64146
v 673.5487 767.26733 -48.16906
v 673.5676 767.1877 -44.176056
v 664.794 793.6112 -53.455658
v 676.3144 762.22534 -47.784058
v 663.5933 798.6099 -50.582462
v 663.6029 798.58295 -53.12786
v 746.9787 776.3637 -40.308456
v 746.0846 778.90845 -42.587658
v 664.2061 795.1791 -53.86486
v 662.9984 798.8334 -56.163864
v 663.212 798.94867 -56.163864
v 753.23553 759.598 -7.018057
v 684.7881 773.4179 -51.57906
v 740.3862 791.01276 -47.231865
v 739.37024 793.90173 -48.60026
v 710.1046 812.7676 -56.90306
v 709.7417 813.799 -56.90086
v 697.7925 808.4403 -56.905262
v 750.72284 766.5617 -22.354258
v 751.2335 765.1065 -19.368856
v 735.6883 809.229 -55.91526
v 741.1445 757.0784 -17.485657
v 692.9477 750.1914 -27.951057
v 703.16235 753.7853 -27.946655
v 732.1936 814.3326 -56.61266
v 721.73865 779.6505 -48.518856
v 709.4265 775.32324 -48.521057
v 686.17664 737.6903 -6.646256
v 737.88696 803.28375 -52.74506
v 680.8622 747.7088 -30.907858
v 680.9275 747.4915 -31.088259
v 680.1414 749.76404 -33.488457
v 675.8623 761.99286 -44.189255
v 679.0047 752.96735 -39.798058
v 709.2415 815.2182 -53.90006
v 742.29736 790.7303 -49.10186
v 680.0864 750.17633 -37.853256
v 680.3248 750.2281 -37.884056
v 679.23706 752.59454 -40.277657
v 748.7837 772.2488 -34.861256
v 676.7953 775.2482 -49.779457
v 673.4039 774.0496 -49.79706
v 706.9028 782.5094 -48.567257
v 735.4637 809.14484 -55.95706
v 736.57825 805.971 -55.43346
v 668.3085 783.96356 -53.061863
v 668.4772 784.021 -53.07286
v 671.5944 790.047 -56.377262
v 678.1398 792.3438 -56.38826
v 753.3891 759.15765 -7.128057
v 680.26495 748.09705 -35.393658
v 679.3287 750.77386 -38.585857
v 677.0656 762.50305 -47.75546
v 676.05646 765.0957 -49.064457
v 752.95514 760.3436 -14.033857
v 682.11945 744.27045 -25.247255
v 682.6852 742.65967 -22.354256
v 736.85504 806.2044 -54.76026
v 736.86304 806.14886 -55.04626
v 737.9865 802.9829 -54.07386
v 683.3371 777.54846 -49.770657
v 734.62665 812.51025 -53.58766
v 734.64734 812.48486 -53.875862
v 735.64124 809.6254 -53.226864
v 673.228 773.92664 -51.59446
v 663.01 798.62274 -54.08706
v 663.1393 798.25775 -53.90006
v 667.5263 785.72406 -53.044262
v 663.3451 797.55115 -55.26846
v 668.71234 782.2628 -54.760258
v 667.63165 785.37396 -55.565464
v 680.203 749.5571 -33.682056
v 748.7837 772.2488 -34.861256
v 736.8069 806.36005 -53.88686
v 735.71436 809.4716 -54.39726
v 663.22455 798.386 -53.10586
v 748.0903 758.23114 0.398143
v 726.24915 799.4776 -51.62746
v 714.0251 801.6043 -56.01646
v 689.245 793.39636 -52.77586
v 688.2384 796.2653 -53.13226
v 678.8353 756.95197 -44.006657
v 678.6688 756.8883 -44.015457
v 695.0731 744.1432 -23.850256
v 718.0151 750.87866 -13.103256
v 737.71924 802.72253 -54.74046
v 681.5063 745.73834 -31.963858
v 684.7529 806.18695 -56.874462
v 677.20233 795.01086 -56.639065
v 719.0364 747.96826 -14.185657
v 731.0939 822.47345 -56.452065
v 731.2431 822.11786 -56.161663
v 679.63043 751.1608 -36.773056
v 663.5883 797.2335 -53.51066
v 752.5401 761.5223 -17.311855
v 752.9966 760.1739 -14.095457
v 669.843 779.0434 -54.073856
v 670.96497 775.8489 -53.202656
v 746.9589 777.46765 -39.138058
v 663.3609 797.52637 -56.161663
v 663.7161 796.4969 -56.15726
v 663.37213 797.521 -56.452065
v 742.39197 790.3577 -49.89606
v 730.9467 822.67804 -56.63026
v 730.7121 822.6486 -56.452065
v 679.1346 752.6796 -40.152256
v 672.47314 773.65936 -51.627457
v 724.83105 770.84534 -37.921455
v 712.52026 766.5209 -37.91926
v 749.2424 769.91864 -27.981855
v 747.9478 769.4882 -27.966457
v 675.2649 800.5282 -56.89646
v 741.15985 757.0349 -6.639657
v 687.026 746.12695 -25.168056
v 740.6648 758.4396 -20.710857
v 704.80225 788.4871 -50.78046
v 718.1761 789.7899 -49.76406
v 682.2293 743.7889 -25.557455
v 682.3391 743.45905 -25.775255
v 748.04736 774.0512 -37.853256
v 747.8288 773.9435 -37.884056
v 729.3193 758.0721 -26.897259
v 728.6684 759.9234 -29.834257
v 717.00714 753.7448 -26.897259
v 750.9748 765.9228 -26.752058
v 731.4857 821.4592 -56.161663
v 667.65704 785.3549 -55.748062
v 666.643 788.3239 -56.229862
v 675.39294 767.92505 -49.999454
v 745.7716 780.7347 -40.295258
v 683.90814 741.92816 -24.417856
v 663.3609 797.52637 -56.161663
v 741.95935 791.50684 -47.34846
v 686.1415 733.6706 -3.872055
v 749.3085 770.7799 -31.64046
v 738.17773 765.52203 -32.654655
v 738.883 763.5173 -29.832058
v 682.9973 741.8903 -26.842255
v 683.5917 740.1987 -23.801855
v 746.54816 773.47363 -37.901657
v 683.1784 746.2231 -32.63706
v 686.5764 747.4031 -32.64806
v 680.8165 751.2518 -38.623257
v 679.93176 750.9361 -38.632057
v 674.902 801.55963 -56.89646
v 675.2649 800.5282 -56.89646
v 697.42883 809.47375 -56.90306
v 679.03094 789.8074 -52.780262
v 733.77704 814.982 -55.48846
v 685.6137 734.3239 -7.359056
v 729.4137 822.23553 -56.163864
v 668.6977 784.09674 -53.07946
v 681.6454 745.74097 -32.595257
v 680.86945 748.2551 -35.43546
v 681.1218 748.33984 -35.437656
v 674.4551 802.8414 -56.806263
v 717.60223 752.05115 -23.852457
v 705.28937 747.7259 -23.852457
v 741.95935 791.50684 -47.34846
v 676.7966 759.4204 -42.23126
v 685.3724 734.8406 -7.222655
v 730.9506 822.6934 -56.452065
v 730.7118 822.66254 -56.163864
v 732.3279 819.0875 -54.34226
v 731.8413 820.48126 -54.782265
v 752.1047 762.7124 -20.594257
v 680.83014 747.9378 -30.727457
v 681.5001 746.0326 -28.041256
v 667.54816 785.7481 -52.938663
v 749.5294 770.123 -32.19486
v 737.45337 788.50616 -50.127064
v 740.8448 789.7048 -50.111664
v 736.385 791.5493 -51.570263
v 691.6599 786.5241 -54.80206
v 705.10645 787.6216 -53.91986
v 739.53186 761.6652 -26.892857
v 674.902 801.55963 -56.89646
v 735.85535 772.133 -35.62246
v 725.63983 768.54816 -35.62026
v 735.04865 774.4309 -37.925858
v 704.69354 749.4217 -26.897259
v 694.478 745.83685 -26.892857
v 683.27026 756.81177 -42.622856
v 741.1445 757.0784 -17.485657
v 730.9319 753.4853 -17.487858
v 741.56036 755.89075 -14.183457
v 728.40314 760.679 -25.159256
v 727.786 762.43494 -27.946655
v 674.4154 802.9533 -53.792263
v 667.87506 800.6489 -53.796658
v 674.40735 802.97614 -53.90006
v 667.6871 785.34924 -55.85366
v 666.6825 788.33093 -56.291462
v 729.43463 822.1566 -53.708664
v 730.7179 822.59937 -53.72626
v 729.49695 821.9873 -53.68446
v 744.0625 785.6864 -44.59186
v 722.17303 811.0805 -53.378662
v 711.9562 807.49286 -53.37206
v 728.8007 813.1381 -56.63026
v 728.0094 815.39246 -56.78206
v 751.17505 765.1465 -19.340256
v 663.3418 797.5803 -54.37526
v 684.49054 737.43634 -17.382256
v 753.2264 759.6041 -10.608458
v 678.8017 753.52094 -39.138058
v 679.66504 754.0157 -41.50526
v 678.4497 756.8084 -44.019855
v 679.07837 757.08936 -43.938457
v 674.442 771.0915 -48.600258
v 739.1255 799.65436 -53.658062
v 737.97736 802.8373 -54.64146
v 678.27966 753.6045 -41.428257
v 681.8224 743.48145 -28.245853
v 681.05536 745.66736 -31.908855
v 739.6222 797.3027 -49.823463
v 732.62787 817.21234 -53.581062
v 667.8876 800.6137 -53.73506
v 674.45215 802.8497 -53.691063
v 732.2672 819.09406 -53.75706
v 741.9997 791.4721 -47.445263
v 742.04346 791.40125 -47.61246
v 663.73016 796.49023 -56.449863
v 663.38885 797.51996 -56.636864
v 739.1084 799.7883 -53.20266
v 737.9865 802.9829 -54.07386
v 752.7623 760.83545 -6.701257
v 732.38904 782.00073 -43.964855
v 733.31256 779.37305 -42.10366
v 729.40625 822.26324 -55.27286
v 729.40186 822.2757 -54.79106
v 717.4193 791.94684 -53.91766
v 677.1164 795.2535 -53.378662
v 686.5619 801.03253 -53.519463
v 730.6957 822.7082 -54.37966
v 664.81976 793.3473 -54.267464
v 733.6267 815.0968 -53.47546
v 750.093 767.5033 -29.799057
v 680.35315 748.105 -35.411255
v 681.12024 745.65533 -31.933058
v 733.66754 815.1066 -53.537064
v 741.41327 777.2379 -42.622856
v 719.91437 745.4692 -3.883056
v 707.7763 740.6504 -0.059456
v 699.09796 765.355 -44.75906
v 712.34546 767.01447 -42.636055
v 742.12964 790.1691 -50.08526
v 741.06006 793.2095 -51.52846
v 711.1876 809.6829 -53.519463
v 753.5158 758.7801 -7.222657
v 677.9826 759.8147 -46.092255
v 668.8002 782.17957 -55.332256
v 669.9397 778.93524 -54.641457
v 668.84326 782.18317 -55.39386
v 663.0424 798.63654 -53.80106
v 663.07635 798.64624 -53.743862
v 663.1613 798.2679 -53.794464
v 749.8633 769.19336 -28.615458
v 750.4929 767.40216 -25.775257
v 749.7462 769.5043 -28.377857
v 680.2988 749.26666 -33.95266
v 679.5194 751.4809 -36.43646
v 680.203 749.5571 -33.682056
v 675.087 764.09656 -47.091057
v 675.9876 761.54016 -44.937256
v 693.56555 748.4334 -25.163658
v 748.8504 771.7637 -35.290257
v 663.0217 798.6292 -53.90446
v 729.41064 822.2508 -55.75246
v 728.7155 813.37866 -53.38966
v 709.2553 815.1858 -56.166058
v 678.5799 755.1951 -42.587658
v 664.47815 795.96625 -53.58546
v 753.5158 758.7801 -7.222657
v 750.77856 766.4834 -22.404858
v 677.6821 756.81433 -40.295258
v 738.49506 785.5446 -48.50566
v 683.64325 738.47125 -16.612255
v 683.9703 737.3501 -12.086855
v 681.9457 748.6759 -35.400257
v 686.5616 736.5967 -14.174655
v 666.9121 788.40753 -56.331062
v 729.4188 822.221 -56.454258
v 685.61975 735.1569 -10.799855
v 685.67084 734.2811 -7.372255
v 667.1817 791.7588 -53.40726
v 686.5616 736.5967 0.395944
v 669.90674 778.9493 -54.53586
v 664.3137 795.07947 -56.775463
v 683.0059 743.7838 -28.261255
v 681.9807 745.8947 -31.966059
v 699.73 802.923 -56.64786
v 669.7057 784.4467 -53.04866
v 737.9962 802.8696 -54.535862
v 681.5919 745.7733 -32.555656
v 681.6454 745.74097 -32.595257
v 686.0749 733.1336 -0.044055
v 745.38403 781.8951 -44.38726
v 677.1952 758.1169 -44.151855
v 678.1201 755.4851 -42.053055
v 667.2881 787.5698 -53.32146
v 669.3912 780.3327 -52.676857
v 752.36774 756.90784 -3.876457
v 688.8804 761.7694 -44.754658
v 744.9985 783.0235 -42.706455
v 668.3985 787.9537 -53.31486
v 667.28827 791.2667 -53.464462
v 665.6232 791.0389 -55.48846
v 730.81 822.3589 -56.828262
v 700.5513 800.5905 -53.130062
v 663.7469 796.48914 -56.634663
v 740.3862 791.01276 -47.231865
v 673.0923 769.77563 -50.518658
v 741.292 793.56934 -50.894863
v 741.2461 793.7188 -50.51866
v 740.21124 796.64777 -52.142258
v 679.42944 751.75476 -36.146057
v 750.94226 766.1003 -22.633657
v 750.84955 766.3358 -22.495058
v 750.37067 767.7276 -25.557457
v 668.60425 782.57465 -53.013454
v 680.83014 747.9378 -30.727457
v 680.11224 749.9848 -33.292656
v 680.8534 747.9974 -30.687859
v 685.018 751.8434 -37.914856
v 681.62 750.6634 -37.901657
v 666.514 788.60266 -53.402863
v 699.35956 764.60974 -40.084057
v 716.35626 755.5961 -29.836458
v 681.4451 782.9372 -54.79546
v 734.64734 812.48486 -53.875862
v 681.6454 745.74097 -32.595257
v 701.0141 759.89777 -35.62026
v 700.2081 762.1936 -37.921455
v 675.32263 762.01416 -45.892056
v 675.3017 762.0534 -41.92986
v 732.334 818.9847 -56.606064
v 731.8322 820.408 -56.634663
v 663.4145 797.5267 -56.74466
v 663.1196 798.2275 -54.78886
v 675.91907 761.74695 -44.591858
v 735.095 806.07355 -52.311665
v 731.806 820.3964 -56.742462
v 694.1298 746.8268 -22.277258
v 667.86774 800.6697 -53.90226
v 685.2642 736.1676 -14.165855
v 684.8483 737.3553 -17.463655
v 678.95264 757.00287 -43.993458
v 679.83154 754.07935 -41.498657
v 685.02496 736.1249 -14.150455
v 663.38434 797.6117 -53.792263
v 663.4217 797.62494 -53.73066
v 682.22955 745.9828 -31.966059
v 752.8384 760.67334 -6.743057
v 740.1719 796.7785 -51.75506
v 740.1218 796.9265 -51.30406
v 752.0889 762.5458 -20.669056
v 719.5055 818.6662 -56.806263
v 749.7462 769.5043 -28.377857
v 672.9265 770.2701 -49.258057
v 676.232 760.8565 -46.092255
v 677.1952 758.1169 -44.151855
v 731.48236 821.4884 -55.26846
v 730.3287 755.20184 -13.103257
v 722.2569 810.83716 -56.639065
v 730.9314 822.6423 -56.76666
v 730.989 822.6113 -56.73146
v 677.40137 762.6686 -43.989056
v 734.17645 797.8388 -53.90226
v 733.0428 801.0665 -54.78446
v 727.6326 795.53784 -53.91326
v 664.85223 793.2491 -56.051662
v 685.9343 802.82446 -53.59426
v 675.7182 799.23474 -53.60086
v 730.4522 754.84644 -20.713057
v 733.73486 815.0814 -54.12006
v 694.639 745.37573 -19.298456
v 688.0994 743.0693 -19.305056
v 687.5902 744.5203 -22.281656
v 680.1124 749.8985 -33.365257
v 684.177 738.2425 -13.349655
v 744.2266 785.24274 -45.34206
v 749.5294 770.123 -32.19486
v 752.9204 760.3033 -3.306658
v 752.88544 760.83704 0.382743
v 754.188 757.172 0.387143
v 752.9277 760.8497 0.332143
v 753.641 758.3343 -7.332657
v 682.46936 743.07806 -26.028255
v 752.5801 761.3567 -17.382257
v 719.95575 817.38794 -56.89646
v 710.6057 811.3393 -56.876663
v 698.9379 805.1794 -56.80186
v 731.2405 822.14496 -55.26846
v 740.2364 796.49097 -52.58886
v 680.19867 748.10626 -35.36726
v 663.7076 796.5079 -55.74586
v 663.3503 797.5366 -55.750263
v 684.80005 736.47003 -6.811256
v 684.7157 736.7412 -6.743056
v 685.0205 735.84094 -3.414456
v 752.95044 760.4096 -10.359857
v 664.784 793.5143 -53.07506
v 664.03455 795.76245 -53.097057
v 664.1208 795.4266 -50.64626
v 687.3324 766.1737 -43.964855
v 724.6576 771.34174 -42.633854
v 719.21564 786.8346 -48.56946
v 697.38525 737.5612 -3.883056
v 690.83905 735.27344 -3.880856
v 697.558 737.06696 -0.059456
v 678.9095 753.223 -39.49446
v 750.86945 766.31256 -26.499056
v 750.2266 768.14105 -29.403057
v 731.8465 820.46674 -55.26406
v 731.48236 821.4884 -55.26846
v 735.6655 809.5897 -53.51506
v 693.12396 749.69366 -32.654655
v 692.3666 751.8457 -35.35406
v 682.92053 742.8387 -22.303656
v 683.4325 741.3863 -19.322655
v 675.4198 764.87024 -49.079857
v 729.91437 756.3784 -23.852457
v 691.56274 754.1353 -37.921455
v 690.712 756.5576 -40.350254
v 673.556 769.4941 -51.528458
v 753.0878 759.83044 0.378343
v 731.00726 822.67847 -55.27066
v 730.9487 822.71844 -55.75246
v 742.39197 790.3577 -49.89606
v 741.1262 794.0638 -49.636463
v 741.0679 794.2088 -49.25806
v 740.8448 789.7048 -50.111664
v 672.7227 773.74536 -51.627457
v 678.6688 756.8883 -44.015457
v 733.7788 814.9243 -56.19026
v 733.7674 814.9039 -56.37506
v 736.1875 802.962 -51.65386
v 671.71106 773.4058 -51.590057
v 670.833 776.20825 -51.891457
v 670.801 776.3183 -51.499855
v 742.4391 753.3896 -3.883057
v 668.6849 798.3358 -53.640465
v 674.4279 802.9181 -53.73066
v 674.4154 802.9533 -53.792263
v 726.8258 818.7612 -53.640465
v 726.466 819.7774 -53.64926
v 705.8265 746.19604 -20.713057
v 684.80005 736.47003 -6.811256
v 667.7294 785.35486 -55.91526
v 669.843 779.0434 -54.073856
v 669.8073 779.1311 -53.67566
v 740.8965 794.4095 -48.664062
v 685.90216 733.62787 -3.865455
v 665.29126 797.1434 -53.658062
v 665.78284 795.74207 -53.62726
v 684.71094 741.86237 -19.311657
v 688.25665 763.54395 -42.10366
v 676.03345 777.41266 -53.902256
v 682.1226 744.17584 -25.304455
v 730.9436 822.733 -55.27286
v 742.09564 791.2867 -47.872063
v 683.2397 740.94226 -19.494255
v 719.4915 818.70557 -56.74686
v 719.482 818.73254 -56.639065
v 739.7764 792.7479 -51.55266
v 696.9483 810.844 -56.45646
v 723.7216 774.00464 -44.75906
v 689.5651 738.8973 -6.641856
v 749.6063 769.6158 -32.595257
v 685.82184 749.5538 -35.347458
v 682.5788 779.7095 -53.913258
v 688.3538 795.9328 -56.392662
v 733.7454 814.8868 -56.48286
v 669.5129 780.37115 -52.694458
v 669.6816 780.4286 -52.705456
v 729.629 821.621 -53.67126
v 730.9162 822.07214 -53.69766
v 729.86035 820.9677 -53.66466
v 730.78284 822.43567 -53.708664
v 731.0055 822.51215 -53.743862
v 677.9312 757.0402 -40.132458
v 667.1203 791.2072 -53.47326
v 666.1603 794.07635 -53.554665
v 747.2241 776.6 -40.152256
v 681.50256 745.94006 -28.102858
v 737.7525 803.4788 -51.779263
v 684.4174 737.59015 -17.311853
v 670.9226 775.95526 -52.808857
v 751.207 765.3725 -23.062658
v 665.75134 790.62445 -53.02886
v 664.9608 792.9094 -50.727657
v 752.9414 760.40875 -6.811257
v 685.0592 735.81726 0.362944
v 684.72504 806.26575 -53.66026
v 678.3437 755.13715 -42.554657
v 679.66504 754.0157 -41.50526
v 729.86035 820.9677 -53.66466
v 719.56274 818.5044 -53.66466
v 726.106 820.8005 -53.67126
v 726.49896 798.76556 -54.795464
v 674.53894 802.59796 -56.87006
v 664.4757 799.4662 -54.79106
v 664.4735 799.4724 -54.37966
v 754.2266 757.4518 -1.080257
v 754.28156 757.45483 -1.126457
v 752.77325 761.66785 -1.139657
v 681.1218 748.33984 -35.437656
v 724.0848 805.63574 -52.780262
v 674.40735 802.97614 -53.90006
v 673.9522 767.3472 -47.87206
v 719.4554 818.81415 -54.08706
v 675.51874 767.8599 -44.18266
v 675.46875 767.9286 -48.17346
v 676.3665 765.2615 -46.961254
v 664.95197 798.96497 -53.49966
v 730.6931 822.65594 -53.75706
v 678.5799 755.1951 -42.587658
v 683.57404 738.4888 -16.603455
v 684.3119 740.1224 -20.303854
v 684.50946 740.23663 -20.444654
v 683.69904 741.8331 -24.360655
v 680.19867 748.10626 -35.36726
v 665.2193 793.75476 -53.550262
v 666.8614 787.43036 -53.224663
v 674.5266 770.734 -49.185455
v 673.52026 773.7407 -49.640858
v 674.4622 770.8302 -50.580257
v 668.0316 783.8095 -52.72306
v 668.15985 783.34845 -51.27546
v 735.76575 772.386 -40.350254
v 736.6165 769.9637 -37.921455
v 675.1446 767.80914 -50.080856
v 681.0559 751.39954 -38.563858
v 674.035 767.4232 -50.087456
v 663.3247 798.65015 -56.828262
v 683.7773 739.3846 -16.522055
v 677.7812 754.85394 -35.725857
v 665.1035 798.59625 -53.519463
v 664.5024 799.4173 -53.743862
v 665.7533 790.74414 -53.37426
v 676.3191 759.2793 -46.028458
v 678.27966 753.6045 -41.428257
v 678.2165 753.6708 -41.17746
v 668.9658 787.3401 -51.255665
v 679.6072 749.6052 -31.572258
v 731.82996 820.4936 -54.37086
v 731.47516 821.5022 -54.78666
v 753.0279 759.8746 0.387143
v 752.8625 760.34814 -3.295657
v 670.8634 776.8935 -52.219257
v 677.4105 757.7987 -44.67546
v 683.90814 741.92816 -24.417856
v 746.3308 779.0633 -42.506256
v 733.70746 814.86865 -56.54446
v 695.0731 744.1432 -23.850256
v 689.14417 761.01794 -40.08846
v 683.94275 738.9437 -20.515057
v 685.65674 737.847 -12.069255
v 685.721 737.9094 -12.095655
v 712.8613 804.91705 -53.13226
v 663.4296 798.5449 -50.58026
v 751.45795 764.6375 -23.491657
v 751.3445 764.9778 -23.293655
v 665.59344 791.14264 -54.12006
v 665.1979 796.2141 -53.59426
v 663.0313 798.5626 -56.452065
v 663.02216 798.56866 -56.161663
v 754.0443 757.18884 -0.022057
v 662.98535 798.7517 -56.163864
v 678.9468 753.7637 -41.507454
v 680.89154 747.8895 -35.290257
v 731.45325 821.5178 -54.082664
v 731.215 822.1709 -54.08486
v 737.71924 802.72253 -54.74046
v 664.4735 799.4724 -54.37966
v 669.8411 784.4993 -52.98046
v 678.8603 758.0414 -38.72886
v 678.0595 760.3554 -41.25006
v 678.1258 760.08246 -44.503857
v 679.0452 757.4137 -42.299458
v 664.58307 798.7807 -53.57666
v 719.47156 818.7685 -56.166058
v 685.06696 735.99976 0.387144
v 665.6405 791.00995 -55.89986
v 665.6405 791.00995 -55.89986
v 686.31696 733.175 -0.050655
v 664.81976 793.3473 -54.267464
v 717.1151 792.8123 -50.78266
v 663.19507 798.99634 -54.37966
v 731.4052 821.4097 -56.80406
v 731.17914 821.3297 -56.843662
v 664.95593 793.2461 -56.69626
v 680.8928 745.94824 -24.118658
v 681.48645 744.25867 -26.974257
v 680.264 747.7373 -28.030258
v 749.65857 769.72534 -28.210657
v 681.8224 743.48145 -28.245853
v 680.97687 745.77026 -31.732857
v 682.49976 741.5554 -24.444254
v 681.7381 743.60095 -28.065454
v 682.4169 741.67084 -24.296856
v 682.2334 742.1099 -18.147854
v 707.31647 781.32794 -51.585655
v 664.4806 799.4656 -53.906662
v 732.9621 780.3692 -46.71706
v 730.935 822.6716 -53.75706
v 674.3024 766.4373 -49.896057
v 752.7858 759.8332 0.393743
v 731.43726 821.5168 -53.897858
v 684.50946 740.23663 -20.444654
v 671.8738 773.2627 -50.46806
v 752.78656 760.9911 -0.712857
v 754.1442 757.2032 -0.708457
v 752.8259 760.9327 -0.820657
v 673.36255 773.9883 -51.528458
v 663.27295 798.40076 -53.50846
v 674.4008 802.98785 -54.37746
v 674.4031 802.9816 -54.79106
v 731.1409 822.14935 -53.73506
v 731.3743 821.4968 -53.73066
v 731.1476 821.4189 -53.691063
v 687.61304 733.60126 -0.055055
v 683.8742 737.5028 -11.981256
v 683.55444 738.34644 -11.334455
v 754.0771 757.3335 -0.385057
v 753.63074 758.47534 0.171543
v 679.42944 751.75476 -36.146057
v 683.9703 737.3501 -12.086855
v 670.5106 776.3345 -49.99286
v 683.8875 737.38617 -5.830056
v 676.4023 765.24615 -42.42486
v 684.08014 738.4766 -16.330656
v 683.87915 738.47076 -16.504456
v 684.48785 737.31866 -11.794255
v 684.2811 737.3225 -11.974654
v 684.7843 736.4551 -6.417456
v 684.58124 736.44855 -6.459256
v 684.9833 735.8604 0.371744
v 684.7896 735.83386 0.598344
v 719.3927 746.9555 -10.819656
v 683.5671 739.9123 -20.440254
v 685.96326 736.96826 -6.483456
v 685.56714 737.7639 -11.976855
v 685.8797 736.89435 -6.463656
v 685.15894 738.91 -16.506655
v 669.2316 780.22955 -52.329258
v 669.34064 779.8294 -50.694656
v 670.4338 776.7623 -52.12246
v 686.09845 736.2833 0.596144
v 685.77515 736.7943 -6.421856
v 685.9948 736.2069 0.369544
v 685.44965 737.6476 -11.796455
v 685.0246 738.8017 -16.335054
v 684.4408 736.4432 -6.479056
v 747.42834 760.1135 -9.906657
v 677.48096 759.6231 -46.118656
v 673.6015 767.3094 -49.995056
v 677.2426 762.6754 -45.89866
v 678.1373 759.9512 -45.808456
v 679.9974 754.6655 -39.677055
v 681.0659 751.49646 -38.346058
v 674.468 764.6055 -48.690456
v 674.4458 764.6023 -46.95466
v 675.40356 761.9635 -47.689457
v 738.9417 800.2591 -51.49986
v 664.83527 798.9517 -53.52606
v 667.8658 800.662 -55.27286
v 733.73486 815.0814 -54.12006
v 732.9604 817.2881 -54.267464
v 745.3694 781.67285 -44.67546
v 750.05707 763.48566 -23.837059
v 679.1853 789.3649 -56.01206
v 665.8417 796.43274 -53.49746
v 747.14606 776.9061 -39.798058
v 747.9866 774.5128 -37.40006
v 667.8782 800.6337 -56.166058
v 665.41846 796.28986 -53.589863
v 737.42316 767.6727 -35.35406
v 683.738 738.46747 -16.588055
v 678.19073 755.3187 -42.277454
v 754.2253 757.18524 0.338743
v 752.994 760.87317 0.279343
v 691.56274 754.1353 -37.921455
v 754.16516 757.16394 0.631343
v 754.188 757.172 0.387143
v 752.86127 760.8262 0.631343
v 678.0223 792.6756 -53.138863
v 665.41846 796.28986 -53.589863
v 664.7249 797.62897 -53.605263
v 726.4983 819.68616 -56.88766
v 719.95575 817.38794 -56.89646
v 720.3194 816.3545 -56.89646
v 664.794 793.6112 -53.455658
v 666.5678 788.365 -55.649063
v 667.58124 785.46344 -54.87026
v 731.3743 821.4968 -53.73066
v 731.1409 822.14935 -53.73506
v 731.85126 820.4335 -56.15726
v 663.05414 798.79474 -56.76666
v 671.56903 773.3718 -51.52406
v 670.41187 776.70557 -51.816658
v 684.2747 736.4707 -6.476856
v 665.9797 789.86743 -50.93006
v 675.3574 761.97516 -47.427658
v 741.41327 777.2379 -42.622856
v 673.5613 767.30444 -49.72886
v 674.51196 764.6001 -48.980858
v 730.93494 822.7509 -54.37966
v 742.3821 790.43823 -49.73106
v 675.8892 765.0341 -49.073257
v 674.9469 764.7097 -49.071056
v 719.482 818.73254 -56.639065
v 663.4525 797.53784 -56.80406
v 663.4217 797.62494 -53.73066
v 663.1966 798.2804 -53.73506
v 677.75354 756.52686 -40.667057
v 753.0581 760.0463 -3.361657
v 753.33 759.30475 0.296943
v 663.03076 798.81445 -53.75706
v 686.0512 737.2538 -6.393256
v 680.9669 751.8815 -37.056858
v 683.2012 741.1037 -19.415056
v 681.55695 750.27466 -31.576656
v 680.6909 752.7663 -33.70186
v 681.88055 749.26196 -34.161655
v 727.3644 817.2272 -56.861263
v 720.81976 814.9283 -56.87006
v 721.46484 813.09357 -56.793064
v 669.25134 780.29254 -52.608658
v 665.7533 790.74414 -53.37426
v 666.8614 787.43036 -53.224663
v 681.37067 748.428 -35.437656
v 681.5898 748.5079 -35.433258
v 663.2245 798.2016 -56.80186
v 663.4525 797.53784 -56.80406
v 684.62445 806.54987 -55.75246
v 674.41187 802.9567 -55.75246
v 667.8876 800.6137 -53.73506
v 684.61926 806.5644 -55.27286
v 684.6156 806.57477 -54.79106
v 672.9265 770.2701 -49.258057
v 673.9522 767.3472 -47.87206
v 684.71094 741.86237 -19.311657
v 688.0994 743.0693 -19.305056
v 718.5346 788.77094 -52.84406
v 683.94275 738.9437 -20.515057
v 684.3195 737.8402 -17.201855
v 682.80176 746.2321 -31.937458
v 681.9457 748.6759 -35.400257
v 681.8701 748.6258 -35.415657
v 664.54114 798.9059 -53.130062
v 664.70715 798.95764 -53.12786
v 664.5323 798.9307 -50.58686
v 663.1028 798.5716 -56.793064
v 664.9061 798.9955 -53.11466
v 664.82166 799.0099 -50.582462
v 670.5746 792.95325 -53.38966
v 677.1164 795.2535 -53.378662
v 690.6077 735.9267 -7.392056
v 709.23914 815.2314 -54.37746
v 751.7309 763.88 -20.004656
v 751.0682 765.76447 -22.831657
v 684.731 736.665 -13.937056
v 684.83246 736.4115 -14.033855
v 663.07635 798.64624 -53.743862
v 739.85724 781.665 -42.112457
v 734.2 776.84705 -40.08846
v 728.39087 793.37683 -49.77066
v 735.29175 794.66296 -52.82866
v 729.844 789.247 -51.579063
v 696.86285 739.0496 -10.817456
v 684.0723 738.70953 -20.642656
v 683.3167 740.69183 -19.619656
v 750.94226 766.1003 -22.633657
v 669.98425 778.9347 -54.700855
v 682.91437 741.8213 -22.831656
v 682.8009 742.16156 -22.633656
v 751.872 763.47485 -20.211456
v 753.47003 758.92255 0.237543
v 753.16394 759.7804 -3.414458
v 739.1084 799.7883 -53.20266
v 663.22455 798.386 -53.10586
v 663.2077 798.394 -50.57146
v 696.32355 740.5857 -3.278056
v 689.9501 737.80365 0.398144
v 697.558 737.06696 -0.059456
v 731.47516 821.5022 -54.78666
v 679.0047 752.96735 -39.798058
v 678.1201 755.4851 -42.053055
v 731.4666 821.5132 -54.37526
v 663.3609 797.52637 -56.161663
v 671.9131 773.1319 -50.85526
v 663.3602 797.6008 -53.90006
v 685.4728 734.53076 0.171545
v 674.4279 802.9181 -53.73066
v 719.47156 818.7685 -56.166058
v 754.18365 757.21716 -0.897657
v 752.8259 761.005 -0.904257
v 682.2784 743.54486 -28.274456
v 663.217 798.9808 -53.807663
v 722.2569 810.83716 -56.639065
v 732.3279 819.0875 -54.34226
v 730.9123 786.20386 -50.13586
v 696.0899 741.25214 -17.485655
v 695.6102 742.6133 -20.710855
v 674.41187 802.9567 -55.75246
v 675.84076 762.06696 -47.775257
v 748.34436 773.4959 -33.682056
v 731.82996 820.4936 -54.37086
v 719.4651 818.7802 -53.792263
v 719.4783 818.7429 -53.73066
v 709.24426 815.21686 -55.27286
v 685.90216 733.62787 -3.865455
v 670.79785 776.4922 -50.94106
v 751.91864 763.3233 -16.522057
v 743.3778 787.6331 -47.86546
v 711.6696 768.9363 -40.081856
v 681.38806 746.18427 -32.19486
v 681.472 745.9736 -32.37526
v 662.9855 798.85675 -55.27286
v 749.9933 768.8263 -28.89046
v 728.74866 792.3599 -52.839664
v 683.5917 740.1987 -23.801855
v 715.47314 758.10974 -27.944458
v 714.8067 760.01154 -30.624058
v 746.5214 778.3933 -37.998455
v 733.9363 777.5985 -44.754658
v 741.6771 791.45355 -47.25606
v 679.03094 789.8074 -52.780262
v 680.83105 747.8494 -30.793457
v 681.02844 747.1865 -31.343456
v 697.1553 738.2173 -7.394256
v 680.19867 748.10626 -35.36726
v 679.2631 750.781 -38.55726
v 745.8264 780.63275 -40.440456
v 676.30334 765.21576 -48.98746
v 741.1872 793.89166 -50.07646
v 685.3724 734.8406 -7.222655
v 685.0829 735.6646 -10.608456
v 681.75555 748.5736 -35.426655
v 681.5898 748.5079 -35.433258
v 751.46014 764.6313 -19.619658
v 751.36237 764.8744 -19.494257
v 742.4001 774.4249 -35.631256
v 705.703 746.5514 -13.103256
v 703.77814 752.02655 -25.159256
v 742.61456 752.8939 -0.059457
v 692.9477 750.1914 -27.951057
v 752.40295 760.92755 -6.652857
v 719.45465 818.8162 -54.37746
v 724.0848 805.63574 -52.780262
v 680.1007 786.76013 -52.28526
v 688.25665 763.54395 -42.10366
v 674.40674 802.97125 -55.27286
v 731.3485 752.29553 -14.185658
v 680.3027 786.1898 -55.48846
v 720.3194 816.3545 -56.89646
v 720.81976 814.9283 -56.87006
v 692.28125 752.0932 -30.628458
v 685.38983 771.70557 -47.207657
v 741.9997 791.4721 -47.445263
v 685.5994 734.1928 -3.744455
v 723.0781 808.5047 -53.138863
v 685.9548 733.26843 -0.022055
v 670.87573 776.081 -52.351257
v 662.99194 798.84503 -55.75246
v 696.48895 740.1121 0.400344
v 706.70074 743.70734 0.400344
v 749.1823 771.1297 -31.343458
v 749.0709 771.43097 -31.08826
v 742.09564 791.2867 -47.872063
v 675.01196 764.315 -46.673054
v 736.7456 806.51337 -53.01346
v 737.8181 803.43207 -52.06526
v 730.6638 754.24225 -9.902257
v 749.15344 755.20245 -0.057257
v 665.7486 790.99457 -56.54446
v 753.16394 759.7804 -3.414458
v 663.3503 797.5366 -55.750263
v 663.1285 798.2026 -55.750263
v 684.5187 737.27124 -10.111256
v 733.78186 814.94867 -55.89986
v 663.4145 797.5267 -56.74466
v 705.3063 747.6782 -16.238256
v 749.462 765.1793 -26.877457
v 681.9914 748.7248 -35.373856
v 680.13416 750.04156 -33.25306
v 674.4177 802.9401 -56.166058
v 751.91864 763.3233 -16.522057
v 693.12396 749.69366 -32.654655
v 683.3145 740.69806 -23.491655
v 750.2266 768.14105 -29.403057
v 749.53784 769.93463 -28.041256
v 663.137 798.1916 -56.161663
v 682.2293 743.7889 -25.557455
v 667.5221 785.6502 -53.51506
v 663.5933 798.6099 -50.582462
v 714.8956 759.75366 -35.360657
v 685.85846 770.3755 -50.135857
v 691.0125 734.7771 -0.057255
v 733.9363 777.5985 -44.754658
v 693.56555 748.4334 -25.163658
v 721.46484 813.09357 -56.793064
v 681.5898 748.5079 -35.433258
v 678.1398 792.3438 -56.38826
v 687.3324 766.1737 -43.964855
v 742.61456 752.8939 -0.059457
v 740.74475 779.139 -40.097256
v 744.78235 783.34375 -42.18286
v 737.94446 802.81165 -54.70086
v 709.23914 815.2314 -54.37746
v 663.00696 798.8224 -56.452065
v 663.81335 796.5057 -56.80406
v 685.3784 735.11346 -10.788856
v 684.8699 740.64905 -20.468855
v 682.2158 748.4075 -28.034657
v 683.4072 744.91785 -26.980856
v 685.5908 735.8912 -0.921856
v 685.66754 735.91833 -0.924056
v 685.6382 735.8893 -1.073656
v 684.90704 736.25354 -14.095455
v 677.25354 762.72363 -41.934254
v 685.77277 733.7034 0.046145
v 681.53705 745.8426 -32.489655
v 681.99854 748.83 -35.19566
v 726.23676 820.43134 -53.65586
v 683.3167 740.69183 -19.619656
v 684.7722 737.29333 -11.437856
v 685.15125 737.15216 -10.397255
v 684.62695 738.5209 -15.875256
v 684.3458 738.4843 -16.066656
v 685.3053 737.4751 -11.440055
v 684.84985 738.6558 -16.068855
v 685.55975 736.4403 -5.566056
v 685.6567 736.6543 -6.274456
v 685.3267 736.3601 -5.566056
v 685.54443 736.1408 -3.700456
v 685.05096 736.44684 -6.272256
v 684.08014 738.4766 -16.330656
v 683.8127 739.95026 -20.303854
v 683.5671 739.9123 -20.440254
v 684.48785 737.31866 -11.794255
v 684.3119 740.1224 -20.303854
v 685.0246 738.8017 -16.335054
v 684.50946 740.23663 -20.444654
v 685.44965 737.6476 -11.796455
v 685.77515 736.7943 -6.421856
v 685.87616 736.1136 0.010944
v 685.9948 736.2069 0.369544
v 685.7563 736.01044 -0.455456
v 685.66754 735.91833 -0.924056
v 685.45483 735.90607 -0.455456
v 685.229 735.8914 0.013144
v 684.7843 736.4551 -6.417456
v 684.9833 735.8604 0.371744
v 684.48785 737.31866 -11.794255
v 685.45483 735.90607 -0.455456
v 684.13007 738.67163 -20.669054
v 674.4177 802.9401 -56.166058
v 664.94336 797.70404 -53.60306
v 680.65283 751.18677 -38.629856
v 731.2262 822.1655 -54.37526
v 731.4783 821.44727 -56.452065
v 682.6814 746.98065 -30.687859
v 681.5898 748.5079 -35.433258
v 745.89703 780.4664 -40.667057
v 673.6015 767.3094 -49.995056
v 663.2077 798.394 -50.57146
v 663.6029 798.58295 -53.12786
v 737.99817 802.917 -54.35766
v 682.84576 746.4111 -31.737259
v 682.106 743.4978 -28.281055
v 672.22516 777.37805 -52.126854
v 745.6721 780.81146 -40.163254
v 666.0291 796.08136 -50.652863
v 684.0402 737.33057 -12.091255
v 730.9314 822.6423 -56.76666
v 730.9394 822.6591 -56.72706
v 684.876 740.5065 -20.581055
v 681.9914 748.7248 -35.373856
v 685.67084 734.2811 -7.372255
v 684.13776 737.3254 -12.064856
v 685.67084 734.2811 -7.372255
v 746.2615 779.4238 -42.053055
v 662.9984 798.8334 -56.163864
v 674.6518 770.43994 -45.71166
v 679.87506 755.63043 -42.607456
v 686.2817 736.4579 0.765544
v 684.80005 736.47003 -6.811256
v 731.4666 821.5132 -54.37526
v 674.9521 764.50385 -46.314457
v 675.91907 761.74695 -44.591858
v 675.2274 800.634 -53.62946
v 664.55225 798.8678 -53.537064
v 664.7196 798.9224 -53.534863
v 664.7011 798.9812 -50.58466
v 683.8457 739.18475 -20.389656
v 747.5729 775.6943 -36.146057
v 730.95105 822.70526 -56.163864
v 684.6821 741.278 -19.806656
v 664.0557 795.8213 -53.49306
v 753.33 759.30475 0.296943
v 754.40875 757.49756 -1.201257
v 684.2747 736.4707 -6.476856
v 696.48895 740.1121 0.400344
v 685.8082 738.0453 -5.834456
v 674.4008 802.98785 -54.37746
v 663.05414 798.79474 -56.76666
v 663.0565 798.7419 -56.779858
v 745.724 780.79016 -40.21166
v 730.95105 822.70526 -56.163864
v 680.89154 747.8895 -35.290257
v 664.55225 798.8678 -53.537064
v 674.511 802.67676 -53.66466
v 746.33295 779.1364 -42.422657
v 663.3609 797.52637 -56.161663
v 667.7294 785.35486 -55.91526
v 685.1036 735.6393 0.336544
v 734.8709 774.9328 -42.62946
v 663.6161 798.54565 -53.534863
v 675.42944 767.9473 -49.733257
v 668.65283 788.0461 -53.22906
v 664.0557 795.8213 -53.49306
v 746.3039 779.0141 -42.554657
v 744.3754 784.796 -46.09226
v 752.3205 762.182 -13.349657
v 730.9614 822.5969 -56.779858
v 753.44183 761.5989 -1.260657
v 754.3484 757.45056 -1.168257
v 752.8607 761.60547 -1.181457
v 684.07587 740.01776 -20.229055
v 676.3389 765.2471 -48.69706
v 730.9293 822.7536 -54.08926
v 754.2001 757.38165 -1.025257
v 752.70306 761.70135 -1.089057
v 752.7249 761.50134 -1.034057
v 684.01514 738.792 -20.594255
v 678.3437 755.13715 -42.554657
v 754.19214 757.2855 -0.965857
v 752.7874 761.2061 -0.972457
v 734.8709 774.9328 -42.62946
v 684.07587 740.01776 -20.229055
v 737.4783 803.4097 -51.680264
v 754.1112 757.25684 -0.567657
v 752.7086 761.17816 -0.569857
v 669.25134 780.29254 -52.608658
v 682.3492 743.7403 -29.774855
v 730.7196 822.5813 -56.78206
v 754.0891 757.2864 0.065943
v 752.655 761.2899 0.068143
v 681.6454 745.74097 -32.595257
v 754.1385 757.1405 0.314543
v 752.82837 760.8005 0.318943
v 674.511 802.67676 -53.66466
v 737.8492 803.3707 -52.34686
v 743.09344 788.4426 -46.31446
v 665.8417 796.43274 -53.49746
v 678.2434 755.216 -42.422657
v 663.3432 797.9916 -53.51506
v 741.91113 791.51776 -47.29346
v 675.766 799.0999 -56.87006
v 745.89703 780.4664 -40.667057
v 733.78186 814.94867 -55.89986
v 664.95593 793.2461 -56.69626
v 684.13007 738.67163 -20.669054
v 750.37067 767.7276 -25.557457
v 689.06476 740.3234 -20.706455
v 683.8457 739.18475 -20.389656
v 683.22076 743.86926 -28.276657
v 663.137 798.1916 -56.161663
v 754.1674 757.1904 -0.816257
v 663.05414 798.79474 -56.76666
v 678.3437 755.13715 -42.554657
v 682.5788 779.7095 -53.913258
v 696.50653 740.0624 -14.183456
v 686.0749 733.1336 -0.044055
v 677.6863 756.8881 -40.21166
v 663.19507 798.99634 -54.37966
v 754.2911 757.20386 0.292543
v 730.93494 822.7509 -54.37966
v 731.4666 821.5132 -54.37526
v 695.6102 742.6133 -20.710855
v 746.31134 779.2501 -42.277454
v 673.7838 773.0359 -45.491657
v 680.7614 746.31946 -30.683456
v 685.18866 735.366 0.296944
v 679.73303 755.5241 -35.732456
v 686.2704 736.6149 0.816144
v 672.43134 776.99365 -49.999454
v 671.2607 780.4906 -50.699055
v 674.4213 770.82043 -50.822258
v 670.08057 784.0076 -51.282063
v 676.30334 765.21576 -48.98746
v 746.3039 779.0141 -42.554657
v 674.63965 802.3069 -53.64926
v 731.4052 821.4097 -56.80406
v 745.89703 780.4664 -40.667057
v 695.6102 742.6133 -20.710855
v 683.21686 741.27026 -19.340254
v 674.4008 802.98785 -54.37746
v 682.44867 746.06274 -31.966059
v 677.75354 756.52686 -40.667057
v 680.26495 748.09705 -35.393658
v 678.1201 755.4851 -42.053055
v 731.4857 821.4592 -56.161663
v 675.39294 767.92505 -49.999454
v 752.88544 760.83704 0.382743
v 663.2421 798.37585 -53.495262
v 730.9314 822.6423 -56.76666
v 680.6474 748.18353 -35.431057
v 665.8417 796.43274 -53.49746
v 684.1845 742.78217 -18.152256
v 730.7196 822.5813 -56.78206
v 731.4418 821.42505 -56.74466
v 674.4551 802.8414 -56.806263
v 726.24915 799.4776 -51.62746
v 664.0557 795.8213 -53.49306
v 674.4177 802.9401 -56.166058
v 663.4525 797.53784 -56.80406
v 684.49023 735.84216 0.772144
v 663.1966 798.2804 -53.73506
v 664.47815 795.96625 -53.58546
vt 0.959459 0.12690997
vt 0.959459 0.11311197
vt 0.93953 0.11311197
vt 0.985004 0.348033
vt 0.984111 0.348033
vt 0.984111 0.36185098
vt 0.288888 0.64727
vt 0.289578 0.647171
vt 0.288663 0.619868
vt 0.982159 0.36185002
vt 0.98241 0.36185002
vt 0.982159 0.348033
vt 0.848938 0.044138014
vt 0.848988 0.043311
vt 0.848718 0.044016004
vt 0.304292 0.737194
vt 0.303324 0.737494
vt 0.307956 0.759455
vt 0.297337 0.541101
vt 0.300187 0.518449
vt 0.29945 0.517461
vt 0.84318 0.16842002
vt 0.84318 0.15459597
vt 0.842991 0.16842002
vt 0.982159 0.19605398
vt 0.98241 0.19605398
vt 0.98241 0.18223703
vt 0.287941 0.647405
vt 0.287576 0.647456
vt 0.288521 0.673593
vt 0.987226 0.06669301
vt 0.987226 0.07612401
vt 0.987599 0.076123
vt 0.978943 0.034470975
vt 0.978994 0.036476016
vt 0.981636 0.036561012
vt 0.309102 0.527115
vt 0.312506 0.507203
vt 0.303023 0.521424
vt 0.84318 0.20986998
vt 0.843431 0.20986998
vt 0.843431 0.19605398
vt 0.98241 0.16842002
vt 0.982784 0.18223703
vt 0.287722 0.619848
vt 0.287359 0.619841
vt 0.981969 0.23750299
vt 0.98145 0.23750299
vt 0.98145 0.251319
vt 0.981449 0.20986998
vt 0.981969 0.20986998
vt 0.981969 0.19605398
vt 0.846025 0.066698015
vt 0.846919 0.06669903
vt 0.846028 0.059005976
vt 0.305156 0.45800602
vt 0.305512 0.45898002
vt 0.306686 0.45869797
vt 0.987224 0.16842002
vt 0.986668 0.16842002
vt 0.987224 0.18223703
vt 0.844361 0.265135
vt 0.844361 0.251319
vt 0.843805 0.265135
vt 0.73259 0.066688
vt 0.73259 0.07612097
vt 0.75252 0.07612097
vt 0.871532 0.038303018
vt 0.871529 0.039986014
vt 0.891484 0.038257003
vt 0.293312 0.646633
vt 0.294003 0.646534
vt 0.293058 0.619954
vt 0.891483 0.041145027
vt 0.915514 0.04112798
vt 0.915514 0.03991902
vt 0.386491 0.941048
vt 0.386316 0.941704
vt 0.400325 0.95466
vt 0.981411 0.043393016
vt 0.981419 0.043024004
vt 0.978873 0.04337901
vt 0.849096 0.04420799
vt 0.848907 0.045795023
vt 0.719812 0.3204
vt 0.713163 0.3204
vt 0.719812 0.334217
vt 0.849581 0.053041995
vt 0.852143 0.053043008
vt 0.849583 0.048687994
vt 0.298427 0.542035
vt 0.298806 0.542315
vt 0.301213 0.519782
vt 0.381563 0.050242007
vt 0.38118 0.049180984
vt 0.372858 0.065431
vt 0.915512 0.030134976
vt 0.939522 0.030130029
vt 0.939519 0.029726028
vt 0.7106 0.334217
vt 0.7106 0.348033
vt 0.713163 0.348033
vt 0.972271 0.034422994
vt 0.978905 0.032739997
vt 0.98334 0.223687
vt 0.98334 0.23750299
vt 0.984111 0.23750299
vt 0.374708 0.921172
vt 0.388712 0.937032
vt 0.375343 0.919508
vt 0.972238 0.14076197
vt 0.978887 0.14076197
vt 0.978887 0.12690997
vt 0.348202 0.884139
vt 0.360753 0.904447
vt 0.348796 0.882787
vt 0.984111 0.40336102
vt 0.984111 0.41741902
vt 0.985004 0.41741902
vt 0.845133 0.059005976
vt 0.845138 0.05299902
vt 0.985004 0.223687
vt 0.985004 0.20986998
vt 0.984111 0.223687
vt 0.871569 0.306584
vt 0.858791 0.306584
vt 0.858791 0.320401
vt 0.307549 0.476789
vt 0.307057 0.47550702
vt 0.305478 0.484805
vt 0.98334 0.41741902
vt 0.98334 0.432593
vt 0.984111 0.432593
vt 0.978887 0.18223703
vt 0.978887 0.19605398
vt 0.98145 0.19605398
vt 0.845132 0.14076197
vt 0.846025 0.14076197
vt 0.845132 0.12690997
vt 0.843803 0.087264
vt 0.84343 0.087264
vt 0.843804 0.099744976
vt 0.972238 0.375674
vt 0.972238 0.36185002
vt 0.959459 0.36185098
vt 0.871569 0.23750299
vt 0.858791 0.23750299
vt 0.858791 0.251319
vt 0.820481 0.265135
vt 0.800551 0.265135
vt 0.800551 0.278951
vt 0.319909 0.17886299
vt 0.316702 0.159832
vt 0.310168 0.17719102
vt 0.985004 0.18223703
vt 0.985004 0.16842002
vt 0.984111 0.18223703
vt 0.309159 0.788381
vt 0.316967 0.813226
vt 0.309916 0.787513
vt 0.981969 0.16842002
vt 0.98145 0.16842002
vt 0.981969 0.18223703
vt 0.842471 0.348033
vt 0.842471 0.334217
vt 0.839908 0.348033
vt 0.858704 0.040069997
vt 0.858713 0.04127401
vt 0.871529 0.039986014
vt 0.306797 0.760587
vt 0.302122 0.738439
vt 0.301479 0.738922
vt 0.987793 0.044170976
vt 0.987559 0.044167995
vt 0.987574 0.045809984
vt 0.719812 0.11311197
vt 0.719812 0.12690997
vt 0.73259 0.12690997
vt 0.848248 0.06670201
vt 0.848621 0.06670499
vt 0.848252 0.059011996
vt 0.858791 0.076132
vt 0.852142 0.076132
vt 0.858791 0.087267995
vt 0.987224 0.19605398
vt 0.987598 0.19605398
vt 0.403039 0.940875
vt 0.389649 0.92831
vt 0.389533 0.929121
vt 0.849579 0.265135
vt 0.84906 0.265135
vt 0.849059 0.278951
vt 0.282249 0.48079902
vt 0.283964 0.464413
vt 0.281818 0.48076898
vt 0.845132 0.41741902
vt 0.845132 0.432593
vt 0.846025 0.41741902
vt 0.292546 0.420851
vt 0.285013 0.421813
vt 0.292644 0.42658502
vt 0.848648 0.048622012
vt 0.848889 0.04865098
vt 0.848675 0.045738995
vt 0.981969 0.15459698
vt 0.981449 0.15459698
vt 0.959458 0.043356
vt 0.972234 0.043365
vt 0.959464 0.042907
vt 0.713163 0.04866302
vt 0.7106 0.048673987
vt 0.713163 0.053007007
vt 0.915513 0.030672014
vt 0.981421 0.04420203
vt 0.978873 0.044210017
vt 0.978877 0.045849025
vt 0.871559 0.042919993
vt 0.858773 0.042954028
vt 0.871565 0.043367982
vt 0.987849 0.36185098
vt 0.987849 0.348033
vt 0.987598 0.348033
vt 0.82048 0.08726299
vt 0.820481 0.07612097
vt 0.800551 0.08726299
vt 0.340192 0.854852
vt 0.329994 0.831649
vt 0.339812 0.855605
vt 0.987225 0.41741902
vt 0.986668 0.41741902
vt 0.987225 0.432593
vt 0.981895 0.030678988
vt 0.981393 0.030676007
vt 0.981431 0.03150803
vt 0.294509 0.719376
vt 0.295353 0.718883
vt 0.292096 0.696866
vt 0.844395 0.042778015
vt 0.843793 0.042878985
vt 0.844386 0.043255985
vt 0.978826 0.030129015
vt 0.978805 0.029725015
vt 0.9722 0.030129015
vt 0.321662 0.806675
vt 0.321375 0.807105
vt 0.330313 0.831103
vt 0.833259 0.12690997
vt 0.839908 0.12690997
vt 0.839908 0.11311197
vt 0.982158 0.066707015
vt 0.982158 0.076130986
vt 0.982408 0.06670499
vt 0.97223 0.031486988
vt 0.972214 0.030671
vt 0.959455 0.031480014
vt 0.986614 0.043236017
vt 0.985814 0.04313302
vt 0.98584 0.04405099
vt 0.73259 0.292768
vt 0.73259 0.306584
vt 0.75252 0.306584
vt 0.302823 0.764306
vt 0.303612 0.763567
vt 0.986668 0.348033
vt 0.985897 0.348033
vt 0.985897 0.36185002
vt 0.871569 0.18223703
vt 0.871569 0.16842002
vt 0.858791 0.16842002
vt 0.713163 0.058999002
vt 0.719812 0.05899799
vt 0.418596 0.947799
vt 0.418247 0.949516
vt 0.436826 0.955127
vt 0.846918 0.19605398
vt 0.846918 0.18223703
vt 0.846025 0.18223703
vt 0.858791 0.029829025
vt 0.852142 0.029893994
vt 0.858791 0.030207992
vt 0.84436 0.066694975
vt 0.845131 0.066697
vt 0.84436 0.05900699
vt 0.719812 0.042985976
vt 0.713163 0.043051004
vt 0.719812 0.04340601
vt 0.986668 0.15459698
vt 0.987224 0.15459698
vt 0.987225 0.14076197
vt 0.986668 0.306584
vt 0.986668 0.320401
vt 0.987224 0.306584
vt 0.871569 0.292768
vt 0.858791 0.292768
vt 0.710081 0.048685014
vt 0.7106 0.053011
vt 0.75252 0.23750299
vt 0.73259 0.23750299
vt 0.73259 0.251319
vt 0.984111 0.09974599
vt 0.98411 0.08726603
vt 0.98334 0.09974599
vt 0.987224 0.223687
vt 0.987224 0.23750299
vt 0.987598 0.23750299
vt 0.29648 0.742669
vt 0.29294 0.720291
vt 0.29259 0.720494
vt 0.871569 0.045857012
vt 0.871569 0.048686028
vt 0.891499 0.045852005
vt 0.959459 0.053039014
vt 0.959458 0.048682988
vt 0.93953 0.053038
vt 0.7106 0.058999002
vt 0.8486 0.041908026
vt 0.848908 0.04259199
vt 0.849267 0.041556
vt 0.98754 0.043318987
vt 0.987521 0.042867005
vt 0.987179 0.043291986
vt 0.299258 0.716595
vt 0.299655 0.716352
vt 0.296954 0.69476
vt 0.849579 0.19605398
vt 0.849059 0.19605398
vt 0.849579 0.20986998
vt 0.844378 0.044129014
vt 0.845181 0.04405701
vt 0.844386 0.043255985
vt 0.987598 0.292768
vt 0.987224 0.292768
vt 0.987598 0.306584
vt 0.84887 0.14076197
vt 0.84887 0.12690997
vt 0.848619 0.12690997
vt 0.982784 0.14076197
vt 0.982784 0.15459698
vt 0.98334 0.14076197
vt 0.848619 0.3204
vt 0.848619 0.306584
vt 0.848245 0.3204
vt 0.972188 0.029725015
vt 0.959433 0.029725015
vt 0.95944 0.030129015
vt 0.843805 0.306584
vt 0.843805 0.292768
vt 0.843431 0.306584
vt 0.983298 0.048578978
vt 0.983261 0.045647025
vt 0.982743 0.048590004
vt 0.915514 0.223687
vt 0.891499 0.223687
vt 0.891499 0.23750299
vt 0.3366 0.861886
vt 0.3361 0.862864
vt 0.347736 0.8852
vt 0.842469 0.05899799
vt 0.842989 0.058999002
vt 0.842467 0.053003013
vt 0.317714 0.471932
vt 0.310835 0.47198898
vt 0.317408 0.474437
vt 0.300136 0.543339
vt 0.299138 0.54251
vt 0.296894 0.567097
vt 0.294267 0.619975
vt 0.294771 0.593107
vt 0.293744 0.619967
vt 0.891499 0.048684
vt 0.915514 0.04584998
vt 0.871565 0.031497
vt 0.891497 0.031482995
vt 0.891498 0.03068
vt 0.307316 0.468751
vt 0.307929 0.470474
vt 0.307735 0.46657997
vt 0.987599 0.087264
vt 0.98785 0.07612097
vt 0.309658 0.47180498
vt 0.310524 0.474182
vt 0.982159 0.265135
vt 0.982159 0.251319
vt 0.981969 0.251319
vt 0.985004 0.23750299
vt 0.843431 0.292768
vt 0.843431 0.278951
vt 0.84318 0.278951
vt 0.98334 0.292768
vt 0.98334 0.306584
vt 0.984111 0.306584
vt 0.294897 0.695654
vt 0.29576 0.69528
vt 0.293355 0.672201
vt 0.972233 0.045850992
vt 0.972232 0.044209003
vt 0.959457 0.045850992
vt 0.848245 0.15459597
vt 0.848245 0.14076197
vt 0.847689 0.14076197
vt 0.981969 0.265135
vt 0.98145 0.265135
vt 0.981852 0.030129015
vt 0.981361 0.030129015
vt 0.309436 0.47138298
vt 0.30917 0.470698
vt 0.308775 0.472795
vt 0.84906 0.09974599
vt 0.84887 0.09974599
vt 0.84906 0.11311197
vt 0.713163 0.04345399
vt 0.719812 0.044224977
vt 0.978887 0.306584
vt 0.98145 0.306584
vt 0.981449 0.292768
vt 0.296313 0.646541
vt 0.296142 0.620365
vt 0.295299 0.646325
vt 0.849071 0.042957008
vt 0.849148 0.043127
vt 0.849543 0.04277098
vt 0.28504 0.42692
vt 0.848619 0.22368598
vt 0.848619 0.23750299
vt 0.84887 0.23750299
vt 0.843805 0.278951
vt 0.871569 0.087267995
vt 0.871569 0.076132
vt 0.982159 0.41741902
vt 0.981969 0.41741902
vt 0.982159 0.432593
vt 0.983999 0.04382199
vt 0.98395 0.04259199
vt 0.983212 0.043761015
vt 0.84318 0.306584
vt 0.84318 0.292768
vt 0.73259 0.23750299
vt 0.719812 0.23750299
vt 0.719812 0.251319
vt 0.849579 0.292768
vt 0.849059 0.292768
vt 0.849059 0.306584
vt 0.839879 0.043386996
vt 0.83987 0.042961
vt 0.83324 0.04336703
vt 0.983339 0.08726603
vt 0.294231 0.671948
vt 0.292123 0.246957
vt 0.291281 0.24691999
vt 0.29016 0.26731902
vt 0.985898 0.087265015
vt 0.985004 0.08726603
vt 0.985004 0.09974599
vt 0.460145 0.970621
vt 0.460037 0.969905
vt 0.435572 0.969355
vt 0.710081 0.306584
vt 0.7106 0.306584
vt 0.710601 0.292768
vt 0.842433 0.04340303
vt 0.839888 0.04421097
vt 0.978887 0.375674
vt 0.972238 0.38950902
vt 0.296551 0.593721
vt 0.297819 0.567694
vt 0.295532 0.593238
vt 0.337724 0.103848994
vt 0.340866 0.106679976
vt 0.347413 0.087083995
vt 0.839908 0.099744976
vt 0.833259 0.099744976
vt 0.98145 0.375674
vt 0.98145 0.36185098
vt 0.7106 0.066685975
vt 0.713163 0.06668699
vt 0.981861 0.043083012
vt 0.298003 0.741529
vt 0.298821 0.740916
vt 0.303324 0.737494
vt 0.302996 0.737765
vt 0.30764 0.759779
vt 0.295854 0.671469
vt 0.296205 0.671352
vt 0.294944 0.64639
vt 0.84343 0.076123
vt 0.843803 0.07612401
vt 0.84343 0.06669098
vt 0.32449 0.14191598
vt 0.328358 0.121261
vt 0.327627 0.120543
vt 0.849579 0.36185002
vt 0.849579 0.348033
vt 0.849059 0.36185002
vt 0.978887 0.38950902
vt 0.305025 0.470178
vt 0.305941 0.464898
vt 0.30533 0.463203
vt 0.304499 0.762738
vt 0.295043 0.26572
vt 0.985004 0.15459698
vt 0.984111 0.16842002
vt 0.842991 0.375674
vt 0.842991 0.36185002
vt 0.842471 0.36185002
vt 0.848619 0.432593
vt 0.848619 0.41741902
vt 0.848246 0.432593
vt 0.843805 0.334217
vt 0.843805 0.3204
vt 0.843431 0.334217
vt 0.295037 0.619967
vt 0.915514 0.053038
vt 0.915514 0.048681974
vt 0.891499 0.048684
vt 0.73259 0.044200003
vt 0.858789 0.030725002
vt 0.852138 0.030762017
vt 0.858783 0.031521022
vt 0.981331 0.029725015
vt 0.847691 0.06669998
vt 0.846923 0.059005976
vt 0.285046 0.33547997
vt 0.285336 0.357857
vt 0.290433 0.35368502
vt 0.987961 0.044167995
vt 0.987926 0.043326974
vt 0.288351 0.591667
vt 0.289951 0.56371
vt 0.289607 0.563539
vt 0.800548 0.044179022
vt 0.776534 0.04417801
vt 0.776535 0.045813024
vt 0.294 0.538172
vt 0.294786 0.538861
vt 0.297055 0.514258
vt 0.987224 0.265135
vt 0.987224 0.251319
vt 0.986668 0.265135
vt 0.84887 0.16842002
vt 0.84887 0.15459597
vt 0.848619 0.15459597
vt 0.84318 0.389508
vt 0.843431 0.389508
vt 0.84318 0.375673
vt 0.843431 0.22368598
vt 0.84318 0.22368598
vt 0.843431 0.23750299
vt 0.93953 0.38950902
vt 0.915514 0.38950902
vt 0.915514 0.40336102
vt 0.30932 0.47390902
vt 0.309064 0.473473
vt 0.987849 0.306584
vt 0.987849 0.292768
vt 0.848619 0.16842002
vt 0.299176 0.49221897
vt 0.299591 0.49296498
vt 0.30181 0.476434
vt 0.820481 0.16842002
vt 0.800551 0.16842002
vt 0.800551 0.18223703
vt 0.98145 0.223687
vt 0.833259 0.292768
vt 0.839908 0.292768
vt 0.833259 0.278951
vt 0.75252 0.052999973
vt 0.75252 0.05899799
vt 0.776535 0.05899799
vt 0.982784 0.251319
vt 0.98334 0.251319
vt 0.982784 0.23750299
vt 0.73259 0.3204
vt 0.73259 0.306584
vt 0.978887 0.11311197
vt 0.981449 0.12690997
vt 0.846918 0.389508
vt 0.846918 0.40336102
vt 0.847689 0.38950902
vt 0.75252 0.14076197
vt 0.75252 0.15459597
vt 0.776535 0.15459597
vt 0.833255 0.048645973
vt 0.833251 0.045825005
vt 0.820476 0.04581797
vt 0.84318 0.36185002
vt 0.84318 0.348033
vt 0.858734 0.04206097
vt 0.858756 0.042572975
vt 0.87154 0.04199201
vt 0.986668 0.11311197
vt 0.986668 0.099744976
vt 0.985897 0.11311197
vt 0.98144 0.048676014
vt 0.981431 0.045838
vt 0.978881 0.048681974
vt 0.306628 0.46682
vt 0.306374 0.46266103
vt 0.315004 0.49082798
vt 0.308202 0.48838598
vt 0.305865 0.502728
vt 0.292535 0.536897
vt 0.295005 0.566243
vt 0.296551 0.540411
vt 0.939525 0.030668974
vt 0.95944 0.030129015
vt 0.988039 0.23750299
vt 0.987849 0.23750299
vt 0.987849 0.251319
vt 0.981969 0.087267995
vt 0.982158 0.087267995
vt 0.849579 0.18223703
vt 0.849579 0.16842002
vt 0.849059 0.18223703
vt 0.972235 0.048684
vt 0.959458 0.048682988
vt 0.307054 0.464615
vt 0.307263 0.463984
vt 0.985897 0.40336102
vt 0.985004 0.40336102
vt 0.985897 0.41741902
vt 0.858754 0.034430027
vt 0.87155 0.034389973
vt 0.871559 0.03270501
vt 0.84436 0.087265015
vt 0.844361 0.099744976
vt 0.848787 0.043070972
vt 0.848366 0.04386002
vt 0.84906 0.375674
vt 0.84887 0.375674
vt 0.849438 0.04232502
vt 0.851979 0.04138899
vt 0.982743 0.048590004
vt 0.982765 0.052994013
vt 0.983298 0.048578978
vt 0.84887 0.36185002
vt 0.848619 0.36185002
vt 0.987599 0.06669098
vt 0.98785 0.066688
vt 0.843805 0.251319
vt 0.843805 0.23750299
vt 0.84862 0.09974599
vt 0.84887 0.11311197
vt 0.843431 0.265135
vt 0.852142 0.40336102
vt 0.852142 0.38950902
vt 0.849579 0.38950902
vt 0.985004 0.07612699
vt 0.985003 0.066698015
vt 0.98411 0.07612699
vt 0.844361 0.11311197
vt 0.845132 0.11311197
vt 0.844361 0.099744976
vt 0.833246 0.044197977
vt 0.820474 0.044185996
vt 0.987225 0.11311197
vt 0.987225 0.12690997
vt 0.987598 0.11311197
vt 0.848247 0.07612902
vt 0.84862 0.07612997
vt 0.844361 0.432593
vt 0.844361 0.41741902
vt 0.843804 0.432593
vt 0.845132 0.278951
vt 0.845132 0.292768
vt 0.846025 0.278951
vt 0.373166 0.924606
vt 0.359954 0.906423
vt 0.372916 0.925322
vt 0.981969 0.292768
vt 0.981969 0.306584
vt 0.298621 0.516352
vt 0.301599 0.496639
vt 0.300824 0.495215
vt 0.891499 0.12690997
vt 0.891499 0.11311197
vt 0.871569 0.11311197
vt 0.294681 0.619976
vt 0.303363 0.47994798
vt 0.304095 0.48162597
vt 0.852045 0.042165995
vt 0.852096 0.042653024
vt 0.84318 0.18223703
vt 0.84299 0.18223703
vt 0.84318 0.19605398
vt 0.93953 0.223687
vt 0.93953 0.20986998
vt 0.29687 0.742378
vt 0.293342 0.720057
vt 0.981938 0.042913973
vt 0.982023 0.043269992
vt 0.982227 0.043039024
vt 0.75252 0.389508
vt 0.75252 0.40336102
vt 0.776536 0.40336102
vt 0.842972 0.045843005
vt 0.842961 0.044228017
vt 0.842455 0.04583901
vt 0.833259 0.375673
vt 0.820481 0.375673
vt 0.820481 0.389508
vt 0.981969 0.36185098
vt 0.981969 0.348033
vt 0.833259 0.3204
vt 0.833259 0.306584
vt 0.820481 0.306584
vt 0.982134 0.048639
vt 0.982148 0.053018987
vt 0.982376 0.04861301
vt 0.302375 0.498065
vt 0.839908 0.251319
vt 0.839908 0.23750299
vt 0.833259 0.251319
vt 0.776534 0.043336987
vt 0.776534 0.042892992
vt 0.752519 0.043345988
vt 0.844361 0.23750299
vt 0.292911 0.537222
vt 0.293383 0.537632
vt 0.296032 0.512904
vt 0.98145 0.11311197
vt 0.981969 0.11311197
vt 0.289578 0.647171
vt 0.290457 0.647044
vt 0.289349 0.619881
vt 0.982159 0.15459698
vt 0.858791 0.36185002
vt 0.858791 0.348033
vt 0.852142 0.348033
vt 0.93953 0.41741902
vt 0.915514 0.41741902
vt 0.915514 0.432593
vt 0.987849 0.320401
vt 0.987598 0.320401
vt 0.987849 0.334217
vt 0.848619 0.278951
vt 0.848619 0.265135
vt 0.848245 0.265135
vt 0.84906 0.12690997
vt 0.849579 0.12690997
vt 0.986669 0.066694975
vt 0.987225 0.059005022
vt 0.915514 0.038241982
vt 0.915514 0.03629899
vt 0.987206 0.045801997
vt 0.852142 0.030256987
vt 0.95946 0.375674
vt 0.959459 0.38950902
vt 0.986669 0.087265015
vt 0.986668 0.099744976
vt 0.987226 0.087264
vt 0.988039 0.36185098
vt 0.988039 0.348033
vt 0.84887 0.22368598
vt 0.849059 0.23750299
vt 0.403008 0.941741
vt 0.389476 0.930178
vt 0.307942 0.46595597
vt 0.308547 0.467718
vt 0.309102 0.46569198
vt 0.315968 0.814608
vt 0.316401 0.814009
vt 0.30811 0.789582
vt 0.309718 0.479186
vt 0.308504 0.478801
vt 0.7106 0.15459597
vt 0.713163 0.15459597
vt 0.713163 0.14076197
vt 0.984111 0.375674
vt 0.985004 0.375674
vt 0.833259 0.20986998
vt 0.833259 0.22368598
vt 0.839908 0.22368598
vt 0.295005 0.566243
vt 0.295655 0.566567
vt 0.297337 0.541101
vt 0.987767 0.043327987
vt 0.294256 0.592996
vt 0.310854 0.471205
vt 0.985004 0.36185002
vt 0.982782 0.07612902
vt 0.982782 0.08726698
vt 0.983339 0.076128006
vt 0.403143 0.940151
vt 0.842991 0.3204
vt 0.842471 0.3204
vt 0.982159 0.16842002
vt 0.982159 0.18223703
vt 0.848879 0.053023994
vt 0.849064 0.053035975
vt 0.848889 0.04865098
vt 0.290514 0.673021
vt 0.291389 0.672768
vt 0.297793 0.515243
vt 0.300133 0.49395102
vt 0.84436 0.087265015
vt 0.845132 0.087265015
vt 0.84436 0.076125026
vt 0.84318 0.41741902
vt 0.84318 0.40336102
vt 0.84299 0.41741902
vt 0.851943 0.04018098
vt 0.281241 0.46486503
vt 0.279423 0.481246
vt 0.279716 0.481515
vt 0.30533 0.463203
vt 0.304853 0.46189898
vt 0.3044 0.468552
vt 0.305728 0.472017
vt 0.858772 0.032733023
vt 0.849059 0.20986998
vt 0.849579 0.22368598
vt 0.987598 0.14076197
vt 0.987598 0.15459698
vt 0.987849 0.14076197
vt 0.915514 0.20986998
vt 0.891499 0.20986998
vt 0.327397 0.163791
vt 0.915514 0.04334998
vt 0.93953 0.04334998
vt 0.915514 0.04289198
vt 0.891499 0.292768
vt 0.843179 0.08726299
vt 0.84299 0.08726299
vt 0.84318 0.099744976
vt 0.982784 0.292768
vt 0.98241 0.292768
vt 0.982784 0.306584
vt 0.347382 0.886011
vt 0.359694 0.90711
vt 0.308504 0.478801
vt 0.310767 0.786538
vt 0.321037 0.807591
vt 0.845132 0.099744976
vt 0.981449 0.087267995
vt 0.981449 0.09974599
vt 0.290901 0.697381
vt 0.291419 0.697158
vt 0.289302 0.673369
vt 0.843179 0.066689014
vt 0.843178 0.05900103
vt 0.84299 0.066688
vt 0.842949 0.043410003
vt 0.842961 0.044228017
vt 0.843152 0.044224024
vt 0.848871 0.076130986
vt 0.848871 0.087267995
vt 0.84906 0.087267995
vt 0.985004 0.12690997
vt 0.985004 0.11311197
vt 0.984111 0.12690997
vt 0.871569 0.029779017
vt 0.871569 0.030170023
vt 0.891498 0.029748023
vt 0.849579 0.23750299
vt 0.852142 0.23750299
vt 0.852142 0.22368598
vt 0.846025 0.19605398
vt 0.986668 0.19605398
vt 0.986668 0.20986998
vt 0.97231 0.04126197
vt 0.979042 0.041372
vt 0.972322 0.040063024
vt 0.848619 0.251319
vt 0.848245 0.251319
vt 0.891498 0.04420799
vt 0.915514 0.044203997
vt 0.891497 0.043354988
vt 0.848619 0.19605398
vt 0.848619 0.20986998
vt 0.84887 0.20986998
vt 0.306754 0.24425101
vt 0.296353 0.24627697
vt 0.307453 0.261024
vt 0.987815 0.04580897
vt 0.719812 0.348033
vt 0.7106 0.348033
vt 0.710081 0.348033
vt 0.710081 0.36185002
vt 0.844361 0.18223703
vt 0.844361 0.16842002
vt 0.843805 0.16842002
vt 0.843803 0.06669301
vt 0.84436 0.066694975
vt 0.843803 0.059005976
vt 0.982409 0.07612997
vt 0.98241 0.15459698
vt 0.982784 0.16842002
vt 0.84958 0.09974599
vt 0.849579 0.030313015
vt 0.849574 0.030803978
vt 0.978848 0.030673027
vt 0.373521 0.923726
vt 0.386746 0.940322
vt 0.986668 0.18223703
vt 0.317719 0.47104
vt 0.987224 0.320401
vt 0.987224 0.334217
vt 0.987598 0.334217
vt 0.93953 0.348033
vt 0.915514 0.348033
vt 0.915514 0.36185002
vt 0.871565 0.043367982
vt 0.98258 0.042666018
vt 0.982419 0.041888
vt 0.290346 0.563906
vt 0.306208 0.17636001
vt 0.311648 0.15768099
vt 0.306332 0.45771497
vt 0.981969 0.223687
vt 0.982159 0.20986998
vt 0.981969 0.40336102
vt 0.982159 0.40336102
vt 0.981969 0.38950902
vt 0.376797 0.912437
vt 0.364107 0.894905
vt 0.363905 0.895526
vt 0.987598 0.059001982
vt 0.987848 0.05899799
vt 0.301026 0.765983
vt 0.301354 0.765678
vt 0.29614 0.742923
vt 0.848619 0.14076197
vt 0.847689 0.12690997
vt 0.847689 0.11311197
vt 0.846918 0.11311197
vt 0.387164 0.939456
vt 0.846986 0.045665026
vt 0.847765 0.045652986
vt 0.847028 0.04382497
vt 0.845132 0.22368598
vt 0.845132 0.23750299
vt 0.846025 0.22368598
vt 0.719812 0.18223703
vt 0.719812 0.19605398
vt 0.73259 0.19605398
vt 0.39526 0.04613501
vt 0.393371 0.041157007
vt 0.383574 0.054392993
vt 0.847689 0.09974599
vt 0.846918 0.09974599
vt 0.981449 0.18223703
vt 0.710081 0.16842002
vt 0.710081 0.18223703
vt 0.7106 0.18223703
vt 0.988039 0.320401
vt 0.985 0.059005976
vt 0.984105 0.059005022
vt 0.984109 0.06669903
vt 0.986631 0.044115007
vt 0.296476 0.513489
vt 0.297055 0.514258
vt 0.316579 0.48019302
vt 0.445027 0.023468018
vt 0.444861 0.022282004
vt 0.42352 0.027803004
vt 0.871569 0.38950902
vt 0.871569 0.375674
vt 0.858791 0.375674
vt 0.848619 0.348033
vt 0.985897 0.432593
vt 0.986668 0.432593
vt 0.307751 0.461753
vt 0.306584 0.46202302
vt 0.308426 0.46371597
vt 0.292184 0.619936
vt 0.293058 0.619954
vt 0.292727 0.592652
vt 0.84906 0.3204
vt 0.84887 0.3204
vt 0.848908 0.04259199
vt 0.84844 0.042684972
vt 0.84862 0.08726698
vt 0.843162 0.045843005
vt 0.842972 0.045843005
vt 0.84317 0.048657
vt 0.713163 0.11311197
vt 0.719812 0.099744976
vt 0.852142 0.334217
vt 0.852142 0.3204
vt 0.849579 0.3204
vt 0.843179 0.076121986
vt 0.978874 0.031497
vt 0.987225 0.20986998
vt 0.987598 0.223687
vt 0.959459 0.19605398
vt 0.972238 0.19605398
vt 0.972238 0.18223703
vt 0.361344 0.903027
vt 0.361972 0.901414
vt 0.891499 0.36185002
vt 0.891499 0.348033
vt 0.871569 0.348033
vt 0.843805 0.19605398
vt 0.843805 0.20986998
vt 0.98241 0.265135
vt 0.982784 0.265135
vt 0.98241 0.251319
vt 0.842986 0.05300498
vt 0.842981 0.048655987
vt 0.842462 0.048653007
vt 0.84887 0.292768
vt 0.84887 0.278951
vt 0.98774 0.042882025
vt 0.304634 0.45663399
vt 0.304413 0.457273
vt 0.304658 0.457905
vt 0.75252 0.292768
vt 0.75252 0.278951
vt 0.915514 0.19605398
vt 0.93953 0.19605398
vt 0.915514 0.18223703
vt 0.776535 0.11311197
vt 0.75252 0.11311197
vt 0.776535 0.12690997
vt 0.959459 0.12690997
vt 0.959459 0.14076197
vt 0.972238 0.12690997
vt 0.858791 0.41741902
vt 0.871569 0.41741902
vt 0.858791 0.40336102
vt 0.858791 0.278952
vt 0.852142 0.292768
vt 0.73259 0.40336102
vt 0.73259 0.41741902
vt 0.75252 0.41741902
vt 0.73259 0.05899799
vt 0.73259 0.066688
vt 0.845132 0.265135
vt 0.846025 0.265135
vt 0.84318 0.251319
vt 0.84318 0.23750299
vt 0.842991 0.251319
vt 0.847077 0.042594016
vt 0.847873 0.042383015
vt 0.847129 0.041580975
vt 0.982155 0.05902201
vt 0.982395 0.053005993
vt 0.845132 0.375673
vt 0.846025 0.375674
vt 0.846025 0.36185002
vt 0.982707 0.045672
vt 0.858791 0.18223703
vt 0.858791 0.19605398
vt 0.871569 0.19605398
vt 0.846918 0.41741902
vt 0.848245 0.36185002
vt 0.848245 0.278951
vt 0.847689 0.278951
vt 0.982784 0.223687
vt 0.98241 0.223687
vt 0.982784 0.23750299
vt 0.306703 0.487418
vt 0.308232 0.478374
vt 0.306384 0.48682398
vt 0.800551 0.292768
vt 0.776535 0.292768
vt 0.719812 0.04584098
vt 0.719812 0.04865402
vt 0.73259 0.048646986
vt 0.915514 0.334217
vt 0.93953 0.334217
vt 0.915514 0.320401
vt 0.318502 0.811104
vt 0.327598 0.835612
vt 0.319313 0.809981
vt 0.7106 0.3204
vt 0.871569 0.06670898
vt 0.871569 0.059029996
vt 0.858791 0.066709995
vt 0.858791 0.14076197
vt 0.871569 0.14076197
vt 0.858791 0.12690997
vt 0.848262 0.052996993
vt 0.848283 0.04859698
vt 0.847729 0.048582017
vt 0.984992 0.052991986
vt 0.987849 0.19605398
vt 0.988039 0.19605398
vt 0.988039 0.18223703
vt 0.84318 0.3204
vt 0.842991 0.306584
vt 0.306176 0.761168
vt 0.301479 0.738922
vt 0.30066 0.739536
vt 0.982784 0.334217
vt 0.982784 0.348033
vt 0.98334 0.334217
vt 0.985897 0.223687
vt 0.985897 0.23750299
vt 0.84318 0.334217
vt 0.710081 0.076119006
vt 0.710081 0.08726299
vt 0.7106 0.07612002
vt 0.978887 0.278951
vt 0.978887 0.265135
vt 0.972238 0.278951
vt 0.858791 0.09974599
vt 0.972238 0.09974599
vt 0.972238 0.11311197
vt 0.978887 0.09974599
vt 0.915514 0.042481005
vt 0.939536 0.042487025
vt 0.915514 0.041936994
vt 0.84247 0.07612002
vt 0.84247 0.06668699
vt 0.839908 0.07612002
vt 0.871532 0.04119301
vt 0.87154 0.04199201
vt 0.291765 0.592435
vt 0.293248 0.565361
vt 0.326148 0.838005
vt 0.316967 0.813226
vt 0.325613 0.838889
vt 0.959459 0.41741902
vt 0.93953 0.40336102
vt 0.84318 0.432593
vt 0.84299 0.432593
vt 0.844361 0.20986998
vt 0.844361 0.22368598
vt 0.845132 0.20986998
vt 0.852127 0.043003023
vt 0.858784 0.04338801
vt 0.84906 0.15459597
vt 0.84906 0.14076197
vt 0.978887 0.223687
vt 0.978887 0.23750299
vt 0.87155 0.034389973
vt 0.87154 0.036346972
vt 0.891491 0.034365
vt 0.871569 0.053040028
vt 0.891499 0.053039014
vt 0.871569 0.048686028
vt 0.713163 0.18223703
vt 0.713163 0.19605398
vt 0.328366 0.834345
vt 0.338672 0.857835
vt 0.32905 0.833217
vt 0.302201 0.477305
vt 0.871565 0.031497
vt 0.981576 0.042292
vt 0.982105 0.042558014
vt 0.981753 0.041536987
vt 0.844365 0.048636973
vt 0.845147 0.04861802
vt 0.844371 0.045790017
vt 0.846025 0.23750299
vt 0.846918 0.23750299
vt 0.846918 0.348033
vt 0.846918 0.36185002
vt 0.847688 0.348033
vt 0.987849 0.15459698
vt 0.987849 0.16842002
vt 0.988039 0.15459597
vt 0.843431 0.099744976
vt 0.843431 0.11311197
vt 0.846918 0.375673
vt 0.847688 0.375674
vt 0.982159 0.11311197
vt 0.982159 0.12690997
vt 0.98241 0.11311197
vt 0.981449 0.066709995
vt 0.978887 0.066709995
vt 0.981449 0.07613301
vt 0.939529 0.048681974
vt 0.959458 0.048682988
vt 0.939529 0.04584998
vt 0.75252 0.18223703
vt 0.75252 0.16842002
vt 0.73259 0.18223703
vt 0.317719 0.47104102
vt 0.317601 0.470379
vt 0.852142 0.19605398
vt 0.852142 0.20986998
vt 0.871569 0.36185002
vt 0.82048 0.11311197
vt 0.820481 0.12690997
vt 0.833259 0.11311197
vt 0.915514 0.048681974
vt 0.9839 0.04158002
vt 0.983152 0.042375028
vt 0.30449 0.46092898
vt 0.304202 0.460182
vt 0.303536 0.466353
vt 0.959447 0.030668974
vt 0.986668 0.320401
vt 0.985897 0.320401
vt 0.986668 0.334217
vt 0.984111 0.251319
vt 0.983341 0.251319
vt 0.98241 0.375674
vt 0.982159 0.375674
vt 0.846025 0.12690997
vt 0.719812 0.066688
vt 0.719812 0.07612097
vt 0.846918 0.20986998
vt 0.98145 0.41741902
vt 0.978887 0.41741902
vt 0.981449 0.432593
vt 0.871569 0.19605398
vt 0.891499 0.19605398
vt 0.986668 0.18223703
vt 0.986668 0.16842002
vt 0.985897 0.18223703
vt 0.982159 0.348033
vt 0.98241 0.348033
vt 0.98241 0.334217
vt 0.376623 0.913096
vt 0.374034 0.922599
vt 0.376436 0.913854
vt 0.376235 0.914817
vt 0.915514 0.032682
vt 0.915514 0.03435701
vt 0.939532 0.03268498
vt 0.987598 0.20986998
vt 0.987849 0.20986998
vt 0.891499 0.334217
vt 0.294918 0.671749
vt 0.295442 0.671596
vt 0.959494 0.04118699
vt 0.959499 0.039982975
vt 0.297359 0.694575
vt 0.842471 0.15459597
vt 0.842991 0.15459597
vt 0.842471 0.14076197
vt 0.852142 0.059032023
vt 0.858791 0.05903101
vt 0.363376 0.89712
vt 0.363003 0.898283
vt 0.848245 0.375673
vt 0.891494 0.042900026
vt 0.405415 0.931912
vt 0.40351 0.938589
vt 0.871569 0.048686028
vt 0.871569 0.045857012
vt 0.858791 0.04869002
vt 0.73259 0.22368598
vt 0.719812 0.22368598
vt 0.73259 0.23750299
vt 0.7106 0.20986998
vt 0.710081 0.20986998
vt 0.7106 0.22368598
vt 0.304362 0.501552
vt 0.304661 0.50189
vt 0.306703 0.487418
vt 0.972238 0.292768
vt 0.849579 0.14076197
vt 0.978887 0.320401
vt 0.978887 0.334217
vt 0.981449 0.320401
vt 0.848871 0.066707015
vt 0.848624 0.059018016
vt 0.833234 0.042934
vt 0.820471 0.043349028
vt 0.293927 0.696073
vt 0.292372 0.672485
vt 0.292958 0.696493
vt 0.293848 0.719762
vt 0.981969 0.40336102
vt 0.981449 0.40336102
vt 0.820481 0.41741902
vt 0.833259 0.41741902
vt 0.820481 0.40336102
vt 0.73259 0.20986998
vt 0.719812 0.20986998
vt 0.306384 0.48682398
vt 0.30599 0.485972
vt 0.303608 0.500323
vt 0.842471 0.432593
vt 0.288139 0.619857
vt 0.713163 0.40336102
vt 0.710601 0.40336102
vt 0.713163 0.41741902
vt 0.800551 0.11311197
vt 0.800551 0.12690997
vt 0.308817 0.469701
vt 0.309019 0.46909302
vt 0.308342 0.46833402
vt 0.985004 0.38950902
vt 0.972238 0.223687
vt 0.972238 0.23750299
vt 0.363668 0.896233
vt 0.351498 0.876489
vt 0.713163 0.334217
vt 0.98144 0.048676014
vt 0.981445 0.053036988
vt 0.981953 0.048662007
vt 0.752519 0.045817018
vt 0.73259 0.045826018
vt 0.75252 0.04864198
vt 0.858713 0.038376987
vt 0.871532 0.038303018
vt 0.852142 0.265135
vt 0.852142 0.251319
vt 0.839908 0.06668699
vt 0.839908 0.40336102
vt 0.839908 0.389508
vt 0.833259 0.40336102
vt 0.959459 0.251319
vt 0.972238 0.251319
vt 0.95946 0.23750299
vt 0.858791 0.20986998
vt 0.820481 0.389508
vt 0.800551 0.389508
vt 0.820481 0.40336102
vt 0.981969 0.320401
vt 0.981969 0.334217
vt 0.985897 0.20986998
vt 0.988039 0.38950902
vt 0.988039 0.375674
vt 0.987849 0.375674
vt 0.842991 0.334217
vt 0.847688 0.18223703
vt 0.848245 0.18223703
vt 0.847689 0.16842002
vt 0.986668 0.375674
vt 0.986667 0.36185098
vt 0.985897 0.375674
vt 0.845132 0.3204
vt 0.846025 0.3204
vt 0.845132 0.306584
vt 0.847813 0.043769002
vt 0.987586 0.04864198
vt 0.987216 0.048640013
vt 0.846918 0.15459597
vt 0.847689 0.15459597
vt 0.846918 0.14076197
vt 0.982783 0.38950902
vt 0.98334 0.38950902
vt 0.982783 0.375674
vt 0.846918 0.22368598
vt 0.847688 0.22368598
vt 0.848245 0.22368598
vt 0.848245 0.23750299
vt 0.847873 0.042383015
vt 0.847922 0.040416002
vt 0.843805 0.14076197
vt 0.843804 0.12690997
vt 0.843431 0.12690997
vt 0.98145 0.38950902
vt 0.842471 0.22368598
vt 0.842471 0.23750299
vt 0.713163 0.07612002
vt 0.713163 0.08726299
vt 0.983107 0.040416002
vt 0.713163 0.251319
vt 0.713163 0.23750299
vt 0.7106 0.251319
vt 0.713163 0.292768
vt 0.719812 0.292768
vt 0.713163 0.278952
vt 0.820481 0.20986998
vt 0.820481 0.19605398
vt 0.800551 0.20986998
vt 0.981449 0.348033
vt 0.978887 0.36185002
vt 0.972238 0.087267995
vt 0.959459 0.087267995
vt 0.848931 0.03460902
vt 0.848773 0.036660016
vt 0.849486 0.03454399
vt 0.719812 0.40336102
vt 0.73259 0.40336102
vt 0.719812 0.389508
vt 0.915514 0.12690997
vt 0.985897 0.334217
vt 0.985004 0.334217
vt 0.848619 0.292768
vt 0.848245 0.292768
vt 0.986668 0.292768
vt 0.985004 0.306584
vt 0.985004 0.292768
vt 0.84299 0.14076197
vt 0.84318 0.14076197
vt 0.84299 0.12690997
vt 0.7106 0.292768
vt 0.7106 0.278951
vt 0.800551 0.40336102
vt 0.833259 0.334217
vt 0.820481 0.334217
vt 0.871569 0.22368598
vt 0.871569 0.20986998
vt 0.335717 0.863612
vt 0.3361 0.862864
vt 0.325203 0.839564
vt 0.839908 0.14076197
vt 0.839908 0.12690997
vt 0.842471 0.375673
vt 0.839908 0.375673
vt 0.846108 0.04395199
vt 0.845203 0.043141007
vt 0.987991 0.045804024
vt 0.844361 0.36185002
vt 0.845132 0.36185002
vt 0.844362 0.348033
vt 0.84887 0.265135
vt 0.84887 0.251319
vt 0.987598 0.16842002
vt 0.987849 0.18223703
vt 0.713163 0.045859993
vt 0.776535 0.20986998
vt 0.75252 0.20986998
vt 0.776535 0.22368598
vt 0.7106 0.099744976
vt 0.7106 0.11311197
vt 0.713163 0.099744976
vt 0.30324 0.465622
vt 0.302982 0.46499598
vt 0.3015 0.475752
vt 0.98334 0.36185098
vt 0.98334 0.348033
vt 0.982784 0.36185098
vt 0.847688 0.265135
vt 0.959459 0.16842002
vt 0.95946 0.15459698
vt 0.93953 0.15459698
vt 0.843802 0.05300802
vt 0.843801 0.048649013
vt 0.843423 0.048654974
vt 0.800551 0.066688
vt 0.800551 0.07612097
vt 0.843392 0.042945027
vt 0.843127 0.042980015
vt 0.843401 0.043377995
vt 0.379924 0.075595975
vt 0.852142 0.278952
vt 0.839908 0.19605398
vt 0.839908 0.20986998
vt 0.842471 0.19605398
vt 0.7106 0.19605398
vt 0.713163 0.20986998
vt 0.820481 0.292768
vt 0.820481 0.278951
vt 0.776535 0.36185002
vt 0.776535 0.348033
vt 0.75252 0.36185002
vt 0.858733 0.036405027
vt 0.87154 0.036346972
vt 0.858772 0.032733023
vt 0.852111 0.03276801
vt 0.847688 0.251319
vt 0.285079 0.429179
vt 0.292701 0.429075
vt 0.820474 0.044185996
vt 0.833259 0.265135
vt 0.987842 0.052998006
vt 0.988029 0.052991986
vt 0.844361 0.41741902
vt 0.981962 0.053030014
vt 0.981967 0.059027016
vt 0.29049 0.697558
vt 0.846919 0.08726603
vt 0.846025 0.087265015
vt 0.842991 0.20986998
vt 0.986667 0.306584
vt 0.986668 0.292768
vt 0.985897 0.306584
vt 0.981969 0.09974599
vt 0.312455 0.15820801
vt 0.84907 0.048675
vt 0.460566 0.957151
vt 0.436776 0.95588
vt 0.460412 0.958014
vt 0.959459 0.14076197
vt 0.93953 0.14076197
vt 0.852142 0.23750299
vt 0.849579 0.23750299
vt 0.849579 0.251319
vt 0.30391 0.467295
vt 0.84341 0.044209003
vt 0.843418 0.04583502
vt 0.8438 0.045818985
vt 0.846919 0.07612699
vt 0.846025 0.07612598
vt 0.849579 0.334217
vt 0.848245 0.16842002
vt 0.847688 0.15459597
vt 0.986668 0.059005976
vt 0.986664 0.053003013
vt 0.985896 0.059005976
vt 0.839907 0.05899799
vt 0.852142 0.36185002
vt 0.776535 0.251319
vt 0.75252 0.251319
vt 0.776535 0.265135
vt 0.839905 0.053002
vt 0.839902 0.048649013
vt 0.833257 0.052999973
vt 0.852142 0.14076197
vt 0.852142 0.12690997
vt 0.73259 0.389508
vt 0.719812 0.375673
vt 0.93953 0.12690997
vt 0.915514 0.11311197
vt 0.84958 0.11311197
vt 0.852142 0.09974599
vt 0.981968 0.06670898
vt 0.776535 0.099744976
vt 0.776535 0.08726299
vt 0.75252 0.099744976
vt 0.984976 0.04859698
vt 0.984951 0.045702994
vt 0.984074 0.04858297
vt 0.986596 0.042752028
vt 0.987849 0.38950902
vt 0.987598 0.38950902
vt 0.845162 0.045750022
vt 0.351151 0.877309
vt 0.350695 0.878378
vt 0.372718 0.925955
vt 0.985897 0.278951
vt 0.985004 0.278951
vt 0.985897 0.292768
vt 0.846918 0.251319
vt 0.847689 0.251319
vt 0.848619 0.11311197
vt 0.848246 0.11311197
vt 0.848619 0.12690997
vt 0.982159 0.38950902
vt 0.981969 0.375674
vt 0.305982 0.46029902
vt 0.305512 0.45898002
vt 0.305769 0.46094197
vt 0.843805 0.15459597
vt 0.852142 0.076132
vt 0.852142 0.066709995
vt 0.849579 0.076132
vt 0.891499 0.432593
vt 0.891499 0.41741902
vt 0.871569 0.432593
vt 0.295668 0.539636
vt 0.849059 0.334217
vt 0.847813 0.043769002
vt 0.972238 0.265135
vt 0.959459 0.278951
vt 0.871569 0.18223703
vt 0.719812 0.15459597
vt 0.719812 0.16842002
vt 0.73259 0.15459597
vt 0.98241 0.40336102
vt 0.98241 0.41741902
vt 0.982783 0.41741902
vt 0.987224 0.278951
vt 0.986668 0.278951
vt 0.307956 0.759455
vt 0.848619 0.375674
vt 0.939528 0.03147602
vt 0.959455 0.031480014
vt 0.959447 0.030668974
vt 0.820481 0.18223703
vt 0.959459 0.348033
vt 0.959459 0.334217
vt 0.871569 0.320401
vt 0.719812 0.306584
vt 0.713163 0.306584
vt 0.93954 0.04194802
vt 0.844361 0.19605398
vt 0.845132 0.19605398
vt 0.844362 0.18223703
vt 0.978887 0.292768
vt 0.849579 0.278951
vt 0.986668 0.059005976
vt 0.981448 0.059029996
vt 0.839908 0.278951
vt 0.891499 0.40336102
vt 0.939532 0.04289502
vt 0.833259 0.36185002
vt 0.839908 0.36185002
vt 0.833259 0.348033
vt 0.98488 0.042926013
vt 0.871569 0.278951
vt 0.852142 0.15459597
vt 0.858791 0.15459597
vt 0.84958 0.076132
vt 0.84906 0.076132
vt 0.849579 0.087267995
vt 0.314722 0.46147603
vt 0.315374 0.46343702
vt 0.710081 0.19605398
vt 0.915514 0.09974599
vt 0.891499 0.09974599
vt 0.844361 0.389508
vt 0.844361 0.375674
vt 0.843805 0.389508
vt 0.7106 0.04351002
vt 0.713163 0.044256985
vt 0.98241 0.38950902
vt 0.987598 0.278951
vt 0.987849 0.278951
vt 0.987598 0.265135
vt 0.843796 0.043330014
vt 0.295178 0.593185
vt 0.295532 0.593237
vt 0.296549 0.566978
vt 0.848245 0.19605398
vt 0.847689 0.19605398
vt 0.848245 0.20986998
vt 0.972238 0.292768
vt 0.852142 0.087267995
vt 0.75252 0.265135
vt 0.73259 0.278951
vt 0.939529 0.048681974
vt 0.713163 0.22368598
vt 0.316027 0.465407
vt 0.987225 0.40336102
vt 0.986668 0.40336102
vt 0.982783 0.09974599
vt 0.983339 0.08726603
vt 0.844361 0.15459597
vt 0.307927 0.47772402
vt 0.820476 0.04581797
vt 0.800549 0.045813978
vt 0.820478 0.048642993
vt 0.820481 0.099744976
vt 0.73259 0.36185002
vt 0.75252 0.375673
vt 0.293584 0.592845
vt 0.294178 0.565827
vt 0.978887 0.251319
vt 0.985897 0.38950902
vt 0.959459 0.06670898
vt 0.972238 0.066709995
vt 0.972237 0.059029996
vt 0.846918 0.278951
vt 0.846918 0.265135
vt 0.982159 0.40336102
vt 0.852142 0.375674
vt 0.848999 0.032853007
vt 0.849534 0.03280902
vt 0.3366 0.861886
vt 0.84769 0.076128006
vt 0.713163 0.16842002
vt 0.297247 0.717775
vt 0.298091 0.717282
vt 0.842471 0.40336102
vt 0.842471 0.389508
vt 0.891499 0.18223703
vt 0.858791 0.11311197
vt 0.858791 0.12690997
vt 0.871569 0.11311197
vt 0.852142 0.41741902
vt 0.849579 0.41741902
vt 0.82048 0.11311197
vt 0.820481 0.099744976
vt 0.959459 0.19605398
vt 0.93953 0.18223703
vt 0.915514 0.15459597
vt 0.84958 0.05903101
vt 0.295679 0.512442
vt 0.298846 0.49163198
vt 0.98145 0.278951
vt 0.985898 0.066697
vt 0.982252 0.036652982
vt 0.982569 0.038697004
vt 0.84318 0.265135
vt 0.752519 0.042905986
vt 0.73259 0.043368995
vt 0.84906 0.40336102
vt 0.849059 0.38950902
vt 0.84887 0.40336102
vt 0.290222 0.619898
vt 0.289946 0.592026
vt 0.710081 0.11311197
vt 0.710081 0.12690997
vt 0.98145 0.14076197
vt 0.981969 0.14076197
vt 0.719812 0.053004026
vt 0.84299 0.07612097
vt 0.84247 0.07612002
vt 0.30157 0.520179
vt 0.304026 0.501046
vt 0.820481 0.18223703
vt 0.820481 0.19605398
vt 0.833259 0.18223703
vt 0.84906 0.06670898
vt 0.849061 0.059028983
vt 0.374034 0.922599
vt 0.871569 0.334217
vt 0.959459 0.40336102
vt 0.939544 0.041141987
vt 0.959494 0.04118699
vt 0.939546 0.03993398
vt 0.843431 0.16842002
vt 0.314084 0.782685
vt 0.313782 0.783062
vt 0.98334 0.223687
vt 0.982784 0.19605398
vt 0.982784 0.20986998
vt 0.98334 0.19605398
vt 0.844378 0.044129014
vt 0.848619 0.38950902
vt 0.848245 0.38950902
vt 0.982777 0.059010983
vt 0.982781 0.06670201
vt 0.983334 0.05900699
vt 0.84887 0.19605398
vt 0.988039 0.265135
vt 0.988039 0.251319
vt 0.987849 0.265135
vt 0.847688 0.20986998
vt 0.308564 0.789062
vt 0.845132 0.389508
vt 0.842991 0.19605398
vt 0.776535 0.18223703
vt 0.972238 0.40336102
vt 0.959459 0.40336102
vt 0.972238 0.41741902
vt 0.959488 0.036345005
vt 0.959496 0.03830099
vt 0.972315 0.038374007
vt 0.842471 0.292768
vt 0.842471 0.278951
vt 0.915514 0.076132
vt 0.93953 0.076132
vt 0.915514 0.06670898
vt 0.915514 0.278951
vt 0.915514 0.265135
vt 0.891499 0.278951
vt 0.842471 0.20986998
vt 0.713163 0.36185002
vt 0.719812 0.36185002
vt 0.713163 0.348033
vt 0.978886 0.04296702
vt 0.978917 0.04261899
vt 0.987849 0.40336102
vt 0.987598 0.40336102
vt 0.987849 0.41741902
vt 0.987225 0.40336102
vt 0.987598 0.40336102
vt 0.987224 0.38950902
vt 0.986668 0.15459698
vt 0.986668 0.14076197
vt 0.985897 0.15459698
vt 0.7106 0.043125987
vt 0.847689 0.292768
vt 0.98334 0.375674
vt 0.984111 0.38950902
vt 0.843804 0.41741902
vt 0.843804 0.40336102
vt 0.843431 0.41741902
vt 0.844361 0.3204
vt 0.3366 0.861886
vt 0.337238 0.860638
vt 0.326148 0.838005
vt 0.842471 0.18223703
vt 0.981969 0.076132
vt 0.981944 0.03152001
vt 0.981475 0.032769024
vt 0.833259 0.389508
vt 0.75252 0.066688
vt 0.959459 0.16842002
vt 0.959459 0.18223703
vt 0.972238 0.16842002
vt 0.93953 0.292768
vt 0.95946 0.292768
vt 0.93953 0.278951
vt 0.986668 0.19605398
vt 0.985897 0.19605398
vt 0.844361 0.348033
vt 0.844361 0.334217
vt 0.843805 0.348033
vt 0.988039 0.14076197
vt 0.988039 0.16842002
vt 0.842471 0.41741902
vt 0.839908 0.432593
vt 0.87155 0.042522013
vt 0.891491 0.042491972
vt 0.7106 0.045883
vt 0.713163 0.04866302
vt 0.858791 0.334217
vt 0.915514 0.059028983
vt 0.891499 0.059028983
vt 0.713163 0.38950902
vt 0.73259 0.375674
vt 0.322588 0.805884
vt 0.321662 0.806675
vt 0.330583 0.830619
vt 0.845132 0.251319
vt 0.844361 0.23750299
vt 0.309364 0.4701
vt 0.309601 0.470802
vt 0.31051 0.469858
vt 0.302201 0.477305
vt 0.93953 0.16842002
vt 0.313079 0.456644
vt 0.306053 0.456962
vt 0.313349 0.45741397
vt 0.304876 0.457263
vt 0.283782 0.429195
vt 0.283842 0.430026
vt 0.839908 0.306584
vt 0.98334 0.306584
vt 0.98334 0.292768
vt 0.986668 0.265135
vt 0.985897 0.265135
vt 0.986668 0.278951
vt 0.289827 0.673219
vt 0.290514 0.673021
vt 0.972238 0.306584
vt 0.800551 0.432593
vt 0.800551 0.41741902
vt 0.776535 0.432593
vt 0.95946 0.265135
vt 0.978887 0.087267995
vt 0.309704 0.46745503
vt 0.316608 0.467165
vt 0.351996 0.875253
vt 0.987849 0.223687
vt 0.987849 0.23750299
vt 0.988039 0.223687
vt 0.305156 0.45800602
vt 0.30494 0.45865
vt 0.305298 0.459625
vt 0.839908 0.15459597
vt 0.839908 0.08726299
vt 0.842471 0.08726299
vt 0.982159 0.23750299
vt 0.98241 0.23750299
vt 0.84318 0.18223703
vt 0.84299 0.18223703
vt 0.308202 0.48838598
vt 0.306987 0.48781103
vt 0.848632 0.053009987
vt 0.305769 0.46094197
vt 0.305982 0.46029902
vt 0.986668 0.38950902
vt 0.987598 0.41741902
vt 0.987849 0.432593
vt 0.843805 0.18223703
vt 0.844362 0.18223703
vt 0.852142 0.432593
vt 0.984095 0.05298698
vt 0.984074 0.04858297
vt 0.983322 0.05298698
vt 0.820481 0.15459597
vt 0.30599 0.485972
vt 0.982003 0.032799006
vt 0.75252 0.19605398
vt 0.73259 0.20986998
vt 0.73259 0.045826018
vt 0.7106 0.12690997
vt 0.7106 0.14076197
vt 0.713163 0.12690997
vt 0.982087 0.034586012
vt 0.981535 0.034527004
vt 0.84436 0.05900699
vt 0.984918 0.043949008
vt 0.306176 0.761168
vt 0.387571 0.891832
vt 0.377261 0.873117
vt 0.380185 0.905418
vt 0.420543 0.940155
vt 0.387825 0.93838
vt 0.984111 0.11311197
vt 0.98334 0.11311197
vt 0.98334 0.12690997
vt 0.288884 0.673489
vt 0.848459 0.038698018
vt 0.849235 0.038583994
vt 0.84939 0.036566973
vt 0.314976 0.782062
vt 0.73259 0.15459597
vt 0.73259 0.16842002
vt 0.843423 0.048654974
vt 0.304661 0.50189
vt 0.301886 0.520449
vt 0.342318 0.12942201
vt 0.332263 0.12376398
vt 0.377343 0.911073
vt 0.364767 0.893545
vt 0.981449 0.40336102
vt 0.84299 0.40336102
vt 0.842991 0.389508
vt 0.84887 0.38950902
vt 0.98241 0.14076197
vt 0.820481 0.251319
vt 0.820481 0.23750299
vt 0.800551 0.251319
vt 0.710081 0.059000015
vt 0.315624 0.815083
vt 0.307749 0.789995
vt 0.307435 0.790354
vt 0.978905 0.032739997
vt 0.972249 0.032715023
vt 0.820468 0.04290998
vt 0.800547 0.043339014
vt 0.982783 0.12690997
vt 0.98334 0.12690997
vt 0.891498 0.030147016
vt 0.915511 0.029730976
vt 0.301886 0.520449
vt 0.982784 0.320401
vt 0.82048 0.08726299
vt 0.833259 0.08726299
vt 0.833259 0.07612097
vt 0.983334 0.05900699
vt 0.98241 0.40336102
vt 0.982783 0.40336102
vt 0.73259 0.099744976
vt 0.73259 0.11311197
vt 0.848246 0.12690997
vt 0.847689 0.12690997
vt 0.98241 0.12690997
vt 0.982783 0.11311197
vt 0.710081 0.14076197
vt 0.710081 0.15459597
vt 0.293584 0.592845
vt 0.283733 0.42696702
vt 0.981792 0.038581014
vt 0.983107 0.040416002
vt 0.871568 0.044215024
vt 0.291203 0.619917
vt 0.290803 0.592219
vt 0.302712 0.47846
vt 0.3044 0.468552
vt 0.308409 0.471816
vt 0.73259 0.043368995
vt 0.73259 0.04293698
vt 0.988039 0.20986998
vt 0.73259 0.19605398
vt 0.871559 0.042919993
vt 0.839902 0.048649013
vt 0.839896 0.04583299
vt 0.972238 0.20986998
vt 0.302203 0.764884
vt 0.302823 0.764306
vt 0.297361 0.74201
vt 0.939532 0.03268498
vt 0.981969 0.12690997
vt 0.849579 0.375674
vt 0.800546 0.042895973
vt 0.30173 0.765327
vt 0.84318 0.11311197
vt 0.84299 0.11311197
vt 0.84318 0.12690997
vt 0.29933 0.22809702
vt 0.311279 0.22751999
vt 0.298558 0.49112397
vt 0.29974 0.740226
vt 0.314144 0.459745
vt 0.307152 0.460024
vt 0.842471 0.251319
vt 0.842471 0.23750299
vt 0.982404 0.059017003
vt 0.982003 0.032799006
vt 0.981475 0.032769024
vt 0.846025 0.40336102
vt 0.73259 0.16842002
vt 0.852142 0.18223703
vt 0.852142 0.16842002
vt 0.800551 0.05299902
vt 0.80055 0.048641026
vt 0.776535 0.05299902
vt 0.84887 0.334217
vt 0.84887 0.348033
vt 0.84299 0.099744976
vt 0.820481 0.36185002
vt 0.959459 0.306584
vt 0.93953 0.306584
vt 0.839908 0.07612002
vt 0.800551 0.19605398
vt 0.776535 0.19605398
vt 0.978887 0.40336102
vt 0.846918 0.12690997
vt 0.982784 0.292768
vt 0.98334 0.292768
vt 0.982784 0.278951
vt 0.98241 0.20986998
vt 0.986668 0.251319
vt 0.891487 0.041952014
vt 0.845132 0.18223703
vt 0.710081 0.265135
vt 0.7106 0.265135
vt 0.710081 0.251319
vt 0.844361 0.278951
vt 0.972238 0.15459698
vt 0.978887 0.15459698
vt 0.915514 0.16842002
vt 0.842471 0.099744976
vt 0.842471 0.11311197
vt 0.290843 0.564154
vt 0.291492 0.564479
vt 0.719812 0.08726299
vt 0.73259 0.08726299
vt 0.845132 0.40336102
vt 0.335413 0.864206
vt 0.324878 0.840101
vt 0.302612 0.738067
vt 0.298754 0.716894
vt 0.843805 0.375673
vt 0.982159 0.320401
vt 0.982159 0.334217
vt 0.844361 0.11311197
vt 0.843804 0.11311197
vt 0.844361 0.12690997
vt 0.95946 0.15459698
vt 0.848247 0.08726698
vt 0.84769 0.08726603
vt 0.848246 0.09974599
vt 0.294529 0.646456
vt 0.982655 0.04384297
vt 0.982345 0.045720994
vt 0.982409 0.09974599
vt 0.984976 0.04859698
vt 0.986668 0.11311197
vt 0.987225 0.099744976
vt 0.98334 0.278951
vt 0.844361 0.278951
vt 0.846025 0.11311197
vt 0.846025 0.099744976
vt 0.305812 0.45632398
vt 0.858791 0.432593
vt 0.871569 0.12690997
vt 0.800551 0.099744976
vt 0.93953 0.09974599
vt 0.93953 0.087267995
vt 0.312973 0.784011
vt 0.312377 0.784693
vt 0.73259 0.334217
vt 0.915514 0.375674
vt 0.842471 0.12690997
vt 0.348202 0.884139
vt 0.75252 0.04418403
vt 0.73259 0.07612097
vt 0.776535 0.375673
vt 0.843798 0.04417801
vt 0.844371 0.045790017
vt 0.985004 0.265135
vt 0.283706 0.42194802
vt 0.843805 0.36185002
vt 0.843431 0.375673
vt 0.986668 0.12690997
vt 0.986668 0.14076197
vt 0.846025 0.251319
vt 0.986657 0.048632026
vt 0.986664 0.053003013
vt 0.987216 0.048640013
vt 0.843431 0.18223703
vt 0.849053 0.030848026
vt 0.84956 0.031587005
vt 0.987598 0.251319
vt 0.291445 0.646902
vt 0.891499 0.251319
vt 0.915514 0.251319
vt 0.849579 0.306584
vt 0.852142 0.306584
vt 0.73259 0.053000987
vt 0.871569 0.40336102
vt 0.972238 0.320401
vt 0.820481 0.348033
vt 0.915514 0.14076197
vt 0.891499 0.15459597
vt 0.983341 0.320401
vt 0.984111 0.320401
vt 0.842991 0.265135
vt 0.842471 0.265135
vt 0.800551 0.3204
vt 0.800551 0.306584
vt 0.776535 0.3204
vt 0.843431 0.3204
vt 0.844365 0.048636973
vt 0.987599 0.099744976
vt 0.98785 0.08726299
vt 0.297704 0.694406
vt 0.848619 0.23750299
vt 0.376016 0.916096
vt 0.986657 0.048632026
vt 0.84887 0.18223703
vt 0.7106 0.41741902
vt 0.846025 0.292768
vt 0.820481 0.292768
vt 0.820481 0.306584
vt 0.710081 0.3204
vt 0.710081 0.334217
vt 0.839908 0.265135
vt 0.713163 0.292768
vt 0.719812 0.292768
vt 0.329586 0.83233
vt 0.326831 0.836878
vt 0.73259 0.048646986
vt 0.73259 0.053000987
vt 0.776535 0.048640013
vt 0.95946 0.09974599
vt 0.845131 0.07612598
vt 0.987849 0.40336102
vt 0.85211 0.03276801
vt 0.292319 0.564894
vt 0.710081 0.292768
vt 0.337238 0.860638
vt 0.337955 0.859237
vt 0.959433 0.029725015
vt 0.776535 0.334217
vt 0.75252 0.334217
vt 0.84887 0.18223703
vt 0.982159 0.223687
vt 0.986668 0.40336102
vt 0.849035 0.031624973
vt 0.849534 0.03280902
vt 0.847695 0.05900699
vt 0.846934 0.05298698
vt 0.843431 0.348033
vt 0.982159 0.292768
vt 0.982159 0.306584
vt 0.982159 0.09974599
vt 0.844361 0.292768
vt 0.833259 0.18223703
vt 0.839908 0.18223703
vt 0.833259 0.16842002
vt 0.75252 0.12690997
vt 0.776535 0.14076197
vt 0.820481 0.3204
vt 0.73259 0.048646986
vt 0.871569 0.265135
vt 0.891499 0.265135
vt 0.871569 0.251319
vt 0.75252 0.3204
vt 0.73259 0.3204
vt 0.719812 0.23750299
vt 0.820481 0.36185002
vt 0.800551 0.36185002
vt 0.820481 0.375673
vt 0.891499 0.320401
vt 0.891499 0.306584
vt 0.959473 0.042509973
vt 0.972263 0.04255098
vt 0.959484 0.04198301
vt 0.98785 0.099744976
vt 0.988039 0.08726299
vt 0.85214 0.04341203
vt 0.849599 0.043434024
vt 0.852144 0.044236004
vt 0.847689 0.20986998
vt 0.871569 0.076132
vt 0.891499 0.076132
vt 0.833259 0.07612097
vt 0.833259 0.066688
vt 0.849059 0.348033
vt 0.983298 0.048578978
vt 0.987598 0.36185098
vt 0.844361 0.389508
vt 0.985004 0.251319
vt 0.320037 0.808981
vt 0.311619 0.785563
vt 0.314084 0.782685
vt 0.978887 0.16842002
vt 0.843431 0.14076197
vt 0.84318 0.12690997
vt 0.315324 0.815497
vt 0.359473 0.907711
vt 0.346857 0.887219
vt 0.849579 0.15459597
vt 0.84958 0.066709995
vt 0.972244 0.042928994
vt 0.959458 0.043356
vt 0.848873 0.059023976
vt 0.848619 0.18223703
vt 0.848245 0.18223703
vt 0.987222 0.05300498
vt 0.987586 0.04864198
vt 0.844361 0.14076197
vt 0.844361 0.12690997
vt 0.848619 0.40336102
vt 0.871569 0.20986998
vt 0.871569 0.223687
vt 0.852032 0.03648001
vt 0.851972 0.038474023
vt 0.800551 0.14076197
vt 0.959459 0.076132
vt 0.93953 0.06670898
vt 0.849134 0.04031402
vt 0.983338 0.06669998
vt 0.84906 0.076132
vt 0.842471 0.306584
vt 0.335717 0.863612
vt 0.347101 0.886657
vt 0.848871 0.076130986
vt 0.833259 0.23750299
vt 0.776535 0.41741902
vt 0.75252 0.432593
vt 0.75252 0.22368598
vt 0.776535 0.23750299
vt 0.842471 0.18223703
vt 0.842471 0.16842002
vt 0.891499 0.06670898
vt 0.844361 0.40336102
vt 0.307269 0.76014
vt 0.987849 0.11311197
vt 0.987849 0.12690997
vt 0.988039 0.11311197
vt 0.982076 0.04410398
vt 0.981917 0.04417199
vt 0.982111 0.045772016
vt 0.846918 0.306584
vt 0.846918 0.3204
vt 0.847688 0.306584
vt 0.984111 0.278951
vt 0.984111 0.265135
vt 0.98334 0.278951
vt 0.985004 0.19605398
vt 0.984111 0.20986998
vt 0.95946 0.320401
vt 0.842991 0.278951
vt 0.982298 0.043990016
vt 0.85208 0.034483016
vt 0.858791 0.076132
vt 0.891494 0.032688975
vt 0.710601 0.23750299
vt 0.302712 0.47846
vt 0.844361 0.40336102
vt 0.848619 0.334217
vt 0.98241 0.23750299
vt 0.833259 0.19605398
vt 0.400476 0.953989
vt 0.416143 0.964297
vt 0.34049 0.854248
vt 0.713163 0.375674
vt 0.7106 0.08726299
vt 0.852129 0.031551003
vt 0.710601 0.38950902
vt 0.710081 0.40336102
vt 0.978887 0.07613301
vt 0.978887 0.432593
vt 0.987598 0.12690997
vt 0.988036 0.058992982
vt 0.362534 0.899767
vt 0.34946 0.881265
vt 0.776535 0.07612097
vt 0.296152 0.566806
vt 0.843431 0.12690997
vt 0.987849 0.292768
vt 0.988039 0.292768
vt 0.988039 0.432593
vt 0.843805 0.22368598
vt 0.986668 0.223687
vt 0.986668 0.23750299
vt 0.294 0.538172
vt 0.28876 0.591759
vt 0.839908 0.41741902
vt 0.73259 0.22368598
vt 0.847688 0.22368598
vt 0.297954 0.541639
vt 0.300767 0.519218
vt 0.985898 0.07612598
vt 0.842445 0.044221997
vt 0.915514 0.087267995
vt 0.987594 0.053002
vt 0.852142 0.18223703
vt 0.985897 0.16842002
vt 0.844361 0.16842002
vt 0.845132 0.16842002
vt 0.844361 0.15459597
vt 0.983341 0.265135
vt 0.847688 0.334217
vt 0.848245 0.334217
vt 0.847688 0.3204
vt 0.98334 0.11311197
vt 0.982159 0.292768
vt 0.982159 0.278951
vt 0.981969 0.292768
vt 0.719812 0.265135
vt 0.713163 0.265135
vt 0.982409 0.08726698
vt 0.93953 0.23750299
vt 0.776535 0.306584
vt 0.73259 0.12690997
vt 0.84769 0.08726603
vt 0.710081 0.292768
vt 0.93953 0.265135
vt 0.93953 0.251319
vt 0.306044 0.19402897
vt 0.317906 0.19422603
vt 0.843429 0.05900401
vt 0.843427 0.05300802
vt 0.987832 0.048637986
vt 0.984041 0.045663
vt 0.983341 0.20986998
vt 0.852142 0.11311197
vt 0.843175 0.053007007
vt 0.959459 0.334217
vt 0.972287 0.04204297
vt 0.7106 0.375673
vt 0.7106 0.36185002
vt 0.313426 0.783485
vt 0.320605 0.808195
vt 0.710081 0.375674
vt 0.982134 0.048639
vt 0.981953 0.048662007
vt 0.350115 0.879739
vt 0.848246 0.40336102
vt 0.845132 0.15459597
vt 0.846025 0.15459597
vt 0.84299 0.348033
vt 0.871569 0.029779017
vt 0.847688 0.306584
vt 0.98334 0.16842002
vt 0.986668 0.20986998
vt 0.986668 0.223687
vt 0.846052 0.04859799
vt 0.891499 0.375674
vt 0.820481 0.07612097
vt 0.842935 0.042990983
vt 0.84314 0.04340303
vt 0.978887 0.20986998
vt 0.833259 0.14076197
vt 0.833259 0.12690997
vt 0.820481 0.14076197
vt 0.986669 0.066694975
vt 0.93953 0.059028983
vt 0.959459 0.059028983
vt 0.800551 0.348033
vt 0.84769 0.076128006
vt 0.959459 0.348033
vt 0.972238 0.348033
vt 0.972238 0.334217
vt 0.98241 0.278951
vt 0.983341 0.375674
vt 0.846025 0.20986998
vt 0.844361 0.292768
vt 0.84887 0.41741902
vt 0.197289 0.831152
vt 0.197147 0.851362
vt 0.197492 0.831375
vt 0.843431 0.40336102
vt 0.985004 0.320401
vt 0.843431 0.36185002
vt 0.820478 0.048642993
vt 0.800551 0.05899799
vt 0.776535 0.066688
vt 0.846076 0.04570502
vt 0.843431 0.15459597
vt 0.335149 0.864723
vt 0.98589 0.052998006
vt 0.985879 0.048615992
vt 0.98334 0.40336102
vt 0.982783 0.40336102
vt 0.98334 0.41741902
vt 0.846025 0.389508
vt 0.285029 0.397861
vt 0.285006 0.412435
vt 0.292384 0.41025
vt 0.95946 0.20986998
vt 0.800551 0.23750299
vt 0.891499 0.16842002
vt 0.73259 0.41741902
vt 0.719812 0.41741902
vt 0.73259 0.432593
vt 0.985897 0.251319
vt 0.844362 0.3204
vt 0.844361 0.306584
vt 0.846036 0.052991986
vt 0.846052 0.04859799
vt 0.847689 0.09974599
vt 0.73259 0.292768
vt 0.73259 0.278951
vt 0.98145 0.334217
vt 0.981449 0.348033
vt 0.2963 0.718329
vt 0.800551 0.334217
vt 0.73259 0.265135
vt 0.73259 0.251319
vt 0.7106 0.16842002
vt 0.84887 0.432593
vt 0.846145 0.042928994
vt 0.845227 0.042614996
vt 0.843431 0.18223703
vt 0.846918 0.16842002
vt 0.847688 0.16842002
vt 0.839908 0.18223703
vt 0.292433 0.64676
vt 0.312377 0.784694
vt 0.843803 0.07612401
vt 0.84343 0.076123
vt 0.852142 0.12690997
vt 0.288361 0.647345
vt 0.984111 0.14076197
vt 0.98334 0.14076197
vt 0.820481 0.41741902
vt 0.972237 0.053040028
vt 0.959464 0.042907
vt 0.959473 0.042509973
vt 0.858791 0.053041995
vt 0.858791 0.04869002
vt 0.75252 0.348033
vt 0.98334 0.40336102
vt 0.710081 0.099744976
vt 0.986668 0.12690997
vt 0.985897 0.12690997
vt 0.849059 0.16842002
vt 0.710081 0.41741902
vt 0.978884 0.053039014
vt 0.978886 0.059029996
vt 0.978887 0.348033
vt 0.959459 0.223687
vt 0.719812 0.14076197
vt 0.98241 0.320401
vt 0.846184 0.042264998
vt 0.847688 0.18223703
vt 0.982784 0.348033
vt 0.871569 0.030170023
vt 0.871568 0.030698001
vt 0.839908 0.16842002
vt 0.915513 0.03147602
vt 0.800551 0.22368598
vt 0.972238 0.40336102
vt 0.842991 0.292768
vt 0.719812 0.278951
vt 0.73259 0.14076197
vt 0.75252 0.08726299
vt 0.843179 0.076121986
vt 0.289274 0.591875
vt 0.289946 0.592026
vt 0.852144 0.045866013
vt 0.849587 0.045859993
vt 0.852143 0.048690975
vt 0.849593 0.044236004
vt 0.849096 0.04420799
vt 0.98145 0.23750299
vt 0.300187 0.518449
vt 0.303065 0.49933398
vt 0.843431 0.251319
vt 0.98241 0.306584
vt 0.84887 0.12690997
vt 0.987224 0.36185002
vt 0.985897 0.14076197
vt 0.846025 0.334217
vt 0.285114 0.379169
vt 0.292096 0.39394802
vt 0.847689 0.40336102
vt 0.982409 0.432593
vt 0.939529 0.044203997
vt 0.710081 0.23750299
vt 0.320037 0.808981
vt 0.852143 0.048690975
vt 0.871568 0.044215024
vt 0.858789 0.044227004
vt 0.820481 0.12690997
vt 0.73259 0.044200003
vt 0.979055 0.03846997
vt 0.979082 0.04017198
vt 0.281893 0.465608
vt 0.281756 0.46545
vt 0.280022 0.481856
vt 0.337955 0.859237
vt 0.871569 0.09974599
vt 0.959485 0.04198301
vt 0.983341 0.18223703
vt 0.871532 0.04119301
vt 0.316166 0.69492
vt 0.303659 0.694453
vt 0.306576 0.715789
vt 0.309739 0.47121298
vt 0.849591 0.04306698
vt 0.7106 0.23750299
vt 0.393021 0.039964974
vt 0.389605 0.933451
vt 0.389513 0.931609
vt 0.375756 0.917732
vt 0.337116 0.10305601
vt 0.300133 0.49395102
vt 0.28436 0.35842
vt 0.301546 0.672163
vt 0.301369 0.648463
vt 0.297124 0.671362
vt 0.28592 0.335105
vt 0.290305 0.33214802
vt 0.820481 0.251319
vt 0.820481 0.265135
vt 0.296438 0.694987
vt 0.330583 0.830619
vt 0.292096 0.696866
vt 0.7106 0.044295013
vt 0.98334 0.36185098
vt 0.336303 0.14737898
vt 0.30932 0.47390902
vt 0.978886 0.04296702
vt 0.283964 0.379848
vt 0.305431 0.17597902
vt 0.319092 0.13897699
vt 0.319931 0.13963199
vt 0.305161 0.548301
vt 0.348617 0.113195
vt 0.847707 0.052987993
vt 0.846954 0.048583984
vt 0.84906 0.432593
vt 0.84906 0.41741902
vt 0.289349 0.619881
vt 0.710081 0.22368598
vt 0.376016 0.916096
vt 0.84318 0.23750299
vt 0.84299 0.07612097
vt 0.73259 0.334217
vt 0.959459 0.23750299
vt 0.987224 0.348033
vt 0.418191 0.951154
vt 0.418176 0.950261
vt 0.891499 0.087267995
vt 0.313692 0.45841002
vt 0.844361 0.334217
vt 0.845132 0.334217
vt 0.983339 0.076128006
vt 0.304826 0.483307
vt 0.987193 0.044151008
vt 0.986631 0.044115007
vt 0.84343 0.432593
vt 0.986614 0.043236017
vt 0.31769 0.812227
vt 0.710081 0.278951
vt 0.848283 0.04859698
vt 0.848317 0.04568398
vt 0.842471 0.12690997
vt 0.979082 0.04017198
vt 0.296894 0.567097
vt 0.330822 0.77471
vt 0.323301 0.755641
vt 0.313017 0.757936
vt 0.319493 0.779953
vt 0.308342 0.46833402
vt 0.871559 0.03270501
vt 0.981969 0.432593
vt 0.986669 0.076125026
vt 0.986669 0.076125026
vt 0.710601 0.432593
vt 0.983338 0.06669998
vt 0.891499 0.14076197
vt 0.981891 0.040305972
vt 0.842981 0.048655987
vt 0.842462 0.048653007
vt 0.710081 0.066685975
vt 0.370799 0.089227974
vt 0.362228 0.078251004
vt 0.359157 0.100960016
vt 0.848245 0.306584
vt 0.358325 0.072763026
vt 0.348011 0.08802903
vt 0.369649 0.060118973
vt 0.358925 0.073828995
vt 0.370148 0.061178982
vt 0.388551 0.064144015
vt 0.776535 0.16842002
vt 0.978971 0.042140007
vt 0.820481 0.20986998
vt 0.849121 0.04341799
vt 0.987598 0.18223703
vt 0.84958 0.432593
vt 0.848648 0.048622012
vt 0.389513 0.931609
vt 0.98334 0.15459698
vt 0.281293 0.47949702
vt 0.282847 0.464724
vt 0.281081 0.47937799
vt 0.295299 0.646325
vt 0.304876 0.457263
vt 0.959499 0.039982975
vt 0.959496 0.03830099
vt 0.849079 0.045838
vt 0.84907 0.048675
vt 0.849583 0.048687994
vt 0.713163 0.432593
vt 0.40684 0.03373897
vt 0.408802 0.039409995
vt 0.283503 0.46469897
vt 0.846025 0.432593
vt 0.983341 0.265135
vt 0.406496 0.032438993
vt 0.294026 0.286763
vt 0.425211 0.033026993
vt 0.320795 0.71581
vt 0.402125 0.951487
vt 0.401256 0.952452
vt 0.417821 0.961246
vt 0.41698 0.962127
vt 0.436171 0.966963
vt 0.435867 0.967852
vt 0.459035 0.96823
vt 0.459704 0.96912
vt 0.776535 0.389508
vt 0.387825 0.93838
vt 0.436745 0.956757
vt 0.418385 0.952356
vt 0.436757 0.957898
vt 0.403133 0.9429
vt 0.28704 0.311947
vt 0.291987 0.30938298
vt 0.287483 0.289393
vt 0.460024 0.959111
vt 0.436833 0.95944
vt 0.459286 0.960565
vt 0.418852 0.954026
vt 0.403496 0.944505
vt 0.43568 0.968638
vt 0.858791 0.38950902
vt 0.305386 0.761908
vt 0.293697 0.228145
vt 0.309201 0.736735
vt 0.308814 0.759022
vt 0.327441 0.802917
vt 0.331396 0.829748
vt 0.297663 0.21077102
vt 0.302911 0.21081603
vt 0.300508 0.19343603
vt 0.847689 0.14076197
vt 0.309364 0.4701
vt 0.972295 0.036401987
vt 0.84769 0.076128006
vt 0.847691 0.06669998
vt 0.842991 0.22368598
vt 0.839908 0.334217
vt 0.73259 0.099744976
vt 0.306987 0.48781103
vt 0.844361 0.251319
vt 0.844361 0.265135
vt 0.972249 0.032715023
vt 0.305478 0.484805
vt 0.820481 0.278951
vt 0.400746 0.95327
vt 0.987224 0.23750299
vt 0.197337 0.851604
vt 0.197747 0.831729
vt 0.73259 0.265135
vt 0.196529 0.851122
vt 0.197147 0.851362
vt 0.196659 0.830918
vt 0.959459 0.087267995
vt 0.305478 0.484805
vt 0.306431 0.473863
vt 0.833255 0.048645973
vt 0.820478 0.048642993
vt 0.82048 0.052999973
vt 0.283775 0.39840698
vt 0.986669 0.087265015
vt 0.985897 0.099744976
vt 0.84907 0.048675
vt 0.849079 0.045838
vt 0.844362 0.05300498
vt 0.710081 0.043205976
vt 0.28922 0.26744002
vt 0.288515 0.28913802
vt 0.423233 0.026558995
vt 0.291439 0.37426698
vt 0.301393 0.19370902
vt 0.833259 0.23750299
vt 0.294606 0.22828197
vt 0.296685 0.21057099
vt 0.847922 0.040416002
vt 0.843805 0.18223703
vt 0.298091 0.717282
vt 0.294509 0.719376
vt 0.871568 0.030698001
vt 0.988014 0.048632026
vt 0.981953 0.048662007
vt 0.981938 0.045813024
vt 0.98334 0.23750299
vt 0.848246 0.41741902
vt 0.847689 0.432593
vt 0.981888 0.043375015
vt 0.437106 0.953477
vt 0.335567 0.826515
vt 0.98241 0.348033
vt 0.353031 0.840573
vt 0.346253 0.819115
vt 0.344785 0.849084
vt 0.833258 0.05899799
vt 0.82048 0.05899799
vt 0.820481 0.066688
vt 0.286087 0.312249
vt 0.295371 0.512042
vt 0.292208 0.536615
vt 0.338672 0.857835
vt 0.33931 0.856586
vt 0.710081 0.04590702
vt 0.710081 0.048686028
vt 0.939537 0.034363985
vt 0.959477 0.03438598
vt 0.972244 0.042928994
vt 0.939542 0.036310017
vt 0.939545 0.038257003
vt 0.98334 0.16842002
vt 0.98334 0.18223703
vt 0.978887 0.348033
vt 0.972238 0.348033
vt 0.800551 0.15459698
vt 0.987224 0.348033
vt 0.986668 0.36185002
vt 0.351769 0.875832
vt 0.34049 0.854248
vt 0.340192 0.854852
vt 0.309704 0.46745503
vt 0.310172 0.46883398
vt 0.316608 0.467165
vt 0.710081 0.04433602
vt 0.310735 0.470613
vt 0.317386 0.46958202
vt 0.972238 0.076132
vt 0.959459 0.076132
vt 0.719812 0.40336102
vt 0.891482 0.039936006
vt 0.846025 0.348033
vt 0.846918 0.334217
vt 0.986668 0.375674
vt 0.987224 0.375674
vt 0.981917 0.04417199
vt 0.858791 0.223687
vt 0.871569 0.23750299
vt 0.871569 0.15459597
vt 0.833259 0.15459698
vt 0.820481 0.16842002
vt 0.73259 0.389508
vt 0.987849 0.348033
vt 0.98334 0.348033
vt 0.847688 0.334217
vt 0.988039 0.12690997
vt 0.984111 0.334217
vt 0.98334 0.334217
vt 0.845132 0.348033
vt 0.846918 0.432593
vt 0.847689 0.41741902
vt 0.844361 0.14076197
vt 0.285124 0.430014
vt 0.292737 0.429942
vt 0.959459 0.41741902
vt 0.972238 0.432593
vt 0.73259 0.432593
vt 0.846954 0.048583984
vt 0.986667 0.251319
vt 0.986668 0.23750299
vt 0.847729 0.048582017
vt 0.986657 0.048632026
vt 0.984111 0.15459698
vt 0.982376 0.04861301
vt 0.985004 0.432593
vt 0.959464 0.042907
vt 0.871559 0.03270501
vt 0.282425 0.46493
vt 0.280869 0.47968698
vt 0.360753 0.904447
vt 0.981467 0.042730987
vt 0.820481 0.07612097
vt 0.847695 0.05900699
vt 0.820481 0.18223703
vt 0.73259 0.36185002
vt 0.73259 0.348033
vt 0.959477 0.03438598
vt 0.298003 0.741529
vt 0.847688 0.278951
vt 0.847707 0.052987993
vt 0.87155 0.042522013
vt 0.871559 0.042919993
vt 0.891487 0.03631097
vt 0.988039 0.41741902
vt 0.982159 0.14076197
vt 0.847688 0.36185002
vt 0.844361 0.19605398
vt 0.915514 0.23750299
vt 0.986668 0.292768
vt 0.987224 0.292768
vt 0.98484 0.042262018
vt 0.846025 0.306584
vt 0.820481 0.15459597
vt 0.988039 0.334217
vt 0.915514 0.306584
vt 0.915514 0.292768
vt 0.849059 0.251319
vt 0.820481 0.22368598
vt 0.849579 0.18223703
vt 0.95946 0.09974599
vt 0.98241 0.292768
vt 0.984111 0.292768
vt 0.73259 0.40336102
vt 0.335149 0.864723
vt 0.324595 0.840568
vt 0.848245 0.23750299
vt 0.299992 0.716132
vt 0.846025 0.16842002
vt 0.986668 0.40336102
vt 0.986668 0.38950902
vt 0.339812 0.855605
vt 0.33931 0.856586
vt 0.847688 0.348033
vt 0.848245 0.348033
vt 0.858791 0.265135
vt 0.93953 0.375674
vt 0.93953 0.320401
vt 0.820481 0.432593
vt 0.959459 0.306584
vt 0.849579 0.40336102
vt 0.871529 0.039986014
vt 0.871569 0.09974599
vt 0.959459 0.11311197
vt 0.959459 0.223687
vt 0.959488 0.036345005
vt 0.800551 0.375673
vt 0.73259 0.11311197
vt 0.82048 0.052999973
vt 0.82048 0.05899799
vt 0.959459 0.292768
vt 0.959459 0.18223703
vt 0.848619 0.18223703
vt 0.986668 0.41741902
vt 0.871569 0.087267995
vt 0.987599 0.432593
vt 0.985004 0.14076197
vt 0.985786 0.04260403
vt 0.95946 0.432593
vt 0.93953 0.432593
vt 0.846918 0.292768
vt 0.847688 0.292768
vt 0.847688 0.18223703
vt 0.984111 0.19605398
vt 0.847689 0.11311197
vt 0.848246 0.12690997
vt 0.891499 0.38950902
vt 0.833259 0.432593
vt 0.988039 0.076119006
vt 0.847689 0.41741902
vt 0.985879 0.048615992
vt 0.985862 0.045746982
vt 0.98334 0.38950902
vt 0.84436 0.076125026
vt 0.987832 0.048637986
vt 0.93953 0.36185098
vt 0.839908 0.3204
vt 0.340739 0.853715
vt 0.981969 0.278951
vt 0.959465 0.03269601
vt 0.847688 0.36185002
vt 0.73259 0.292768
vt 0.986667 0.334217
vt 0.844361 0.306584
vt 0.84887 0.306584
vt 0.986646 0.04578203
vt 0.983341 0.320401
vt 0.98334 0.09974599
vt 0.314144 0.459745
vt 0.776535 0.278951
vt 0.73259 0.18223703
vt 0.719812 0.432593
vt 0.820481 0.22368598
vt 0.95946 0.320401
vt 0.82048 0.066688
vt 0.33931 0.856586
vt 0.73259 0.08726299
vt 0.95946 0.20986998
vt 0.820481 0.432593
vt 0.858791 0.23750299
vt 0.849059 0.22368598
vt 0.84299 0.12690997
vt 0.891482 0.039936006
vt 0.987163 0.042828023
vt 0.710081 0.053014994
vt 0.710081 0.38950902
vt 0.390204 0.926239
vt 0.364467 0.857055
vt 0.368254 0.887703
vt 0.455058 0.967024
vt 0.455083 0.966444
vt 0.454594 0.96705
vt 0.987598 0.375674
vt 0.321656 0.736244
vt 0.986668 0.432593
vt 0.987598 0.292768
vt 0.341421 0.852741
vt 0.858791 0.045862973
vt 0.983341 0.348033
vt 0.419313 0.960349
vt 0.423174 0.960108
vt 0.404417 0.948839
vt 0.403382 0.950335
vt 0.419867 0.956367
vt 0.404108 0.946628
vt 0.439572 0.96395
vt 0.437251 0.961483
vt 0.439445 0.965705
vt 0.445809 0.966316
vt 0.436869 0.96605
vt 0.402125 0.951487
vt 0.388712 0.937032
vt 0.387825 0.93838
vt 0.417821 0.961246
vt 0.389605 0.933451
vt 0.403496 0.944505
vt 0.389513 0.931609
vt 0.418852 0.954026
vt 0.436833 0.95944
vt 0.458121 0.96244
vt 0.459286 0.960565
vt 0.456603 0.964559
vt 0.455083 0.966444
vt 0.456515 0.96683
vt 0.457952 0.967305
vt 0.436171 0.966963
vt 0.459035 0.96823
vt 0.417821 0.961246
vt 0.456515 0.96683
vt 0.710081 0.348033
vt 0.959465 0.03269601
vt 0.307057 0.47550702
vt 0.32905 0.833217
vt 0.847765 0.045652986
vt 0.843801 0.048649013
vt 0.35605 0.869195
vt 0.33931 0.856586
vt 0.847688 0.23750299
vt 0.290131 0.697712
vt 0.312845 0.45598698
vt 0.307152 0.460024
vt 0.843804 0.12690997
vt 0.352663 0.874067
vt 0.360294 0.905564
vt 0.295037 0.619967
vt 0.849059 0.23750299
vt 0.315004 0.49082798
vt 0.416261 0.963619
vt 0.84906 0.03004998
vt 0.849059 0.03037399
vt 0.389789 0.927616
vt 0.340739 0.853715
vt 0.988039 0.40336102
vt 0.4165 0.962907
vt 0.988039 0.40336102
vt 0.844362 0.23750299
vt 0.986596 0.042752028
vt 0.312357 0.674461
vt 0.713163 0.23750299
vt 0.460602 0.9564
vt 0.98334 0.40336102
vt 0.847729 0.048582017
vt 0.98334 0.19605398
vt 0.983341 0.20986998
vt 0.959459 0.053039014
vt 0.308547 0.467718
vt 0.309019 0.46909302
vt 0.317061 0.468543
vt 0.986668 0.348033
vt 0.847689 0.265135
vt 0.848999 0.032853007
vt 0.392281 0.920687
vt 0.301229 0.475165
vt 0.847689 0.432593
vt 0.281465 0.46513098
vt 0.435504 0.970038
vt 0.95946 0.432593
vt 0.438761 0.946372
vt 0.959499 0.039982975
vt 0.981812 0.029725015
vt 0.710081 0.043569982
vt 0.84887 0.23750299
vt 0.844395 0.042778015
vt 0.988039 0.278951
vt 0.308547 0.467718
vt 0.959457 0.044206023
vt 0.843431 0.23750299
vt 0.986657 0.048632026
vt 0.988039 0.099744976
vt 0.982783 0.432593
vt 0.820481 0.23750299
vt 0.305982 0.46029902
vt 0.298695 0.694283
vt 0.299138 0.54251
vt 0.283713 0.41274
vt 0.84299 0.23750299
vt 0.844362 0.20986998
vt 0.847688 0.375674
vt 0.842949 0.043410003
vt 0.279002 0.47956997
vt 0.281625 0.465222
vt 0.279911 0.481404
vt 0.389423 0.935373
vt 0.301055 0.715923
vt 0.8486 0.041908026
vt 0.282061 0.465459
vt 0.280147 0.482154
vt 0.280368 0.481503
vt 0.987598 0.348033
vt 0.988039 0.23750299
vt 0.282244 0.465163
vt 0.280632 0.480439
vt 0.820481 0.23750299
vt 0.389423 0.935373
vt 0.849579 0.12690997
vt 0.283135 0.46471602
vt 0.281526 0.48002702
vt 0.287995 0.591587
vt 0.988039 0.306584
vt 0.84958 0.02996999
vt 0.284519 0.46364897
vt 0.282882 0.479344
vt 0.988039 0.292768
vt 0.285127 0.462596
vt 0.283632 0.47697997
vt 0.959457 0.044206023
vt 0.847689 0.12690997
vt 0.847689 0.19605398
vt 0.306987 0.48781103
vt 0.987598 0.23750299
vt 0.303953 0.45954603
vt 0.849059 0.18223703
vt 0.73259 0.05899799
vt 0.847689 0.23750299
vt 0.84436 0.076125026
vt 0.988039 0.06668502
vt 0.988039 0.348033
vt 0.847689 0.320401
vt 0.719812 0.348033
vt 0.986668 0.348033
vt 0.363003 0.898283
vt 0.986646 0.04578203
vt 0.282618 0.46479
vt 0.987889 0.042883992
vt 0.710081 0.23750299
vt 0.73259 0.14076197
vt 0.73259 0.375674
vt 0.710081 0.432593
vt 0.982159 0.23750299
vt 0.981891 0.040305972
vt 0.197579 0.851997
vt 0.847922 0.040416002
vt 0.847729 0.048582017
vt 0.73259 0.348033
vt 0.843805 0.23750299
vt 0.314127 0.653992
vt 0.351196 0.09175497
vt 0.98334 0.432593
vt 0.339965 0.795718
vt 0.460743 0.954845
vt 0.301815 0.623249
vt 0.301633 0.596892
vt 0.296205 0.671352
vt 0.302265 0.571334
vt 0.299992 0.716132
vt 0.84299 0.23750299
vt 0.959457 0.045850992
vt 0.842981 0.048655987
vt 0.847688 0.23750299
vt 0.73259 0.348033
vt 0.981969 0.348033
vt 0.959499 0.039982975
vt 0.350695 0.878378
vt 0.983341 0.23750299
vt 0.335413 0.864206
vt 0.986668 0.23750299
vt 0.844365 0.048636973
vt 0.297704 0.694406
vt 0.197289 0.831152
vt 0.304634 0.45663399
vt 0.842935 0.042990983
vt 0.3366 0.861886
vt 0.306987 0.48781103
vt 0.3974 0.907585
vt 0.842421 0.042981982
vt 0.84317 0.048657
vt 0.73259 0.04293698
vt 0.871569 0.12690997
vt 0.301229 0.475165
vt 0.959465 0.03269601
vt 0.988014 0.048632026
vt 0.460141 0.971301
vt 0.981938 0.045813024
vt 0.302712 0.47846
vn -0.0743 0.2095 0.975
vn -0.0581 0.1637 0.9848
vn -0.058 0.164 0.9848
vn -0.9435 -0.3315 0.0001
vn -0.9462 -0.3235 0.004
vn -0.9463 -0.3231 0.0037
vn -0.0351 -0.207 -0.9777
vn 0.018 -0.19 -0.9816
vn -0.0476 -0.1707 -0.9842
vn -0.9867 0.0496 0.1545
vn -0.9819 -0.1779 0.0654
vn -0.9837 0.0404 0.1753
vn 0.8494 0.3749 0.3714
vn 0.7621 0.5515 0.3392
vn 0.9048 0.4022 0.1398
vn 0.9572 0.2753 -0.0893
vn 0.8739 0.0299 -0.4852
vn 0.8845 -0.0134 -0.4664
vn 0.0549 -0.0391 -0.9977
vn 0.0479 -0.0205 -0.9986
vn 0.0246 -0.0283 -0.9993
vn 0.9126 0.1549 -0.3783
vn 0.9059 0.1751 -0.3857
vn 0.6175 -0.1238 -0.7768
vn -0.9278 -0.1183 0.3538
vn -0.9571 -0.2482 0.1495
vn -0.9541 -0.2569 0.154
vn -0.3664 -0.2985 -0.8813
vn -0.7718 -0.3617 -0.5229
vn -0.7603 -0.3867 -0.5219
vn -0.9404 -0.3335 -0.0657
vn -0.9398 -0.3354 -0.0652
vn -0.925 -0.3389 -0.1717
vn -0.3429 0.9388 -0.0328
vn -0.3429 0.939 -0.0276
vn -0.4177 0.9082 -0.0271
vn 0.9478 0.3187 -0.0095
vn 0.9476 0.3193 -0.008
vn 0.9464 0.3155 -0.0688
vn 0.933 0.0971 -0.3464
vn 0.9597 0.2394 -0.1471
vn 0.9569 0.2474 -0.1519
vn -0.9512 -0.2649 0.1581
vn -0.9508 -0.3041 0.0584
vn -0.3774 -0.266 -0.887
vn -0.7805 -0.3434 -0.5225
vn -0.69 0.3104 0.6539
vn -0.2944 0.5545 0.7783
vn -0.3086 0.5948 0.7423
vn -0.264 0.4687 0.843
vn -0.6645 0.2386 0.7082
vn -0.6512 0.2002 0.7321
vn 0.9434 0.3317 -0
vn 0.9432 0.3322 0.0091
vn 0.9431 0.3326 -0.0002
vn -0.4247 0.6836 -0.5935
vn -0.3266 0.7322 -0.5977
vn -0.382 0.9227 -0.0518
vn -0.9331 -0.3545 -0.0609
vn -0.9399 -0.3406 -0.0236
vn -0.932 -0.3576 -0.0595
vn 0.9491 0.3145 -0.018
vn 0.9488 0.3152 -0.019
vn 0.9568 0.2868 -0.0467
vn 0.0163 -0.0494 -0.9986
vn 0.0247 -0.0722 -0.9971
vn 0.0251 -0.0725 -0.9971
vn -0.3309 0.9435 -0.0193
vn -0.3306 0.9438 -0.0045
vn -0.3311 0.9434 -0.0181
vn 0.0978 -0.1633 -0.9817
vn 0.1511 -0.1447 -0.9779
vn 0.0852 -0.1267 -0.9883
vn -0.3309 0.943 0.0354
vn -0.3312 0.9428 0.0365
vn -0.3315 0.9435 -0.004
vn -0.1285 -0.9289 -0.3472
vn -0.6052 -0.7655 -0.2184
vn -0.599 -0.7816 -0.1738
vn -0.1537 0.2275 0.9616
vn -0.284 0.628 0.7246
vn -0.1081 0.2799 0.9539
vn 0.4952 0.2501 0.832
vn 0.8628 0.3249 0.3873
vn 0.2775 -0.8 -0.5319
vn 0.2691 -0.8028 -0.5321
vn 0.2871 -0.8268 -0.4837
vn 0.0829 0.0429 0.9956
vn 0.007 0.0167 0.9998
vn 0.0835 0.0372 0.9958
vn 0.2246 0.019 -0.9743
vn 0.4335 0.0935 -0.8963
vn 0.2169 0.0369 -0.9755
vn -0.8974 -0.4385 -0.048
vn -0.6056 -0.7654 -0.2177
vn -0.9401 -0.3408 -0.0053
vn -0.3004 0.8551 -0.4225
vn -0.3008 0.8558 -0.4208
vn -0.2227 0.6333 -0.7412
vn 0.2004 -0.8532 -0.4816
vn 0.209 -0.8773 -0.4321
vn 0.2868 -0.8541 -0.4339
vn -0.3342 0.9419 -0.0344
vn -0.3423 0.9386 -0.0438
vn -0.948 -0.3177 0.0205
vn -0.9484 -0.3165 0.0196
vn -0.9453 -0.3263 0.0068
vn 0.3126 -0.8428 -0.4382
vn 0.3354 -0.8642 -0.375
vn 0.2917 -0.8513 -0.4362
vn -0.0946 0.2594 0.9611
vn -0.1033 0.2561 0.9611
vn -0.0854 0.2055 0.9749
vn 0.2336 -0.7907 -0.5659
vn 0.2635 -0.8236 -0.5022
vn 0.2563 -0.7837 -0.5658
vn -0.9467 -0.3222 0.0023
vn -0.9463 -0.3234 0.0015
vn -0.9434 -0.3316 0.0001
vn 0.9431 0.3324 -0.0091
vn 0.9423 0.3347 -0.0088
vn -0.9432 -0.3321 -0.0009
vn -0.9434 -0.3315 -0.0002
vn -0.9454 -0.3257 0.0083
vn -0.2694 0.7699 0.5786
vn -0.2674 0.7705 0.5787
vn -0.2776 0.7999 0.5321
vn 0.077 0.0227 -0.9968
vn 0.0301 0.008 -0.9995
vn 0.0369 -0.0003 -0.9993
vn -0.9514 -0.3081 0.0041
vn -0.9513 -0.3082 0.0028
vn -0.9464 -0.3228 0.0015
vn -0.1556 0.4052 0.9009
vn -0.1721 0.4523 0.8751
vn -0.2485 0.4232 0.8713
vn 0.9444 0.3287 -0.0093
vn 0.9435 0.3314 -0.0003
vn 0.9441 0.3296 -0.0091
vn 0.9436 0.3245 -0.0652
vn 0.9353 0.3097 -0.1713
vn 0.9444 0.3224 -0.0646
vn -0.3159 0.8897 0.3297
vn -0.3092 0.8707 0.3825
vn -0.3073 0.8714 0.3824
vn -0.2057 0.5886 0.7818
vn -0.2037 0.5894 0.7818
vn -0.2179 0.6298 0.7456
vn 0.2348 -0.667 -0.7071
vn 0.2348 -0.667 -0.7071
vn 0.2474 -0.7033 -0.6665
vn -0.9457 -0.3252 -0.0013
vn -0.9432 -0.3322 -0.0072
vn -0.9441 -0.3296 -0.0086
vn -0.9435 -0.3315 -0.0001
vn -0.9434 -0.3315 0.0002
vn -0.9447 -0.3277 0.0083
vn 0.1556 -0.5877 -0.794
vn 0.1746 -0.6426 -0.746
vn 0.18 -0.5797 -0.7947
vn -0.6232 0.1205 0.7727
vn -0.2144 0.3283 0.9199
vn -0.6371 0.1609 0.7538
vn 0.3848 -0.8156 -0.4322
vn 0.3769 -0.7912 -0.4817
vn 0.3105 -0.8458 -0.4339
vn -0.3287 0.9444 -0.0074
vn -0.3288 0.944 0.0276
vn -0.3304 0.9438 -0.0045
vn 0.2654 -0.4786 -0.837
vn 0.2402 -0.4059 -0.8818
vn 0.1882 -0.4254 -0.8852
vn -0.8943 -0.2392 -0.3782
vn -0.9566 -0.2535 -0.144
vn -0.9392 -0.3064 -0.155
vn 0.0554 -0.1665 -0.9845
vn 0.0712 -0.2119 -0.9747
vn 0.0725 -0.2114 -0.9747
vn 0.9403 0.3342 0.0647
vn 0.9267 0.3351 0.1702
vn 0.9406 0.3335 0.0639
vn -0.0219 0.0719 0.9972
vn -0.013 0.0751 0.9971
vn -0.0311 0.0976 0.9947
vn -0.9309 -0.3607 -0.0574
vn -0.9012 -0.4058 -0.1523
vn 0.6959 -0.6621 -0.2781
vn 0.6792 -0.6462 -0.3479
vn 0.4731 -0.7959 -0.3778
vn -0.1437 0.6956 0.7039
vn 0.3211 0.7396 0.5915
vn 0.3104 0.77 0.5574
vn -0.9421 -0.3351 -0.0119
vn -0.9397 -0.3418 -0.0126
vn -0.9418 -0.3353 -0.0251
vn 0.9467 0.3222 -0.0016
vn 0.9464 0.323 -0.0011
vn 0.9435 0.3315 -0
vn -0.9507 -0.31 -0.0053
vn -0.9494 -0.3098 -0.0514
vn -0.9586 -0.2847 -0.0049
vn 0.9285 0.3343 0.1614
vn 0.864 0.3111 0.3958
vn 0.9247 0.3488 0.1529
vn -0.6085 0.0784 0.7897
vn -0.1973 0.2786 0.9399
vn -0.1072 0.3033 0.9469
vn -0.1064 0.2961 0.9492
vn -0.2293 0.6507 0.7239
vn -0.0127 0.0006 -0.9999
vn -0.0867 -0.0266 -0.9959
vn -0.0087 -0.0125 -0.9999
vn -0.3252 0.9257 -0.1934
vn -0.1005 0.0376 0.9942
vn -0.0358 0.0712 0.9968
vn -0.018 0.0165 0.9997
vn -0.228 0.6511 0.7239
vn -0.2267 0.6518 0.7237
vn -0.1059 0.3042 0.9467
vn -0.7355 -0.6592 -0.1567
vn -0.7387 -0.6502 -0.1774
vn -0.8769 -0.4747 -0.0753
vn 0.0347 -0.0974 -0.9946
vn 0.0258 -0.0719 -0.9971
vn 0.0347 -0.0977 -0.9946
vn 0.4521 -0.6434 -0.6177
vn 0.4346 -0.5938 -0.6771
vn 0.341 -0.6981 -0.6296
vn -0.9199 -0.3921 -0.0108
vn -0.9348 -0.355 -0.0042
vn -0.9196 -0.3928 -0.0073
vn -0.8089 0.5688 -0.149
vn -0.4033 0.903 -0.148
vn -0.4117 0.9088 -0.0673
vn 0.0808 -0.3714 -0.925
vn 0.1054 -0.3635 -0.9256
vn 0.0544 -0.2955 -0.9538
vn 0.2718 0.9616 -0.0374
vn 0.2756 0.9591 -0.0653
vn 0.7892 0.6137 -0.024
vn -0.3131 0.8641 -0.3941
vn -0.23 0.629 -0.7426
vn -0.3049 0.8613 -0.4064
vn 0.9077 -0.0736 -0.4132
vn 0.6065 -0.4237 -0.6728
vn 0.6236 -0.4698 -0.6248
vn 0.0771 -0.2099 -0.9747
vn 0.0859 -0.2067 -0.9746
vn 0.0701 -0.1613 -0.9844
vn -0.8699 -0.2836 0.4035
vn -0.873 -0.2745 0.4031
vn -0.9326 -0.3183 0.1703
vn -0.3329 0.9395 -0.0804
vn -0.3283 0.9277 -0.1778
vn -0.331 0.9397 -0.0856
vn -0.9996 -0.0157 -0.024
vn -0.9998 -0.0119 -0.0145
vn -0.9702 -0.242 -0.009
vn 0.2581 -0.738 -0.6235
vn 0.2699 -0.7696 -0.5787
vn 0.27 -0.7696 -0.5786
vn 0.1341 -0.5258 -0.84
vn 0.1582 -0.5179 -0.8407
vn -0.9356 -0.353 -0.0111
vn -0.9408 -0.3389 -0.0039
vn -0.9406 -0.3396 -0.0035
vn -0.1428 0.4097 0.901
vn -0.1258 0.3611 0.924
vn -0.1239 0.3617 0.924
vn -0.0025 -0.0315 -0.9995
vn 0.0067 -0.0284 -0.9996
vn 0.978 0.2069 -0.0261
vn 0.9623 -0.2442 -0.1199
vn 0.965 -0.252 -0.0721
vn 0.9421 0.3353 0.008
vn 0.9421 0.3352 0.0086
vn 0.9435 0.3315 -0
vn -0.2208 0.6344 -0.7408
vn -0.2137 0.634 -0.7432
vn -0.3007 0.8623 -0.4075
vn 0.9435 0.3304 -0.0249
vn 0.9434 0.3314 -0.0087
vn 0.943 0.3317 -0.0248
vn -0.2238 0.631 -0.7428
vn -0.2297 0.6279 -0.7437
vn -0.1026 0.2858 -0.9528
vn -0.9404 -0.3392 -0.0242
vn -0.9342 -0.3513 -0.0623
vn -0.9352 -0.3482 -0.0644
vn -0.9363 -0.3508 -0.0147
vn -0.936 -0.3518 -0.0137
vn -0.9236 -0.3816 -0.0382
vn -0.2582 0.7379 0.6235
vn -0.2563 0.7387 0.6234
vn -0.5157 -0.1766 -0.8384
vn -0.0839 -0.0394 -0.9957
vn 0.2064 -0.5885 -0.7817
vn 0.2061 -0.5883 -0.7819
vn 0.2199 -0.6291 -0.7456
vn -0.9438 -0.3303 0.0098
vn -0.9437 -0.3306 0.0093
vn -0.9443 -0.3281 0.0248
vn -0.9286 -0.367 -0.0541
vn -0.9278 -0.3696 -0.0517
vn -0.8931 -0.429 -0.1357
vn -0.2868 -0.5363 -0.7938
vn -0.3117 -0.4628 -0.8299
vn -0.7365 -0.4609 -0.4951
vn -0.0086 0.0262 0.9996
vn -0.0028 0.0105 0.9999
vn -0.0093 0.0271 0.9996
vn -0.0055 0.0132 0.9999
vn -0.0044 0.0098 0.9999
vn -0.0051 0.0135 0.9999
vn -0.0786 -0.0584 -0.9952
vn 0.276 0.9609 0.0231
vn 0.2773 0.9543 0.1114
vn -0.2469 0.9689 0.0147
vn -0.9898 -0.0332 -0.1386
vn -0.8087 0.5687 -0.1503
vn -0.9984 -0.0227 -0.0521
vn 0.3259 -0.2793 -0.9032
vn 0.5234 -0.1821 -0.8324
vn 0.3006 -0.2054 -0.9314
vn -0.0709 0.4855 0.8713
vn 0.3828 0.5635 0.7321
vn -0.087 0.531 0.8429
vn 0.9095 0.4152 -0.0197
vn 0.9085 0.4178 -0.0089
vn 0.7903 0.6122 -0.024
vn -0.884 -0.4547 -0.1084
vn -0.9242 -0.3796 -0.0411
vn -0.8821 -0.4602 -0.1006
vn 0.8263 0.4082 0.388
vn 0.8334 0.3879 0.3937
vn 0.917 0.3625 0.1664
vn -0.9475 -0.3135 0.0628
vn -0.9486 -0.3104 0.0616
vn -0.9455 -0.3249 0.0241
vn 0.8819 0.4627 0.0908
vn 0.8834 0.458 0.0988
vn 0.9235 0.3821 0.0343
vn -0.2248 0.6332 -0.7406
vn -0.2225 0.6317 -0.7426
vn -0.3017 0.8572 -0.4174
vn 0.9592 0.2803 -0.0379
vn 0.9584 0.2826 -0.0407
vn 0.9761 0.1926 -0.1008
vn -0.9463 -0.3226 0.022
vn -0.9521 -0.3053 0.0195
vn -0.9446 -0.3229 0.0591
vn -0.1918 0.546 0.8155
vn -0.1915 0.5461 0.8155
vn -0.2063 0.5884 0.7818
vn 0.2116 -0.7459 -0.6315
vn 0.1578 -0.7617 -0.6285
vn 0.1783 -0.8064 -0.5639
vn 0.0976 0.0035 -0.9952
vn 0.5218 0.1577 -0.8384
vn 0.0903 0.0218 -0.9957
vn 0.8652 0.5013 -0.0044
vn 0.8736 0.4851 -0.0392
vn 0.9364 0.351 -0.0049
vn 0.9462 0.3129 -0.0819
vn 0.8154 0.2435 -0.5252
vn 0.8158 0.2279 -0.5316
vn 0.2539 -0.0666 -0.9649
vn 0.2431 -0.0348 -0.9694
vn 0.1381 -0.1084 -0.9845
vn -0.0035 0.0109 0.9999
vn -0.0097 0.0276 0.9996
vn -0.3295 0.9403 -0.0856
vn -0.3298 0.9398 -0.0891
vn -0.3251 0.9261 -0.1914
vn -0.0036 0.0366 -0.9993
vn 0.0139 0.0408 -0.9991
vn -0.0672 0.2178 -0.9737
vn -0.9234 -0.3434 -0.1714
vn -0.8516 -0.3322 -0.4054
vn 0.74 0.4298 -0.5174
vn 0.9361 0.3486 -0.0473
vn -0.9576 -0.034 0.2859
vn -0.9523 -0.0493 0.3012
vn -0.7017 0.3443 0.6237
vn -0.9434 -0.3315 -0.0002
vn 0.9741 0.1986 -0.1082
vn 0.9721 0.2039 -0.1158
vn 0.962 0.0147 -0.2725
vn -0.9497 -0.3128 0.0155
vn -0.9499 -0.3123 0.0145
vn -0.9457 -0.3249 0.0051
vn 0.1106 -0.2767 -0.9546
vn 0.1328 -0.269 -0.9539
vn 0.089 -0.2166 -0.9722
vn -0.0106 0.0222 0.9997
vn -0.0311 0.0813 0.9962
vn -0.01 0.0257 0.9996
vn 0.9343 0.351 0.0613
vn 0.9356 0.3476 0.0621
vn 0.9409 0.3378 0.0241
vn -0.7132 0.376 0.5916
vn -0.3218 0.6332 0.7039
vn -0.7688 0.5343 -0.3514
vn -0.372 0.8565 -0.3579
vn 0.3037 0.2905 -0.9074
vn 0.093 0.2496 -0.9639
vn 0.164 0.0844 -0.9828
vn 0.4792 0.2876 0.8293
vn 0.8448 0.3545 0.4008
vn 0.4685 0.3188 0.8239
vn -0.1046 0.2708 -0.9569
vn -0.03 0.0783 -0.9965
vn -0.2819 0.7655 0.5784
vn -0.3581 0.7348 0.576
vn -0.3467 0.7032 0.6207
vn 0.9497 0.3009 -0.087
vn 0.9489 0.3047 -0.0819
vn 0.8332 0.1752 -0.5244
vn 0.2676 0.9086 0.3205
vn 0.1656 0.7216 0.6722
vn -0.2487 0.9155 0.3162
vn -0.957 -0.2864 -0.0465
vn 0.8969 0.4198 0.1394
vn 0.8944 0.4269 0.1336
vn 0.7795 0.5409 0.316
vn 0.9576 0.2847 -0.0436
vn -0.0324 0.0971 0.9948
vn -0.0239 0.0712 0.9972
vn -0.9952 0.0721 0.066
vn -0.7908 0.5966 0.1366
vn -0.9962 0.0754 0.0446
vn -0.9703 -0.2418 0.0038
vn -0.9999 -0.012 -0.0024
vn -0.9695 -0.2446 0.0149
vn 0.9715 -0.0123 -0.2366
vn 0.9669 0.0005 -0.2553
vn 0.2057 -0.5886 -0.7818
vn 0.2037 -0.5894 -0.7818
vn 0.2177 -0.6299 -0.7456
vn -0.1693 0.7655 0.6207
vn 0.3002 0.7987 0.5214
vn 0.291 0.8252 0.484
vn -0.0878 0.2761 -0.9571
vn -0.2134 0.6332 -0.744
vn -0.0987 0.2877 -0.9526
vn -0.944 -0.3289 0.0249
vn 0.1132 -0.2082 -0.9715
vn -0.9376 -0.3366 -0.0872
vn -0.7609 -0.3865 -0.5212
vn -0.9402 -0.3308 -0.0811
vn -0.9432 -0.3322 -0.0092
vn -0.9435 -0.3314 -0
vn -0.9435 -0.3314 -0
vn -0.161 -0.9854 -0.0553
vn 0.0072 -0.9982 -0.0598
vn -0.1635 -0.98 -0.1137
vn -0.283 -0.8265 -0.4866
vn 0.1803 -0.7973 -0.576
vn 0.1696 -0.7655 -0.6207
vn -0.0205 0.263 -0.9646
vn -0.0158 0.0747 -0.9971
vn -0.3249 0.8864 0.3297
vn -0.3215 0.9058 0.276
vn 0.9481 0.3066 -0.0847
vn 0.9468 0.3093 -0.0886
vn 0.8219 0.212 -0.5287
vn -0.9092 -0.4105 -0.0697
vn -0.9409 -0.3386 -0.0072
vn -0.6355 -0.7053 -0.314
vn 0.0567 -0.1239 -0.9907
vn 0.0481 -0.1272 -0.9907
vn -0.4006 0.8554 0.3282
vn -0.3937 0.8366 0.3808
vn -0.0712 -0.0799 -0.9943
vn 0.0058 -0.0531 -0.9986
vn -0.5815 0.4591 0.6717
vn 0.1088 -0.4525 -0.8851
vn 0.1325 -0.4446 -0.8859
vn 0.8734 0.0295 -0.4861
vn 0.548 -0.254 -0.7969
vn 0.5698 -0.3204 -0.7568
vn 0.4836 -0.0592 -0.8733
vn 0.8374 0.148 -0.5262
vn 0.4707 -0.0186 -0.8821
vn 0.9337 0.3143 -0.1714
vn 0.943 0.3263 -0.0657
vn 0.9324 0.3183 -0.1713
vn -0.9426 -0.3338 -0.0062
vn -0.9145 -0.3984 -0.0711
vn -0.663 -0.6462 -0.378
vn -0.2167 0.8989 0.3808
vn -0.209 0.8773 0.4319
vn 0.2611 0.9108 0.3198
vn -0.3305 0.9026 0.2759
vn -0.0146 -0.0062 -0.9999
vn -0.0251 0.0302 -0.9992
vn -0.0413 0.0222 -0.9989
vn 0.1741 -0.5127 -0.8407
vn -0.9478 -0.3186 -0.0089
vn -0.9434 -0.3316 -0.0008
vn -0.9446 -0.3281 0.0086
vn 0.774 -0.5691 -0.2776
vn 0.7684 -0.5532 -0.3217
vn 0.3933 -0.8368 -0.3809
vn 0.8732 0.487 0.0189
vn 0.8742 0.4848 0.0278
vn 0.9201 0.3916 0.0072
vn 0.9606 0.2761 -0.0319
vn 0.96 0.2777 -0.0352
vn 0.9794 0.1841 -0.0833
vn 0.8291 0.1957 -0.5238
vn -0.0048 0.0136 0.9999
vn -0.0039 0.0109 0.9999
vn -0.0035 0.0108 0.9999
vn -0.03 0.0831 -0.9961
vn -0.3239 0.929 -0.1791
vn -0.3174 0.9339 -0.1645
vn -0.3279 0.9413 -0.0805
vn -0.2763 0.6101 -0.7426
vn 0.9426 0.3329 0.0248
vn 0.9429 0.3329 0.009
vn -0.7896 -0.3097 -0.5297
vn -0.9442 -0.3199 -0.0782
vn -0.9484 -0.3171 -0.0079
vn -0.5376 -0.1164 -0.8351
vn -0.5859 0.0558 -0.8085
vn -0.3879 -0.2367 -0.8908
vn -0.397 -0.2099 -0.8935
vn -0.7892 -0.3096 -0.5303
vn -0.0304 0.087 -0.9957
vn -0.0307 0.0873 -0.9957
vn -0.009 0.0257 -0.9996
vn -0.0245 -0.0658 -0.9975
vn -0.0009 -0.058 -0.9983
vn -0.0306 -0.0467 -0.9984
vn -0.926 -0.3747 -0.0467
vn -0.927 -0.3718 -0.0485
vn -0.9372 -0.3482 -0.0182
vn 0.8119 0.449 0.3731
vn 0.819 0.4288 0.3812
vn 0.9108 0.3799 0.1614
vn 0.9912 -0.0684 -0.1132
vn 0.9845 0.1687 -0.0479
vn 0.989 -0.0604 -0.1348
vn 0.9625 0.2315 -0.1417
vn 0.9394 0.0792 -0.3336
vn 0.9649 0.2246 -0.1358
vn -0.3189 0.9067 0.276
vn -0.3186 0.9068 0.276
vn -0.3233 0.9202 0.2205
vn 0.8043 0.3009 -0.5124
vn 0.3815 0.1541 -0.9114
vn -0.7506 -0.6171 -0.2364
vn -0.7548 -0.6043 -0.2552
vn 0.9077 0.3885 0.1584
vn -0.2016 -0.0891 -0.9754
vn -0.0852 -0.0504 -0.9951
vn -0.1975 -0.0794 -0.9771
vn 0.1275 -0.361 -0.9238
vn 0.1272 -0.361 -0.9239
vn 0.1442 -0.4094 -0.9009
vn -0.2796 0.5123 0.812
vn 0.2622 -0.7365 -0.6235
vn 0.2709 -0.7335 -0.6234
vn 0.2502 -0.7025 -0.6663
vn 0.0023 -0.0077 -1
vn 0.0091 -0.027 -0.9996
vn 0.0095 -0.0269 -0.9996
vn -0.956 -0.2891 0.0493
vn -0.9487 -0.3155 0.0188
vn -0.9549 -0.2925 0.0506
vn 0.2793 -0.7994 -0.5319
vn 0.2699 -0.7697 -0.5785
vn -0.0699 0.1598 0.9847
vn -0.1619 0.1777 0.9707
vn 0.9403 0.3403 0.0027
vn 0.9402 0.3405 0.0022
vn 0.935 0.3547 0.0072
vn 0.0915 -0.2615 -0.9608
vn 0.1091 -0.3116 -0.9439
vn 0.1095 -0.3116 -0.9439
vn 0.0007 0.0067 -1
vn -0.0056 0.024 -0.9997
vn -0.0079 0.0253 -0.9996
vn 0.9862 -0.0539 -0.1564
vn 0.9831 -0.0455 -0.1775
vn -0.3265 0.9365 0.1277
vn -0.3061 0.8779 0.3682
vn -0.3274 0.9346 0.1389
vn -0.9417 -0.3355 -0.0249
vn -0.942 -0.3345 -0.0251
vn -0.9429 -0.333 -0.009
vn -0.0884 -0.0228 0.9958
vn -0.0891 -0.0111 0.996
vn -0.014 0.004 0.9999
vn -0.014 0.0338 -0.9993
vn -0.086 0.2116 -0.9736
vn 0.9471 0.3209 -0.0068
vn 0.9461 0.3191 -0.0559
vn 0.9464 0.3172 -0.0602
vn -0.405 -0.1872 -0.8949
vn 0.0637 -0.0644 -0.9959
vn 0.0306 -0.0473 -0.9984
vn -0.3255 0.926 -0.1914
vn -0.302 0.8577 -0.4161
vn -0.3377 -0.6739 -0.6572
vn -0.7766 -0.5429 -0.3196
vn -0.7705 -0.5597 -0.3052
vn -0.5444 -0.1006 0.8328
vn -0.8767 -0.2641 0.4021
vn -0.0545 0.4386 0.897
vn -0.0378 0.3903 0.9199
vn 0.3969 0.5239 0.7537
vn -0.0059 0.0078 1
vn -0.0047 0.0102 0.9999
vn -0.0766 0.2158 -0.9734
vn -0.2629 0.7594 -0.5952
vn -0.9404 -0.34 -0.0021
vn -0.9435 -0.3315 0.0001
vn -0.9405 -0.3399 -0.0014
vn -0.3284 0.9439 -0.0346
vn -0.3301 0.9433 -0.0355
vn -0.3302 0.9426 -0.0491
vn 0.944 0.3289 -0.0251
vn 0.9443 0.3282 -0.0251
vn 0.7947 0.5941 0.1241
vn 0.9105 0.411 0.0464
vn 0.2554 0.9267 0.2757
vn 0.7365 0.6632 0.1331
vn -0.2506 0.963 0.0994
vn -0.3208 0.9469 0.0215
vn -0.9446 -0.3229 0.0591
vn -0.9429 -0.3272 0.0622
vn -0.9462 -0.3227 0.022
vn 0.7392 0.6555 0.1545
vn 0.8769 0.4761 0.0656
vn -0.9266 -0.3347 -0.1715
vn -0.8551 -0.3226 -0.406
vn 0.956 0.2893 -0.0494
vn 0.955 0.292 -0.0516
vn 0.922 0.3483 0.169
vn 0.8397 0.3695 0.3981
vn 0.9698 0.2109 -0.1225
vn -0.3114 0.9243 0.2206
vn -0.3067 0.9109 0.2759
vn -0.2285 0.934 0.2747
vn -0.9434 -0.3316 0.0003
vn -0.9436 -0.3311 -0
vn -0.9437 -0.3306 0.01
vn 0.9446 0.3272 -0.025
vn 0.9439 0.33 -0.009
vn 0.9443 0.3282 -0.025
vn -0.0256 0.0799 -0.9965
vn -0.0287 0.0838 -0.9961
vn -0.9376 -0.3416 -0.0649
vn -0.9364 -0.3447 -0.0652
vn -0.9192 -0.3551 -0.1705
vn 0.9399 0.3353 0.0641
vn 0.9254 0.3386 0.1702
vn 0.9516 0.3072 -0.0028
vn 0.9514 0.3079 -0.0042
vn 0.963 0.2694 -0.0073
vn 0.9459 0.3245 -0.0065
vn 0.9459 0.3244 -0.006
vn 0.9436 0.331 -0.0003
vn 0.1032 -0.8941 -0.4358
vn 0.0776 -0.8668 -0.4925
vn -0.1427 -0.9049 -0.4009
vn -0.7339 0.4353 0.5215
vn -0.7438 0.4612 0.4838
vn 0.0081 -0.0337 -0.9994
vn 0.004 -0.0203 -0.9998
vn -0.0106 -0.0253 -0.9996
vn -0.0733 0.2099 0.975
vn -0.0573 0.1643 0.9847
vn -0.0566 0.1645 0.9848
vn 0.46 0.0145 -0.8878
vn -0.0127 -0.0166 -0.9998
vn 0.0008 -0.0122 -0.9999
vn -0.3196 0.9405 0.1155
vn -0.3012 0.8853 0.3544
vn 0.9198 0.1346 -0.3686
vn 0.6319 -0.1647 -0.7574
vn 0.9263 0.1155 -0.3586
vn -0.1921 0.5457 0.8156
vn -0.1766 0.5017 0.8468
vn -0.0647 -0.4996 -0.8639
vn -0.0919 -0.4201 -0.9028
vn -0.7776 0.5416 0.3193
vn -0.9396 -0.0471 0.3391
vn -0.9917 -0.0333 0.1238
vn 0.3181 -0.9067 -0.2768
vn 0.3228 -0.9201 -0.222
vn 0.3232 -0.92 -0.2217
vn 0.5084 0.1987 -0.8379
vn 0.4924 0.2451 -0.8352
vn 0.0764 0.0457 -0.996
vn 0.3158 -0.8895 -0.3302
vn 0.3143 -0.8901 -0.3302
vn 0.32 -0.9061 -0.2767
vn -0.773 0.5479 0.3198
vn -0.7669 0.5294 0.3629
vn 0.2838 -0.7978 -0.532
vn 0.2735 -0.7683 -0.5788
vn 0.2717 -0.769 -0.5786
vn -0.8687 -0.2975 0.396
vn -0.8664 -0.2973 0.4012
vn -0.9335 -0.3199 0.1618
vn 0.0189 -0.0154 -0.9997
vn 0.2323 -0.6247 -0.7455
vn 0.2185 -0.584 -0.7818
vn 0.2241 -0.6277 -0.7455
vn -0.1049 0.2986 -0.9486
vn -0.2221 0.6324 -0.7421
vn -0.1048 0.2976 -0.9489
vn 0.9484 0.3163 -0.0199
vn -0.1949 -0.1214 -0.9733
vn -0.0769 -0.0829 -0.9936
vn -0.1992 -0.1025 -0.9746
vn -0.1464 0.1321 0.9804
vn -0.5648 -0.0442 0.824
vn 0.018 -0.1902 -0.9816
vn 0.0427 -0.1819 -0.9824
vn 0.0055 -0.1533 -0.9882
vn -0.9071 -0.1776 0.3815
vn -0.3032 0.8728 0.3825
vn -0.2955 0.8512 0.4338
vn -0.2873 0.854 0.4338
vn -0.3273 0.9307 0.1634
vn -0.327 0.9308 0.1634
vn -0.3294 0.9377 0.1103
vn -0.7464 -0.6289 -0.2178
vn -0.8804 -0.4651 -0.0925
vn -0.7417 -0.6408 -0.198
vn 0.8873 0.4469 0.114
vn 0.8894 0.4408 0.1212
vn 0.9263 0.3739 0.0457
vn 0.4556 0.3571 0.8154
vn 0.0154 0.24 0.9707
vn -0.9428 -0.3323 -0.0251
vn -0.9412 -0.3316 -0.0646
vn -0.3314 0.9433 -0.0188
vn -0.3314 0.9431 -0.0275
vn -0.9499 -0.3075 -0.0552
vn -0.2961 0.8702 -0.3939
vn -0.3139 0.8904 0.3297
vn -0.3196 0.9065 0.276
vn -0.9423 -0.3339 -0.0253
vn -0.9421 -0.3345 -0.0251
vn -0.9392 -0.3372 -0.0653
vn -0.2539 -0.9122 -0.3215
vn -0.2604 -0.894 -0.3645
vn 0.7855 0.5238 0.3297
vn 0.3442 0.6738 0.6539
vn 0.5063 -0.8077 -0.3021
vn 0.3392 -0.8595 -0.3824
vn -0.253 0.7624 -0.5956
vn -0.2367 0.7667 -0.5968
vn -0.3159 0.9472 -0.0544
vn 0.0002 -0.6861 -0.7275
vn 0.1219 -0.658 -0.7431
vn -0.0192 -0.6323 -0.7745
vn 0.9443 0.3248 -0.0525
vn 0.8148 0.2752 -0.5103
vn 0.0206 -0.3412 -0.9398
vn 0.0978 -0.3157 -0.9438
vn 0.0797 -0.2655 -0.9608
vn -0.9463 -0.3233 0.0031
vn -0.9434 -0.3316 -0
vn 0.1792 -0.5011 -0.8466
vn 0.1946 -0.5447 -0.8157
vn 0.2035 -0.5417 -0.8156
vn 0.0637 -0.0644 -0.9959
vn 0.1167 -0.0463 -0.9921
vn 0.055 -0.0391 -0.9977
vn -0.9345 -0.0478 -0.3528
vn 0.1263 -0.0762 -0.9891
vn 0.5374 0.8426 -0.0348
vn -0.9434 -0.3315 -0
vn -0.9431 -0.3261 0.065
vn -0.9437 -0.3245 0.0643
vn -0.9438 -0.3295 0.0248
vn 0.9554 -0.2385 -0.1742
vn 0.7468 -0.4922 -0.4472
vn 0.3678 -0.7643 -0.5297
vn -0.9143 -0.1572 0.3733
vn -0.9211 -0.1381 0.3639
vn 0.8622 0.3101 0.4006
vn 0.5125 0.1923 0.8369
vn 0.864 0.3111 0.3959
vn 0.0337 -0.2347 -0.9715
vn 0.058 -0.2267 -0.9722
vn -0.0063 -0.0384 -0.9992
vn -0.0337 -0.0331 -0.9989
vn 0.944 0.3289 -0.0251
vn 0.9438 0.3304 -0.01
vn 0.9438 0.3296 -0.0251
vn 0.9947 -0.0777 -0.0674
vn 0.9932 -0.0728 -0.0906
vn 0.786 -0.6024 -0.1387
vn -0.3201 0.9473 -0.0086
vn -0.1229 -0.0524 -0.991
vn -0.0992 -0.0368 -0.9944
vn -0.2578 -0.0936 -0.9617
vn -0.0413 0.0222 -0.9989
vn -0.0824 0.0056 -0.9966
vn -0.0339 -0.0134 -0.9993
vn -0.0023 -0.0019 -1
vn -0.3283 0.9434 -0.0472
vn 0.3696 0.6015 0.7082
vn -0.1021 0.5747 0.812
vn -0.9132 -0.3718 -0.1668
vn -0.9101 -0.3806 -0.1638
vn -0.8236 -0.4091 -0.3929
vn -0.1763 0.502 0.8467
vn -0.176 0.5021 0.8467
vn -0.9452 -0.3266 0.0002
vn -0.1083 0.3084 0.9451
vn -0.1082 0.3074 0.9454
vn -0.229 0.6517 0.723
vn -0.2588 0.7377 0.6235
vn 0.8754 0.2626 -0.4058
vn 0.5417 0.098 -0.8349
vn 0.8798 0.2505 -0.4039
vn -0.9584 -0.2827 0.0393
vn -0.9739 -0.2005 0.1066
vn -0.9588 -0.2816 0.0372
vn 0.0558 -0.8313 -0.5531
vn -0.1587 -0.8774 -0.4527
vn 0.8148 0.2751 -0.5103
vn 0.1949 -0.5747 -0.7948
vn 0.4167 -0.5427 -0.7293
vn 0.9439 0.3301 -0.0094
vn -0.1221 0.065 0.9904
vn -0.1331 0.0951 0.9865
vn -0.1173 -0.3455 -0.9311
vn 0.001 -0.3119 -0.9501
vn -0.1374 -0.2862 -0.9483
vn 0.869 0.283 -0.4059
vn 0.8667 0.2925 -0.4042
vn 0.5276 0.1391 -0.838
vn 0.4217 0.4097 -0.8089
vn 0.4934 0.2456 -0.8344
vn 0.8473 0.3728 -0.3782
vn 0.8527 0.3319 0.4034
vn 0.8491 0.3422 0.4024
vn 0.4874 0.2619 0.8329
vn -0.9435 -0.3314 -0.0002
vn -0.9435 -0.3313 0.0001
vn -0.9442 -0.3293 0.0094
vn -0.2216 0.6326 -0.7421
vn -0.3007 0.8579 -0.4166
vn -0.2222 0.6333 -0.7413
vn -0.1171 0.6167 0.7784
vn -0.1948 0.5923 0.7818
vn -0.1804 0.5498 0.8156
vn 0.9435 0.3313 -0
vn -0.939 -0.3431 -0.0224
vn -0.9387 -0.344 -0.0214
vn -0.3339 0.9422 0.0276
vn -0.3419 0.9395 0.0213
vn -0.3342 0.9425 -0.0072
vn 0.8919 0.434 0.1274
vn 0.9271 0.3717 0.0485
vn -0.0312 0.0895 0.9955
vn -0.0317 0.09 0.9954
vn -0.1077 0.3072 0.9455
vn 0.9022 0.4044 0.1498
vn 0.8995 0.4124 0.1444
vn 0.7918 0.506 0.3421
vn -0.9481 -0.318 -0.0006
vn -0.9474 -0.32 -0.0095
vn -0.9483 -0.3173 -0.0004
vn -0.8748 -0.2864 -0.3908
vn 0.2957 -0.8511 -0.4339
vn 0.209 -0.8774 -0.4319
vn -0.2592 -0.8943 -0.3649
vn -0.2529 -0.9124 -0.3218
vn 0.9468 0.3209 -0.0229
vn 0.9464 0.3222 -0.0235
vn 0.9498 0.3069 -0.0609
vn 0.9426 0.3276 -0.0654
vn 0.9435 0.3304 -0.025
vn 0.9418 0.3299 -0.0642
vn -0.9339 -0.3145 0.1703
vn -0.9483 -0.2733 0.1613
vn -0.9497 -0.3073 0.06
vn 0.0445 0.1574 0.9865
vn -0.2453 0.9013 -0.3571
vn -0.25 0.9568 -0.1484
vn -0.3363 0.927 -0.1663
vn 0.2388 -0.8643 -0.4426
vn 0.1231 -0.918 -0.377
vn -0.9395 -0.3417 -0.023
vn 0.5471 0.837 -0.0046
vn -0.9229 -0.3834 -0.035
vn -0.9223 -0.3851 -0.0319
vn -0.8788 -0.4698 -0.0837
vn -0.299 0.85 0.4338
vn -0.2987 0.8501 0.4338
vn -0.3063 0.8718 0.3824
vn -0.1064 0.3039 0.9467
vn -0.9991 -0.0226 0.0363
vn -0.8163 0.5771 0.023
vn -0.1861 -0.1461 -0.9716
vn -0.924 -0.3735 -0.082
vn -0.6881 -0.5846 -0.4299
vn -0.4714 0.8806 -0.0478
vn -0.6775 0.2747 0.6823
vn -0.9343 -0.1 0.3423
vn -0.7878 0.5877 0.1844
vn -0.9937 0.0683 0.0891
vn -0.7838 0.5765 0.2309
vn 0.9468 -0.2014 -0.2511
vn 0.9422 -0.1798 -0.2826
vn 0.6655 -0.5916 -0.4551
vn -0.9282 -0.3306 -0.1706
vn -0.8587 -0.3138 -0.4052
vn -0.6997 -0.5495 -0.4566
vn -0.264 -0.6029 -0.7528
vn -0.7182 -0.5066 -0.4769
vn 0.914 0.3711 0.1642
vn 0.9413 0.3366 0.0243
vn 0.9417 0.3355 0.0247
vn 0.9429 0.333 0.0087
vn 0.2622 -0.8862 -0.3821
vn 0.9337 0.3581 0.0069
vn 0.934 0.3568 0.0192
vn 0.9084 0.4182 0.0037
vn 0.9452 0.3263 -0.0075
vn 0.9454 0.3259 -0.0074
vn 0.9435 0.3314 -0.0002
vn 0.1408 -0.4103 -0.901
vn 0.1575 -0.4576 -0.8751
vn 0.159 -0.457 -0.8751
vn -0.9396 -0.3423 -0.0037
vn -0.8974 -0.4396 -0.0371
vn -0.9397 -0.342 -0.0051
vn 0.942 0.3346 0.0247
vn 0.9431 0.3325 0.0085
vn -0.2318 0.3765 0.897
vn -0.4037 -0.483 -0.777
vn -0.3895 -0.5236 -0.7577
vn 0.055 -0.4386 -0.897
vn -0.2765 -0.8505 -0.4474
vn -0.944 -0.3301 -0.0002
vn -0.9439 -0.33 0.008
vn -0.9437 -0.3307 0.0099
vn -0.9694 -0.2449 -0.0197
vn -0.0829 -0.0641 -0.9945
vn -0.0306 -0.0467 -0.9984
vn 0.9451 0.3267 -0.0059
vn -0.8908 -0.4543 -0.0089
vn -0.5934 -0.804 -0.0372
vn -0.8938 -0.4482 -0.0161
vn -0.3175 0.9072 0.276
vn -0.3119 0.8911 0.3297
vn -0.31 0.8916 0.3299
vn 0.8787 0.4717 0.074
vn -0.9404 -0.3401 -0.001
vn -0.9349 -0.3549 -0.0028
vn -0.3334 0.9412 -0.0547
vn -0.2724 0.7557 -0.5955
vn -0.325 0.9441 -0.055
vn 0.0614 -0.1349 -0.989
vn 0.0852 -0.1266 -0.9883
vn 0.0506 -0.1023 -0.9935
vn 0.2824 0.8499 0.445
vn 0.7496 0.626 0.215
vn 0.2778 0.9542 0.1114
vn 0.7938 0.6071 0.0363
vn 0.9237 0.3432 0.1704
vn 0.8618 0.3237 -0.3906
vn 0.5092 0.199 -0.8373
vn 0.8638 0.3093 -0.3978
vn 0.0459 -0.1696 -0.9844
vn 0.042 -0.1293 -0.9907
vn -0.2785 0.8297 0.4837
vn -0.269 0.8029 0.5319
vn -0.191 0.8266 0.5294
vn 0.8723 0.2735 -0.4054
vn -0.341 0.937 -0.0753
vn -0.9298 -0.3638 -0.0559
vn -0.896 -0.4209 -0.1417
vn -0.1618 0.4561 0.8751
vn -0.1634 0.4554 0.8751
vn -0.1468 0.4083 0.9009
vn 0.2823 -0.8182 -0.5008
vn 0.2806 -0.8193 -0.5
vn -0.3059 0.8718 0.3827
vn -0.2984 0.8502 0.4338
vn -0.2976 0.8505 0.4337
vn 0.952 0.3008 -0.0576
vn 0.953 0.2977 -0.0558
vn -0.9696 -0.2127 0.1209
vn -0.9567 -0.2874 0.0459
vn -0.9673 -0.2193 0.1273
vn 0.5163 0.1736 -0.8386
vn 0.5133 0.185 -0.838
vn 0.0843 0.0335 -0.9959
vn 0.7584 0.6011 0.2519
vn 0.763 0.5877 0.2693
vn -0.7686 0.5338 -0.3525
vn -0.8741 0.296 -0.3852
vn -0.851 -0.1056 -0.5145
vn -0.4235 0.0461 -0.9047
vn 0.2588 -0.7378 -0.6234
vn 0.2467 -0.7035 -0.6665
vn -0.1603 0.4564 0.8752
vn -0.1606 0.4563 0.8752
vn -0.1439 0.4097 0.9008
vn 0.0581 -0.1655 -0.9845
vn 0.0577 -0.1654 -0.9845
vn 0.0742 -0.2111 -0.9746
vn -0.0749 0.2093 0.975
vn -0.0927 0.26 0.9611
vn -0.0767 0.2086 0.975
vn -0.3241 0.9318 0.1634
vn -0.326 0.9311 0.1636
vn -0.3203 0.9212 0.2208
vn -0.2442 0.7044 0.6665
vn -0.2473 0.7417 0.6235
vn 0.3227 -0.9201 -0.222
vn 0.3264 -0.9307 -0.165
vn 0.3266 -0.9306 -0.165
vn 0.0083 -0.0273 -0.9996
vn 0.016 -0.0495 -0.9986
vn 0.9457 0.325 -0.0068
vn 0.9433 0.3319 0.0004
vn 0.9516 0.0464 -0.3038
vn 0.9454 0.0618 -0.3199
vn 0.6967 -0.3492 -0.6267
vn 0.7878 0.6159 -0.0032
vn 0.7896 0.6136 0.0072
vn 0.2743 0.9615 -0.0168
vn -0.8676 -0.2915 0.4027
vn -0.9318 -0.3225 0.1665
vn 0.9463 0.3231 -0.0031
vn 0.9435 0.3315 -0
vn 0.9435 0.3314 -0.0002
vn -0.9502 -0.307 0.0541
vn -0.1408 0.4104 0.901
vn -0.1574 0.4576 0.8751
vn -0.159 0.457 0.8751
vn 0.9405 0.3398 0.0015
vn 0.9214 0.3877 0.0248
vn 0.9256 0.3761 0.0427
vn 0.937 0.349 0.0168
vn -0.9539 -0.2955 0.0526
vn -0.9624 -0.2331 0.1394
vn -0.9548 -0.2928 0.0507
vn 0.4139 0.1263 -0.9015
vn 0.4039 0.1312 -0.9053
vn 0.2011 0.0541 -0.9781
vn 0.2594 -0.7374 -0.6236
vn 0.2591 -0.7376 -0.6236
vn -0.011 0.0233 -0.9997
vn -0.0048 0.0048 -1
vn -0.0032 0.0063 -1
vn -0.2901 0.8257 0.4837
vn -0.2904 0.8256 0.4837
vn -0.2807 0.7988 0.5321
vn 0.2146 -0.6296 -0.7467
vn 0.2321 -0.6822 -0.6934
vn 0.2302 -0.6239 -0.7469
vn 0.1912 -0.8264 -0.5297
vn -0.016 0.0489 0.9987
vn -0.0089 0.0286 0.9996
vn -0.0139 0.0491 0.9987
vn -0.0884 0.2615 0.9611
vn -0.0906 0.2608 0.9611
vn -0.0707 0.2108 0.975
vn 0.9403 0.3347 0.0617
vn 0.939 0.3387 0.0592
vn 0.9402 0.34 0.022
vn -0.9447 -0.328 -0.0002
vn -0.7953 -0.4891 -0.3581
vn -0.377 -0.5631 -0.7354
vn -0.3902 -0.5241 -0.757
vn 0.9757 -0.0244 -0.2176
vn 0.7386 -0.467 -0.4862
vn 0.2135 -0.4988 -0.84
vn 0.1882 -0.4253 -0.8853
vn 0.1641 -0.4339 -0.8859
vn -0.9602 -0.2777 0.0311
vn -0.9607 -0.276 0.0283
vn -0.9505 -0.3106 0.0121
vn -0.9416 -0.3366 -0.0074
vn -0.9415 -0.3369 -0.0072
vn 0.9796 -0.0349 -0.1978
vn -0.4914 -0.2408 -0.837
vn -0.4835 -0.262 -0.8352
vn -0.0629 -0.1029 -0.9927
vn -0.2588 0.6992 0.6664
vn -0.2461 0.663 0.7071
vn -0.25 0.7024 0.6664
vn -0.0416 0.1279 0.9909
vn -0.0476 0.1259 0.9909
vn -0.0607 0.163 0.9848
vn -0.0561 0.1224 0.9909
vn -0.3063 0.8717 0.3825
vn -0.3066 0.8723 0.381
vn -0.3281 0.9339 0.142
vn 0.1139 -0.0408 -0.9927
vn 0.106 -0.0177 -0.9942
vn 0.0372 -0.068 -0.997
vn -0.3309 0.9431 0.0329
vn -0.3277 0.9348 0.1368
vn 0.0341 -0.1077 -0.9936
vn 0.0233 -0.0779 -0.9967
vn 0.1929 -0.6952 -0.6925
vn 0.1746 -0.6426 -0.746
vn 0.1392 -0.7107 -0.6896
vn -0.3275 0.9306 0.1636
vn -0.3236 0.9202 0.2205
vn 0.9957 -0.0807 -0.0455
vn 0.788 -0.6085 -0.0936
vn 0.9476 0.3186 -0.0216
vn 0.948 0.3175 -0.0208
vn 0.945 0.327 -0.0079
vn -0.22 0.6529 0.7248
vn -0.1022 0.2975 0.9492
vn 0.4259 0.442 0.7894
vn 0.4409 0.3994 0.8038
vn -0.2035 0.5417 0.8155
vn -0.2187 0.5839 0.7818
vn -0.3303 0.9432 -0.0356
vn -0.3308 0.9433 -0.0273
vn -0.3309 0.943 -0.0362
vn -0.0036 0.0133 0.9999
vn -0.0044 0.0134 0.9999
vn -0.0027 0.0104 0.9999
vn 0.1317 -0.4135 -0.9009
vn 0.1486 -0.4605 -0.8752
vn 0.2483 -0.6766 -0.6932
vn 0.2655 -0.7281 -0.6319
vn 0.2721 -0.6679 -0.6928
vn -0.0837 -0.0412 -0.9956
vn -0.3295 0.9403 -0.0849
vn -0.4066 0.9081 0.0998
vn -0.8133 0.5712 0.1104
vn -0.4133 0.9105 0.0154
vn 0.9402 0.3398 -0.0226
vn 0.9402 0.3406 -0.0086
vn 0.934 0.3567 -0.0208
vn 0.9436 0.3311 -0.0004
vn 0.9415 0.3369 0.0071
vn 0.9408 0.339 0.0038
vn 0.9406 0.3394 0.0035
vn 0.9357 0.3526 0.0109
vn -0.8162 -0.4299 -0.3861
vn -0.8089 -0.4501 -0.3782
vn -0.42 -0.4416 -0.7928
vn 0.9371 0.3044 -0.1711
vn 0.9393 0.2978 -0.1703
vn 0.9406 0.3396 0.003
vn 0.9353 0.3536 0.0083
vn -0.8861 -0.2367 0.3984
vn -0.8932 -0.2181 0.3933
vn -0.9394 -0.2984 0.1686
vn -0.1053 0.0169 0.9943
vn -0.029 0.0439 0.9986
vn -0.1135 0.0396 0.9927
vn -0.0041 0.0107 0.9999
vn -0.0045 0.0099 0.9999
vn -0.0096 0.0264 0.9996
vn 0.1435 -0.4095 -0.9009
vn 0.1265 -0.3612 -0.9239
vn 0.1433 -0.4095 -0.901
vn 0.5462 0.8377 -0.0046
vn 0.0946 0.9955 -0.005
vn -0.1487 0.4605 0.8751
vn -0.1644 0.5061 0.8466
vn -0.3053 0.8721 0.3825
vn 0.0597 -0.165 -0.9845
vn 0.0751 -0.2106 -0.9747
vn 0.0607 -0.1652 -0.9844
vn -0.0039 0.0109 0.9999
vn -0.8147 0.5797 -0.0167
vn -0.9999 -0.0156 0.0072
vn -0.187 -0.0333 -0.9818
vn -0.4015 -0.1085 -0.9094
vn -0.1906 -0.0681 -0.9793
vn -0.3263 0.9265 -0.1873
vn -0.936 -0.3517 -0.0136
vn -0.9408 -0.3389 -0.005
vn -0.9358 -0.3524 -0.0123
vn -0.9454 -0.326 0.0063
vn -0.9487 -0.3155 0.0188
vn -0.9832 -0.1736 0.0564
vn -0.9895 0.0566 0.1332
vn 0.9434 0.3316 0.0001
vn 0.0142 -0.0502 -0.9986
vn 0.0223 -0.0731 -0.9971
vn 0.9418 0.3362 0.0079
vn -0.4147 0.8953 0.1627
vn -0.339 0.9265 0.1636
vn -0.4165 0.9025 0.1097
vn -0.1599 0.4567 0.8751
vn -0.16 0.4565 0.8752
vn -0.9395 -0.3418 -0.023
vn -0.9399 -0.3406 -0.0236
vn -0.9423 -0.3348 -0.008
vn -0.9837 0.0398 0.1753
vn -0.9805 -0.1819 0.0741
vn -0.9793 -0.1848 0.0828
vn 0.672 -0.6218 -0.4022
vn 0.2997 -0.8457 -0.4415
vn 0.4704 -0.7668 -0.4367
vn 0.3426 -0.8284 -0.4431
vn -0.331 0.9422 -0.0518
vn -0.3313 0.9429 -0.0355
vn -0.3313 0.9422 -0.0508
vn -0.8985 -0.4136 -0.1469
vn -0.7888 -0.5079 -0.3463
vn -0.2898 0.8258 0.4837
vn 0.1658 -0.1897 -0.9677
vn 0.2806 -0.1465 -0.9486
vn -0.3324 0.9425 0.0339
vn -0.3323 0.9432 -0.0049
vn 0.5009 -0.1139 -0.858
vn 0.1972 -0.2792 -0.9398
vn 0.6031 -0.0826 -0.7933
vn 0.1798 -0.229 -0.9567
vn 0.0021 0.0324 0.9995
vn -0.007 0.0294 0.9995
vn 0.3518 -0.7899 -0.5023
vn 0.2966 -0.8121 -0.5024
vn 0.921 0.3889 0.0214
vn -0.2286 0.6511 0.7237
vn 0.9512 0.3084 -0.0065
vn 0.9773 0.2083 -0.0388
vn -0.0028 0.0105 0.9999
vn -0.0076 0.025 0.9997
vn -0.0008 0.0104 0.9999
vn 0.1908 -0.5462 -0.8156
vn 0.1888 -0.5467 -0.8157
vn 0.2057 -0.5886 -0.7818
vn 0.0867 -0.5311 -0.8429
vn -0.3621 -0.6016 -0.7121
vn 0.1026 -0.5746 -0.812
vn 0.4207 0.121 -0.8991
vn 0.8174 0.2632 -0.5124
vn 0.4138 0.1263 -0.9016
vn -0.2621 0.7366 0.6235
vn -0.0026 0.2903 0.9569
vn -0.2923 0.7947 0.532
vn -0.3017 0.8217 0.4836
vn -0.3676 0.7644 0.5296
vn 0.856 0.3228 0.4038
vn 0.9279 0.3322 0.1692
vn -0.2201 0.6328 -0.7423
vn -0.1026 0.2938 -0.9504
vn 0.0954 -0.2821 -0.9546
vn 0.0737 -0.2217 -0.9723
vn 0.0791 -0.2873 -0.9546
vn 0.0278 -0.3876 -0.9214
vn -0.7878 0.5877 0.1843
vn -0.4105 0.885 0.2196
vn 0.3284 -0.93 -0.1653
vn 0.33 -0.9294 -0.165
vn 0.3246 -0.9194 -0.222
vn 0.1749 -0.5026 -0.8466
vn 0.1736 -0.5031 -0.8466
vn 0.2011 0.0541 -0.9781
vn 0.0866 0.016 -0.9961
vn 0.0939 0.0096 -0.9955
vn 0.4157 -0.9027 -0.1111
vn -0.1653 -0.2068 -0.9643
vn 0.3111 -0.9241 -0.2218
vn 0.2335 -0.9469 -0.2209
vn 0.315 -0.9346 -0.165
vn 0.0584 -0.1651 -0.9845
vn 0.0745 -0.2109 -0.9747
vn -0.0099 0.2273 -0.9738
vn -0.1947 0.7772 -0.5984
vn -0.0508 0.2201 -0.9742
vn -0.9433 -0.3319 -0.0002
vn -0.1946 0.5449 0.8156
vn -0.2096 0.5872 0.7818
vn 0.4711 -0.731 -0.4937
vn 0.4661 -0.6897 -0.5541
vn 0.2784 -0.8297 -0.4838
vn -0.0884 -0.023 0.9958
vn -0.0917 -0.0184 0.9956
vn -0.519 -0.1742 0.8368
vn -0.0097 0.0268 -0.9996
vn -0.0095 0.0247 -0.9996
vn -0.0027 0.0067 -1
vn -0.3286 0.9443 -0.0203
vn -0.3303 0.9437 -0.0187
vn -0.2228 0.6712 0.7071
vn -0.2098 0.6323 0.7458
vn 0.0288 -0.0449 -0.9986
vn 0.3354 -0.9156 -0.2218
vn 0.3307 -0.9022 -0.2768
vn 0.3261 -0.9189 -0.222
vn -0.2218 0.6284 0.7456
vn -0.2239 0.6277 0.7456
vn -0.2077 0.5879 0.7818
vn -0.1733 0.5029 0.8468
vn 0.3189 -0.9065 -0.2768
vn 0.3189 -0.9065 -0.2768
vn 0.3237 -0.9197 -0.222
vn -0.7519 0.4864 0.445
vn -0.7598 0.5089 0.4047
vn -0.9418 -0.336 -0.0075
vn -0.2441 -0.9414 -0.2327
vn -0.2485 -0.928 -0.2774
vn -0.7329 -0.6668 -0.1351
vn 0.7548 -0.5148 -0.4066
vn 0.9396 0.3416 0.0226
vn 0.9322 0.3573 0.0585
vn 0.94 0.3404 0.0232
vn -0.9352 -0.3541 -0.0084
vn -0.9354 -0.3535 -0.0097
vn -0.9406 -0.3394 -0.0029
vn 0.946 0.3242 -0.0048
vn 0.9436 0.3312 -0.0002
vn 0.9457 0.325 -0.005
vn 0.9094 0.4156 0.0151
vn -0.9332 -0.3207 -0.1622
vn -0.9444 -0.3233 -0.0597
vn 0.9424 0.3344 0.0088
vn 0.9404 0.3392 0.0237
vn 0.9425 0.334 0.0099
vn -0.962 -0.2723 0.0178
vn -0.9511 -0.3087 0.0069
vn -0.9616 -0.2737 0.021
vn 0.9417 0.3364 0.0073
vn 0.9384 0.345 0.0204
vn 0.929 0.3663 0.0531
vn 0.9281 0.3688 0.0509
vn 0.7899 0.6132 0.007
vn 0.2742 0.9617 -0.0064
vn 0.9475 0.3133 -0.0636
vn 0.9464 0.3167 -0.0642
vn 0.942 0.2899 -0.1689
vn -0.4058 0.8717 0.2746
vn 0.2795 -0.5123 -0.812
vn 0.2941 -0.5547 -0.7783
vn 0.0133 -0.0764 -0.997
vn 0.0222 -0.1022 -0.9945
vn -0.8158 0.5782 -0.0064
vn 0.2091 -0.6328 -0.7456
vn 0.1948 -0.5924 -0.7818
vn 0.1314 -0.6571 -0.7423
vn 0.2473 -0.7417 -0.6235
vn 0.2562 -0.7386 -0.6235
vn 0.2351 -0.7077 -0.6663
vn 0.177 -0.5019 -0.8466
vn 0.1609 -0.4562 -0.8752
vn 0.1767 -0.5018 -0.8467
vn -0.386 0.8152 0.4319
vn -0.3177 0.8676 0.3824
vn -0.0368 0.0956 0.9947
vn -0.0354 0.096 0.9948
vn 0.2728 0.9617 -0.0278
vn 0.2726 0.9619 -0.0222
vn -0.2426 0.9696 -0.0324
vn 0.3202 -0.921 -0.2219
vn 0.3222 -0.9203 -0.222
vn 0.3155 -0.9076 -0.2769
vn -0.0737 0.2098 0.975
vn -0.9407 -0.3392 -0.0045
vn -0.9434 -0.3315 -0.0001
vn 0.8855 0.4524 0.1064
vn 0.9246 0.3788 0.0404
vn -0.9365 -0.3504 -0.016
vn -0.9435 -0.3313 0.0001
vn -0.9436 -0.3312 0.0004
vn 0.5883 -0.0399 -0.8076
vn 0.8986 0.1958 -0.3926
vn 0.5736 0.0023 -0.8191
vn 0.1696 -0.7655 -0.6207
vn 0.1574 -0.7315 -0.6634
vn 0.3235 -0.9198 -0.222
vn 0.2931 -0.8247 -0.4837
vn 0.291 -0.8253 -0.4839
vn -0.1913 0.5462 0.8155
vn -0.1759 0.5022 0.8467
vn 0.0364 -0.7872 -0.6157
vn 0.1578 -0.7615 -0.6287
vn 0.0181 -0.7373 -0.6753
vn 0.1036 -0.2572 -0.9608
vn 0.086 -0.2068 -0.9746
vn 0.3999 -0.8556 -0.3288
vn 0.3248 -0.8863 -0.3302
vn 0.908 0.419 -0.0025
vn 0.7873 0.6164 -0.0144
vn -0.5219 -0.1633 -0.8372
vn 0.9508 0.3096 -0.0095
vn 0.9463 0.3233 -0.0036
vn 0.9507 0.3098 -0.0111
vn 0.7684 0.5727 0.2857
vn 0.774 0.5568 0.3013
vn -0.9071 -0.3891 -0.1604
vn -0.8023 -0.47 -0.368
vn -0.0175 0.0162 -0.9997
vn 0.1763 -0.5021 -0.8467
vn 0.176 -0.5022 -0.8467
vn 0.1918 -0.5461 -0.8155
vn -0.0445 -0.1589 -0.9863
vn -0.0299 -0.1958 -0.9802
vn 0.0332 -0.1322 -0.9907
vn -0.405 -0.1397 -0.9036
vn -0.8169 -0.2715 -0.5089
vn -0.4098 -0.1494 -0.8999
vn -0.951 -0.3091 0.0096
vn -0.9507 -0.3098 0.0109
vn -0.9611 -0.2752 0.0244
vn 0.9373 0.3481 0.0176
vn -0.1274 0.3606 0.924
vn -0.1099 0.3109 0.9441
vn -0.1096 0.311 0.9441
vn 0.9409 0.333 -0.0626
vn 0.9391 0.3383 -0.0597
vn 0.9287 0.3334 -0.1625
vn 0.0176 -0.0489 -0.9986
vn 0.0258 -0.0723 -0.9971
vn 0.2755 0.9495 -0.1504
vn 0.2674 0.8969 -0.3523
vn 0.7936 0.5926 -0.1377
vn -0.9441 -0.3296 0.0002
vn -0.2355 0.7075 0.6664
vn 0.1721 -0.4522 -0.8751
vn 0.1882 -0.4979 -0.8466
vn 0.2481 -0.4234 -0.8713
vn 0.0712 -0.4854 -0.8714
vn 0.1646 -0.5062 -0.8466
vn 0.2606 -0.7371 -0.6235
vn 0.2485 -0.703 -0.6664
vn 0.3062 -0.8717 -0.3827
vn 0.2986 -0.85 -0.4341
vn 0.3059 -0.8718 -0.3827
vn -0.3284 0.9441 -0.0277
vn -0.3298 0.9437 -0.0274
vn -0.3283 0.9434 -0.0471
vn -0.32 0.9464 -0.0439
vn 0.9377 0.347 0.0187
vn -0.9891 -0.1419 -0.0388
vn -0.9924 -0.1229 -0.0045
vn -0.0287 0.0838 -0.9961
vn 0.2374 -0.666 -0.7072
vn -0.8627 -0.3056 -0.4029
vn -0.5119 -0.1877 -0.8383
vn 0.9515 0.3077 -0.0042
vn -0.5201 -0.1706 0.8369
vn -0.5243 -0.1578 0.8368
vn -0.3336 -0.3939 -0.8565
vn 0.9431 0.3324 0.0089
vn 0.9435 0.3315 -0.0001
vn 0.6592 -0.2429 -0.7116
vn -0.9363 -0.351 -0.0147
vn -0.9366 -0.3501 -0.0159
vn -0.941 -0.3384 -0.0052
vn -0.5536 -0.0754 0.8294
vn -0.9217 -0.3805 -0.075
vn 0.5139 0.1887 0.8368
vn 0.7567 -0.6516 -0.0536
vn 0.7542 -0.647 -0.1119
vn 0.6612 -0.748 -0.0575
vn -0.0921 0.2603 0.9611
vn -0.0919 0.2604 0.9611
vn -0.1948 0.5923 0.7818
vn -0.1171 0.6167 0.7784
vn -0.1314 0.6571 0.7423
vn -0.0803 -0.0299 -0.9963
vn 0.9049 0.4006 -0.1439
vn 0.9246 0.3479 -0.1549
vn 0.9335 0.3542 -0.0553
vn 0.9432 0.3321 0.0092
vn 0.9433 0.3318 0.0001
vn -0.1999 0.8534 0.4815
vn 0.9333 0.3542 0.06
vn 0.9404 0.3392 0.0237
vn -0.9433 -0.331 -0.0248
vn -0.9442 -0.3284 -0.024
vn -0.9438 -0.3305 -0.0094
vn 0.0217 -0.0234 -0.9995
vn -0.2946 0.8758 0.3822
vn 0.2209 -0.6286 -0.7457
vn 0.2205 -0.6289 -0.7456
vn 0.2344 -0.6671 -0.7071
vn 0.0146 -0.0043 -0.9999
vn 0.0096 0.0084 -0.9999
vn 0.0058 -0.0072 -1
vn -0.0795 0.2645 0.9611
vn -0.0619 0.214 0.9749
vn 0.3171 -0.9071 -0.2768
vn 0.3098 -0.8915 -0.3304
vn -0.0741 0.2096 0.975
vn -0.0577 0.1642 0.9847
vn 0.0312 0.1945 0.9804
vn -0.0328 0.1306 0.9909
vn -0.5298 -0.1408 0.8363
vn 0.045 -0.128 -0.9908
vn 0.0344 -0.0979 -0.9946
vn 0.0447 -0.1282 -0.9907
vn -0.9467 -0.322 -0.0003
vn -0.9525 -0.3046 -0.001
vn -0.9467 -0.3222 0.0079
vn -0.8145 0.5789 -0.0373
vn -0.731 -0.673 -0.1133
vn -0.8741 -0.4833 -0.048
vn 0.9337 0.358 -0.0084
vn 0.3525 -0.7461 -0.5648
vn 0.2998 -0.7678 -0.5662
vn -0.6173 -0.7463 -0.249
vn -0.9411 -0.338 -0.0066
vn -0.9434 -0.3317 -0.0003
vn -0.941 -0.3384 -0.0058
vn 0.9414 0.3372 0.007
vn 0.9377 0.3471 0.0186
vn 0.9199 0.3547 0.1674
vn 0.9378 0.3413 0.0635
vn 0.9171 0.3624 0.1664
vn -0.9918 0.0626 0.1116
vn -0.7792 0.5629 0.2759
vn -0.2876 0.7492 -0.5966
vn -0.3269 0.7323 -0.5974
vn -0.1001 0.2032 -0.974
vn 0.9487 0.3099 -0.063
vn -0.013 0.075 0.9971
vn -0.0048 0.0524 0.9986
vn 0.0639 0.1018 0.9928
vn -0.3291 0.9378 0.1102
vn -0.3266 0.9309 0.1637
vn -0.3285 0.9381 0.1101
vn 0.015 -0.0525 -0.9985
vn 0.2745 0.8723 0.4046
vn 0.9093 0.4158 0.015
vn -0.2373 0.6661 0.7071
vn -0.2481 0.7031 0.6664
vn -0.1429 0.4097 0.901
vn 0.1065 -0.3127 -0.9439
vn 0.1236 -0.362 -0.9239
vn 0.1087 -0.3119 -0.9439
vn -0.9849 -0.1692 0.0375
vn -0.9854 -0.168 0.0279
vn -0.9627 -0.2704 0.0106
vn -0.9251 -0.3772 -0.0443
vn -0.9369 -0.3493 -0.0169
vn 0.8842 -0.0144 -0.467
vn 0.8759 0.4792 0.0563
vn -0.3304 0.9397 -0.0883
vn -0.331 0.9397 -0.0858
vn -0.3263 0.9266 -0.187
vn 0.1442 -0.4091 -0.901
vn -0.2996 0.8497 0.4339
vn -0.2906 0.8256 0.4836
vn -0.2797 0.7993 0.5319
vn 0.2671 -0.7705 -0.5788
vn 0.2589 -0.7734 -0.5786
vn -0.3284 0.9339 0.1416
vn 0.9473 0.3197 -0.0223
vn 0.9449 0.3272 -0.0081
vn 0.9468 0.321 -0.0229
vn -0.2709 0.7333 0.6236
vn -0.1574 0.7315 0.6634
vn -0.9433 -0.331 -0.0248
vn -0.0979 -0.0032 0.9952
vn 0.2593 -0.699 -0.6665
vn -0.323 0.9203 0.2207
vn -0.2291 0.6516 0.7231
vn 0.3092 -0.8706 -0.3827
vn 0.3181 -0.8674 -0.3826
vn 0.3017 -0.8489 -0.434
vn -0.9999 -0.0114 -0.0089
vn -0.2462 0.7036 0.6666
vn -0.0972 0.3155 0.9439
vn -0.1063 0.3122 0.9441
vn 0.0639 0.1018 0.9928
vn 0.495 0.2407 0.8349
vn 0.0548 0.1271 0.9904
vn -0.335 0.9422 -0.0067
vn -0.3259 0.9454 -0.0067
vn -0.3756 -0.5631 -0.7361
vn -0.0445 0.1267 0.9909
vn -0.0442 0.1268 0.9909
vn 0.9512 0.3086 -0.007
vn 0.951 0.3091 -0.0083
vn 0.9625 0.2708 -0.0182
vn -0.1484 0.2178 -0.9647
vn -0.0345 0.0685 -0.9971
vn -0.9842 -0.1707 0.0475
vn -0.8865 -0.448 -0.1156
vn -0.7599 -0.59 -0.273
vn -0.8881 -0.4428 -0.1234
vn 0.7934 0.6065 -0.0523
vn 0.4504 0.0437 -0.8918
vn 0.8212 0.2116 -0.5299
vn 0.4412 0.0707 -0.8946
vn 0.9311 0.3604 0.057
vn 0.9391 0.3429 0.022
vn 0.9299 0.3636 0.0552
vn -0.2621 0.7366 0.6235
vn -0.022 0.1009 0.9946
vn 0.234 -0.6673 -0.7071
vn 0.2465 -0.7036 -0.6665
vn -0.0041 0.0106 0.9999
vn 0.18 -0.55 -0.8155
vn -0.3148 0.9491 -0.0065
vn -0.9201 -0.3915 -0.0144
vn -0.9349 -0.3548 -0.0056
vn -0.9444 -0.3225 0.0645
vn -0.944 -0.3289 0.0249
vn 0.9459 0.3234 -0.024
vn 0.189 0.0589 -0.9802
vn -0.008 0.0252 -0.9997
vn -0.0091 0.0266 -0.9996
vn -0.0018 0.0064 -1
vn 0.0466 -0.1278 -0.9907
vn 0.3057 -0.8718 -0.3827
vn 0.3125 -0.8906 -0.3303
vn 0.074 -0.0944 -0.9928
vn 0.0399 -0.0723 -0.9966
vn -0.2329 0.6246 0.7454
vn -0.9402 -0.3405 -0.0029
vn -0.0179 0.0482 0.9987
vn -0.0199 0.047 0.9987
vn -0.013 0.0274 0.9995
vn 0.9409 0.3385 0.0065
vn 0.9412 0.3378 0.0067
vn -0.9937 0.0685 0.089
vn -0.3009 0.8948 0.3297
vn 0.2734 0.9612 -0.0372
vn -0.2443 0.9688 -0.0412
vn 0.2115 -0.7461 -0.6313
vn 0.9426 0.3331 0.025
vn 0.1151 -0.365 -0.9239
vn 0.1364 -0.3528 -0.9257
vn 0.1603 -0.3447 -0.9249
vn 0.4102 -0.8849 -0.2209
vn 0.4056 -0.8715 -0.2757
vn -0.1434 0.4094 0.901
vn -0.0547 0.1651 0.9848
vn -0.0707 0.2108 0.975
vn -0.0562 0.1643 0.9848
vn -0.3151 0.9349 0.1636
vn -0.2369 0.9578 0.1627
vn 0.0585 -0.165 -0.9845
vn 0.0455 -0.1281 -0.9907
vn -0.1609 0.4564 0.8751
vn -0.1441 0.4093 0.901
vn -0.1094 0.3111 0.9441
vn 0.0785 0.0588 0.9952
vn -0.4101 -0.1702 -0.896
vn -0.4117 -0.1578 -0.8976
vn -0.3344 0.6693 0.6635
vn -0.9434 -0.3316 -0.0085
vn -0.8143 0.58 -0.0223
vn -0.8146 0.5797 -0.0167
vn 0.9568 0.0295 -0.2894
vn -0.2223 0.6324 -0.7421
vn -0.1036 0.2933 -0.9504
vn 0.2473 0.9512 0.1844
vn 0.2508 0.9401 0.2309
vn 0.732 0.6754 0.0894
vn 0.0302 -0.1454 -0.9889
vn -0.0058 -0.1209 -0.9926
vn -0.4625 -0.3188 -0.8273
vn -0.4485 -0.3568 -0.8195
vn -0.1793 0.2283 0.9569
vn -0.5938 0.036 0.8038
vn -0 -0.0093 -1
vn 0.5345 0.1197 -0.8367
vn 0.1139 -0.0409 -0.9927
vn 0.4268 0.11 -0.8976
vn 0.2096 0.0486 -0.9766
vn 0.1448 -0.4091 -0.901
vn 0.1617 -0.456 -0.8752
vn 0.1468 -0.4083 -0.901
vn 0.5016 0.2217 0.8362
vn 0.5079 0.2049 0.8367
vn 0.2995 -0.8459 -0.4413
vn -0.2891 0.8261 0.4836
vn -0.3243 0.9199 0.2206
vn -0.3315 0.9428 0.0356
vn -0.3317 0.9428 0.0329
vn -0.3317 0.9434 -0.0042
vn 0.9512 0.2637 -0.1605
vn 0.8959 -0.0466 -0.4417
vn 0.5886 -0.3751 -0.7161
vn -0.9481 -0.3174 0.0207
vn -0.9519 -0.3012 0.0567
vn -0.953 -0.2981 0.0548
vn -0.9472 -0.3198 0.0219
vn 0.9096 0.415 -0.0198
vn 0.8754 0.4811 0.0471
vn 0.9208 0.3895 0.018
vn -0.9425 -0.328 0.0635
vn -0.9427 -0.3276 0.0636
vn -0.9438 -0.3296 0.0245
vn 0.7981 0.4877 0.3538
vn -0.3147 -0.7402 -0.5942
vn -0.3252 -0.7081 -0.6268
vn -0.7649 -0.5752 -0.2898
vn 0.9387 0.344 0.0212
vn 0.102 -0.6037 -0.7907
vn 0.9464 0.3229 -0.0026
vn 0.6457 -0.2043 -0.7358
vn 0.1438 -0.4093 -0.901
vn -0.3263 0.9192 0.2205
vn -0.3243 0.9199 0.2206
vn -0.3299 0.9297 0.1636
vn -0.3324 0.9427 -0.0275
vn -0.3324 0.9429 -0.0193
vn -0.3345 0.9422 -0.0206
vn 0.3465 -0.7032 -0.6208
vn 0.3343 -0.6693 -0.6635
vn -0.025 0.0711 0.9972
vn -0.0254 0.071 0.9972
vn -0.017 0.0485 0.9987
vn -0.2471 0.7034 0.6664
vn -0.2344 0.6671 0.7071
vn -0.2468 0.7037 0.6663
vn 0.2645 -0.4685 -0.8429
vn 0.2945 -0.8757 -0.3826
vn 0.3033 -0.8727 -0.3827
vn 0.2868 -0.8541 -0.4338
vn -0.2371 0.6479 0.7239
vn -0.3188 0.8794 0.3536
vn -0.7291 -0.6783 -0.0908
vn -0.8732 -0.4858 -0.0385
vn -0.7278 -0.6825 -0.0672
vn -0.9202 -0.3911 -0.0147
vn -0.8731 -0.486 -0.0386
vn -0.9205 -0.3903 -0.0182
vn -0.9404 -0.3393 -0.024
vn -0.9408 -0.338 -0.0245
vn -0.9423 -0.3345 -0.0095
vn -0.2758 0.6095 -0.7432
vn 0.9367 0.3498 0.0156
vn -0.9511 -0.3088 0.0083
vn -0.9464 -0.3229 0.0025
vn 0.9628 0.2702 -0.0108
vn 0.9628 0.2699 -0.0147
vn 0.9859 0.165 -0.0286
vn 0.9504 0.3108 -0.0136
vn 0.2117 -0.7457 -0.6317
vn 0.2357 -0.7383 -0.6319
vn 0.1929 -0.6954 -0.6923
vn 0.2316 -0.3766 -0.897
vn -0.5367 -0.1218 0.835
vn -0.8142 0.5769 -0.065
vn -0.4152 0.9088 -0.0413
vn 0.3213 -0.9056 -0.2769
vn 0.0168 -0.0491 -0.9986
vn -0.1281 0.3603 0.924
vn -0.1452 0.409 0.9009
vn -0.1297 0.3597 0.924
vn -0.2595 0.7376 0.6233
vn -0.2601 0.7373 0.6235
vn -0.2475 0.7033 0.6664
vn -0.9391 -0.3429 -0.0222
vn -0.9419 -0.3358 -0.0081
vn 0.9507 0.3099 -0.0111
vn 0.9506 0.3101 -0.0123
vn 0.9611 0.2748 -0.0287
vn -0.4345 -0.399 -0.8075
vn -0.4047 -0.4828 -0.7766
vn 0.4136 -0.8955 -0.1643
vn 0.3413 -0.9333 -0.1115
vn -0.3064 0.8741 0.377
vn -0.3062 0.8721 0.3816
vn -0.0878 -0.0119 -0.9961
vn -0.0128 0.0007 -0.9999
vn -0.2871 0.8268 0.4837
vn -0.01 0.0284 0.9995
vn -0.0097 0.0285 0.9995
vn 0.3063 -0.9108 -0.2768
vn 0.3115 -0.891 -0.3304
vn 0.9626 0.2593 -0.0785
vn 0.9082 -0.0721 -0.4123
vn 0.9166 -0.1036 -0.386
vn 0.9455 0.3255 -0.0071
vn 0.9484 0.3164 -0.0199
vn -0.0869 0.7992 -0.5947
vn 0.1312 0.8164 -0.5624
vn -0.1685 0.9845 -0.0484
vn -0.0838 -0.041 -0.9956
vn -0.1271 0.3607 0.924
vn -0.6849 0.7286 -0.0049
vn -0.6501 0.7589 -0.039
vn -0.4934 0.8698 -0.0055
vn -0.6072 0.5631 -0.5605
vn -0.8512 -0.1041 -0.5144
vn -0.8731 0.2984 -0.3855
vn 0.2818 -0.7654 -0.5786
vn -0.95 -0.3118 0.0145
vn -0.9496 -0.3131 0.0157
vn -0.9372 -0.3484 -0.018
vn -0.9412 -0.3377 -0.0068
vn -0.9369 -0.3493 -0.017
vn -0.0196 -0.2517 -0.9676
vn 0.0336 -0.2349 -0.9714
vn -0.2734 0.7684 0.5786
vn 0.3297 -0.9375 -0.1114
vn 0.3272 -0.9305 -0.1649
vn 0.3294 -0.9376 -0.1114
vn -0.2353 0.6667 0.7072
vn -0.0458 0.0924 0.9947
vn -0.302 0.9518 -0.0538
vn -0.298 0.9546 -0.0064
vn 0.9337 -0.1628 -0.319
vn -0.7825 -0.5258 -0.3336
vn -0.776 -0.5436 -0.3199
vn -0.35 -0.639 -0.685
vn -0.4243 0.6839 -0.5935
vn -0.232 0.1405 -0.9625
vn -0.1368 0.185 -0.9732
vn 0.1212 -0.3075 -0.9438
vn 0.0466 -0.0936 -0.9945
vn 0.1226 -0.0663 -0.9902
vn -0.9465 -0.0658 0.316
vn -0.9648 -0.2264 0.1337
vn 0.9199 0.1351 -0.3683
vn 0.6318 -0.1646 -0.7575
vn 0.9461 0.3191 -0.0558
vn 0.8172 0.2682 -0.5102
vn 0.9285 0.3314 0.1673
vn -0.1002 0.2034 -0.974
vn -0.2877 0.7493 -0.5965
vn -0.9351 -0.3544 -0.007
vn -0.8725 -0.4878 -0.0286
vn -0.7266 -0.6855 -0.0454
vn 0.9509 0.3037 -0.0594
vn 0.9468 0.321 -0.0229
vn -0.3176 0.9418 0.1103
vn -0.9447 -0.3279 0.0077
vn -0.9466 -0.3222 0.0079
vn -0.9444 -0.3278 0.0236
vn 0.11 -0.3115 -0.9439
vn 0.0866 0.0161 -0.9961
vn -0.8143 0.5792 -0.037
vn 0.16 -0.4565 -0.8752
vn 0.1759 -0.5023 -0.8466
vn -0.0101 0.0252 -0.9996
vn -0.0146 -0.2411 -0.9704
vn 0.003 -0.291 -0.9567
vn 0.0621 -0.2153 -0.9746
vn -0.8143 0.5798 -0.0278
vn -0.4171 0.9083 -0.0324
vn 0.9431 0.3317 -0.0247
vn -0.9705 -0.2409 -0.0025
vn 0.2135 -0.4986 -0.8401
vn 0.9465 0.3226 -0.0047
vn 0.9463 0.3233 -0.0048
vn 0.9501 0.3119 -0.0104
vn 0.9512 0.3086 -0.0043
vn 0.3244 -0.8663 -0.3798
vn -0.9439 -0.33 0.0098
vn -0.9446 -0.3272 0.0247
vn -0.945 -0.3261 0.0243
vn -0.3527 -0.3393 -0.872
vn 0.2731 0.9618 -0.0168
vn -0.2425 0.9699 -0.022
vn -0.2422 0.9698 -0.0271
vn 0.9613 0.2623 -0.0844
vn 0.1091 -0.3118 -0.9439
vn 0.1263 -0.3612 -0.9239
vn 0.9287 0.3335 -0.1625
vn 0.8175 0.2632 -0.5123
vn 0.8171 0.2555 -0.5168
vn -0.9444 -0.3289 -0.0003
vn -0.942 -0.3357 -0.0069
vn 0.9736 0.2215 -0.0561
vn 0.9709 0.232 -0.0591
vn -0.4106 0.885 0.2196
vn 0.7827 -0.5938 -0.1865
vn 0.7788 -0.5825 -0.2328
vn 0.7344 0.6695 0.1116
vn -0.9453 -0.2821 0.164
vn 0.2218 -0.6284 -0.7456
vn 0.2071 -0.588 -0.7819
vn 0.2212 -0.6285 -0.7457
vn -0.505 -0.2032 -0.8389
vn -0.2261 -0.7087 -0.6683
vn -0.2441 -0.659 -0.7114
vn -0.6877 -0.5845 -0.4306
vn -0.3422 0.9386 -0.0445
vn -0.3338 0.9415 -0.0467
vn -0.2213 0.6319 -0.7428
vn -0.1042 0.2971 -0.9491
vn -0.9463 -0.3172 0.0629
vn -0.9451 -0.326 0.0243
vn -0.3005 0.856 -0.4207
vn -0.2226 0.6336 -0.741
vn 0.8164 0.2552 -0.518
vn -0.9597 -0.2787 0.0346
vn 0.0357 -0.0971 -0.9946
vn 0.0375 -0.0968 -0.9946
vn 0.0284 -0.0712 -0.9971
vn -0.9438 -0.3296 0.0245
vn -0.9848 -0.1698 0.0376
vn -0.9624 -0.2712 0.0143
vn 0.0447 -0.1285 -0.9907
vn 0.0576 -0.1656 -0.9845
vn 0.9367 0.3446 0.0627
vn 0.9413 0.3366 0.0244
vn -0.9422 -0.2908 0.1663
vn -0.9452 -0.3203 0.0632
vn -0.4334 -0.399 -0.8081
vn -0.4184 -0.4415 -0.7937
vn 0.074 -0.0943 -0.9928
vn -0.8244 -0.2452 -0.5102
vn -0.4173 0.9085 -0.0224
vn -0.8154 0.5789 -0.0064
vn -0.0299 0.0872 0.9957
vn 0.0457 -0.1401 -0.9891
vn 0.019 -0.1126 -0.9935
vn -0.0342 -0.0241 -0.9991
vn -0.0339 -0.0134 -0.9993
vn 0.0571 0.0524 -0.997
vn -0.1036 0.2931 -0.9504
vn -0.2226 0.6317 -0.7425
vn -0.3635 -0.6015 -0.7114
vn 0.1599 -0.4566 -0.8752
vn -0.2282 0.6516 0.7234
vn 0.0095 0.0085 -0.9999
vn 0.0034 0.0235 -0.9997
vn -0.1793 0.5008 0.8468
vn 0.081 -0.5417 -0.8366
vn 0.1341 -0.5258 -0.84
vn 0.0552 -0.4687 -0.8816
vn -0.3313 0.9422 -0.0509
vn -0.5789 -0.0062 0.8154
vn -0.2228 0.9179 0.3284
vn -0.2219 0.6323 -0.7423
vn -0.0396 -0.5714 -0.8197
vn 0.8852 0.2353 -0.4013
vn 0.5608 0.0409 -0.827
vn 0.8914 0.2164 -0.3983
vn -0.9468 -0.3217 -0.0087
vn -0.9476 -0.3193 -0.0005
vn -0.812 -0.2825 -0.5108
vn 0.1485 -0.4394 -0.8859
vn -0.3523 0.9359 -0.0064
vn -0.3473 0.9362 -0.0538
vn 0.3082 -0.595 -0.7422
vn 0.2941 -0.5546 -0.7784
vn -0.9318 -0.3211 0.169
vn -0.8145 0.579 -0.0372
vn -0.4153 0.9088 -0.0412
vn 0.9435 0.3314 0.0001
vn 0.1255 -0.3615 -0.9239
vn -0.132 0.4134 0.9009
vn -0.1145 0.365 0.9239
vn 0.0029 -0.0072 -1
vn -0.0022 0.007 -1
vn 0.0026 -0.0073 -1
vn 0.7457 0.6369 0.1955
vn 0.742 0.6471 0.1751
vn 0.5503 0.0724 -0.8318
vn 0.3078 -0.8712 -0.3824
vn -0.2709 0.7692 0.5788
vn -0.2706 0.7694 0.5786
vn 0.0372 -0.068 -0.997
vn 0.1606 -0.4561 -0.8753
vn 0.1603 -0.4562 -0.8753
vn -0.3351 0.916 0.2206
vn 0.9427 0.3335 0.0094
vn -0.958 -0.2837 0.0409
vn -0.9497 -0.3128 0.0157
vn -0.9575 -0.2853 0.043
vn -0.9597 -0.2408 0.1448
vn -0.9375 -0.3474 -0.0189
vn -0.3279 0.9341 0.141
vn 0.9448 0.3276 -0.0085
vn -0.3133 -0.7404 -0.5947
vn 0.1449 -0.6953 -0.704
vn -0.3247 -0.7081 -0.627
vn 0.9494 0.3135 -0.017
vn -0.1124 0.31 0.9441
vn -0.1213 0.307 0.944
vn -0.1268 0.3609 0.9239
vn 0.1334 -0.0965 -0.9864
vn 0.1465 -0.1336 -0.9801
vn -0.0689 -0.1086 -0.9917
vn -0.016 -0.0911 -0.9957
vn 0.0313 -0.099 -0.9946
vn 0.0332 -0.0982 -0.9946
vn 0.9464 0.3229 -0.0021
vn -0.1915 -0.8022 -0.5655
vn -0.2085 -0.756 -0.6204
vn 0.3529 -0.3579 -0.8645
vn 0.2126 -0.3255 -0.9213
vn 0.962 0.2723 -0.0219
vn -0.9764 0.0196 0.215
vn -0.9802 0.031 0.1954
vn 0.9446 0.3272 -0.025
vn 0.9453 0.3198 -0.0647
vn 0.9451 0.326 -0.0248
vn -0.1106 0.3107 0.9441
vn 0.9393 0.3369 0.0648
vn 0.9423 0.3338 0.0249
vn 0.9386 0.339 0.0643
vn 0.2652 -0.1027 -0.9587
vn -0.9674 -0.2489 0.0464
vn -0.9397 -0.306 0.1529
vn -0.9372 -0.305 0.1695
vn -0.9467 -0.3221 -0.0003
vn -0.9417 -0.3355 -0.0251
vn -0.9384 -0.3392 -0.0654
vn -0.9494 -0.3137 0.0168
vn 0.9496 0.3131 -0.0171
vn 0.9435 0.3314 -0.0009
vn 0.9436 0.3312 -0.0004
vn -0.938 0.3449 -0.0341
vn -0.3265 0.9388 0.1102
vn -0.0727 0.2102 0.975
vn 0.0453 -0.128 -0.9907
vn -0.0449 0.1266 0.9909
vn -0.0342 0.0961 0.9948
vn 0.2864 -0.5405 -0.7911
vn 0.2349 -0.5606 -0.7941
vn 0.2887 -0.8263 -0.4837
vn -0.3129 0.8907 0.3298
vn 0.1623 -0.1788 -0.9704
vn 0.2334 -0.7909 -0.5657
vn -0.0306 0.0864 -0.9958
vn 0.0241 -0.0725 -0.9971
vn 0.3129 -0.8906 -0.3301
vn 0.9105 0.4103 -0.0508
vn 0.934 0.3567 -0.0208
vn -0.9434 -0.3316 -0.0001
vn -0.8173 -0.2716 -0.5082
vn 0.9614 0.2741 -0.0248
vn 0.9835 0.1717 -0.0574
vn -0.9413 -0.3367 -0.0248
vn -0.9408 -0.3381 -0.0246
vn 0.9435 0.3314 -0.0002
vn -0.9462 -0.3228 -0.0224
vn -0.9442 -0.3284 -0.0241
vn -0.9444 -0.3234 -0.0596
vn 0.9542 0.2549 -0.1564
vn 0.2754 0.9495 -0.1503
vn -0.2486 0.9662 -0.0676
vn -0.8907 -0.4357 -0.1296
vn 0.0582 -0.1767 -0.9825
vn -0.2205 0.6287 0.7457
vn -0.2209 0.6286 0.7457
vn -0.1805 0.7971 0.5762
vn -0.2582 0.7735 0.5788
vn 0.0017 -0.0086 -1
vn -0.3223 0.9206 0.2205
vn -0.2835 0.7977 0.5322
vn 0.2996 -0.8496 -0.4341
vn -0.0915 0.2603 0.9612
vn -0.1089 0.3113 0.9441
vn -0.9503 -0.3112 0.0133
vn -0.9464 -0.3231 0.0054
vn 0.7079 -0.3814 -0.5945
vn 0.3218 -0.6331 -0.704
vn 0.281 -0.7988 -0.5319
vn 0.2707 -0.7694 -0.5786
vn 0.2807 -0.799 -0.5318
vn 0.9779 0.1879 -0.0921
vn 0.9402 0.3399 -0.0227
vn -0.9216 -0.3486 -0.1708
vn -0.8478 -0.3426 -0.4049
vn 0.8476 0.1149 -0.5181
vn 0.8943 0.4271 0.1336
vn 0.2812 -0.8521 -0.4415
vn -0.9462 -0.3228 -0.0226
vn 0.8049 0.4685 0.3643
vn 0.2371 -0.9575 -0.1643
vn 0.9436 0.3311 -0.0004
vn 0.2597 -0.7374 -0.6235
vn 0.2709 -0.7693 -0.5786
vn -0.2743 -0.8512 -0.4475
vn -0.2665 -0.8738 -0.4068
vn 0.2457 -0.6629 -0.7072
vn 0.2473 -0.7418 -0.6234
vn 0.2562 -0.7387 -0.6235
vn 0.3238 -0.6471 -0.6902
vn 0.2171 -0.6875 -0.693
vn -0.0029 0.0061 -1
vn 0.0022 -0.008 -1
vn -0.0027 0.0076 -1
vn -0.0449 0.1266 0.9909
vn 0.9436 0.331 -0.0095
vn -0.7287 -0.6788 -0.0907
vn -0.32 0.9464 -0.0441
vn 0.0081 -0.0831 -0.9965
vn -0.2925 -0.7997 -0.5243
vn 0.2356 -0.7386 -0.6317
vn 0.2506 -0.7335 -0.6318
vn -0.2229 0.6329 -0.7415
vn 0.2901 -0.8257 -0.4838
vn 0.2897 -0.8258 -0.4838
vn 0.8048 0.4688 0.3641
vn -0.9405 -0.0827 0.3296
vn -0.935 -0.3546 -0.0056
vn 0.2747 0.9593 -0.0655
vn -0.2443 0.9688 -0.0413
vn 0.9426 0.3332 0.0245
vn 0.9422 0.335 0.0085
vn 0.9811 0.1782 -0.0757
vn -0.9677 -0.0054 0.2521
vn -0.9721 0.0084 0.2342
vn -0.8807 -0.2521 0.4009
vn 0.9497 0.3129 -0.0158
vn 0.1468 -0.4083 -0.901
vn 0.1557 -0.4051 -0.9009
vn 0.1298 -0.3598 -0.924
vn 0.0738 -0.2112 -0.9746
vn 0.0918 -0.2612 -0.9609
vn 0.2816 -0.7986 -0.5319
vn -0.0032 0.0063 -1
vn -0.2334 0.6673 0.7072
vn -0.234 0.6672 0.7071
vn -0.2199 0.6291 0.7456
vn 0.2803 -0.7989 -0.5322
vn 0.2802 -0.7991 -0.5319
vn 0.2037 -0.5893 -0.7818
vn 0.3067 -0.8716 -0.3824
vn 0.3066 -0.8715 -0.3827
vn 0.3134 -0.8904 -0.3301
vn -0.2803 0.799 0.5321
vn -0.27 0.7696 0.5786
vn -0.3076 0.8737 0.3769
vn -0.3102 0.8764 0.3684
vn -0.3291 0.9343 0.1374
vn -0.8433 -0.3548 -0.4036
vn -0.4844 -0.2623 -0.8346
vn -0.091 0.2868 0.9536
vn -0.0223 0.2735 0.9616
vn -0.0166 0.0782 0.9968
vn 0.9387 0.344 0.0214
vn -0.0239 0.0712 0.9972
vn -0.0246 0.0708 0.9972
vn 0.0284 -0.0711 -0.9971
vn 0.0203 -0.048 -0.9986
vn 0.267 0.8929 0.3627
vn -0.9462 -0.3227 0.022
vn -0.8761 -0.4775 -0.0663
vn 0.9513 0.3083 -0.007
vn -0.9434 -0.3316 -0.0001
vn 0.2539 -0.6152 -0.7464
vn 0.2113 -0.5691 -0.7947
vn 0.8965 -0.0457 -0.4407
vn -0.139 0.3565 0.9239
vn 0.9451 0.281 -0.1671
vn 0.8914 0.2163 -0.3983
vn -0.6779 -0.6147 -0.4032
vn -0.6288 -0.7259 -0.2787
vn -0.6352 -0.7055 -0.3142
vn -0.0207 0.3408 0.9399
vn 0.071 0.0789 0.9944
vn -0.2305 0.6498 0.7243
vn -0.1073 0.3036 0.9467
vn 0.8592 0.3151 0.403
vn 0.9049 0.3969 0.154
vn 0.9321 0.3575 0.0585
vn -0.9424 -0.3287 -0.062
vn -0.9332 -0.3208 -0.1623
vn 0.9455 0.3247 -0.0242
vn 0.9451 0.326 -0.0248
vn 0.8745 0.4835 0.0378
vn -0.175 0.5025 0.8467
vn -0.1903 0.5465 0.8156
vn -0.3197 0.9471 -0.0276
vn -0.3198 0.9472 -0.0212
vn 0.0922 -0.2607 -0.961
vn -0.0258 0.0705 0.9972
vn -0.0174 0.0483 0.9987
vn -0.2441 0.9697 -0.0125
vn -0.9437 -0.3298 0.025
vn 0.4951 0.2407 0.8348
vn 0.3578 -0.7349 -0.5761
vn 0.0364 -0.7875 -0.6153
vn -0.175 -0.8434 -0.5079
vn 0.8527 0.3318 0.4034
vn 0.2096 -0.5872 -0.7818
vn 0.3269 -0.9306 -0.1649
vn 0.3291 -0.9377 -0.1113
vn 0.1915 -0.5461 -0.8156
vn 0.2066 -0.5882 -0.7819
vn 0.2316 -0.3764 -0.897
vn 0.2137 -0.3286 -0.92
vn -0.0168 0.0486 0.9987
vn 0.9514 0.308 -0.0056
vn 0.3772 -0.4293 -0.8206
vn -0.8375 -0.3703 -0.4019
vn -0.8309 -0.3887 -0.3982
vn -0.4636 -0.3193 -0.8265
vn -0.8971 -0.2376 0.3726
vn -0.5424 -0.1139 0.8324
vn -0.8765 -0.2862 0.3871
vn 0.9409 0.3387 0.0054
vn 0.9408 0.3389 0.0049
vn 0.9364 0.3507 0.0145
vn -0.9458 -0.3246 0.0065
vn -0.9455 -0.3255 0.0064
vn -0.9494 -0.3136 0.0167
vn -0.9434 -0.3316 -0.0001
vn -0.9449 -0.3272 0.007
vn -0.2819 0.7983 0.5322
vn 0.7188 -0.4117 -0.5603
vn -0.9575 -0.2522 0.1398
vn -0.3197 0.9469 -0.033
vn -0.0219 0.0719 0.9972
vn -0.3307 0.9423 -0.0519
vn 0.1174 -0.6167 -0.7784
vn -0.0343 -0.0241 -0.9991
vn 0.9515 0.3076 -0.0056
vn 0.8802 0.4675 0.0825
vn -0.9649 -0.226 0.1337
vn 0.1633 -0.4555 -0.8751
vn -0.1269 -0.9521 -0.2782
vn -0.6002 -0.7907 -0.1206
vn 0.6406 -0.5147 -0.5698
vn 0.3009 -0.8947 -0.3301
vn -0.0543 -0.1285 -0.9902
vn -0.32 0.9445 -0.0742
vn 0.2301 -0.9334 -0.2754
vn -0.2389 -0.953 -0.1865
vn -0.0366 0.0669 0.9971
vn -0.3412 0.9335 0.1103
vn -0.9164 -0.363 -0.1686
vn -0.5058 -0.2035 -0.8383
vn 0.2783 -0.8196 -0.5008
vn 0.2669 -0.7803 -0.5656
vn 0.0254 -0.0724 -0.9971
vn 0.2335 -0.0056 -0.9723
vn 0.942 0.2899 -0.1689
vn -0.7547 -0.6045 -0.255
vn -0.2936 -0.7996 -0.5239
vn -0.2358 -0.9673 -0.0936
vn 0.9541 0.2945 -0.0539
vn -0.9383 -0.3453 -0.0207
vn -0.9378 -0.3466 -0.0201
vn -0.0247 -0.0658 -0.9975
vn -0.1763 -0.1752 -0.9686
vn 0.3389 -0.9262 -0.165
vn 0.1913 -0.5461 -0.8156
vn 0.9384 0.345 0.0205
vn 0.1074 -0.0213 -0.994
vn 0.1003 -0.0028 -0.9949
vn -0.9432 -0.3322 -0.0097
vn 0.0549 0.0884 -0.9946
vn -0.0338 0.0962 0.9948
vn -0.9302 -0.3264 -0.1677
vn -0.132 0.4135 0.9009
vn -0.9423 -0.3347 -0.0083
vn 0.9464 0.3222 -0.0235
vn 0.9446 0.328 -0.0089
vn 0.9459 0.3234 -0.0241
vn -0.949 -0.3147 0.0177
vn 0.9359 0.3521 0.0121
vn 0.9226 0.3845 0.0315
vn 0.9361 0.3516 0.0134
vn -0.9446 -0.3271 0.0247
vn -0.9677 -0.0044 0.2521
vn -0.9629 -0.0188 0.2692
vn -0.7337 0.4356 0.5215
vn 0.2313 -0.6682 -0.7071
vn 0.2227 -0.6711 -0.7071
vn -0.9354 -0.3101 0.17
vn -0.207 0.5882 0.7818
vn 0.2703 -0.7695 -0.5786
vn 0.0736 -0.2111 -0.9747
vn 0.9423 0.3338 0.0249
vn -0.2925 -0.7996 -0.5244
vn -0.2347 0.667 0.7071
vn -0.2212 0.6286 0.7456
vn -0.9455 -0.3255 -0.0082
vn -0.9467 -0.322 -0.0002
vn 0.9311 0.3227 -0.1703
vn 0.9299 0.3274 -0.1678
vn -0.8677 -0.299 -0.3971
vn -0.9526 -0.3042 0.0072
vn -0.9476 -0.3189 0.0212
vn -0.0455 0.1683 0.9847
vn 0.8644 0.3011 -0.4026
vn -0.2914 0.8253 0.4836
vn -0.331 0.9349 0.1283
vn 0.2228 -0.9177 -0.3288
vn 0.2165 -0.8989 -0.381
vn 0.3975 -0.4896 -0.7761
vn 0.3057 -0.5946 -0.7436
vn -0.2474 -0.9283 -0.2778
vn -0.8688 -0.2976 0.3958
vn -0.5194 -0.1744 0.8365
vn 0.2772 -0.7765 -0.5659
vn 0.9206 0.3903 0.0143
vn 0.9445 0.3283 -0.009
vn 0.9435 0.3314 0.0002
vn 0.762 -0.535 -0.3648
vn -0.2218 0.6332 -0.7416
vn 0.9363 0.3508 0.0145
vn -0.9464 -0.3222 0.0232
vn -0.9386 -0.3443 -0.0216
vn -0.9383 -0.3453 -0.0207
vn 0.9401 0.3408 -0.0003
vn -0.3126 0.8908 0.3298
vn 0.0263 -0.0719 -0.9971
vn 0.1671 0.7039 -0.6904
vn 0.7593 0.5468 -0.3527
vn -0.1884 0.4978 0.8466
vn 0.0949 -0.2601 -0.9609
vn 0.0771 -0.2099 -0.9747
vn 0.0928 -0.2608 -0.9609
vn -0.9428 -0.3323 -0.0251
vn -0.0103 0.0282 0.9995
vn -0.0108 0.028 0.9996
vn 0.2989 -0.8498 -0.4341
vn 0.9426 0.3331 0.0251
vn -0.3 0.8495 0.434
vn -0.3016 0.849 0.4339
vn -0.2931 0.8247 0.4837
vn -0.9719 -0.206 0.1141
vn -0.951 -0.3092 0.0083
vn 0.9434 0.3317 -0
vn 0.9498 0.3123 -0.016
vn 0.7313 0.6788 0.066
vn -0.865 -0.307 -0.3968
vn -0.863 -0.3113 -0.3979
vn -0.6437 -0.229 -0.7302
vn 0.9852 0.1672 -0.0384
vn -0.9435 -0.3313 -0
vn 0.9824 0.1746 -0.0665
vn -0.0015 0.0069 -1
vn 0.0098 -0.0268 -0.9996
vn 0.0172 -0.049 -0.9987
vn 0.9337 0.358 -0.0007
vn 0.9482 0.2724 -0.1636
vn -0.6451 -0.6792 -0.35
vn -0.9446 -0.3281 -0.0088
vn -0.9466 -0.3223 -0.0085
vn -0.9513 -0.3081 0.0055
vn -0.9625 -0.2709 0.0143
vn -0.9514 -0.3081 0.0041
vn 0.9434 0.3316 -0
vn -0.9466 -0.3174 -0.0572
vn -0.9473 -0.3155 -0.0545
vn -0.9488 -0.3158 -0.0056
vn -0.1778 0.5013 0.8468
vn 0.207 -0.5882 -0.7818
vn -0.1264 0.3609 0.924
vn 0.326 -0.9309 -0.1649
vn 0.3239 -0.9316 -0.165
vn 0.3281 -0.9381 -0.1114
vn -0.9414 -0.3373 -0.007
vn 0.9504 0.3109 -0.0136
vn 0.95 0.312 -0.0147
vn 0.9423 0.3349 -0.0003
vn 0.9401 0.3408 -0.0002
vn 0.942 0.3346 0.0248
vn 0.2581 -0.7379 -0.6235
vn 0.2457 -0.7039 -0.6664
vn -0.3771 0.7912 0.4814
vn -0.3859 0.8152 0.4319
vn 0.1207 -0.3582 -0.9258
vn 0.2904 -0.8256 -0.4838
vn 0.2331 -0.6677 -0.707
vn 0.2194 -0.6292 -0.7456
vn 0.0379 -0.3905 -0.9198
vn 0.7298 0.6822 0.0446
vn 0.7856 0.6187 -0.0087
vn 0.272 0.9619 -0.0277
vn 0.9541 0.2556 -0.156
vn 0.9423 0.3346 0.0084
vn 0.94 0.3404 0.0232
vn 0.1557 -0.4052 -0.9009
vn 0.0739 -0.1715 -0.9824
vn 0.2348 -0.5606 -0.7941
vn 0.9432 0.3257 -0.0655
vn 0.9338 0.3141 -0.1715
vn -0.0618 0.2139 0.9749
vn -0.1533 -0.2426 -0.9579
vn -0.9444 -0.3288 0.0091
vn -0.9455 -0.3248 0.0241
vn 0.3278 -0.9302 -0.165
vn -0.0076 0.0125 0.9999
vn -0.2291 0.6504 0.7242
vn -0.3073 0.8729 0.3789
vn -0.0019 0.0145 0.9999
vn -0.0006 0.0103 0.9999
vn 0.2983 -0.8502 -0.4338
vn -0.9513 -0.3083 0.0055
vn -0.4741 -0.2876 -0.8322
vn -0.9413 -0.3367 -0.0247
vn -0.9427 -0.3334 -0.0093
vn 0.411 0.4835 0.7729
vn -0.2357 -0.9619 -0.1387
vn -0.0159 0.0087 0.9998
vn -0.0219 0.024 0.9995
vn -0.3104 0.8458 0.4338
vn -0.1928 0.5455 0.8156
vn 0.0888 -0.2623 -0.9609
vn -0.9776 -0.1899 0.091
vn 0.2719 0.9621 -0.0223
vn 0.9396 0.3416 0.0226
vn -0.961 -0.2753 0.028
vn -0.3009 0.8585 -0.4152
vn -0.325 0.9274 -0.1851
vn 0.1382 -0.3567 -0.9239
vn -0.3301 0.9396 -0.0904
vn 0.1922 -0.546 -0.8155
vn -0.3263 0.9191 0.2207
vn 0.7286 -0.4409 -0.5242
vn 0.2442 -0.7045 -0.6663
vn 0.0908 -0.2616 -0.9609
vn 0.0341 -0.098 -0.9946
vn 0.8722 0.2734 -0.4056
vn -0.0583 -0.1382 -0.9887
vn -0.0058 -0.121 -0.9926
vn 0.0037 0.0241 0.9997
vn 0.0763 0.0474 0.996
vn 0.008 0.0129 0.9999
vn 0.0551 0.0917 0.9943
vn 0.4948 0.25 0.8322
vn -0.2944 0.5545 0.7784
vn 0.0479 -0.0205 -0.9986
vn 0.0421 -0.0077 -0.9991
vn 0.9675 0.2173 -0.1293
vn -0.9758 -0.1952 0.0989
vn 0.8334 0.3879 0.3937
vn -0.9214 -0.3877 -0.0252
vn -0.9425 -0.334 -0.0092
vn 0.9435 0.3314 -0
vn -0.9457 -0.3181 -0.066
vn -0.9484 -0.317 -0.0058
vn 0.935 0.3545 0.0055
vn -0.9859 -0.1665 0.0189
vn -0.0317 0.0897 0.9955
vn -0.3366 -0.6741 -0.6575
vn 0.2539 -0.6152 -0.7464
vn 0.0082 0.0121 0.9999
vn -0.0294 0.0865 0.9958
vn -0.0267 0.0831 0.9962
vn 0.0751 -0.2107 -0.9747
vn -0.03 0.0835 -0.9961
vn -0.3426 0.9392 -0.0221
vn -0.3425 0.9394 -0.0101
vn -0.6676 -0.2457 -0.7029
vn -0.577 -0.2153 -0.7879
vn -0.5886 -0.2116 -0.7802
vn 0.2506 -0.7334 -0.6319
vn -0.044 0.1268 0.9909
vn -0.329 0.9343 0.1375
vn -0.9468 -0.3211 0.0226
vn -0.3304 0.9433 0.0332
vn 0.9486 0.3163 -0.0061
vn 0.9494 0.3138 -0.0134
vn 0.9491 0.3146 -0.0127
vn 0.5125 0.7664 -0.3872
vn -0.1707 0.6684 0.7239
vn 0.1174 -0.6167 -0.7784
vn -0.6006 -0.7804 -0.174
vn 0.2622 -0.8894 -0.3744
vn 0.2731 -0.8838 -0.3798
vn 0.2687 -0.858 -0.4378
vn -0.6456 -0.6789 -0.3496
vn -0.0338 -0.0331 -0.9989
vn -0.7991 -0.297 -0.5227
vn 0.9492 0.3145 -0.0144
vn 0.9487 0.3158 -0.013
vn 0.9511 0.2949 -0.0924
vn -0.9425 -0.3231 -0.0851
vn -0.948 -0.3182 -0.0094
vn 0.2223 -0.6283 -0.7455
vn 0.2357 -0.6666 -0.7071
vn 0.1865 -0.2498 -0.9502
vn 0.9162 -0.1042 -0.3869
vn 0.0544 -0.2953 -0.9539
vn -0.0982 0.0346 -0.9946
vn -0.9508 -0.3097 0.0096
vn -0.9446 -0.3281 -0.0001
vn 0.8042 0.3009 -0.5126
vn -0.2366 0.6465 0.7253
vn -0.8075 -0.2886 -0.5144
vn -0.7004 -0.5492 -0.4559
vn -0.6783 -0.6146 -0.4027
vn -0.9197 -0.3864 -0.0697
vn 0.9481 0.3179 -0.0119
vn -0.9442 -0.3295 0.0006
vn 0.942 0.3348 0.0237
vn 0.9402 0.3407 0.008
vn 0.241 0.9661 0.0921
vn 0.2438 0.9602 0.1366
vn 0.0054 -0.1534 -0.9881
vn -0.3491 -0.6385 -0.6859
vn 0.2811 -0.8522 -0.4413
vn 0.9455 0.0613 -0.3198
vn 0.5345 0.1198 -0.8366
vn 0.2891 -0.8261 -0.4838
vn -0.2077 0.5879 0.7818
vn -0.9218 -0.3867 -0.0287
vn 0.5829 -0.7854 -0.2083
vn 0.7265 -0.6598 -0.1918
vn -0.0335 0.0963 0.9948
vn -0.3929 0.9196 -0.006
vn 0.9506 0.3102 -0.0123
vn 0.9462 0.3236 -0.0046
vn -0.9438 -0.3296 0.0249
vn 0.0149 -0.0073 -0.9999
vn -0.9671 -0.2492 -0.0508
vn -0.9694 -0.2446 -0.0198
vn 0.9862 0.1644 -0.0192
vn -0.9996 -0.0158 -0.024
vn 0.1989 -0.6349 -0.7465
vn -0.3026 -0.7709 -0.5605
vn 0.939 0.3388 0.0591
vn 0.9335 0.3545 0.0539
vn 0.1623 -0.1789 -0.9704
vn -0.3425 0.9395 -0.0099
vn 0.8151 0.2275 -0.5327
vn 0.9469 0.3216 -0.0059
vn 0.9473 0.3204 -0.006
vn 0.949 0.3148 -0.0153
vn 0.9488 0.3157 -0.014
vn -0.0509 0.2199 -0.9742
vn -0.3302 0.9426 -0.0495
vn -0.7925 0.6028 0.0922
vn -0.9426 -0.3331 -0.0251
vn -0.9425 -0.3331 -0.0251
vn 0.2392 -0.9646 -0.111
vn -0.9437 -0.3298 0.0249
vn -0.0911 0.2606 0.9611
vn -0.416 0.9093 -0.0126
vn 0.5128 0.1848 -0.8384
vn 0.0842 0.0336 -0.9959
vn -0.4983 -0.2214 -0.8383
vn -0.9438 -0.3306 0.0002
vn -0.9407 -0.3392 -0.0048
vn -0.944 -0.3301 0.001
vn 0.9239 0.3808 0.0376
vn -0.6294 -0.7255 -0.2786
vn -0.9077 -0.4151 -0.0614
vn -0.6177 -0.7461 -0.2486
vn -0.9067 -0.4184 -0.0541
vn -0.9017 -0.4292 -0.0522
vn -0.944 -0.33 0.0002
vn 0.1268 -0.3611 -0.9239
vn -0.3388 0.9338 0.1151
vn 0.1779 -0.5016 -0.8466
vn 0.4243 0.4213 0.8016
vn -0.9043 -0.3974 -0.156
vn -0.2391 0.9648 0.1098
vn 0.9285 0.3342 0.1616
vn 0.2731 -0.8839 -0.3796
vn -0.9459 -0.3235 0.0237
vn -0.9354 -0.3338 -0.1166
vn -0.932 -0.3417 -0.1212
vn -0.9191 -0.3288 -0.217
vn 0.8326 0.1746 -0.5256
vn -0.6056 0.5655 -0.5599
vn -0.3323 0.9432 -0.0053
vn -0.3318 0.9431 -0.0195
vn 0.5103 0.2008 0.8363
vn 0.5134 0.1886 0.8372
vn 0.0831 0.0376 0.9958
vn 0.3175 -0.9417 -0.1115
vn -0.8977 -0.4399 -0.0251
vn -0.94 -0.341 -0.0028
vn -0.9393 -0.3421 -0.0258
vn 0.9435 0.3315 -0.0001
vn -0.9491 -0.3146 0.0177
vn -0.6006 -0.7904 -0.1205
vn -0.9478 -0.3187 -0.0078
vn -0.9396 -0.3423 -0.0023
vn 0.948 0.3183 -0.0049
vn 0.2901 -0.907 -0.3052
vn 0.2374 -0.922 -0.3058
vn 0.1796 -0.9598 -0.2158
vn 0.1461 -0.9662 -0.2123
vn 0.0648 -0.9895 -0.1295
vn 0.0592 -0.9904 -0.1252
vn 0.0626 -0.9961 -0.0622
vn 0.0648 -0.996 -0.0619
vn 0.3185 -0.9066 -0.2768
vn 0.3243 -0.8663 -0.3799
vn 0.6575 -0.7437 -0.1206
vn 0.5145 -0.8308 -0.2123
vn 0.6352 -0.7625 -0.1231
vn 0.3892 -0.8688 -0.3061
vn -0.9419 -0.3259 -0.081
vn -0.9477 -0.3191 -0.0087
vn -0.781 -0.3433 -0.5217
vn 0.6428 -0.7637 -0.0594
vn 0.6477 -0.7511 -0.1279
vn 0.6706 -0.7395 -0.059
vn 0.4893 -0.845 -0.2157
vn 0.3336 -0.8919 -0.3053
vn 0.0024 -0.9925 -0.1226
vn -0.3157 0.9078 0.276
vn 0.1902 -0.5073 -0.8405
vn -0.7497 -0.4194 -0.512
vn 0.9489 0.3153 -0.014
vn 0.9597 0.2655 -0.0916
vn 0.9484 0.317 -0.0128
vn 0.9651 0.2498 -0.0784
vn -0.9339 -0.3491 -0.0772
vn -0.9465 -0.3227 -0.0074
vn -0.7187 -0.5064 -0.4764
vn 0.9409 0.3378 0.024
vn -0.087 0.7993 -0.5946
vn -0.3344 0.942 -0.0273
vn 0.9425 0.3332 0.0249
vn 0.9426 0.3329 0.0249
vn 0.6722 -0.2792 -0.6857
vn 0.3019 -0.8215 -0.4837
vn 0.0436 -0.1289 -0.9907
vn 0.8172 0.2682 -0.5102
vn 0.9488 0.3153 -0.019
vn 0.9491 0.3144 -0.018
vn -0.3338 0.9415 -0.0471
vn 0.0369 -0.0003 -0.9993
vn 0.2484 -0.703 -0.6664
vn 0.1129 -0.9466 -0.3019
vn -0.9277 -0.3696 -0.0516
vn -0.6299 -0.2296 -0.742
vn -0.5123 -0.183 -0.8391
vn 0.2339 -0.6675 -0.7069
vn -0.9392 -0.3388 -0.0555
vn -0.8634 -0.3114 -0.3969
vn -0.9406 -0.3339 -0.0614
vn -0.0344 0.0963 0.9948
vn 0.0368 -0.0003 -0.9993
vn 0.0093 0.0019 -1
vn 0.0007 0.0066 -1
vn -0.0015 0.0069 -1
vn 0.0041 -0.0078 -1
vn -0.8124 -0.2826 -0.5101
vn -0.9423 -0.3338 -0.0251
vn -0.943 -0.3327 -0.0094
vn 0.5144 0.1888 0.8365
vn 0.5112 0.201 0.8356
vn 0.9422 0.3343 -0.024
vn -0.5704 0.4449 -0.6905
vn -0.7725 -0.3623 -0.5215
vn -0.9416 -0.3277 -0.0775
vn -0.5984 -0.7979 -0.0728
vn -0.9484 -0.3171 -0.0064
vn -0.9292 -0.3607 -0.0803
vn 0.2097 -0.5873 -0.7818
vn -0.9359 -0.3425 -0.0824
vn -0.7368 -0.4609 -0.4947
vn 0.2741 0.9617 -0.0063
vn 0.9509 0.3037 -0.0595
vn 0.1604 -0.3447 -0.9249
vn 0.0807 -0.3715 -0.9249
vn -0.3249 0.9271 -0.1867
vn -0.5173 -0.1771 -0.8373
vn -0.5184 -0.174 0.8372
vn -0.5237 -0.1626 0.8362
vn -0.9484 -0.3166 0.0196
vn 0.9204 0.3908 0.0105
vn 0.9349 0.3548 0.0028
vn -0.5943 0.0624 0.8019
vn 0.9803 0.1967 -0.0165
vn 0.9485 0.3164 -0.0136
vn -0.9807 -0.181 0.0741
vn 0.9463 0.3233 -0.0059
vn 0.9461 0.3238 -0.0061
vn 0.9492 0.3144 -0.0134
vn 0.0126 -0.0263 -0.9996
vn 0.0106 -0.0265 -0.9996
vn 0.0185 -0.0485 -0.9987
vn -0.785 -0.326 -0.5268
vn -0.8069 -0.2884 -0.5155
vn -0.7985 -0.2969 -0.5237
vn 0.2655 -0.7283 -0.6318
vn 0.2891 -0.7194 -0.6316
vn -0.5209 -0.1629 -0.8379
vn -0.5157 -0.1766 -0.8384
vn -0.3316 0.9428 -0.0354
vn -0.3322 0.9426 -0.0355
vn -0.2311 0.6515 0.7226
vn -0.3316 0.943 -0.0275
vn -0.3317 0.9432 -0.0192
vn -0.9464 -0.3222 0.0232
vn -0.9468 -0.3211 0.0227
vn -0.3105 0.8458 0.4338
vn -0.3016 0.849 0.4339
vn 0.1097 -0.3114 -0.9439
vn -0.9212 -0.388 -0.0286
vn -0.9355 -0.3533 -0.0096
vn 0.6551 -0.5565 -0.511
vn 0.6404 -0.5155 -0.5693
vn 0.452 -0.6438 -0.6174
vn -0.3019 0.9518 -0.0537
vn -0.2655 0.9627 -0.0519
vn -0.298 0.9545 -0.0063
vn -0.5375 -0.1165 -0.8352
vn 0.0507 0.9979 -0.0393
vn -0.1458 0.9893 -0.0054
vn -0.0279 0.0696 0.9972
vn -0.0263 0.0702 0.9972
vn 0.3202 -0.921 -0.2219
vn -0.3312 0.9436 -0.0034
vn 0.9434 0.3315 0.0001
vn 0.9407 0.3393 0.0046
vn -0.9352 -0.354 -0.0084
vn -0.9207 -0.3896 -0.0219
vn -0.5425 -0.1144 0.8322
vn -0.1888 0.5469 0.8156
vn -0.2057 0.5886 0.7818
vn -0.1084 0.3115 0.944
vn 0.1125 -0.3105 -0.9439
vn 0.1283 -0.3606 -0.9239
vn 0.318 -0.9068 -0.2768
vn -0.7387 -0.6502 -0.1776
vn -0.9507 -0.3099 0.0108
vn 0.9359 0.352 0.012
vn -0.4494 -0.3572 -0.8188
vn -0.9463 -0.3231 0.0048
vn -0.9504 -0.3107 0.0121
vn 0.946 0.324 -0.0036
vn 0.9404 0.34 0.0013
vn 0.935 0.3546 0.0041
vn 0.9455 0.3247 -0.0244
vn -0.9398 0.34 -0.0342
vn -0.9434 0.3316 -0.0045
vn -0.3285 0.9302 0.1637
vn -0.3324 0.9367 0.1103
vn 0.3285 -0.9379 -0.1114
vn 0.9401 0.3407 0.0079
vn -0.9375 -0.3473 -0.0189
vn -0.9379 -0.3463 -0.0198
vn 0.9401 0.3401 0.0221
vn -0.9462 -0.3229 -0.0226
vn -0.9444 -0.3286 0.0089
vn -0.9336 -0.3199 0.1616
vn -0.9435 -0.3315 0.0001
vn -0.2296 0.6517 0.7229
vn -0.3302 0.9426 -0.0495
vn -0.8755 -0.3229 -0.3594
vn -0.8825 -0.3157 -0.3486
vn 0.2635 -0.8236 -0.5023
vn -0.378 0.8697 0.3174
vn 0.0263 -0.0719 -0.9971
vn 0.9426 0.3331 0.0245
vn 0.1447 -0.409 -0.901
vn 0.3048 -0.8721 -0.3827
vn 0.2976 -0.8504 -0.4339
vn -0.3322 0.9425 -0.0355
vn 0.1088 -0.4525 -0.8851
vn 0.937 0.3489 0.0167
vn 0.942 0.3348 0.0237
vn -0.3062 0.8736 0.3782
vn -0.2284 0.652 0.723
vn -0.331 0.9432 -0.0275
vn -0.2371 -0.9615 -0.1386
vn -0.8999 -0.1985 0.3882
vn 0.9355 0.3532 0.0096
vn 0.9472 0.3197 -0.0223
vn -0.2067 0.5883 0.7818
vn -0.9366 -0.3502 -0.016
vn -0.9242 -0.3798 -0.0412
vn -0.8145 0.5797 -0.0223
vn 0.9436 0.3311 -0
vn 0.1103 -0.3113 -0.9439
vn -0.2669 -0.8738 -0.4064
vn -0.2703 0.7696 0.5785
vn -0.2591 0.7376 0.6235
vn 0.3325 0.7072 0.6239
vn 0.1924 -0.5457 -0.8156
vn -0.0545 0.4387 0.897
vn -0.046 0.1263 0.9909
vn -0.9739 -0.2002 0.1067
vn -0.9457 -0.3251 0.0054
vn 0.3222 -0.9203 -0.2218
vn -0.6452 -0.6791 -0.35
vn -0.6625 -0.6465 -0.3783
vn 0.9281 0.3689 0.0508
vn 0.8613 0.0749 -0.5026
vn 0.9435 0.3313 -0.0004
vn -0.935 -0.3546 -0.0056
vn -0.9351 -0.3543 -0.007
vn 0.3409 -0.6985 -0.6292
vn 0.2889 -0.7198 -0.6313
vn 0.9357 0.3527 0.0109
vn 0.922 0.3861 0.0283
vn -0.2314 0.6682 0.7071
vn -0.3132 0.8906 0.3298
vn -0.2809 0.7986 0.5323
vn 0.3299 -0.9374 -0.1113
vn -0.2713 0.7692 0.5786
vn -0.233 0.9474 0.2196
vn -0.3306 0.9438 -0.0048
vn -0.0441 0.1268 0.9909
vn -0.0588 0.1634 0.9848
vn -0.1922 0.5457 0.8156
vn -0.3322 0.9428 -0.0274
vn 0.3132 -0.8904 -0.3304
vn 0.0571 -0.1659 -0.9845
vn 0.0036 -0.0076 -1
vn 0.01 -0.0267 -0.9996
vn -0.2601 0.7373 0.6235
vn -0.1445 0.4093 0.9009
vn 0.9051 0.3964 0.154
vn -0.9349 -0.355 -0.0042
vn -0.0333 0.0967 0.9948
vn -0.8721 -0.4889 -0.0192
vn -0.9435 -0.3315 -0.0002
vn -0.8144 0.5797 -0.0278
vn -0.33 0.9375 0.1104
vn -0.3298 0.9376 0.1103
vn 0.941 0.3385 0.006
vn 0.9367 0.3498 0.0155
vn 0.9396 0.3416 0.0226
vn -0.9448 -0.3275 0.0079
vn 0.9417 0.3355 0.0247
vn 0.9368 0.3442 0.0632
vn -0.3183 0.907 0.2758
vn 0.3325 -0.9365 -0.1114
vn -0.4926 -0.2412 -0.8362
vn 0.9349 0.3549 0.0041
vn -0.9466 -0.3223 -0.0085
vn -0.9526 -0.3042 -0.0082
vn -0.9511 -0.3089 0.0069
vn 0.9438 0.3296 -0.0251
vn -0.8675 -0.2988 -0.3977
vn -0.3066 0.8716 0.3824
vn 0.2923 -0.7946 -0.5322
vn 0.9238 -0.1376 -0.3572
vn -0.7238 0.4068 0.5573
vn -0.3319 0.942 -0.0495
vn 0.9354 0.3533 0.0096
vn 0.2581 -0.738 -0.6235
vn -0.9358 -0.3524 -0.0123
vn 0.95 0.3118 -0.0147
vn 0.7536 0.6143 0.2339
vn -0.9518 -0.3059 -0.0207
vn -0.9503 -0.3111 0.0133
vn -0.9443 -0.3281 0.0249
vn -0.3524 0.9358 -0.0064
vn 0.2472 -0.7035 -0.6663
vn 0.1424 -0.4098 -0.901
vn 0.3264 -0.9386 -0.1114
vn 0.1931 -0.5454 -0.8157
vn -0.2812 0.7986 0.5322
vn 0.0178 -0.0488 -0.9987
vn 0.2891 -0.7193 -0.6317
vn 0.0338 -0.0977 -0.9946
vn -0.1768 0.5017 0.8468
vn 0.3308 -0.9371 -0.1113
vn -0.2037 0.5893 0.7818
vn 0.3567 0.6382 0.6823
vn 0.5736 0.0024 -0.8191
vn -0.3312 0.9436 -0.0038
vn -0.8146 0.5764 -0.0653
vn -0.511 -0.1874 -0.8389
vn -0.2427 -0.9417 -0.2329
vn 0.9763 0.2101 -0.0508
vn 0.9464 0.323 -0.0053
vn 0.9494 0.3139 -0.0105
vn 0.0068 -0.9981 -0.0614
vn 0.6277 -0.7761 -0.0604
vn -0.1892 -0.1872 -0.9639
vn -0.8748 -0.481 -0.0572
vn 0.9475 0.3198 -0.0054
vn -0.9348 -0.3553 -0.0028
vn -0.8838 -0.4551 -0.1084
vn 0.9681 0.2386 -0.0761
vn -0.0056 0.0241 0.9997
vn -0.9505 -0.3107 0.0109
vn 0.2283 -0.9485 -0.2198
vn 0.3437 -0.9219 -0.1789
vn 0.3089 -0.9072 -0.2857
vn 0.3126 -0.9009 -0.3012
vn 0.4407 -0.8705 -0.2192
vn 0.3099 -0.902 -0.3005
vn 0.5815 -0.8034 -0.128
vn 0.6447 -0.7528 -0.1327
vn 0.1137 -0.9851 -0.1287
vn 0.3487 -0.9318 -0.1006
vn 0.06 -0.989 -0.1353
vn 0.2901 -0.907 -0.3052
vn 0.3354 -0.8642 -0.375
vn 0.3243 -0.8664 -0.3798
vn 0.1796 -0.9598 -0.2158
vn 0.2622 -0.8895 -0.3741
vn 0.3337 -0.8919 -0.3053
vn 0.273 -0.8839 -0.3796
vn 0.4892 -0.8451 -0.2157
vn 0.6477 -0.7511 -0.1279
vn 0.7264 -0.6848 -0.0573
vn 0.6709 -0.7392 -0.0591
vn 0.7925 -0.6074 -0.0545
vn 0.6283 -0.7755 -0.0614
vn -0.1549 -0.9863 -0.0575
vn -0.0005 -0.9981 -0.0609
vn 0.0648 -0.9895 -0.1295
vn 0.0626 -0.9961 -0.0622
vn 0.1796 -0.9598 -0.2158
vn -0.1544 -0.9863 -0.0575
vn -0.2591 -0.8941 -0.3653
vn -0.3319 0.942 -0.0495
vn 0.0301 0.008 -0.9995
vn 0.2722 -0.6678 -0.6928
vn 0.9339 0.3569 0.0194
vn 0.9391 0.3384 -0.0598
vn 0.9494 0.3138 -0.0121
vn 0.2891 -0.7193 -0.6317
vn 0.938 0.3462 0.0197
vn -0.749 -0.4197 -0.5128
vn -0.9432 0.3322 -0.0045
vn -0.3471 0.9363 -0.0537
vn 0.9463 0.3169 -0.0642
vn 0.9698 0.2342 -0.0674
vn 0.2062 -0.8401 -0.5018
vn 0.8285 0.1954 -0.5248
vn 0.3436 0.6744 0.6535
vn 0.9471 0.3208 -0.0069
vn -0.1431 -0.9707 -0.1932
vn 0.1664 0.7045 -0.69
vn 0.266 0.8972 -0.3525
vn 0.9497 -0.2238 -0.2188
vn 0.9243 -0.1376 -0.3559
vn -0.2404 -0.9526 -0.1865
vn 0.0582 -0.9763 -0.2086
vn -0.2398 -0.9528 -0.1864
vn 0.9484 0.3163 -0.0199
vn -0.8146 0.5789 -0.0373
vn 0.9486 0.3165 -0.0058
vn 0.1948 -0.5924 -0.7818
vn 0.9646 -0.2611 -0.0365
vn -0.9513 -0.3081 0.0055
vn 0.9402 0.34 0.0221
vn -0.9472 -0.32 0.0218
vn -0.9475 -0.3189 0.0212
vn -0.006 0.0124 0.9999
vn -0.2367 0.7668 -0.5966
vn -0.1948 0.7771 -0.5985
vn -0.2556 0.9668 -0.006
vn -0.9355 -0.353 -0.0111
vn 0.9373 0.3481 0.0177
vn 0.2734 0.9612 -0.0373
vn 0.9509 0.3094 -0.0091
vn -0.8147 -0.2783 -0.5087
vn 0.9349 0.3548 0.0028
vn -0.2757 -0.1077 -0.9552
vn -0.5974 -0.7987 -0.073
vn -0.3309 0.9372 0.1104
vn 0.952 0.3061 -0.0028
vn -0.3323 0.9432 -0.005
vn -0.5703 0.4459 -0.6899
vn -0.5857 0.0561 -0.8086
vn 0.779 0.5417 0.3157
vn 0.2756 0.9606 -0.0371
vn -0.3036 -0.7708 -0.5601
vn -0.2367 0.767 -0.5963
vn -0.0312 0.086 0.9958
vn 0.965 0.2244 -0.1357
vn -0.9462 -0.3228 -0.0226
vn -0.4752 -0.2876 -0.8316
vn -0.9628 -0.27 0.0073
vn 0.2077 -0.5879 -0.7818
vn -0.2876 0.7494 -0.5964
vn 0.9529 0.2899 -0.0887
vn 0.8147 0.2432 -0.5264
vn -0.815 -0.2784 -0.5082
vn 0.6846 -0.3156 -0.6571
vn 0.9476 0.3186 -0.0216
vn 0.9354 0.3536 0.0083
vn 0.4219 0.4097 -0.8088
vn -0.0402 -0.016 -0.9991
vn -0.4514 -0.1724 -0.8755
vn -0.4544 -0.1648 -0.8754
vn 0.3004 -0.8788 -0.3709
vn 0.9549 0.2848 -0.0845
vn 0.2759 0.9609 0.0231
vn -0.7444 -0.2745 -0.6087
vn -0.6804 -0.2433 -0.6913
vn -0.7556 -0.2706 -0.5965
vn -0.8774 -0.4738 -0.0754
vn -0.3375 -0.6741 -0.6571
vn -0.8151 -0.3007 -0.4952
vn -0.825 -0.2953 -0.4819
vn 0.2077 -0.5879 -0.7818
vn 0.3004 -0.8788 -0.3708
vn 0.0153 0.24 0.9706
vn -0.9376 -0.3427 -0.0586
vn -0.9404 -0.3353 -0.0563
vn -0.7846 -0.3259 -0.5274
vn -0.2838 -0.8267 -0.4858
vn -0.166 0.6484 -0.743
vn -0.9394 -0.3427 -0.0075
vn -0.9419 -0.3357 -0.0075
vn -0.2938 -0.7994 -0.5241
vn -0.9383 -0.3457 -0.007
vn -0.9416 -0.3366 -0.0062
vn -0.031 0.0863 0.9958
vn 0.9413 0.3366 0.0245
vn 0.9391 0.3428 0.022
vn 0.8171 0.2683 -0.5102
vn -0.8933 -0.4285 -0.1355
vn -0.8243 -0.2451 -0.5104
vn 0.3969 0.5241 0.7535
vn 0.0089 -0.0271 -0.9996
vn 0.938 0.346 0.0196
vn 0.9438 0.3295 -0.0251
vn -0.4993 -0.2215 -0.8377
vn -0.2604 -0.894 -0.3647
vn 0.9361 0.3515 0.0134
vn 0.2957 -0.8511 -0.4338
vn -0.9353 -0.3536 -0.0112
vn 0.2966 -0.8121 -0.5024
vn -0.9518 -0.3059 -0.0208
vn -0.9148 -0.3365 -0.2234
vn -0.5709 0.4456 -0.6896
vn -0.3366 -0.6739 -0.6576
vn 0.0914 -0.2614 -0.9609
vn 0.3123 -0.8907 -0.3304
vn -0.2341 -0.9677 -0.0937
vn -0.9465 -0.0654 0.316
vn -0.416 0.9093 -0.0123
vn -0.4946 -0.1833 -0.8496
vn 0.2731 0.962 -0.0063
vn 0.9401 0.3401 0.0221
vn 0.2981 -0.8503 -0.4338
vn 0.9549 0.2924 -0.0517
vn 0.9483 0.3172 -0.0051
vn -0.9406 -0.3394 -0.0054
vn -0.9515 -0.3076 0.0028
vn 0.9463 0.3232 -0.0056
vn 0.982 0.1887 -0.0088
vn 0.9488 0.3157 -0.0123
vn 0.9488 0.3157 -0.0131
vn 0.838 0.1483 -0.5251
vn 0.9485 0.3165 -0.0138
vn 0.8618 0.0754 -0.5016
vn 0.6846 -0.315 -0.6574
vn -0.0095 0.0259 0.9996
vn 0.5137 0.1851 -0.8378
vn 0.938 0.3462 0.0196
vn 0.2976 -0.8504 -0.4339
vn -0.7668 0.5294 0.3629
vn -0.3323 0.9432 -0.0051
vn 0.2996 -0.7679 -0.5661
vn -0.9483 -0.3168 0.0196
vn -0.1915 -0.8022 -0.5656
vn -0.9378 -0.3467 -0.0202
vn 0.9402 0.3398 -0.0226
vn 0.8482 0.1155 -0.517
vn -0.8658 -0.3074 -0.3948
vn -0.8755 0.2909 -0.3859
vn 0.1666 0.7037 -0.6907
vn 0.2115 -0.7462 -0.6313
vn 0.8171 0.2682 -0.5103
vn 0.947 0.3212 -0.0041
vn -0.1659 0.6487 -0.7427
vn 0.8638 0.3093 -0.3977
vn -0.2226 0.6319 -0.7424
vn -0.0727 0.2101 0.975
vn -0.8151 -0.2784 -0.508
vn -0.3319 0.942 -0.0495
vn -0.5163 -0.1768 -0.838
vn -0.5925 -0.8047 -0.0373
vn -0.5249 -0.1631 0.8354
vn -0.0342 -0.0241 -0.9991
f 3/3/3 2/2/2 1/1/1
f 6/6/6 5/5/5 4/4/4
f 9/9/9 8/8/8 7/7/7
f 12/12/12 11/11/11 10/10/10
f 15/15/15 14/14/14 13/13/13
f 18/18/18 17/17/17 16/16/16
f 21/21/21 20/20/20 19/19/19
f 24/24/24 23/23/23 22/22/22
f 27/27/27 26/26/26 25/25/25
f 30/30/30 29/29/29 28/28/28
f 33/33/33 32/32/32 31/31/31
f 36/36/36 35/35/35 34/34/34
f 39/39/39 38/38/38 37/37/37
f 42/42/42 41/41/41 40/40/40
f 44/44/44 27/27/27 43/43/43
f 29/29/29 46/46/46 45/45/45
f 49/49/49 48/48/48 47/47/47
f 52/52/52 51/51/51 50/50/50
f 55/55/55 54/54/54 53/53/53
f 58/58/58 57/57/57 56/56/56
f 61/61/61 60/60/60 59/59/59
f 64/64/64 63/63/63 62/62/62
f 67/67/67 66/66/66 65/65/65
f 70/70/70 69/69/69 68/68/68
f 73/73/73 72/72/72 71/71/71
f 76/76/76 75/75/75 74/74/74
f 79/79/79 78/78/78 77/77/77
f 82/82/82 81/81/81 80/80/80
f 84/84/84 13/13/13 83/83/83
f 87/87/87 86/86/86 85/85/85
f 90/90/90 89/89/89 88/88/88
f 93/93/93 92/92/92 91/91/91
f 96/96/96 95/95/95 94/94/94
f 99/99/99 98/98/98 97/97/97
f 102/102/102 101/101/101 100/100/100
f 104/104/104 34/34/34 103/103/103
f 107/107/107 106/106/106 105/105/105
f 110/110/110 109/109/109 108/108/108
f 113/113/113 112/112/112 111/111/111
f 116/116/116 115/115/115 114/114/114
f 119/119/119 118/118/118 117/117/117
f 121/121/121 55/55/55 120/120/120
f 124/124/124 123/123/123 122/122/122
f 127/127/127 126/126/126 125/125/125
f 130/130/130 129/129/129 128/128/128
f 133/133/133 132/132/132 131/131/131
f 136/136/136 135/135/135 134/134/134
f 139/139/139 138/138/138 137/137/137
f 142/142/142 141/141/141 140/140/140
f 145/145/145 144/144/144 143/143/143
f 148/148/148 147/147/147 146/146/146
f 151/151/151 150/150/150 149/149/149
f 154/154/154 153/153/153 152/152/152
f 157/157/157 156/156/156 155/155/155
f 160/160/160 159/159/159 158/158/158
f 163/163/163 162/162/162 161/161/161
f 166/166/166 165/165/165 164/164/164
f 169/169/169 168/168/168 167/167/167
f 172/172/172 171/171/171 170/170/170
f 175/175/175 174/174/174 173/173/173
f 178/178/178 177/177/177 176/176/176
f 181/181/181 180/180/180 179/179/179
f 184/184/184 183/183/183 182/182/182
f 186/186/186 185/185/185 61/61/61
f 189/189/189 188/188/188 187/187/187
f 192/192/192 191/191/191 190/190/190
f 195/195/195 194/194/194 193/193/193
f 198/198/198 197/197/197 196/196/196
f 201/201/201 200/200/200 199/199/199
f 204/204/204 203/203/203 202/202/202
f 161/161/161 206/206/206 205/205/205
f 209/209/209 208/208/208 207/207/207
f 212/212/212 211/211/211 210/210/210
f 98/98/98 213/213/213 97/97/97
f 216/216/216 215/215/215 214/214/214
f 219/219/219 218/218/218 217/217/217
f 222/222/222 221/221/221 220/220/220
f 225/225/225 224/224/224 223/223/223
f 228/228/228 227/227/227 226/226/226
f 231/231/231 230/230/230 229/229/229
f 234/234/234 233/233/233 232/232/232
f 237/237/237 236/236/236 235/235/235
f 240/240/240 239/239/239 238/238/238
f 243/243/243 242/242/242 241/241/241
f 246/246/246 245/245/245 244/244/244
f 249/249/249 248/248/248 247/247/247
f 252/252/252 251/251/251 250/250/250
f 255/255/255 254/254/254 253/253/253
f 258/258/258 257/257/257 256/256/256
f 261/261/261 260/260/260 259/259/259
f 263/263/263 158/158/158 262/262/262
f 266/266/266 265/265/265 264/264/264
f 269/269/269 268/268/268 267/267/267
f 271/271/271 270/270/270 212/212/212
f 274/274/274 273/273/273 272/272/272
f 277/277/277 276/276/276 275/275/275
f 280/280/280 279/279/279 278/278/278
f 283/283/283 282/282/282 281/281/281
f 286/286/286 285/285/285 284/284/284
f 289/289/289 288/288/288 287/287/287
f 292/292/292 291/291/291 290/290/290
f 294/294/294 293/293/293 125/125/125
f 296/296/296 295/295/295 211/211/211
f 299/299/299 298/298/298 297/297/297
f 302/302/302 301/301/301 300/300/300
f 305/305/305 304/304/304 303/303/303
f 308/308/308 307/307/307 306/306/306
f 311/311/311 310/310/310 309/309/309
f 314/314/314 313/313/313 312/312/312
f 212/212/212 270/270/270 315/315/315
f 318/318/318 317/317/317 316/316/316
f 321/321/321 320/320/320 319/319/319
f 324/324/324 323/323/323 322/322/322
f 327/327/327 326/326/326 325/325/325
f 330/330/330 329/329/329 328/328/328
f 333/333/333 332/332/332 331/331/331
f 336/336/336 335/335/335 334/334/334
f 339/339/339 338/338/338 337/337/337
f 342/342/342 341/341/341 340/340/340
f 345/345/345 344/344/344 343/343/343
f 348/348/348 347/347/347 346/346/346
f 351/351/351 350/350/350 349/349/349
f 354/354/354 353/353/353 352/352/352
f 357/357/357 356/356/356 355/355/355
f 360/360/360 359/359/359 358/358/358
f 363/363/363 362/362/362 361/361/361
f 366/366/366 365/365/365 364/364/364
f 369/369/369 368/368/368 367/367/367
f 371/371/371 370/370/370 311/311/311
f 374/374/374 373/373/373 372/372/372
f 377/377/377 376/376/376 375/375/375
f 379/379/379 378/378/378 33/33/33
f 381/381/381 380/380/380 362/362/362
f 384/384/384 383/383/383 382/382/382
f 107/107/107 122/122/122 385/385/385
f 388/388/388 387/387/387 386/386/386
f 391/391/391 390/390/390 389/389/389
f 394/394/394 393/393/393 392/392/392
f 397/397/397 396/396/396 395/395/395
f 400/400/400 399/399/399 398/398/398
f 402/402/402 384/384/384 401/401/401
f 233/233/233 404/404/404 403/403/403
f 407/407/407 406/406/406 405/405/405
f 410/410/410 409/409/409 408/408/408
f 412/412/412 411/411/411 286/286/286
f 415/415/415 414/414/414 413/413/413
f 418/418/418 417/417/417 416/416/416
f 421/421/421 420/420/420 419/419/419
f 201/201/201 422/422/422 200/200/200
f 425/425/425 424/424/424 423/423/423
f 386/386/386 387/387/387 426/426/426
f 428/428/428 427/427/427 184/184/184
f 431/431/431 430/430/430 429/429/429
f 434/434/434 433/433/433 432/432/432
f 436/436/436 348/348/348 435/435/435
f 439/439/439 438/438/438 437/437/437
f 442/442/442 441/441/441 440/440/440
f 445/445/445 444/444/444 443/443/443
f 302/302/302 446/446/446 301/301/301
f 394/394/394 447/447/447 393/393/393
f 450/450/450 449/449/449 448/448/448
f 453/453/453 452/452/452 451/451/451
f 456/456/456 455/455/455 454/454/454
f 459/459/459 458/458/458 457/457/457
f 461/461/461 443/443/443 460/460/460
f 463/463/463 143/143/143 462/462/462
f 466/466/466 465/465/465 464/464/464
f 469/469/469 468/468/468 467/467/467
f 249/249/249 471/471/471 470/470/470
f 462/462/462 473/473/473 472/472/472
f 270/270/270 475/475/475 474/474/474
f 80/80/80 81/81/81 476/476/476
f 235/235/235 478/478/478 477/477/477
f 481/481/481 480/480/480 479/479/479
f 484/484/484 483/483/483 482/482/482
f 487/487/487 486/486/486 485/485/485
f 490/490/490 489/489/489 488/488/488
f 493/493/493 492/492/492 491/491/491
f 494/494/494 462/462/462 472/472/472
f 497/497/497 496/496/496 495/495/495
f 478/478/478 498/498/498 263/263/263
f 499/499/499 450/450/450 448/448/448
f 501/501/501 500/500/500 156/156/156
f 504/504/504 503/503/503 502/502/502
f 507/507/507 506/506/506 505/505/505
f 510/510/510 509/509/509 508/508/508
f 511/511/511 464/464/464 417/417/417
f 514/514/514 513/513/513 512/512/512
f 515/515/515 412/412/412 286/286/286
f 518/518/518 517/517/517 516/516/516
f 241/241/241 519/519/519 404/404/404
f 521/521/521 520/520/520 54/54/54
f 524/524/524 523/523/523 522/522/522
f 173/173/173 526/526/526 525/525/525
f 529/529/529 528/528/528 527/527/527
f 532/532/532 531/531/531 530/530/530
f 535/535/535 534/534/534 533/533/533
f 538/538/538 537/537/537 536/536/536
f 541/541/541 540/540/540 539/539/539
f 544/544/544 543/543/543 542/542/542
f 547/547/547 546/546/546 545/545/545
f 550/550/550 549/549/549 548/548/548
f 552/552/552 380/380/380 551/551/551
f 554/554/554 553/553/553 333/333/333
f 541/541/541 539/539/539 555/555/555
f 558/558/558 557/557/557 556/556/556
f 561/561/561 560/560/560 559/559/559
f 51/51/51 562/562/562 50/50/50
f 565/565/565 564/564/564 563/563/563
f 568/568/568 567/567/567 566/566/566
f 571/571/571 570/570/570 569/569/569
f 573/573/573 572/572/572 85/85/85
f 575/575/575 113/113/113 574/574/574
f 578/578/578 577/577/577 576/576/576
f 581/581/581 580/580/580 579/579/579
f 584/584/584 583/583/583 582/582/582
f 503/503/503 586/586/586 585/585/585
f 589/589/589 588/588/588 587/587/587
f 592/592/592 591/591/591 590/590/590
f 595/595/595 594/594/594 593/593/593
f 597/597/597 596/596/596 496/496/496
f 600/600/600 599/599/599 598/598/598
f 529/529/529 601/601/601 528/528/528
f 603/603/603 19/19/19 602/602/602
f 605/605/605 604/604/604 98/98/98
f 608/608/608 607/607/607 606/606/606
f 251/251/251 610/610/610 609/609/609
f 613/613/613 612/612/612 611/611/611
f 615/615/615 395/395/395 614/614/614
f 617/617/617 377/377/377 616/616/616
f 620/620/620 619/619/619 618/618/618
f 623/623/623 622/622/622 621/621/621
f 625/625/625 140/140/140 624/624/624
f 627/627/627 626/626/626 15/15/15
f 629/629/629 493/493/493 628/628/628
f 631/631/631 630/630/630 318/318/318
f 634/634/634 633/633/633 632/632/632
f 636/636/636 635/635/635 629/629/629
f 638/638/638 33/33/33 637/637/637
f 640/640/640 63/63/63 639/639/639
f 642/642/642 641/641/641 409/409/409
f 643/643/643 426/426/426 387/387/387
f 646/646/646 645/645/645 644/644/644
f 649/649/649 648/648/648 647/647/647
f 652/652/652 651/651/651 650/650/650
f 654/654/654 445/445/445 653/653/653
f 657/657/657 656/656/656 655/655/655
f 179/179/179 659/659/659 658/658/658
f 662/662/662 661/661/661 660/660/660
f 665/665/665 664/664/664 663/663/663
f 668/668/668 667/667/667 666/666/666
f 670/670/670 415/415/415 669/669/669
f 673/673/673 672/672/672 671/671/671
f 676/676/676 675/675/675 674/674/674
f 368/368/368 677/677/677 367/367/367
f 495/495/495 679/679/679 678/678/678
f 587/587/587 681/681/681 680/680/680
f 684/684/684 683/683/683 682/682/682
f 352/352/352 686/686/686 685/685/685
f 307/307/307 688/688/688 687/687/687
f 691/691/691 690/690/690 689/689/689
f 694/694/694 693/693/693 692/692/692
f 697/697/697 696/696/696 695/695/695
f 700/700/700 699/699/699 698/698/698
f 702/702/702 10/10/10 701/701/701
f 705/705/705 704/704/704 703/703/703
f 708/708/708 707/707/707 706/706/706
f 709/709/709 20/20/20 21/21/21
f 712/712/712 711/711/711 710/710/710
f 715/715/715 714/714/714 713/713/713
f 640/640/640 716/716/716 63/63/63
f 719/719/719 718/718/718 717/717/717
f 721/721/721 575/575/575 720/720/720
f 724/724/724 723/723/723 722/722/722
f 725/725/725 161/161/161 205/205/205
f 728/728/728 727/727/727 726/726/726
f 731/731/731 730/730/730 729/729/729
f 734/734/734 733/733/733 732/732/732
f 737/737/737 736/736/736 735/735/735
f 739/739/739 738/738/738 410/410/410
f 741/741/741 31/31/31 740/740/740
f 743/743/743 742/742/742 70/70/70
f 744/744/744 174/174/174 175/175/175
f 516/516/516 745/745/745 280/280/280
f 747/747/747 746/746/746 143/143/143
f 750/750/750 749/749/749 748/748/748
f 221/221/221 752/752/752 751/751/751
f 754/754/754 425/425/425 753/753/753
f 756/756/756 189/189/189 755/755/755
f 759/759/759 758/758/758 757/757/757
f 762/762/762 761/761/761 760/760/760
f 764/764/764 381/381/381 763/763/763
f 767/767/767 766/766/766 765/765/765
f 769/769/769 768/768/768 6/6/6
f 772/772/772 771/771/771 770/770/770
f 775/775/775 774/774/774 773/773/773
f 174/174/174 319/319/319 776/776/776
f 774/774/774 368/368/368 777/777/777
f 361/361/361 362/362/362 778/778/778
f 6/6/6 4/4/4 779/779/779
f 782/782/782 781/781/781 780/780/780
f 187/187/187 783/783/783 273/273/273
f 165/165/165 785/785/785 784/784/784
f 43/43/43 787/787/787 786/786/786
f 790/790/790 789/789/789 788/788/788
f 722/722/722 792/792/792 791/791/791
f 794/794/794 793/793/793 535/535/535
f 797/797/797 796/796/796 795/795/795
f 800/800/800 799/799/799 798/798/798
f 801/801/801 631/631/631 318/318/318
f 804/804/804 803/803/803 802/802/802
f 807/807/807 806/806/806 805/805/805
f 496/496/496 808/808/808 495/495/495
f 678/678/678 672/672/672 673/673/673
f 623/623/623 621/621/621 809/809/809
f 811/811/811 810/810/810 327/327/327
f 814/814/814 813/813/813 812/812/812
f 353/353/353 816/816/816 815/815/815
f 153/153/153 488/488/488 817/817/817
f 820/820/820 819/819/819 818/818/818
f 125/125/125 293/293/293 821/821/821
f 824/824/824 823/823/823 822/822/822
f 827/827/827 826/826/826 825/825/825
f 829/829/829 828/828/828 667/667/667
f 552/552/552 551/551/551 830/830/830
f 263/263/263 498/498/498 831/831/831
f 227/227/227 832/832/832 245/245/245
f 795/795/795 833/833/833 652/652/652
f 609/609/609 835/835/835 834/834/834
f 838/838/838 837/837/837 836/836/836
f 841/841/841 840/840/840 839/839/839
f 844/844/844 843/843/843 842/842/842
f 847/847/847 846/846/846 845/845/845
f 850/850/850 849/849/849 848/848/848
f 853/853/853 852/852/852 851/851/851
f 856/856/856 855/855/855 854/854/854
f 277/277/277 275/275/275 857/857/857
f 185/185/185 859/859/859 858/858/858
f 862/862/862 861/861/861 860/860/860
f 167/167/167 631/631/631 801/801/801
f 864/864/864 863/863/863 736/736/736
f 867/867/867 866/866/866 865/865/865
f 870/870/870 869/869/869 868/868/868
f 873/873/873 872/872/872 871/871/871
f 874/874/874 173/173/173 525/525/525
f 87/87/87 875/875/875 102/102/102
f 878/878/878 877/877/877 876/876/876
f 881/881/881 880/880/880 879/879/879
f 884/884/884 883/883/883 882/882/882
f 885/885/885 610/610/610 251/251/251
f 887/887/887 43/43/43 886/886/886
f 888/888/888 408/408/408 847/847/847
f 517/517/517 890/890/890 889/889/889
f 891/891/891 241/241/241 404/404/404
f 893/893/893 666/666/666 892/892/892
f 61/61/61 858/858/858 894/894/894
f 361/361/361 778/778/778 895/895/895
f 898/898/898 897/897/897 896/896/896
f 901/901/901 900/900/900 899/899/899
f 902/902/902 867/867/867 865/865/865
f 25/25/25 163/163/163 787/787/787
f 691/691/691 904/904/904 903/903/903
f 601/601/601 905/905/905 528/528/528
f 907/907/907 154/154/154 906/906/906
f 58/58/58 56/56/56 908/908/908
f 910/910/910 909/909/909 51/51/51
f 898/898/898 896/896/896 733/733/733
f 913/913/913 912/912/912 911/911/911
f 916/916/916 915/915/915 914/914/914
f 918/918/918 637/637/637 917/917/917
f 921/921/921 920/920/920 919/919/919
f 398/398/398 922/922/922 541/541/541
f 864/864/864 736/736/736 737/737/737
f 925/925/925 924/924/924 923/923/923
f 893/893/893 892/892/892 926/926/926
f 929/929/929 928/928/928 927/927/927
f 932/932/932 931/931/931 930/930/930
f 935/935/935 934/934/934 933/933/933
f 938/938/938 937/937/937 936/936/936
f 940/940/940 939/939/939 924/924/924
f 52/52/52 136/136/136 941/941/941
f 944/944/944 943/943/943 942/942/942
f 945/945/945 734/734/734 732/732/732
f 948/948/948 947/947/947 946/946/946
f 258/258/258 256/256/256 949/949/949
f 557/557/557 951/951/951 950/950/950
f 763/763/763 363/363/363 952/952/952
f 955/955/955 954/954/954 953/953/953
f 958/958/958 957/957/957 956/956/956
f 959/959/959 635/635/635 636/636/636
f 961/961/961 960/960/960 620/620/620
f 964/964/964 963/963/963 962/962/962
f 967/967/967 966/966/966 965/965/965
f 969/969/969 442/442/442 968/968/968
f 971/971/971 970/970/970 626/626/626
f 972/972/972 658/658/658 659/659/659
f 975/975/975 974/974/974 973/973/973
f 977/977/977 176/176/176 976/976/976
f 980/980/980 979/979/979 978/978/978
f 839/839/839 485/485/485 981/981/981
f 253/253/253 891/891/891 982/982/982
f 984/984/984 303/303/303 983/983/983
f 987/987/987 986/986/986 985/985/985
f 989/989/989 108/108/108 988/988/988
f 992/992/992 991/991/991 990/990/990
f 994/994/994 42/42/42 993/993/993
f 997/997/997 996/996/996 995/995/995
f 1000/1000/1000 999/999/999 998/998/998
f 1002/1002/1002 441/441/441 1001/1001/1001
f 319/319/319 1003/1003/1003 776/776/776
f 1006/1006/1006 1005/1005/1005 1004/1004/1004
f 259/259/259 1008/1008/1008 1007/1007/1007
f 1011/1011/1011 1010/1010/1010 1009/1009/1009
f 1014/1014/1014 1013/1013/1013 1012/1012/1012
f 1017/1017/1017 1016/1016/1016 1015/1015/1015
f 1020/1020/1020 1019/1019/1019 1018/1018/1018
f 1022/1022/1022 1021/1021/1021 294/294/294
f 1025/1025/1025 1024/1024/1024 1023/1023/1023
f 1027/1027/1027 271/271/271 1026/1026/1026
f 1029/1029/1029 663/663/663 1028/1028/1028
f 1032/1032/1032 1031/1031/1031 1030/1030/1030
f 1035/1035/1035 1034/1034/1034 1033/1033/1033
f 1037/1037/1037 1036/1036/1036 707/707/707
f 1040/1040/1040 1039/1039/1039 1038/1038/1038
f 384/384/384 382/382/382 401/401/401
f 1041/1041/1041 434/434/434 350/350/350
f 1044/1044/1044 1043/1043/1043 1042/1042/1042
f 577/577/577 1045/1045/1045 198/198/198
f 1046/1046/1046 959/959/959 636/636/636
f 1048/1048/1048 737/737/737 1047/1047/1047
f 1051/1051/1051 1050/1050/1050 1049/1049/1049
f 1054/1054/1054 1053/1053/1053 1052/1052/1052
f 1056/1056/1056 151/151/151 1055/1055/1055
f 1059/1059/1059 1058/1058/1058 1057/1057/1057
f 1062/1062/1062 1061/1061/1061 1060/1060/1060
f 1065/1065/1065 1064/1064/1064 1063/1063/1063
f 1066/1066/1066 457/457/457 458/458/458
f 1069/1069/1069 1068/1068/1068 1067/1067/1067
f 1072/1072/1072 1071/1071/1071 1070/1070/1070
f 1075/1075/1075 1074/1074/1074 1073/1073/1073
f 947/947/947 1076/1076/1076 946/946/946
f 1079/1079/1079 1078/1078/1078 1077/1077/1077
f 1081/1081/1081 1080/1080/1080 784/784/784
f 1084/1084/1084 1083/1083/1083 1082/1082/1082
f 1087/1087/1087 1086/1086/1086 1085/1085/1085
f 1089/1089/1089 122/122/122 1088/1088/1088
f 545/545/545 40/40/40 41/41/41
f 586/586/586 1090/1090/1090 510/510/510
f 1093/1093/1093 1092/1092/1092 1091/1091/1091
f 1096/1096/1096 1095/1095/1095 1094/1094/1094
f 427/427/427 1097/1097/1097 184/184/184
f 1100/1100/1100 1099/1099/1099 1098/1098/1098
f 1103/1103/1103 1102/1102/1102 1101/1101/1101
f 1106/1106/1106 1105/1105/1105 1104/1104/1104
f 74/74/74 1108/1108/1108 1107/1107/1107
f 1110/1110/1110 967/967/967 1109/1109/1109
f 1113/1113/1113 1112/1112/1112 1111/1111/1111
f 1115/1115/1115 1114/1114/1114 729/729/729
f 1117/1117/1117 798/798/798 1116/1116/1116
f 1120/1120/1120 1119/1119/1119 1118/1118/1118
f 1122/1122/1122 1121/1121/1121 218/218/218
f 540/540/540 1124/1124/1124 1123/1123/1123
f 562/562/562 1126/1126/1126 1125/1125/1125
f 1129/1129/1129 1128/1128/1128 1127/1127/1127
f 1132/1132/1132 1131/1131/1131 1130/1130/1130
f 759/759/759 757/757/757 617/617/617
f 1134/1134/1134 944/944/944 1133/1133/1133
f 1137/1137/1137 1136/1136/1136 1135/1135/1135
f 145/145/145 143/143/143 746/746/746
f 558/558/558 1138/1138/1138 557/557/557
f 1139/1139/1139 518/518/518 516/516/516
f 1142/1142/1142 1141/1141/1141 1140/1140/1140
f 738/738/738 642/642/642 410/410/410
f 1145/1145/1145 1144/1144/1144 1143/1143/1143
f 932/932/932 1147/1147/1147 1146/1146/1146
f 1150/1150/1150 1149/1149/1149 1148/1148/1148
f 1153/1153/1153 1152/1152/1152 1151/1151/1151
f 1155/1155/1155 824/824/824 1154/1154/1154
f 940/940/940 924/924/924 925/925/925
f 1157/1157/1157 576/576/576 1156/1156/1156
f 307/307/307 836/836/836 688/688/688
f 910/910/910 52/52/52 25/25/25
f 1160/1160/1160 1159/1159/1159 1158/1158/1158
f 1163/1163/1163 1162/1162/1162 1161/1161/1161
f 1166/1166/1166 1165/1165/1165 1164/1164/1164
f 1169/1169/1169 1168/1168/1168 1167/1167/1167
f 1171/1171/1171 1170/1170/1170 778/778/778
f 1043/1043/1043 1173/1173/1173 1172/1172/1172
f 958/958/958 1174/1174/1174 957/957/957
f 1177/1177/1177 1176/1176/1176 1175/1175/1175
f 371/371/371 1164/1164/1164 1178/1178/1178
f 1180/1180/1180 1179/1179/1179 433/433/433
f 1183/1183/1183 1182/1182/1182 1181/1181/1181
f 1184/1184/1184 345/345/345 243/243/243
f 1187/1187/1187 1186/1186/1186 1185/1185/1185
f 1189/1189/1189 107/107/107 1188/1188/1188
f 1191/1191/1191 11/11/11 1190/1190/1190
f 651/651/651 1192/1192/1192 139/139/139
f 948/948/948 946/946/946 648/648/648
f 1027/1027/1027 1194/1194/1194 1193/1193/1193
f 857/857/857 275/275/275 1195/1195/1195
f 1198/1198/1198 1197/1197/1197 1196/1196/1196
f 269/269/269 267/267/267 1042/1042/1042
f 267/267/267 1200/1200/1200 1199/1199/1199
f 720/720/720 1100/1100/1100 835/835/835
f 1203/1203/1203 1202/1202/1202 1201/1201/1201
f 1206/1206/1206 1205/1205/1205 1204/1204/1204
f 916/916/916 914/914/914 1207/1207/1207
f 988/988/988 108/108/108 1208/1208/1208
f 336/336/336 334/334/334 922/922/922
f 1210/1210/1210 1209/1209/1209 189/189/189
f 1213/1213/1213 1212/1212/1212 1211/1211/1211
f 1215/1215/1215 1214/1214/1214 186/186/186
f 992/992/992 1216/1216/1216 991/991/991
f 72/72/72 1218/1218/1218 1217/1217/1217
f 1220/1220/1220 860/860/860 1219/1219/1219
f 978/978/978 727/727/727 728/728/728
f 1218/1218/1218 482/482/482 1221/1221/1221
f 1224/1224/1224 1223/1223/1223 1222/1222/1222
f 89/89/89 1226/1226/1226 1225/1225/1225
f 1228/1228/1228 1227/1227/1227 1210/1210/1210
f 1229/1229/1229 1046/1046/1046 636/636/636
f 758/758/758 377/377/377 757/757/757
f 1230/1230/1230 818/818/818 867/867/867
f 272/272/272 1232/1232/1232 1231/1231/1231
f 1235/1235/1235 1234/1234/1234 1233/1233/1233
f 1238/1238/1238 1237/1237/1237 1236/1236/1236
f 1241/1241/1241 1240/1240/1240 1239/1239/1239
f 1244/1244/1244 1243/1243/1243 1242/1242/1242
f 1245/1245/1245 1096/1096/1096 1094/1094/1094
f 50/50/50 562/562/562 1125/1125/1125
f 738/738/738 1246/1246/1246 1124/1124/1124
f 1249/1249/1249 1248/1248/1248 1247/1247/1247
f 1251/1251/1251 1250/1250/1250 180/180/180
f 1253/1253/1253 1252/1252/1252 445/445/445
f 1255/1255/1255 392/392/392 1254/1254/1254
f 791/791/791 1256/1256/1256 237/237/237
f 836/836/836 1257/1257/1257 688/688/688
f 430/430/430 1259/1259/1259 1258/1258/1258
f 1262/1262/1262 1261/1261/1261 1260/1260/1260
f 1236/1236/1236 1264/1264/1264 1263/1263/1263
f 1267/1267/1267 1266/1266/1266 1265/1265/1265
f 1268/1268/1268 800/800/800 1117/1117/1117
f 358/358/358 841/841/841 1105/1105/1105
f 527/527/527 1269/1269/1269 45/45/45
f 1272/1272/1272 1271/1271/1271 1270/1270/1270
f 1274/1274/1274 1012/1012/1012 1273/1273/1273
f 1277/1277/1277 1276/1276/1276 1275/1275/1275
f 1278/1278/1278 768/768/768 769/769/769
f 1125/1125/1125 1280/1280/1280 1279/1279/1279
f 1282/1282/1282 916/916/916 1281/1281/1281
f 87/87/87 102/102/102 1283/1283/1283
f 1286/1286/1286 1285/1285/1285 1284/1284/1284
f 1289/1289/1289 1288/1288/1288 1287/1287/1287
f 1291/1291/1291 167/167/167 1290/1290/1290
f 190/190/190 1293/1293/1293 1292/1292/1292
f 1294/1294/1294 358/358/358 1105/1105/1105
f 1297/1297/1297 1296/1296/1296 1295/1295/1295
f 1300/1300/1300 1299/1299/1299 1298/1298/1298
f 1044/1044/1044 1301/1301/1301 1043/1043/1043
f 1304/1304/1304 1303/1303/1303 1302/1302/1302
f 1306/1306/1306 1249/1249/1249 1305/1305/1305
f 1088/1088/1088 123/123/123 1307/1307/1307
f 1310/1310/1310 1309/1309/1309 1308/1308/1308
f 784/784/784 1090/1090/1090 1311/1311/1311
f 1314/1314/1314 1313/1313/1313 1312/1312/1312
f 1317/1317/1317 1316/1316/1316 1315/1315/1315
f 1320/1320/1320 1319/1319/1319 1318/1318/1318
f 1033/1033/1033 1321/1321/1321 929/929/929
f 1323/1323/1323 175/175/175 1322/1322/1322
f 1326/1326/1326 1325/1325/1325 1324/1324/1324
f 1329/1329/1329 1328/1328/1328 1327/1327/1327
f 1331/1331/1331 1147/1147/1147 1330/1330/1330
f 423/423/423 1333/1333/1333 1332/1332/1332
f 1335/1335/1335 971/971/971 1334/1334/1334
f 1338/1338/1338 1337/1337/1337 1336/1336/1336
f 494/494/494 472/472/472 1339/1339/1339
f 1341/1341/1341 772/772/772 1340/1340/1340
f 1343/1343/1343 1093/1093/1093 1342/1342/1342
f 903/903/903 904/904/904 1344/1344/1344
f 1347/1347/1347 1346/1346/1346 1345/1345/1345
f 691/691/691 1141/1141/1141 904/904/904
f 1350/1350/1350 1349/1349/1349 1348/1348/1348
f 1353/1353/1353 1352/1352/1352 1351/1351/1351
f 1355/1355/1355 1354/1354/1354 473/473/473
f 1098/1098/1098 1357/1357/1357 1356/1356/1356
f 1360/1360/1360 1359/1359/1359 1358/1358/1358
f 1363/1363/1363 1362/1362/1362 1361/1361/1361
f 675/675/675 1364/1364/1364 674/674/674
f 44/44/44 43/43/43 887/887/887
f 265/265/265 1366/1366/1366 1365/1365/1365
f 1368/1368/1368 735/735/735 1367/1367/1367
f 332/332/332 290/290/290 1369/1369/1369
f 391/391/391 1371/1371/1371 1370/1370/1370
f 1374/1374/1374 1373/1373/1373 1372/1372/1372
f 1216/1216/1216 900/900/900 991/991/991
f 1376/1376/1376 1348/1348/1348 1375/1375/1375
f 694/694/694 1303/1303/1303 1377/1377/1377
f 1379/1379/1379 703/703/703 1378/1378/1378
f 1381/1381/1381 353/353/353 1380/1380/1380
f 1384/1384/1384 1383/1383/1383 1382/1382/1382
f 1386/1386/1386 1224/1224/1224 1385/1385/1385
f 1388/1388/1388 504/504/504 1387/1387/1387
f 1342/1342/1342 1093/1093/1093 474/474/474
f 1390/1390/1390 1389/1389/1389 329/329/329
f 874/874/874 525/525/525 1391/1391/1391
f 1394/1394/1394 1393/1393/1393 1392/1392/1392
f 553/553/553 733/733/733 333/333/333
f 984/984/984 983/983/983 1214/1214/1214
f 1396/1396/1396 191/191/191 1395/1395/1395
f 1398/1398/1398 1397/1397/1397 1152/1152/1152
f 1058/1058/1058 1399/1399/1399 1057/1057/1057
f 1402/1402/1402 1401/1401/1401 1400/1400/1400
f 1405/1405/1405 1404/1404/1404 1403/1403/1403
f 760/760/760 1113/1113/1113 1384/1384/1384
f 1408/1408/1408 1407/1407/1407 1406/1406/1406
f 1411/1411/1411 1410/1410/1410 1409/1409/1409
f 1412/1412/1412 864/864/864 737/737/737
f 1415/1415/1415 1414/1414/1414 1413/1413/1413
f 1418/1418/1418 1417/1417/1417 1416/1416/1416
f 224/224/224 1420/1420/1420 1419/1419/1419
f 574/574/574 113/113/113 1017/1017/1017
f 1423/1423/1423 1422/1422/1422 1421/1421/1421
f 367/367/367 677/677/677 484/484/484
f 96/96/96 938/938/938 1424/1424/1424
f 364/364/364 39/39/39 37/37/37
f 1292/1292/1292 1021/1021/1021 1425/1425/1425
f 1428/1428/1428 1427/1427/1427 1426/1426/1426
f 1430/1430/1430 1429/1429/1429 1134/1134/1134
f 1432/1432/1432 563/563/563 1431/1431/1431
f 1435/1435/1435 1434/1434/1434 1433/1433/1433
f 1437/1437/1437 1290/1290/1290 1436/1436/1436
f 1439/1439/1439 518/518/518 1438/1438/1438
f 1412/1412/1412 1440/1440/1440 864/864/864
f 888/888/888 410/410/410 408/408/408
f 201/201/201 1442/1442/1442 1441/1441/1441
f 530/530/530 1253/1253/1253 1443/1443/1443
f 1432/1432/1432 1444/1444/1444 565/565/565
f 1446/1446/1446 918/918/918 1445/1445/1445
f 196/196/196 660/660/660 1447/1447/1447
f 707/707/707 1449/1449/1449 1448/1448/1448
f 308/308/308 1450/1450/1450 307/307/307
f 1452/1452/1452 1451/1451/1451 940/940/940
f 546/546/546 1453/1453/1453 40/40/40
f 1456/1456/1456 1455/1455/1455 1454/1454/1454
f 610/610/610 1457/1457/1457 609/609/609
f 907/907/907 1458/1458/1458 154/154/154
f 1459/1459/1459 90/90/90 88/88/88
f 1462/1462/1462 1461/1461/1461 1460/1460/1460
f 1415/1415/1415 1464/1464/1464 1463/1463/1463
f 1467/1467/1467 1466/1466/1466 1465/1465/1465
f 807/807/807 1468/1468/1468 806/806/806
f 1471/1471/1471 1470/1470/1470 1469/1469/1469
f 1473/1473/1473 1472/1472/1472 1451/1451/1451
f 1474/1474/1474 978/978/978 728/728/728
f 1476/1476/1476 1475/1475/1475 1314/1314/1314
f 1479/1479/1479 1478/1478/1478 1477/1477/1477
f 1480/1480/1480 360/360/360 358/358/358
f 728/728/728 726/726/726 1481/1481/1481
f 1484/1484/1484 1483/1483/1483 1482/1482/1482
f 1487/1487/1487 1486/1486/1486 1485/1485/1485
f 1489/1489/1489 1070/1070/1070 1488/1488/1488
f 1491/1491/1491 1490/1490/1490 1363/1363/1363
f 213/213/213 373/373/373 374/374/374
f 1493/1493/1493 1492/1492/1492 1364/1364/1364
f 1495/1495/1495 1494/1494/1494 888/888/888
f 1496/1496/1496 1163/1163/1163 1161/1161/1161
f 1499/1499/1499 1498/1498/1498 1497/1497/1497
f 1502/1502/1502 1501/1501/1501 1500/1500/1500
f 257/257/257 1503/1503/1503 256/256/256
f 1505/1505/1505 1310/1310/1310 1504/1504/1504
f 328/328/328 1506/1506/1506 1145/1145/1145
f 1508/1508/1508 1507/1507/1507 1227/1227/1227
f 1509/1509/1509 829/829/829 668/668/668
f 1512/1512/1512 1511/1511/1511 1510/1510/1510
f 1147/1147/1147 1514/1514/1514 1513/1513/1513
f 1517/1517/1517 1516/1516/1516 1515/1515/1515
f 1519/1519/1519 1518/1518/1518 913/913/913
f 5/5/5 1366/1366/1366 4/4/4
f 1522/1522/1522 1521/1521/1521 1520/1520/1520
f 1523/1523/1523 880/880/880 881/881/881
f 960/960/960 119/119/119 620/620/620
f 1526/1526/1526 1525/1525/1525 1524/1524/1524
f 1529/1529/1529 1528/1528/1528 1527/1527/1527
f 671/671/671 603/603/603 1530/1530/1530
f 1531/1531/1531 1474/1474/1474 492/492/492
f 1334/1334/1334 627/627/627 1532/1532/1532
f 1534/1534/1534 1533/1533/1533 1096/1096/1096
f 1225/1225/1225 1069/1069/1069 1525/1525/1525
f 1044/1044/1044 1042/1042/1042 1535/1535/1535
f 1538/1538/1538 1537/1537/1537 1536/1536/1536
f 1218/1218/1218 1221/1221/1221 324/324/324
f 735/735/735 1001/1001/1001 1367/1367/1367
f 1541/1541/1541 1540/1540/1540 1539/1539/1539
f 1543/1543/1543 536/536/536 1542/1542/1542
f 481/481/481 479/479/479 1544/1544/1544
f 1229/1229/1229 636/636/636 1545/1545/1545
f 308/308/308 306/306/306 921/921/921
f 1548/1548/1548 1547/1547/1547 1546/1546/1546
f 561/561/561 559/559/559 1549/1549/1549
f 899/899/899 1551/1551/1551 1550/1550/1550
f 1317/1317/1317 769/769/769 779/779/779
f 127/127/127 125/125/125 1552/1552/1552
f 85/85/85 1554/1554/1554 1553/1553/1553
f 1103/1103/1103 1555/1555/1555 1102/1102/1102
f 1558/1558/1558 1557/1557/1557 1556/1556/1556
f 415/415/415 413/413/413 1559/1559/1559
f 190/190/190 1425/1425/1425 1560/1560/1560
f 741/741/741 740/740/740 1561/1561/1561
f 1448/1448/1448 1562/1562/1562 1285/1285/1285
f 565/565/565 1563/1563/1563 564/564/564
f 445/445/445 1252/1252/1252 444/444/444
f 1564/1564/1564 730/730/730 1528/1528/1528
f 1101/1101/1101 1565/1565/1565 820/820/820
f 1568/1568/1568 1567/1567/1567 1566/1566/1566
f 432/432/432 433/433/433 1569/1569/1569
f 726/726/726 992/992/992 1174/1174/1174
f 294/294/294 1570/1570/1570 293/293/293
f 1488/1488/1488 1572/1572/1572 1571/1571/1571
f 3/3/3 1/1/1 1492/1492/1492
f 1575/1575/1575 1574/1574/1574 1573/1573/1573
f 1577/1577/1577 962/962/962 1576/1576/1576
f 1429/1429/1429 1240/1240/1240 1578/1578/1578
f 675/675/675 1580/1580/1580 1579/1579/1579
f 1583/1583/1583 1582/1582/1582 1581/1581/1581
f 1585/1585/1585 1584/1584/1584 411/411/411
f 1518/1518/1518 1190/1190/1190 1586/1586/1586
f 1589/1589/1589 1588/1588/1588 1587/1587/1587
f 1078/1078/1078 1215/1215/1215 1077/1077/1077
f 1590/1590/1590 1423/1423/1423 1421/1421/1421
f 1593/1593/1593 1592/1592/1592 1591/1591/1591
f 1596/1596/1596 1595/1595/1595 1594/1594/1594
f 413/413/413 1597/1597/1597 1559/1559/1559
f 1598/1598/1598 888/888/888 1575/1575/1575
f 261/261/261 259/259/259 1007/1007/1007
f 1600/1600/1600 1599/1599/1599 1008/1008/1008
f 512/512/512 1601/1601/1601 314/314/314
f 1602/1602/1602 1239/1239/1239 1430/1430/1430
f 1603/1603/1603 964/964/964 1577/1577/1577
f 1342/1342/1342 474/474/474 475/475/475
f 772/772/772 770/770/770 1427/1427/1427
f 870/870/870 423/423/423 869/869/869
f 229/229/229 1605/1605/1605 1604/1604/1604
f 680/680/680 421/421/421 630/630/630
f 1607/1607/1607 1606/1606/1606 781/781/781
f 1336/1336/1336 1608/1608/1608 1523/1523/1523
f 1609/1609/1609 552/552/552 1053/1053/1053
f 1612/1612/1612 1611/1611/1611 1610/1610/1610
f 471/471/471 1175/1175/1175 1613/1613/1613
f 1009/1009/1009 686/686/686 815/815/815
f 1615/1615/1615 1614/1614/1614 1435/1435/1435
f 1617/1617/1617 602/602/602 1616/1616/1616
f 1533/1533/1533 1299/1299/1299 1618/1618/1618
f 1619/1619/1619 1278/1278/1278 769/769/769
f 1622/1622/1622 1621/1621/1621 1620/1620/1620
f 1029/1029/1029 1624/1624/1624 1623/1623/1623
f 382/382/382 997/997/997 995/995/995
f 1540/1540/1540 1625/1625/1625 1539/1539/1539
f 1626/1626/1626 726/726/726 958/958/958
f 1628/1628/1628 1358/1358/1358 1627/1627/1627
f 1383/1383/1383 1111/1111/1111 1629/1629/1629
f 54/54/54 1630/1630/1630 1472/1472/1472
f 933/933/933 1631/1631/1631 1537/1537/1537
f 392/392/392 1633/1633/1633 1632/1632/1632
f 1295/1295/1295 1635/1635/1635 1634/1634/1634
f 1636/1636/1636 1009/1009/1009 1200/1200/1200
f 1639/1639/1639 1638/1638/1638 1637/1637/1637
f 1641/1641/1641 644/644/644 1640/1640/1640
f 1273/1273/1273 1643/1643/1643 1642/1642/1642
f 1645/1645/1645 1644/1644/1644 1010/1010/1010
f 1498/1498/1498 1420/1420/1420 225/225/225
f 1646/1646/1646 1464/1464/1464 1415/1415/1415
f 88/88/88 1225/1225/1225 1647/1647/1647
f 1649/1649/1649 719/719/719 1648/1648/1648
f 1559/1559/1559 1650/1650/1650 415/415/415
f 648/648/648 1479/1479/1479 1651/1651/1651
f 1653/1653/1653 36/36/36 1652/1652/1652
f 1030/1030/1030 643/643/643 1654/1654/1654
f 1656/1656/1656 1655/1655/1655 715/715/715
f 1659/1659/1659 1658/1658/1658 1657/1657/1657
f 1661/1661/1661 1660/1660/1660 724/724/724
f 548/548/548 746/746/746 747/747/747
f 1534/1534/1534 1096/1096/1096 1245/1245/1245
f 1404/1404/1404 1663/1663/1663 1662/1662/1662
f 1665/1665/1665 206/206/206 1664/1664/1664
f 477/477/477 263/263/263 262/262/262
f 1666/1666/1666 210/210/210 1058/1058/1058
f 823/823/823 1668/1668/1668 1667/1667/1667
f 1670/1670/1670 1669/1669/1669 93/93/93
f 414/414/414 1249/1249/1249 1247/1247/1247
f 1673/1673/1673 1672/1672/1672 1671/1671/1671
f 1250/1250/1250 1675/1675/1675 1674/1674/1674
f 926/926/926 892/892/892 1676/1676/1676
f 727/727/727 1677/1677/1677 992/992/992
f 1115/1115/1115 747/747/747 1678/1678/1678
f 1681/1681/1681 1680/1680/1680 1679/1679/1679
f 1682/1682/1682 1523/1523/1523 881/881/881
f 1684/1684/1684 1544/1544/1544 1683/1683/1683
f 1685/1685/1685 1051/1051/1051 1049/1049/1049
f 1688/1688/1688 1687/1687/1687 1686/1686/1686
f 1689/1689/1689 1590/1590/1590 240/240/240
f 1691/1691/1691 1545/1545/1545 1690/1690/1690
f 1694/1694/1694 1693/1693/1693 1692/1692/1692
f 870/870/870 868/868/868 1695/1695/1695
f 1698/1698/1698 1697/1697/1697 1696/1696/1696
f 1699/1699/1699 1331/1331/1331 1330/1330/1330
f 762/762/762 1700/1700/1700 761/761/761
f 1582/1582/1582 1038/1038/1038 1701/1701/1701
f 1453/1453/1453 1428/1428/1428 1702/1702/1702
f 614/614/614 216/216/216 595/595/595
f 1703/1703/1703 560/560/560 561/561/561
f 979/979/979 126/126/126 127/127/127
f 1706/1706/1706 1705/1705/1705 1704/1704/1704
f 1709/1709/1709 1708/1708/1708 1707/1707/1707
f 564/564/564 1711/1711/1711 1710/1710/1710
f 1714/1714/1714 1713/1713/1713 1712/1712/1712
f 1717/1717/1717 1716/1716/1716 1715/1715/1715
f 1340/1340/1340 1427/1427/1427 1718/1718/1718
f 1721/1721/1721 1720/1720/1720 1719/1719/1719
f 1723/1723/1723 81/81/81 1722/1722/1722
f 1726/1726/1726 1725/1725/1725 1724/1724/1724
f 220/220/220 1309/1309/1309 1310/1310/1310
f 1729/1729/1729 1728/1728/1728 1727/1727/1727
f 1732/1732/1732 1731/1731/1731 1730/1730/1730
f 411/411/411 1584/1584/1584 1733/1733/1733
f 1734/1734/1734 1047/1047/1047 1368/1368/1368
f 1736/1736/1736 1735/1735/1735 768/768/768
f 1739/1739/1739 1738/1738/1738 1737/1737/1737
f 346/346/346 1740/1740/1740 509/509/509
f 1190/1190/1190 1327/1327/1327 1586/1586/1586
f 1743/1743/1743 1742/1742/1742 1741/1741/1741
f 1702/1702/1702 1744/1744/1744 683/683/683
f 76/76/76 70/70/70 742/742/742
f 1745/1745/1745 834/834/834 1163/1163/1163
f 1747/1747/1747 234/234/234 1746/1746/1746
f 698/698/698 1296/1296/1296 1748/1748/1748
f 65/65/65 567/567/567 1749/1749/1749
f 1752/1752/1752 1751/1751/1751 1750/1750/1750
f 1755/1755/1755 1754/1754/1754 1753/1753/1753
f 245/245/245 1683/1683/1683 244/244/244
f 1757/1757/1757 1201/1201/1201 1756/1756/1756
f 1760/1760/1760 1759/1759/1759 1758/1758/1758
f 736/736/736 1396/1396/1396 1395/1395/1395
f 1761/1761/1761 1151/1151/1151 814/814/814
f 813/813/813 59/59/59 288/288/288
f 1507/1507/1507 1281/1281/1281 1227/1227/1227
f 1762/1762/1762 1398/1398/1398 1152/1152/1152
f 1764/1764/1764 1763/1763/1763 1268/1268/1268
f 1108/1108/1108 1766/1766/1766 1765/1765/1765
f 1768/1768/1768 1767/1767/1767 1399/1399/1399
f 127/127/127 1677/1677/1677 1769/1769/1769
f 1771/1771/1771 512/512/512 1770/1770/1770
f 1772/1772/1772 1491/1491/1491 1363/1363/1363
f 1720/1720/1720 1773/1773/1773 1491/1491/1491
f 1776/1776/1776 1775/1775/1775 1774/1774/1774
f 1778/1778/1778 931/931/931 1777/1777/1777
f 1781/1781/1781 1780/1780/1780 1779/1779/1779
f 1782/1782/1782 558/558/558 1183/1183/1183
f 1646/1646/1646 1415/1415/1415 1783/1783/1783
f 1786/1786/1786 1785/1785/1785 1784/1784/1784
f 908/908/908 1787/1787/1787 1785/1785/1785
f 1441/1441/1441 1789/1789/1789 1788/1788/1788
f 563/563/563 564/564/564 1790/1790/1790
f 1792/1792/1792 1791/1791/1791 827/827/827
f 1795/1795/1795 1794/1794/1794 1793/1793/1793
f 7/7/7 1797/1797/1797 1796/1796/1796
f 1247/1247/1247 1798/1798/1798 413/413/413
f 1801/1801/1801 1800/1800/1800 1799/1799/1799
f 1755/1755/1755 1802/1802/1802 1534/1534/1534
f 835/835/835 1803/1803/1803 834/834/834
f 1805/1805/1805 1804/1804/1804 759/759/759
f 735/735/735 736/736/736 1395/1395/1395
f 916/916/916 1806/1806/1806 915/915/915
f 173/173/173 776/776/776 526/526/526
f 1809/1809/1809 1808/1808/1808 1807/1807/1807
f 1173/1173/1173 811/811/811 327/327/327
f 1283/1283/1283 1066/1066/1066 86/86/86
f 1812/1812/1812 1811/1811/1811 1810/1810/1810
f 1262/1262/1262 1748/1748/1748 1297/1297/1297
f 899/899/899 1061/1061/1061 1551/1551/1551
f 1570/1570/1570 821/821/821 293/293/293
f 1813/1813/1813 1224/1224/1224 1222/1222/1222
f 1815/1815/1815 470/470/470 1814/1814/1814
f 335/335/335 1124/1124/1124 334/334/334
f 1089/1089/1089 385/385/385 122/122/122
f 1050/1050/1050 1817/1817/1817 1816/1816/1816
f 1182/1182/1182 1005/1005/1005 1006/1006/1006
f 1819/1819/1819 22/22/22 1818/1818/1818
f 899/899/899 1550/1550/1550 145/145/145
f 1821/1821/1821 763/763/763 1820/1820/1820
f 1073/1073/1073 1822/1822/1822 1251/1251/1251
f 595/595/595 216/216/216 594/594/594
f 410/410/410 642/642/642 409/409/409
f 1824/1824/1824 597/597/597 1823/1823/1823
f 1475/1475/1475 541/541/541 555/555/555
f 1825/1825/1825 1317/1317/1317 1315/1315/1315
f 78/78/78 668/668/668 77/77/77
f 1827/1827/1827 1826/1826/1826 1726/1726/1726
f 1829/1829/1829 993/993/993 1828/1828/1828
f 1641/1641/1641 1640/1640/1640 1830/1830/1830
f 1833/1833/1833 1832/1832/1832 1831/1831/1831
f 575/575/575 574/574/574 720/720/720
f 560/560/560 1834/1834/1834 559/559/559
f 1835/1835/1835 1609/1609/1609 1054/1054/1054
f 1747/1747/1747 1746/1746/1746 1836/1836/1836
f 841/841/841 359/359/359 840/840/840
f 270/270/270 474/474/474 315/315/315
f 1838/1838/1838 1837/1837/1837 1401/1401/1401
f 1534/1534/1534 1245/1245/1245 1754/1754/1754
f 1059/1059/1059 1057/1057/1057 1839/1839/1839
f 1842/1842/1842 1841/1841/1841 1840/1840/1840
f 759/759/759 617/617/617 964/964/964
f 1652/1652/1652 1844/1844/1844 1843/1843/1843
f 856/856/856 854/854/854 811/811/811
f 1839/1839/1839 412/412/412 515/515/515
f 884/884/884 1845/1845/1845 883/883/883
f 432/432/432 1569/1569/1569 1846/1846/1846
f 172/172/172 170/170/170 1847/1847/1847
f 1850/1850/1850 1849/1849/1849 1848/1848/1848
f 272/272/272 1231/1231/1231 1851/1851/1851
f 926/926/926 1676/1676/1676 1852/1852/1852
f 1855/1855/1855 1854/1854/1854 1853/1853/1853
f 1856/1856/1856 838/838/838 836/836/836
f 413/413/413 1798/1798/1798 1597/1597/1597
f 1859/1859/1859 1858/1858/1858 1857/1857/1857
f 1775/1775/1775 1860/1860/1860 1774/1774/1774
f 1862/1862/1862 1861/1861/1861 580/580/580
f 1863/1863/1863 975/975/975 973/973/973
f 1403/1403/1403 1404/1404/1404 1662/1662/1662
f 1865/1865/1865 1864/1864/1864 600/600/600
f 366/366/366 364/364/364 465/465/465
f 1867/1867/1867 468/468/468 1866/1866/1866
f 1334/1334/1334 971/971/971 627/627/627
f 914/914/914 1869/1869/1869 1868/1868/1868
f 1000/1000/1000 998/998/998 360/360/360
f 1339/1339/1339 911/911/911 1870/1870/1870
f 1634/1634/1634 1872/1872/1872 1871/1871/1871
f 1873/1873/1873 628/628/628 1658/1658/1658
f 1470/1470/1470 844/844/844 1469/1469/1469
f 337/337/337 886/886/886 1874/1874/1874
f 1877/1877/1877 1876/1876/1876 1875/1875/1875
f 1842/1842/1842 767/767/767 1841/1841/1841
f 474/474/474 1878/1878/1878 315/315/315
f 1881/1881/1881 1880/1880/1880 1879/1879/1879
f 1883/1883/1883 982/982/982 1882/1882/1882
f 1885/1885/1885 1884/1884/1884 1253/1253/1253
f 1887/1887/1887 337/337/337 1886/1886/1886
f 1617/1617/1617 1616/1616/1616 967/967/967
f 1889/1889/1889 1888/1888/1888 853/853/853
f 1669/1669/1669 1243/1243/1243 1890/1890/1890
f 47/47/47 562/562/562 909/909/909
f 1791/1791/1791 1891/1891/1891 827/827/827
f 1894/1894/1894 1893/1893/1893 1892/1892/1892
f 120/120/120 53/53/53 282/282/282
f 603/603/603 602/602/602 1617/1617/1617
f 52/52/52 50/50/50 136/136/136
f 1895/1895/1895 1831/1831/1831 947/947/947
f 1586/1586/1586 1897/1897/1897 1896/1896/1896
f 1899/1899/1899 1898/1898/1898 1499/1499/1499
f 1901/1901/1901 1900/1900/1900 399/399/399
f 1903/1903/1903 1902/1902/1902 1160/1160/1160
f 1841/1841/1841 1905/1905/1905 1904/1904/1904
f 773/773/773 777/777/777 1906/1906/1906
f 422/422/422 1788/1788/1788 1907/1907/1907
f 1909/1909/1909 1908/1908/1908 1653/1653/1653
f 51/51/51 909/909/909 562/562/562
f 1125/1125/1125 1126/1126/1126 1280/1280/1280
f 473/473/473 1519/1519/1519 472/472/472
f 1910/1910/1910 311/311/311 309/309/309
f 1912/1912/1912 1911/1911/1911 1660/1660/1660
f 1882/1882/1882 234/234/234 1747/1747/1747
f 1449/1449/1449 1161/1161/1161 1562/1562/1562
f 1914/1914/1914 678/678/678 1913/1913/1913
f 376/376/376 1275/1275/1275 1915/1915/1915
f 286/286/286 1917/1917/1917 1916/1916/1916
f 1918/1918/1918 1809/1809/1809 1807/1807/1807
f 1838/1838/1838 1919/1919/1919 1837/1837/1837
f 1920/1920/1920 867/867/867 902/902/902
f 582/582/582 1922/1922/1922 1921/1921/1921
f 672/672/672 21/21/21 671/671/671
f 1125/1125/1125 1279/1279/1279 1923/1923/1923
f 1926/1926/1926 1925/1925/1925 1924/1924/1924
f 1547/1547/1547 1927/1927/1927 1546/1546/1546
f 1159/1159/1159 1665/1665/1665 1928/1928/1928
f 1658/1658/1658 1929/1929/1929 646/646/646
f 1885/1885/1885 1930/1930/1930 1884/1884/1884
f 850/850/850 1853/1853/1853 849/849/849
f 687/687/687 1924/1924/1924 1931/1931/1931
f 1934/1934/1934 1933/1933/1933 1932/1932/1932
f 1936/1936/1936 871/871/871 1935/1935/1935
f 1937/1937/1937 1408/1408/1408 1649/1649/1649
f 236/236/236 1938/1938/1938 478/478/478
f 1576/1576/1576 1940/1940/1940 1939/1939/1939
f 1530/1530/1530 1617/1617/1617 1110/1110/1110
f 1867/1867/1867 467/467/467 468/468/468
f 1942/1942/1942 1032/1032/1032 1941/1941/1941
f 1692/1692/1692 252/252/252 1943/1943/1943
f 1843/1843/1843 1945/1945/1945 1944/1944/1944
f 576/576/576 577/577/577 1946/1946/1946
f 1947/1947/1947 933/933/933 1537/1537/1537
f 612/612/612 1949/1949/1949 1948/1948/1948
f 1543/1543/1543 538/538/538 536/536/536
f 584/584/584 653/653/653 583/583/583
f 1952/1952/1952 1951/1951/1951 1950/1950/1950
f 1954/1954/1954 1953/1953/1953 1531/1531/1531
f 1955/1955/1955 1815/1815/1815 823/823/823
f 1956/1956/1956 1568/1568/1568 1566/1566/1566
f 1958/1958/1958 1754/1754/1754 1957/1957/1957
f 1668/1668/1668 1814/1814/1814 1959/1959/1959
f 1400/1400/1400 1961/1961/1961 1960/1960/1960
f 1095/1095/1095 1650/1650/1650 1094/1094/1094
f 1196/1196/1196 1962/1962/1962 1259/1259/1259
f 1192/1192/1192 1963/1963/1963 1326/1326/1326
f 1966/1966/1966 1965/1965/1965 1964/1964/1964
f 1050/1050/1050 910/910/910 1967/1967/1967
f 255/255/255 253/253/253 1883/1883/1883
f 538/538/538 1968/1968/1968 537/537/537
f 75/75/75 1969/1969/1969 74/74/74
f 1558/1558/1558 1970/1970/1970 1557/1557/1557
f 1973/1973/1973 1972/1972/1972 1971/1971/1971
f 1028/1028/1028 663/663/663 1974/1974/1974
f 50/50/50 135/135/135 136/136/136
f 1976/1976/1976 1752/1752/1752 1975/1975/1975
f 1636/1636/1636 1977/1977/1977 1011/1011/1011
f 1955/1955/1955 1979/1979/1979 1978/1978/1978
f 718/718/718 1981/1981/1981 1980/1980/1980
f 183/183/183 1575/1575/1575 1573/1573/1573
f 1983/1983/1983 977/977/977 1982/1982/1982
f 1946/1946/1946 196/196/196 1984/1984/1984
f 1986/1986/1986 1382/1382/1382 1985/1985/1985
f 1988/1988/1988 1987/1987/1987 171/171/171
f 543/543/543 1989/1989/1989 1583/1583/1583
f 1991/1991/1991 1305/1305/1305 1990/1990/1990
f 1994/1994/1994 1993/1993/1993 1992/1992/1992
f 1975/1975/1975 1995/1995/1995 1016/1016/1016
f 1998/1998/1998 1997/1997/1997 1996/1996/1996
f 369/369/369 1999/1999/1999 72/72/72
f 2001/2001/2001 2000/2000/2000 1041/1041/1041
f 1606/1606/1606 1160/1160/1160 2002/2002/2002
f 1831/1831/1831 2003/2003/2003 1076/1076/1076
f 2005/2005/2005 2004/2004/2004 749/749/749
f 996/996/996 2006/2006/2006 1966/1966/1966
f 588/588/588 1121/1121/1121 681/681/681
f 426/426/426 62/62/62 2007/2007/2007
f 2009/2009/2009 925/925/925 2008/2008/2008
f 29/29/29 45/45/45 28/28/28
f 1784/1784/1784 1785/1785/1785 2010/2010/2010
f 1583/1583/1583 1989/1989/1989 1582/1582/1582
f 976/976/976 1840/1840/1840 1404/1404/1404
f 1640/1640/1640 2011/2011/2011 1830/1830/1830
f 676/676/676 674/674/674 2012/2012/2012
f 337/337/337 338/338/338 886/886/886
f 1497/1497/1497 225/225/225 2013/2013/2013
f 1579/1579/1579 2015/2015/2015 2014/2014/2014
f 2017/2017/2017 170/170/170 2016/2016/2016
f 2018/2018/2018 875/875/875 87/87/87
f 990/990/990 901/901/901 2019/2019/2019
f 2020/2020/2020 249/249/249 1979/1979/1979
f 1841/1841/1841 1663/1663/1663 1840/1840/1840
f 357/357/357 355/355/355 2021/2021/2021
f 532/532/532 2022/2022/2022 531/531/531
f 1983/1983/1983 1194/1194/1194 2023/2023/2023
f 2024/2024/2024 1435/1435/1435 1433/1433/1433
f 2026/2026/2026 2025/2025/2025 1689/1689/1689
f 1510/1510/1510 2027/2027/2027 1794/1794/1794
f 1670/1670/1670 1244/1244/1244 1242/1242/1242
f 422/422/422 2028/2028/2028 200/200/200
f 30/30/30 28/28/28 1856/1856/1856
f 2030/2030/2030 2029/2029/2029 1989/1989/1989
f 656/656/656 2032/2032/2032 2031/2031/2031
f 1147/1147/1147 2033/2033/2033 1146/1146/1146
f 2036/2036/2036 2035/2035/2035 2034/2034/2034
f 998/998/998 840/840/840 359/359/359
f 2037/2037/2037 684/684/684 682/682/682
f 2008/2008/2008 1963/1963/1963 1192/1192/1192
f 2039/2039/2039 2038/2038/2038 890/890/890
f 2040/2040/2040 1698/1698/1698 1589/1589/1589
f 1766/1766/1766 820/820/820 1230/1230/1230
f 2041/2041/2041 394/394/394 1255/1255/1255
f 1960/1960/1960 1703/1703/1703 561/561/561
f 354/354/354 2043/2043/2043 2042/2042/2042
f 853/853/853 1888/1888/1888 852/852/852
f 440/440/440 2045/2045/2045 2044/2044/2044
f 1026/1026/1026 1666/1666/1666 2046/2046/2046
f 1020/1020/1020 956/956/956 2047/2047/2047
f 492/492/492 1481/1481/1481 491/491/491
f 1126/1126/1126 49/49/49 1618/1618/1618
f 1248/1248/1248 2048/2048/2048 1247/1247/1247
f 1379/1379/1379 1568/1568/1568 2049/2049/2049
f 2051/2051/2051 2050/2050/2050 1646/1646/1646
f 1345/1345/1345 438/438/438 439/439/439
f 2053/2053/2053 2052/2052/2052 390/390/390
f 2055/2055/2055 1032/1032/1032 2054/2054/2054
f 2058/2058/2058 2057/2057/2057 2056/2056/2056
f 2025/2025/2025 1423/1423/1423 1590/1590/1590
f 1090/1090/1090 1080/1080/1080 2059/2059/2059
f 994/994/994 545/545/545 41/41/41
f 2060/2060/2060 1471/1471/1471 2026/2026/2026
f 2062/2062/2062 2061/2061/2061 378/378/378
f 482/482/482 483/483/483 2063/2063/2063
f 864/864/864 2064/2064/2064 863/863/863
f 2040/2040/2040 607/607/607 608/608/608
f 2065/2065/2065 1210/1210/1210 756/756/756
f 2066/2066/2066 744/744/744 1323/1323/1323
f 1512/1512/1512 1795/1795/1795 1455/1455/1455
f 539/539/539 613/613/613 2067/2067/2067
f 832/832/832 1684/1684/1684 245/245/245
f 1272/1272/1272 2068/2068/2068 1271/1271/1271
f 2069/2069/2069 1320/1320/1320 664/664/664
f 1143/1143/1143 1144/1144/1144 121/121/121
f 1214/1214/1214 185/185/185 186/186/186
f 1485/1485/1485 1000/1000/1000 360/360/360
f 1554/1554/1554 1066/1066/1066 458/458/458
f 2071/2071/2071 1055/1055/1055 2070/2070/2070
f 1066/1066/1066 2073/2073/2073 2072/2072/2072
f 1611/1611/1611 1443/1443/1443 1610/1610/1610
f 33/33/33 31/31/31 637/637/637
f 710/710/710 2055/2055/2055 2074/2074/2074
f 2076/2076/2076 1554/1554/1554 2075/2075/2075
f 1924/1924/1924 158/158/158 1700/1700/1700
f 2077/2077/2077 832/832/832 227/227/227
f 159/159/159 2078/2078/2078 1743/1743/1743
f 2080/2080/2080 2079/2079/2079 1289/1289/1289
f 2081/2081/2081 1287/1287/1287 532/532/532
f 2014/2014/2014 2082/2082/2082 2/2/2
f 1246/1246/1246 1488/1488/1488 1571/1571/1571
f 191/191/191 1467/1467/1467 190/190/190
f 2083/2083/2083 1452/1452/1452 796/796/796
f 1505/1505/1505 2084/2084/2084 1728/1728/1728
f 583/583/583 461/461/461 1922/1922/1922
f 621/621/621 2085/2085/2085 809/809/809
f 1981/1981/1981 1912/1912/1912 1661/1661/1661
f 533/533/533 2086/2086/2086 1981/1981/1981
f 459/459/459 457/457/457 2087/2087/2087
f 2089/2089/2089 116/116/116 2088/2088/2088
f 2090/2090/2090 98/98/98 99/99/99
f 2092/2092/2092 2058/2058/2058 2091/2091/2091
f 1949/1949/1949 1042/1042/1042 1948/1948/1948
f 1305/1305/1305 414/414/414 670/670/670
f 102/102/102 100/100/100 1283/1283/1283
f 1193/1193/1193 1342/1342/1342 475/475/475
f 15/15/15 84/84/84 204/204/204
f 326/326/326 1695/1695/1695 2093/2093/2093
f 1816/1816/1816 909/909/909 2094/2094/2094
f 1261/1261/1261 1297/1297/1297 1295/1295/1295
f 2095/2095/2095 1619/1619/1619 1825/1825/1825
f 537/537/537 1589/1589/1589 536/536/536
f 503/503/503 544/544/544 502/502/502
f 2097/2097/2097 2096/2096/2096 2039/2039/2039
f 46/46/46 527/527/527 45/45/45
f 2099/2099/2099 2098/2098/2098 521/521/521
f 510/510/510 1760/1760/1760 2100/2100/2100
f 2102/2102/2102 669/669/669 2101/2101/2101
f 2103/2103/2103 1158/1158/1158 721/721/721
f 1880/1880/1880 760/760/760 1879/1879/1879
f 347/347/347 2007/2007/2007 2104/2104/2104
f 2107/2107/2107 2106/2106/2106 2105/2105/2105
f 2109/2109/2109 2108/2108/2108 1014/1014/1014
f 1693/1693/1693 885/885/885 252/252/252
f 792/792/792 1254/1254/1254 1256/1256/1256
f 2110/2110/2110 2057/2057/2057 2071/2071/2071
f 2111/2111/2111 1666/1666/1666 1058/1058/1058
f 1444/1444/1444 1563/1563/1563 565/565/565
f 2114/2114/2114 2113/2113/2113 2112/2112/2112
f 2092/2092/2092 2116/2116/2116 2115/2115/2115
f 1554/1554/1554 459/459/459 2075/2075/2075
f 2117/2117/2117 1602/1602/1602 1237/1237/1237
f 2120/2120/2120 2119/2119/2119 2118/2118/2118
f 1631/1631/1631 765/765/765 766/766/766
f 2122/2122/2122 1062/1062/1062 2121/2121/2121
f 566/566/566 1289/1289/1289 2081/2081/2081
f 1700/1700/1700 1112/1112/1112 761/761/761
f 2125/2125/2125 2124/2124/2124 2123/2123/2123
f 1807/1807/1807 305/305/305 984/984/984
f 2127/2127/2127 2126/2126/2126 2062/2062/2062
f 2130/2130/2130 2129/2129/2129 2128/2128/2128
f 1158/1158/1158 1928/1928/1928 721/721/721
f 1317/1317/1317 779/779/779 266/266/266
f 289/289/289 287/287/287 2032/2032/2032
f 1332/1332/1332 2131/2131/2131 1596/1596/1596
f 1067/1067/1067 2133/2133/2133 2132/2132/2132
f 1474/1474/1474 728/728/728 492/492/492
f 1415/1415/1415 1413/1413/1413 1783/1783/1783
f 990/990/990 900/900/900 901/901/901
f 2135/2135/2135 1106/1106/1106 2134/2134/2134
f 1531/1531/1531 492/492/492 2136/2136/2136
f 1833/1833/1833 2137/2137/2137 1832/1832/1832
f 785/785/785 1081/1081/1081 784/784/784
f 1812/1812/1812 1810/1810/1810 1521/1521/1521
f 1081/1081/1081 436/436/436 435/435/435
f 222/222/222 220/220/220 2138/2138/2138
f 1582/1582/1582 1701/1701/1701 2139/2139/2139
f 2140/2140/2140 107/107/107 385/385/385
f 2011/2011/2011 1018/1018/1018 1019/1019/1019
f 2142/2142/2142 2141/2141/2141 1065/1065/1065
f 1552/1552/1552 1216/1216/1216 1677/1677/1677
f 987/987/987 985/985/985 1751/1751/1751
f 612/612/612 1948/1948/1948 611/611/611
f 21/21/21 19/19/19 603/603/603
f 442/442/442 440/440/440 2044/2044/2044
f 1775/1775/1775 2143/2143/2143 1860/1860/1860
f 162/162/162 134/134/134 2144/2144/2144
f 2146/2146/2146 1338/1338/1338 2145/2145/2145
f 1881/1881/1881 1879/1879/1879 2147/2147/2147
f 2149/2149/2149 829/829/829 2148/2148/2148
f 241/241/241 242/242/242 519/519/519
f 2147/2147/2147 1879/1879/1879 1986/1986/1986
f 1246/1246/1246 1571/1571/1571 2150/2150/2150
f 2080/2080/2080 1289/1289/1289 566/566/566
f 581/581/581 579/579/579 2109/2109/2109
f 1675/1675/1675 2151/2151/2151 1674/1674/1674
f 2152/2152/2152 82/82/82 208/208/208
f 1565/1565/1565 2153/2153/2153 819/819/819
f 1822/1822/1822 2154/2154/2154 1251/1251/1251
f 868/868/868 2156/2156/2156 2155/2155/2155
f 1943/1943/1943 252/252/252 250/250/250
f 2158/2158/2158 2157/2157/2157 2036/2036/2036
f 2160/2160/2160 137/137/137 2159/2159/2159
f 2161/2161/2161 1873/1873/1873 1659/1659/1659
f 713/713/713 714/714/714 1930/1930/1930
f 254/254/254 241/241/241 891/891/891
f 2163/2163/2163 1301/1301/1301 2162/2162/2162
f 1929/1929/1929 645/645/645 646/646/646
f 1436/1436/1436 2165/2165/2165 2164/2164/2164
f 2166/2166/2166 2109/2109/2109 1014/1014/1014
f 2168/2168/2168 2167/2167/2167 1713/1713/1713
f 1533/1533/1533 1618/1618/1618 1095/1095/1095
f 2165/2165/2165 2169/2169/2169 1858/1858/1858
f 2044/2044/2044 979/979/979 980/980/980
f 2170/2170/2170 780/780/780 1693/1693/1693
f 1674/1674/1674 1526/1526/1526 2171/2171/2171
f 265/265/265 1187/1187/1187 264/264/264
f 785/785/785 2172/2172/2172 1081/1081/1081
f 2174/2174/2174 2173/2173/2173 828/828/828
f 180/180/180 2175/2175/2175 659/659/659
f 772/772/772 2176/2176/2176 771/771/771
f 2178/2178/2178 2177/2177/2177 1801/1801/1801
f 2180/2180/2180 2179/2179/2179 1402/1402/1402
f 1752/1752/1752 1995/1995/1995 1975/1975/1975
f 2182/2182/2182 1819/1819/1819 2181/2181/2181
f 1067/1067/1067 2183/2183/2183 2133/2133/2133
f 575/575/575 112/112/112 113/113/113
f 1701/1701/1701 2184/2184/2184 2139/2139/2139
f 2185/2185/2185 480/480/480 481/481/481
f 2188/2188/2188 2187/2187/2187 2186/2186/2186
f 2191/2191/2191 2190/2190/2190 2189/2189/2189
f 2194/2194/2194 2193/2193/2193 2192/2192/2192
f 2197/2197/2197 2196/2196/2196 2195/2195/2195
f 813/813/813 289/289/289 812/812/812
f 2199/2199/2199 2198/2198/2198 123/123/123
f 1798/1798/1798 2048/2048/2048 2200/2200/2200
f 1856/1856/1856 836/836/836 1450/1450/1450
f 1711/1711/1711 2054/2054/2054 2201/2201/2201
f 632/632/632 1037/1037/1037 708/708/708
f 1846/1846/1846 257/257/257 258/258/258
f 2202/2202/2202 690/690/690 691/691/691
f 2203/2203/2203 1628/1628/1628 2085/2085/2085
f 1524/1524/1524 1069/1069/1069 2204/2204/2204
f 2135/2135/2135 1480/1480/1480 1294/1294/1294
f 373/373/373 1211/1211/1211 2205/2205/2205
f 1602/1602/1602 2206/2206/2206 1241/1241/1241
f 1951/1951/1951 532/532/532 1611/1611/1611
f 35/35/35 103/103/103 34/34/34
f 227/227/227 245/245/245 246/246/246
f 2207/2207/2207 1468/1468/1468 807/807/807
f 1737/1737/1737 2208/2208/2208 661/661/661
f 2209/2209/2209 1954/1954/1954 959/959/959
f 383/383/383 2210/2210/2210 997/997/997
f 2175/2175/2175 1674/1674/1674 2171/2171/2171
f 168/168/168 680/680/680 631/631/631
f 1427/1427/1427 2211/2211/2211 1426/1426/1426
f 2213/2213/2213 79/79/79 2212/2212/2212
f 227/227/227 246/246/246 2214/2214/2214
f 838/838/838 7/7/7 1796/1796/1796
f 2215/2215/2215 1720/1720/1720 1491/1491/1491
f 1962/1962/1962 1339/1339/1339 1870/1870/1870
f 1861/1861/1861 579/579/579 580/580/580
f 1405/1405/1405 2216/2216/2216 1343/1343/1343
f 1979/1979/1979 470/470/470 1978/1978/1978
f 1270/1270/1270 1363/1363/1363 1361/1361/1361
f 934/934/934 1430/1430/1430 1134/1134/1134
f 1439/1439/1439 2039/2039/2039 2217/2217/2217
f 1928/1928/1928 1664/1664/1664 575/575/575
f 2219/2219/2219 2218/2218/2218 1271/1271/1271
f 1163/1163/1163 1803/1803/1803 2220/2220/2220
f 2221/2221/2221 1706/1706/1706 1197/1197/1197
f 2187/2187/2187 812/812/812 2222/2222/2222
f 962/962/962 1824/1824/1824 1940/1940/1940
f 1451/1451/1451 939/939/939 940/940/940
f 2223/2223/2223 638/638/638 918/918/918
f 1416/1416/1416 1845/1845/1845 884/884/884
f 2225/2225/2225 2224/2224/2224 989/989/989
f 250/250/250 1496/1496/1496 1449/1449/1449
f 2226/2226/2226 67/67/67 1749/1749/1749
f 2227/2227/2227 1591/1591/1591 368/368/368
f 2228/2228/2228 1932/1932/1932 1155/1155/1155
f 42/42/42 40/40/40 684/684/684
f 1687/1687/1687 26/26/26 1686/1686/1686
f 386/386/386 426/426/426 347/347/347
f 1588/1588/1588 2230/2230/2230 2229/2229/2229
f 2231/2231/2231 1827/1827/1827 1726/1726/1726
f 2232/2232/2232 547/547/547 545/545/545
f 303/303/303 2234/2234/2234 2233/2233/2233
f 950/950/950 2235/2235/2235 718/718/718
f 528/528/528 2236/2236/2236 527/527/527
f 1295/1295/1295 1763/1763/1763 2237/2237/2237
f 1570/1570/1570 2112/2112/2112 2113/2113/2113
f 2179/2179/2179 2238/2238/2238 1838/1838/1838
f 249/249/249 247/247/247 1177/1177/1177
f 1618/1618/1618 402/402/402 1095/1095/1095
f 1332/1332/1332 2239/2239/2239 2131/2131/2131
f 2241/2241/2241 91/91/91 2240/2240/2240
f 647/647/647 1651/1651/1651 2242/2242/2242
f 1922/1922/1922 2243/2243/2243 697/697/697
f 1580/1580/1580 2244/2244/2244 1579/1579/1579
f 277/277/277 1557/1557/1557 1970/1970/1970
f 2222/2222/2222 289/289/289 656/656/656
f 2245/2245/2245 741/741/741 2157/2157/2157
f 1043/1043/1043 1172/1172/1172 2246/2246/2246
f 2247/2247/2247 1730/1730/1730 1202/1202/1202
f 2250/2250/2250 2249/2249/2249 2248/2248/2248
f 2196/2196/2196 2251/2251/2251 1189/1189/1189
f 1050/1050/1050 1816/1816/1816 2094/2094/2094
f 2254/2254/2254 2253/2253/2253 2252/2252/2252
f 1397/1397/1397 61/61/61 59/59/59
f 2255/2255/2255 1887/1887/1887 1886/1886/1886
f 2258/2258/2258 2257/2257/2257 2256/2256/2256
f 2088/2088/2088 116/116/116 114/114/114
f 1067/1067/1067 1771/1771/1771 2183/2183/2183
f 1972/1972/1972 1350/1350/1350 1376/1376/1376
f 676/676/676 1580/1580/1580 675/675/675
f 2260/2260/2260 439/439/439 2259/2259/2259
f 177/177/177 976/976/976 176/176/176
f 780/780/780 2261/2261/2261 885/885/885
f 685/685/685 1300/1300/1300 2262/2262/2262
f 2058/2058/2058 261/261/261 2263/2263/2263
f 710/710/710 1942/1942/1942 1941/1941/1941
f 579/579/579 2264/2264/2264 2108/2108/2108
f 435/435/435 348/348/348 2059/2059/2059
f 2150/2150/2150 1949/1949/1949 612/612/612
f 1560/1560/1560 1022/1022/1022 440/440/440
f 1012/1012/1012 2013/2013/2013 1273/1273/1273
f 1482/1482/1482 297/297/297 2180/2180/2180
f 1472/1472/1472 2265/2265/2265 1451/1451/1451
f 2266/2266/2266 1376/1376/1376 1375/1375/1375
f 811/811/811 854/854/854 754/754/754
f 2177/2177/2177 693/693/693 694/694/694
f 1716/1716/1716 2268/2268/2268 2267/2267/2267
f 2270/2270/2270 2269/2269/2269 154/154/154
f 2272/2272/2272 884/884/884 2271/2271/2271
f 2273/2273/2273 2245/2245/2245 2158/2158/2158
f 1445/1445/1445 917/917/917 2245/2245/2245
f 350/350/350 432/432/432 2274/2274/2274
f 2275/2275/2275 1049/1049/1049 1687/1687/1687
f 1495/1495/1495 2276/2276/2276 1494/1494/1494
f 2277/2277/2277 2271/2271/2271 840/840/840
f 134/134/134 986/986/986 987/987/987
f 2048/2048/2048 2278/2278/2278 2200/2200/2200
f 1219/1219/1219 2279/2279/2279 2125/2125/2125
f 1453/1453/1453 1340/1340/1340 1718/1718/1718
f 1972/1972/1972 1345/1345/1345 2260/2260/2260
f 2281/2281/2281 2215/2215/2215 2280/2280/2280
f 2283/2283/2283 2282/2282/2282 832/832/832
f 968/968/968 1474/1474/1474 1531/1531/1531
f 878/878/878 2280/2280/2280 2284/2284/2284
f 2286/2286/2286 2191/2191/2191 2285/2285/2285
f 2089/2089/2089 2287/2287/2287 2225/2225/2225
f 2106/2106/2106 2182/2182/2182 2181/2181/2181
f 1222/1222/1222 24/24/24 2182/2182/2182
f 2288/2288/2288 1690/1690/1690 2161/2161/2161
f 138/138/138 2290/2290/2290 2289/2289/2289
f 2195/2195/2195 2027/2027/2027 1511/1511/1511
f 349/349/349 2274/2274/2274 1502/1502/1502
f 503/503/503 2291/2291/2291 586/586/586
f 280/280/280 278/278/278 2292/2292/2292
f 2293/2293/2293 342/342/342 2254/2254/2254
f 2294/2294/2294 44/44/44 887/887/887
f 201/201/201 1441/1441/1441 422/422/422
f 2296/2296/2296 1307/1307/1307 2295/2295/2295
f 1506/1506/1506 2297/2297/2297 1144/1144/1144
f 622/622/622 1436/1436/1436 621/621/621
f 1712/1712/1712 2015/2015/2015 2244/2244/2244
f 673/673/673 671/671/671 793/793/793
f 1246/1246/1246 1489/1489/1489 1488/1488/1488
f 990/990/990 2019/2019/2019 2298/2298/2298
f 1570/1570/1570 2113/2113/2113 1717/1717/1717
f 1894/1894/1894 1892/1892/1892 2299/2299/2299
f 2301/2301/2301 842/842/842 2300/2300/2300
f 40/40/40 1453/1453/1453 1702/1702/1702
f 1245/1245/1245 1094/1094/1094 1559/1559/1559
f 50/50/50 1125/1125/1125 2302/2302/2302
f 1125/1125/1125 1923/1923/1923 2302/2302/2302
f 2305/2305/2305 2304/2304/2304 2303/2303/2303
f 2057/2057/2057 1056/1056/1056 1055/1055/1055
f 1651/1651/1651 1477/1477/1477 2306/2306/2306
f 1945/1945/1945 34/34/34 104/104/104
f 314/314/314 2308/2308/2308 2307/2307/2307
f 1433/1433/1433 2309/2309/2309 2119/2119/2119
f 27/27/27 25/25/25 787/787/787
f 1872/1872/1872 799/799/799 1871/1871/1871
f 1996/1996/1996 2310/2310/2310 658/658/658
f 2313/2313/2313 2312/2312/2312 2311/2311/2311
f 2257/2257/2257 995/995/995 2314/2314/2314
f 1329/1329/1329 1409/1409/1409 2315/2315/2315
f 920/920/920 762/762/762 1880/1880/1880
f 2316/2316/2316 1330/1330/1330 932/932/932
f 1974/1974/1974 664/664/664 2317/2317/2317
f 1519/1519/1519 10/10/10 1191/1191/1191
f 506/506/506 1659/1659/1659 2318/2318/2318
f 2321/2321/2321 2320/2320/2320 2319/2319/2319
f 798/798/798 2322/2322/2322 1739/1739/1739
f 2102/2102/2102 1990/1990/1990 1305/1305/1305
f 868/868/868 1596/1596/1596 1594/1594/1594
f 1886/1886/1886 1874/1874/1874 1902/1902/1902
f 1826/1826/1826 1604/1604/1604 1725/1725/1725
f 2295/2295/2295 1757/1757/1757 1756/1756/1756
f 409/409/409 972/972/972 846/846/846
f 2323/2323/2323 1456/1456/1456 1186/1186/1186
f 2100/2100/2100 2029/2029/2029 2324/2324/2324
f 2236/2236/2236 9/9/9 1269/1269/1269
f 584/584/584 582/582/582 2325/2325/2325
f 1660/1660/1660 2041/2041/2041 723/723/723
f 120/120/120 55/55/55 53/53/53
f 1635/1635/1635 502/502/502 1872/1872/1872
f 2327/2327/2327 2326/2326/2326 1419/1419/1419
f 1468/1468/1468 1183/1183/1183 1181/1181/1181
f 1389/1389/1389 927/927/927 2328/2328/2328
f 1373/1373/1373 2329/2329/2329 23/23/23
f 2330/2330/2330 2174/2174/2174 2149/2149/2149
f 1076/1076/1076 2332/2332/2332 2331/2331/2331
f 2335/2335/2335 2334/2334/2334 2333/2333/2333
f 1792/1792/1792 827/827/827 825/825/825
f 576/576/576 1946/1946/1946 2336/2336/2336
f 2339/2339/2339 2338/2338/2338 2337/2337/2337
f 992/992/992 1677/1677/1677 1216/1216/1216
f 1215/1215/1215 186/186/186 1077/1077/1077
f 212/212/212 315/315/315 296/296/296
f 2014/2014/2014 2/2/2 3/3/3
f 986/986/986 2340/2340/2340 985/985/985
f 504/504/504 502/502/502 1387/1387/1387
f 1877/1877/1877 2341/2341/2341 1876/1876/1876
f 2166/2166/2166 1014/1014/1014 1274/1274/1274
f 267/267/267 2342/2342/2342 1636/1636/1636
f 2345/2345/2345 2344/2344/2344 2343/2343/2343
f 2225/2225/2225 988/988/988 116/116/116
f 1374/1374/1374 2146/2146/2146 1373/1373/1373
f 1794/1794/1794 2140/2140/2140 2346/2346/2346
f 2348/2348/2348 1318/1318/1318 2347/2347/2347
f 993/993/993 2037/2037/2037 1828/1828/1828
f 2350/2350/2350 2099/2099/2099 2349/2349/2349
f 1516/1516/1516 2351/2351/2351 1998/1998/1998
f 897/897/897 291/291/291 896/896/896
f 1064/1064/1064 1742/1742/1742 2078/2078/2078
f 977/977/977 976/976/976 1405/1405/1405
f 1349/1349/1349 2353/2353/2353 2352/2352/2352
f 1306/1306/1306 2355/2355/2355 2354/2354/2354
f 1256/1256/1256 2356/2356/2356 236/236/236
f 1011/1011/1011 1783/1783/1783 1645/1645/1645
f 2049/2049/2049 2357/2357/2357 1379/1379/1379
f 2259/2259/2259 2359/2359/2359 2358/2358/2358
f 1133/1133/1133 2360/2360/2360 1631/1631/1631
f 1889/1889/1889 97/97/97 1888/1888/1888
f 505/505/505 2318/2318/2318 2361/2361/2361
f 2363/2363/2363 2362/2362/2362 1390/1390/1390
f 1818/1818/1818 1682/1682/1682 2364/2364/2364
f 1372/1372/1372 23/23/23 1223/1223/1223
f 2366/2366/2366 276/276/276 2365/2365/2365
f 1744/1744/1744 1426/1426/1426 2367/2367/2367
f 1911/1911/1911 2368/2368/2368 2041/2041/2041
f 2142/2142/2142 2369/2369/2369 2141/2141/2141
f 140/140/140 2371/2371/2371 2370/2370/2370
f 2372/2372/2372 1494/1494/1494 2276/2276/2276
f 1908/1908/1908 35/35/35 36/36/36
f 1814/1814/1814 1894/1894/1894 1959/1959/1959
f 1993/1993/1993 1154/1154/1154 142/142/142
f 28/28/28 2373/2373/2373 838/838/838
f 870/870/870 753/753/753 423/423/423
f 2375/2375/2375 850/850/850 2374/2374/2374
f 838/838/838 1796/1796/1796 837/837/837
f 282/282/282 53/53/53 1473/1473/1473
f 1086/1086/1086 1206/1206/1206 1085/1085/1085
f 2376/2376/2376 1377/1377/1377 1304/1304/1304
f 595/595/595 2377/2377/2377 614/614/614
f 1102/1102/1102 2379/2379/2379 2378/2378/2378
f 1123/1123/1123 1246/1246/1246 2150/2150/2150
f 2381/2381/2381 1130/1130/1130 2380/2380/2380
f 1303/1303/1303 2120/2120/2120 1302/1302/1302
f 816/816/816 1009/1009/1009 815/815/815
f 1614/1614/1614 2382/2382/2382 1435/1435/1435
f 2119/2119/2119 2049/2049/2049 2118/2118/2118
f 118/118/118 2383/2383/2383 117/117/117
f 796/796/796 2009/2009/2009 833/833/833
f 1403/1403/1403 1662/1662/1662 2384/2384/2384
f 2386/2386/2386 590/590/590 2385/2385/2385
f 300/300/300 301/301/301 452/452/452
f 2000/2000/2000 691/691/691 903/903/903
f 2387/2387/2387 2150/2150/2150 612/612/612
f 512/512/512 2307/2307/2307 1770/1770/1770
f 1271/1271/1271 2388/2388/2388 2219/2219/2219
f 504/504/504 2291/2291/2291 503/503/503
f 1285/1285/1285 2390/2390/2390 2389/2389/2389
f 2354/2354/2354 2391/2391/2391 1248/1248/1248
f 1279/1279/1279 2392/2392/2392 2340/2340/2340
f 2393/2393/2393 1842/1842/1842 177/177/177
f 1575/1575/1575 847/847/847 1574/1574/1574
f 1085/1085/1085 2394/2394/2394 1891/1891/1891
f 2395/2395/2395 1033/1033/1033 2362/2362/2362
f 1594/1594/1594 2396/2396/2396 2156/2156/2156
f 11/11/11 2397/2397/2397 1411/1411/1411
f 2399/2399/2399 280/280/280 2398/2398/2398
f 995/995/995 1966/1966/1966 2314/2314/2314
f 2400/2400/2400 1222/1222/1222 2182/2182/2182
f 1546/1546/1546 1211/1211/1211 2401/2401/2401
f 2402/2402/2402 1402/1402/1402 1400/1400/1400
f 53/53/53 1472/1472/1472 1473/1473/1473
f 491/491/491 1626/1626/1626 1929/1929/1929
f 1969/1969/1969 1101/1101/1101 1766/1766/1766
f 1158/1158/1158 1159/1159/1159 1928/1928/1928
f 747/747/747 2403/2403/2403 1678/1678/1678
f 1212/1212/1212 2205/2205/2205 1211/1211/1211
f 1284/1284/1284 2389/2389/2389 595/595/595
f 1081/1081/1081 2404/2404/2404 436/436/436
f 1023/1023/1023 692/692/692 693/693/693
f 2259/2259/2259 2353/2353/2353 2405/2405/2405
f 1538/1538/1538 2393/2393/2393 2406/2406/2406
f 2407/2407/2407 2226/2226/2226 1498/1498/1498
f 141/141/141 2408/2408/2408 2371/2371/2371
f 1980/1980/1980 2410/2410/2410 2409/2409/2409
f 441/441/441 1560/1560/1560 440/440/440
f 1839/1839/1839 1057/1057/1057 412/412/412
f 2413/2413/2413 2412/2412/2412 2411/2411/2411
f 2412/2412/2412 2415/2415/2415 2414/2414/2414
f 1514/1514/1514 1624/1624/1624 1513/1513/1513
f 1408/1408/1408 556/556/556 1649/1649/1649
f 788/788/788 1675/1675/1675 2154/2154/2154
f 47/47/47 2416/2416/2416 562/562/562
f 982/982/982 233/233/233 234/234/234
f 2418/2418/2418 2241/2241/2241 2417/2417/2417
f 769/769/769 6/6/6 779/779/779
f 1031/1031/1031 2419/2419/2419 1030/1030/1030
f 1891/1891/1891 2420/2420/2420 827/827/827
f 1863/1863/1863 973/973/973 1470/1470/1470
f 2421/2421/2421 1515/1515/1515 642/642/642
f 2422/2422/2422 222/222/222 2138/2138/2138
f 2423/2423/2423 2385/2385/2385 1731/1731/1731
f 2193/2193/2193 2424/2424/2424 1319/1319/1319
f 2426/2426/2426 2337/2337/2337 2425/2425/2425
f 2033/2033/2033 1624/1624/1624 1029/1029/1029
f 2427/2427/2427 1691/1691/1691 2288/2288/2288
f 2428/2428/2428 429/429/429 1540/1540/1540
f 378/378/378 32/32/32 33/33/33
f 2260/2260/2260 2405/2405/2405 1350/1350/1350
f 2429/2429/2429 371/371/371 866/866/866
f 2430/2430/2430 1347/1347/1347 1973/1973/1973
f 2431/2431/2431 2016/2016/2016 2283/2283/2283
f 2432/2432/2432 2380/2380/2380 89/89/89
f 1234/1234/1234 2434/2434/2434 2433/2433/2433
f 1274/1274/1274 1642/1642/1642 2435/2435/2435
f 1287/1287/1287 2436/2436/2436 2022/2022/2022
f 2438/2438/2438 1709/1709/1709 2437/2437/2437
f 2441/2441/2441 2440/2440/2440 2439/2439/2439
f 1264/1264/1264 1237/1237/1237 1602/1602/1602
f 1135/1135/1135 2442/2442/2442 1064/1064/1064
f 676/676/676 2443/2443/2443 1580/1580/1580
f 1679/1679/1679 2444/2444/2444 1555/1555/1555
f 1181/1181/1181 1182/1182/1182 1006/1006/1006
f 2445/2445/2445 1686/1686/1686 44/44/44
f 806/806/806 1811/1811/1811 1812/1812/1812
f 650/650/650 139/139/139 2160/2160/2160
f 2446/2446/2446 587/587/587 168/168/168
f 628/628/628 493/493/493 491/491/491
f 2449/2449/2449 2448/2448/2448 2447/2447/2447
f 616/616/616 377/377/377 375/375/375
f 362/362/362 380/380/380 2450/2450/2450
f 2020/2020/2020 248/248/248 249/249/249
f 1603/1603/1603 759/759/759 964/964/964
f 609/609/609 1457/1457/1457 835/835/835
f 910/910/910 2094/2094/2094 909/909/909
f 686/686/686 1010/1010/1010 1644/1644/1644
f 2128/2128/2128 2129/2129/2129 2451/2451/2451
f 2430/2430/2430 2452/2452/2452 1347/1347/1347
f 94/94/94 95/95/95 2453/2453/2453
f 2456/2456/2456 2455/2455/2455 2454/2454/2454
f 1278/1278/1278 1736/1736/1736 768/768/768
f 1867/1867/1867 489/489/489 2457/2457/2457
f 1138/1138/1138 2458/2458/2458 557/557/557
f 2059/2059/2059 346/346/346 509/509/509
f 1867/1867/1867 2457/2457/2457 467/467/467
f 827/827/827 2420/2420/2420 826/826/826
f 829/829/829 2174/2174/2174 828/828/828
f 794/794/794 673/673/673 793/793/793
f 800/800/800 1871/1871/1871 799/799/799
f 1187/1187/1187 1365/1365/1365 1186/1186/1186
f 1864/1864/1864 599/599/599 600/600/600
f 621/621/621 1436/1436/1436 2164/2164/2164
f 820/820/820 1565/1565/1565 819/819/819
f 523/523/523 2459/2459/2459 522/522/522
f 2462/2462/2462 2461/2461/2461 2460/2460/2460
f 2464/2464/2464 524/524/524 2463/2463/2463
f 52/52/52 941/941/941 163/163/163
f 2466/2466/2466 2465/2465/2465 712/712/712
f 1217/1217/1217 324/324/324 2467/2467/2467
f 246/246/246 244/244/244 2468/2468/2468
f 887/887/887 886/886/886 338/338/338
f 165/165/165 784/784/784 1311/1311/1311
f 1796/1796/1796 2469/2469/2469 837/837/837
f 1859/1859/1859 1857/1857/1857 1359/1359/1359
f 1399/1399/1399 2470/2470/2470 1585/1585/1585
f 768/768/768 1735/1735/1735 2471/2471/2471
f 1866/1866/1866 2472/2472/2472 1867/1867/1867
f 2472/2472/2472 817/817/817 488/488/488
f 379/379/379 2062/2062/2062 378/378/378
f 381/381/381 2473/2473/2473 380/380/380
f 82/82/82 2474/2474/2474 81/81/81
f 817/817/817 152/152/152 153/153/153
f 2337/2337/2337 2475/2475/2475 2425/2425/2425
f 906/906/906 2476/2476/2476 907/907/907
f 1458/1458/1458 907/907/907 2477/2477/2477
f 2478/2478/2478 2477/2477/2477 490/490/490
f 489/489/489 490/490/490 2457/2457/2457
f 364/364/364 37/37/37 2479/2479/2479
f 328/328/328 329/329/329 1506/1506/1506
f 2480/2480/2480 1866/1866/1866 468/468/468
f 2482/2482/2482 2481/2481/2481 2099/2099/2099
f 801/801/801 318/318/318 2169/2169/2169
f 633/633/633 1943/1943/1943 1037/1037/1037
f 1854/1854/1854 300/300/300 1853/1853/1853
f 1833/1833/1833 1692/1692/1692 633/633/633
f 2361/2361/2361 2484/2484/2484 2483/2483/2483
f 2409/2409/2409 2485/2485/2485 9/9/9
f 2206/2206/2206 2486/2486/2486 1241/1241/1241
f 2356/2356/2356 1084/1084/1084 1938/1938/1938
f 947/947/947 1831/1831/1831 1076/1076/1076
f 2224/2224/2224 2487/2487/2487 2456/2456/2456
f 1360/1360/1360 1859/1859/1859 1359/1359/1359
f 2294/2294/2294 2445/2445/2445 44/44/44
f 1996/1996/1996 1997/1997/1997 2310/2310/2310
f 795/795/795 796/796/796 833/833/833
f 547/547/547 2488/2488/2488 546/546/546
f 1790/1790/1790 564/564/564 1710/1710/1710
f 869/869/869 423/423/423 1332/1332/1332
f 1105/1105/1105 841/841/841 2489/2489/2489
f 2382/2382/2382 2490/2490/2490 2092/2092/2092
f 1311/1311/1311 586/586/586 2291/2291/2291
f 1634/1634/1634 800/800/800 1763/1763/1763
f 1280/1280/1280 2491/2491/2491 2392/2392/2392
f 898/898/898 2492/2492/2492 897/897/897
f 1429/1429/1429 1239/1239/1239 1240/1240/1240
f 530/530/530 713/713/713 1885/1885/1885
f 1999/1999/1999 482/482/482 1218/1218/1218
f 755/755/755 2494/2494/2494 2493/2493/2493
f 503/503/503 585/585/585 544/544/544
f 188/188/188 783/783/783 187/187/187
f 2132/2132/2132 2133/2133/2133 2495/2495/2495
f 2496/2496/2496 908/908/908 1786/1786/1786
f 2247/2247/2247 1732/1732/1732 1730/1730/1730
f 1318/1318/1318 2498/2498/2498 2497/2497/2497
f 793/793/793 671/671/671 1530/1530/1530
f 621/621/621 2164/2164/2164 2203/2203/2203
f 1989/1989/1989 1392/1392/1392 1582/1582/1582
f 2499/2499/2499 948/948/948 649/649/649
f 808/808/808 2500/2500/2500 679/679/679
f 1457/1457/1457 720/720/720 835/835/835
f 2502/2502/2502 321/321/321 2501/2501/2501
f 1632/1632/1632 1633/1633/1633 1083/1083/1083
f 1679/1679/1679 1680/1680/1680 2444/2444/2444
f 2503/2503/2503 1739/1739/1739 1737/1737/1737
f 2502/2502/2502 2504/2504/2504 321/321/321
f 918/918/918 638/638/638 637/637/637
f 90/90/90 2432/2432/2432 89/89/89
f 722/722/722 723/723/723 792/792/792
f 462/462/462 1355/1355/1355 473/473/473
f 654/654/654 1253/1253/1253 445/445/445
f 160/160/160 1063/1063/1063 2505/2505/2505
f 1971/1971/1971 1376/1376/1376 2506/2506/2506
f 2508/2508/2508 202/202/202 2507/2507/2507
f 472/472/472 913/913/913 1339/1339/1339
f 2509/2509/2509 1372/1372/1372 1224/1224/1224
f 2510/2510/2510 1142/1142/1142 861/861/861
f 846/846/846 659/659/659 845/845/845
f 1172/1172/1172 1173/1173/1173 327/327/327
f 2322/2322/2322 1583/1583/1583 1738/1738/1738
f 755/755/755 187/187/187 2494/2494/2494
f 1593/1593/1593 2511/2511/2511 1592/1592/1592
f 1737/1737/1737 1738/1738/1738 2208/2208/2208
f 2514/2514/2514 2513/2513/2513 2512/2512/2512
f 2515/2515/2515 2514/2514/2514 2512/2512/2512
f 61/61/61 894/894/894 60/60/60
f 64/64/64 639/639/639 63/63/63
f 371/371/371 1178/1178/1178 370/370/370
f 377/377/377 2516/2516/2516 376/376/376
f 358/358/358 359/359/359 841/841/841
f 372/372/372 2205/2205/2205 2517/2517/2517
f 2518/2518/2518 1196/1196/1196 430/430/430
f 47/47/47 383/383/383 384/384/384
f 2242/2242/2242 2306/2306/2306 2519/2519/2519
f 1669/1669/1669 1242/1242/1242 1243/1243/1243
f 1879/1879/1879 1384/1384/1384 1986/1986/1986
f 762/762/762 1924/1924/1924 1700/1700/1700
f 164/164/164 1311/1311/1311 2291/2291/2291
f 2411/2411/2411 2414/2414/2414 2130/2130/2130
f 31/31/31 2520/2520/2520 740/740/740
f 775/775/775 2240/2240/2240 774/774/774
f 764/764/764 2473/2473/2473 381/381/381
f 2326/2326/2326 568/568/568 1952/1952/1952
f 2521/2521/2521 2388/2388/2388 2068/2068/2068
f 2522/2522/2522 947/947/947 948/948/948
f 1071/1071/1071 674/674/674 2523/2523/2523
f 2042/2042/2042 1716/1716/1716 2113/2113/2113
f 2373/2373/2373 9/9/9 7/7/7
f 759/759/759 1804/1804/1804 758/758/758
f 130/130/130 128/128/128 1835/1835/1835
f 2261/2261/2261 2103/2103/2103 610/610/610
f 2153/2153/2153 2429/2429/2429 819/819/819
f 2524/2524/2524 2437/2437/2437 1908/1908/1908
f 2526/2526/2526 695/695/695 2525/2525/2525
f 2282/2282/2282 2185/2185/2185 481/481/481
f 474/474/474 1091/1091/1091 2527/2527/2527
f 2002/2002/2002 1158/1158/1158 2103/2103/2103
f 273/273/273 1232/1232/1232 272/272/272
f 1424/1424/1424 2528/2528/2528 96/96/96
f 2528/2528/2528 2530/2530/2530 2529/2529/2529
f 2425/2425/2425 2459/2459/2459 523/523/523
f 350/350/350 434/434/434 432/432/432
f 342/342/342 2531/2531/2531 341/341/341
f 2089/2089/2089 2225/2225/2225 116/116/116
f 467/467/467 2457/2457/2457 469/469/469
f 2533/2533/2533 469/469/469 2532/2532/2532
f 2535/2535/2535 2532/2532/2532 2534/2534/2534
f 2536/2536/2536 2534/2534/2534 95/95/95
f 2537/2537/2537 1424/1424/1424 938/938/938
f 1167/1167/1167 1168/1168/1168 2538/2538/2538
f 857/857/857 2316/2316/2316 1120/1120/1120
f 2419/2419/2419 64/64/64 643/643/643
f 2191/2191/2191 2202/2202/2202 2001/2001/2001
f 2420/2420/2420 1990/1990/1990 2102/2102/2102
f 261/261/261 1007/1007/1007 1056/1056/1056
f 2279/2279/2279 2539/2539/2539 1723/1723/1723
f 770/770/770 2540/2540/2540 1672/1672/1672
f 2414/2414/2414 2415/2415/2415 2541/2541/2541
f 2318/2318/2318 1659/1659/1659 1657/1657/1657
f 1077/1077/1077 186/186/186 2542/2542/2542
f 159/159/159 2505/2505/2505 2078/2078/2078
f 1386/1386/1386 2509/2509/2509 1224/1224/1224
f 2483/2483/2483 1641/1641/1641 2543/2543/2543
f 221/221/221 751/751/751 220/220/220
f 1074/1074/1074 2544/2544/2544 1822/1822/1822
f 2065/2065/2065 756/756/756 2545/2545/2545
f 2305/2305/2305 2435/2435/2435 2304/2304/2304
f 348/348/348 386/386/386 347/347/347
f 333/333/333 292/292/292 332/332/332
f 339/339/339 2546/2546/2546 338/338/338
f 93/93/93 1669/1669/1669 92/92/92
f 265/265/265 4/4/4 1366/1366/1366
f 2549/2549/2549 2548/2548/2548 2547/2547/2547
f 484/484/484 2550/2550/2550 483/483/483
f 1681/1681/1681 76/76/76 742/742/742
f 1198/1198/1198 2221/2221/2221 1197/1197/1197
f 810/810/810 870/870/870 1695/1695/1695
f 1101/1101/1101 1102/1102/1102 1565/1565/1565
f 1645/1645/1645 1783/1783/1783 1413/1413/1413
f 2329/2329/2329 2145/2145/2145 1336/1336/1336
f 1811/1811/1811 2551/2551/2551 1810/1810/1810
f 2553/2553/2553 2552/2552/2552 1681/1681/1681
f 2556/2556/2556 2555/2555/2555 2554/2554/2554
f 2246/2246/2246 1172/1172/1172 325/325/325
f 2557/2557/2557 2521/2521/2521 2068/2068/2068
f 2559/2559/2559 2558/2558/2558 955/955/955
f 195/195/195 2560/2560/2560 194/194/194
f 198/198/198 2561/2561/2561 197/197/197
f 181/181/181 1251/1251/1251 180/180/180
f 1058/1058/1058 1768/1768/1768 1399/1399/1399
f 938/938/938 94/94/94 937/937/937
f 569/569/569 570/570/570 2562/2562/2562
f 937/937/937 2453/2453/2453 2563/2563/2563
f 2564/2564/2564 450/450/450 499/499/499
f 2565/2565/2565 955/955/955 953/953/953
f 826/826/826 2420/2420/2420 2102/2102/2102
f 2449/2449/2449 2447/2447/2447 2566/2566/2566
f 926/926/926 1852/1852/1852 2567/2567/2567
f 2568/2568/2568 926/926/926 2567/2567/2567
f 2568/2568/2568 2567/2567/2567 2569/2569/2569
f 2570/2570/2570 2568/2568/2568 2569/2569/2569
f 2570/2570/2570 2569/2569/2569 2571/2571/2571
f 2572/2572/2572 2570/2570/2570 2571/2571/2571
f 2572/2572/2572 2571/2571/2571 2573/2573/2573
f 2574/2574/2574 2572/2572/2572 2573/2573/2573
f 2427/2427/2427 578/578/578 1691/1691/1691
f 694/694/694 2575/2575/2575 1303/1303/1303
f 1853/1853/1853 300/300/300 453/453/453
f 1054/1054/1054 1609/1609/1609 1053/1053/1053
f 723/723/723 2041/2041/2041 1255/1255/1255
f 235/235/235 236/236/236 478/478/478
f 1913/1913/1913 678/678/678 673/673/673
f 1135/1135/1135 1136/1136/1136 2442/2442/2442
f 1069/1069/1069 1226/1226/1226 1068/1068/1068
f 108/108/108 2576/2576/2576 1208/1208/1208
f 2578/2578/2578 2493/2493/2493 2577/2577/2577
f 2579/2579/2579 2578/2578/2578 2577/2577/2577
f 2580/2580/2580 755/755/755 2493/2493/2493
f 2578/2578/2578 2580/2580/2580 2493/2493/2493
f 2583/2583/2583 2582/2582/2582 2581/2581/2581
f 2585/2585/2585 2579/2579/2579 2584/2584/2584
f 2586/2586/2586 2585/2585/2585 2584/2584/2584
f 2587/2587/2587 2578/2578/2578 2579/2579/2579
f 2585/2585/2585 2587/2587/2587 2579/2579/2579
f 2588/2588/2588 2580/2580/2580 2578/2578/2578
f 2587/2587/2587 2588/2588/2588 2578/2578/2578
f 2545/2545/2545 756/756/756 2580/2580/2580
f 2588/2588/2588 2545/2545/2545 2580/2580/2580
f 655/655/655 2031/2031/2031 2004/2004/2004
f 2579/2579/2579 2577/2577/2577 1462/1462/1462
f 2584/2584/2584 2579/2579/2579 1462/1462/1462
f 2589/2589/2589 2574/2574/2574 455/455/455
f 781/781/781 1606/1606/1606 2002/2002/2002
f 2524/2524/2524 2438/2438/2438 2437/2437/2437
f 644/644/644 645/645/645 2590/2590/2590
f 157/157/157 501/501/501 156/156/156
f 139/139/139 1192/1192/1192 138/138/138
f 154/154/154 1458/1458/1458 153/153/153
f 647/647/647 648/648/648 1651/1651/1651
f 1373/1373/1373 2145/2145/2145 2329/2329/2329
f 2591/2591/2591 1082/1082/1082 2369/2369/2369
f 2592/2592/2592 872/872/872 448/448/448
f 1976/1976/1976 1975/1975/1975 111/111/111
f 2594/2594/2594 2593/2593/2593 2514/2514/2514
f 2596/2596/2596 1774/1774/1774 2595/2595/2595
f 2599/2599/2599 2598/2598/2598 2597/2597/2597
f 1389/1389/1389 929/929/929 927/927/927
f 1326/1326/1326 2600/2600/2600 1325/1325/1325
f 1275/1275/1275 2601/2601/2601 406/406/406
f 378/378/378 2005/2005/2005 750/750/750
f 535/535/535 793/793/793 534/534/534
f 35/35/35 1709/1709/1709 2602/2602/2602
f 2604/2604/2604 658/658/658 2603/2603/2603
f 2605/2605/2605 1341/1341/1341 1340/1340/1340
f 965/965/965 71/71/71 2368/2368/2368
f 166/166/166 2606/2606/2606 165/165/165
f 1456/1456/1456 1370/1370/1370 1371/1371/1371
f 1983/1983/1983 2607/2607/2607 977/977/977
f 1053/1053/1053 2608/2608/2608 1052/1052/1052
f 601/601/601 717/717/717 905/905/905
f 1542/1542/1542 1589/1589/1589 1587/1587/1587
f 1777/1777/1777 2610/2610/2610 2609/2609/2609
f 1254/1254/1254 1632/1632/1632 2356/2356/2356
f 104/104/104 103/103/103 2611/2611/2611
f 699/699/699 1956/1956/1956 1566/1566/1566
f 1057/1057/1057 1585/1585/1585 412/412/412
f 2612/2612/2612 1267/1267/1267 2418/2418/2418
f 1064/1064/1064 2442/2442/2442 1742/1742/1742
f 1055/1055/1055 151/151/151 2613/2613/2613
f 2589/2589/2589 2570/2570/2570 2572/2572/2572
f 2614/2614/2614 926/926/926 2568/2568/2568
f 789/789/789 1647/1647/1647 1675/1675/1675
f 1968/1968/1968 2615/2615/2615 537/537/537
f 2617/2617/2617 2616/2616/2616 2321/2321/2321
f 72/72/72 1999/1999/1999 1218/1218/1218
f 1600/1600/1600 2618/2618/2618 1599/1599/1599
f 2621/2621/2621 2620/2620/2620 2619/2619/2619
f 2014/2014/2014 2622/2622/2622 2082/2082/2082
f 2624/2624/2624 2623/2623/2623 2500/2500/2500
f 301/301/301 647/647/647 452/452/452
f 739/739/739 410/410/410 1494/1494/1494
f 946/946/946 1076/1076/1076 2331/2331/2331
f 2556/2556/2556 2554/2554/2554 2412/2412/2412
f 2467/2467/2467 322/322/322 1988/1988/1988
f 1518/1518/1518 1191/1191/1191 1190/1190/1190
f 2627/2627/2627 2626/2626/2626 2625/2625/2625
f 1906/1906/1906 369/369/369 73/73/73
f 1401/1401/1401 1837/1837/1837 1961/1961/1961
f 2338/2338/2338 2628/2628/2628 2337/2337/2337
f 1376/1376/1376 1350/1350/1350 1348/1348/1348
f 707/707/707 1286/1286/1286 706/706/706
f 345/345/345 343/343/343 243/243/243
f 2630/2630/2630 2629/2629/2629 591/591/591
f 1459/1459/1459 88/88/88 789/789/789
f 203/203/203 2632/2632/2632 2631/2631/2631
f 28/28/28 838/838/838 1856/1856/1856
f 840/840/840 487/487/487 839/839/839
f 32/32/32 748/748/748 2520/2520/2520
f 2394/2394/2394 1991/1991/1991 1990/1990/1990
f 2633/2633/2633 120/120/120 283/283/283
f 128/128/128 407/407/407 1609/1609/1609
f 138/138/138 1324/1324/1324 2290/2290/2290
f 1584/1584/1584 2634/2634/2634 1733/1733/1733
f 2636/2636/2636 2635/2635/2635 450/450/450
f 1049/1049/1049 1050/1050/1050 1967/1967/1967
f 650/650/650 651/651/651 139/139/139
f 1448/1448/1448 1449/1449/1449 1562/1562/1562
f 2106/2106/2106 2400/2400/2400 2182/2182/2182
f 2558/2558/2558 2637/2637/2637 955/955/955
f 2477/2477/2477 2478/2478/2478 153/153/153
f 281/281/281 2083/2083/2083 797/797/797
f 723/723/723 1255/1255/1255 792/792/792
f 703/703/703 704/704/704 1790/1790/1790
f 234/234/234 232/232/232 1746/1746/1746
f 1395/1395/1395 192/192/192 1002/1002/1002
f 1855/1855/1855 1853/1853/1853 850/850/850
f 917/917/917 637/637/637 31/31/31
f 2638/2638/2638 523/523/523 524/524/524
f 1865/1865/1865 600/600/600 39/39/39
f 2250/2250/2250 2289/2289/2289 2249/2249/2249
f 1816/1816/1816 47/47/47 909/909/909
f 516/516/516 517/517/517 745/745/745
f 472/472/472 1519/1519/1519 913/913/913
f 2269/2269/2269 2598/2598/2598 2639/2639/2639
f 405/405/405 2450/2450/2450 380/380/380
f 2598/2598/2598 1935/1935/1935 2597/2597/2597
f 15/15/15 626/626/626 14/14/14
f 73/73/73 369/369/369 72/72/72
f 725/725/725 786/786/786 161/161/161
f 712/712/712 2640/2640/2640 711/711/711
f 871/871/871 872/872/872 1935/1935/1935
f 1935/1935/1935 872/872/872 2641/2641/2641
f 448/448/448 449/449/449 2592/2592/2592
f 2641/2641/2641 2592/2592/2592 2642/2642/2642
f 2597/2597/2597 2642/2642/2642 2599/2599/2599
f 2639/2639/2639 2599/2599/2599 2476/2476/2476
f 154/154/154 2269/2269/2269 906/906/906
f 539/539/539 540/540/540 1123/1123/1123
f 578/578/578 2427/2427/2427 577/577/577
f 425/425/425 423/423/423 753/753/753
f 2169/2169/2169 316/316/316 2643/2643/2643
f 1682/1682/1682 881/881/881 2644/2644/2644
f 2645/2645/2645 171/171/171 172/172/172
f 1257/1257/1257 2469/2469/2469 2646/2646/2646
f 888/888/888 847/847/847 1575/1575/1575
f 852/852/852 374/374/374 2647/2647/2647
f 2648/2648/2648 1445/1445/1445 2273/2273/2273
f 1079/1079/1079 1077/1077/1077 1398/1398/1398
f 593/593/593 2650/2650/2650 2649/2649/2649
f 2135/2135/2135 1294/1294/1294 1106/1106/1106
f 571/571/571 2651/2651/2651 570/570/570
f 2653/2653/2653 2652/2652/2652 507/507/507
f 453/453/453 451/451/451 2630/2630/2630
f 2054/2054/2054 388/388/388 2201/2201/2201
f 1012/1012/1012 1013/1013/1013 1499/1499/1499
f 675/675/675 1493/1493/1493 1364/1364/1364
f 80/80/80 476/476/476 2654/2654/2654
f 1254/1254/1254 392/392/392 1632/1632/1632
f 274/274/274 272/272/272 2655/2655/2655
f 2596/2596/2596 2595/2595/2595 2656/2656/2656
f 709/709/709 2418/2418/2418 20/20/20
f 702/702/702 12/12/12 10/10/10
f 708/708/708 1037/1037/1037 707/707/707
f 12/12/12 2657/2657/2657 11/11/11
f 39/39/39 600/600/600 38/38/38
f 55/55/55 521/521/521 54/54/54
f 2660/2660/2660 2659/2659/2659 2658/2658/2658
f 434/434/434 1180/1180/1180 433/433/433
f 107/107/107 124/124/124 122/122/122
f 2564/2564/2564 2582/2582/2582 2636/2636/2636
f 587/587/587 588/588/588 681/681/681
f 715/715/715 1655/1655/1655 714/714/714
f 2663/2663/2663 2662/2662/2662 2661/2661/2661
f 670/670/670 414/414/414 415/415/415
f 493/493/493 2136/2136/2136 492/492/492
f 2463/2463/2463 522/522/522 2664/2664/2664
f 2581/2581/2581 2664/2664/2664 2583/2583/2583
f 524/524/524 522/522/522 2463/2463/2463
f 2529/2529/2529 2536/2536/2536 96/96/96
f 470/470/470 1893/1893/1893 1814/1814/1814
f 2666/2666/2666 2665/2665/2665 1648/1648/1648
f 2668/2668/2668 2287/2287/2287 2667/2667/2667
f 211/211/211 2670/2670/2670 2669/2669/2669
f 2417/2417/2417 2240/2240/2240 775/775/775
f 596/596/596 2624/2624/2624 808/808/808
f 1765/1765/1765 1230/1230/1230 1920/1920/1920
f 1987/1987/1987 323/323/323 480/480/480
f 1473/1473/1473 1451/1451/1451 1452/1452/1452
f 717/717/717 1980/1980/1980 905/905/905
f 556/556/556 950/950/950 719/719/719
f 2591/2591/2591 2369/2369/2369 2142/2142/2142
f 367/367/367 484/484/484 1999/1999/1999
f 1154/1154/1154 822/822/822 141/141/141
f 1833/1833/1833 1694/1694/1694 1692/1692/1692
f 2672/2672/2672 2671/2671/2671 1213/1213/1213
f 852/852/852 1888/1888/1888 374/374/374
f 2123/2123/2123 2124/2124/2124 2673/2673/2673
f 179/179/179 180/180/180 659/659/659
f 662/662/662 1737/1737/1737 661/661/661
f 657/657/657 2222/2222/2222 656/656/656
f 652/652/652 833/833/833 651/651/651
f 2553/2553/2553 2675/2675/2675 2674/2674/2674
f 352/352/352 815/815/815 686/686/686
f 697/697/697 2243/2243/2243 696/696/696
f 2207/2207/2207 1782/1782/1782 1468/1468/1468
f 1006/1006/1006 1004/1004/1004 2551/2551/2551
f 157/157/157 2677/2677/2677 2676/2676/2676
f 144/144/144 2679/2679/2679 2678/2678/2678
f 828/828/828 356/356/356 357/357/357
f 2269/2269/2269 2639/2639/2639 2476/2476/2476
f 2180/2180/2180 1402/1402/1402 2402/2402/2402
f 873/873/873 499/499/499 872/872/872
f 1008/1008/1008 1599/1599/1599 1484/1484/1484
f 500/500/500 2423/2423/2423 1732/1732/1732
f 2047/2047/2047 1528/1528/1528 1019/1019/1019
f 944/944/944 942/942/942 2360/2360/2360
f 99/99/99 97/97/97 1889/1889/1889
f 2680/2680/2680 2109/2109/2109 2166/2166/2166
f 1800/1800/1800 694/694/694 1377/1377/1377
f 563/563/563 1790/1790/1790 704/704/704
f 1378/1378/1378 166/166/166 1568/1568/1568
f 2682/2682/2682 2681/2681/2681 2422/2422/2422
f 2685/2685/2685 2684/2684/2684 2683/2683/2683
f 1063/1063/1063 1064/1064/1064 2078/2078/2078
f 989/989/989 2456/2456/2456 110/110/110
f 2655/2655/2655 272/272/272 1851/1851/1851
f 2688/2688/2688 2687/2687/2687 2686/2686/2686
f 461/461/461 460/460/460 2243/2243/2243
f 2503/2503/2503 1737/1737/1737 662/662/662
f 1681/1681/1681 742/742/742 2675/2675/2675
f 395/395/395 215/215/215 216/216/216
f 1767/1767/1767 2689/2689/2689 2470/2470/2470
f 2691/2691/2691 1171/1171/1171 2690/2690/2690
f 1356/1356/1356 2693/2693/2693 2692/2692/2692
f 2304/2304/2304 1385/1385/1385 2303/2303/2303
f 428/428/428 184/184/184 182/182/182
f 2344/2344/2344 1270/1270/1270 2694/2694/2694
f 978/978/978 127/127/127 1769/1769/1769
f 149/149/149 1877/1877/1877 1875/1875/1875
f 861/861/861 1142/1142/1142 1140/1140/1140
f 1715/1715/1715 2267/2267/2267 1755/1755/1755
f 1401/1401/1401 1961/1961/1961 1400/1400/1400
f 2362/2362/2362 929/929/929 1389/1389/1389
f 393/393/393 1988/1988/1988 2645/2645/2645
f 1105/1105/1105 2489/2489/2489 1104/1104/1104
f 1184/1184/1184 243/243/243 254/254/254
f 1452/1452/1452 940/940/940 2009/2009/2009
f 76/76/76 74/74/74 2695/2695/2695
f 679/679/679 709/709/709 672/672/672
f 703/703/703 2606/2606/2606 1378/1378/1378
f 1954/1954/1954 493/493/493 635/635/635
f 267/267/267 1636/1636/1636 1200/1200/1200
f 2093/2093/2093 1695/1695/1695 868/868/868
f 848/848/848 592/592/592 2386/2386/2386
f 2697/2697/2697 2696/2696/2696 2424/2424/2424
f 925/925/925 923/923/923 1963/1963/1963
f 786/786/786 163/163/163 161/161/161
f 2682/2682/2682 2699/2699/2699 2698/2698/2698
f 1456/1456/1456 1371/1371/1371 1512/1512/1512
f 594/594/594 2700/2700/2700 2650/2650/2650
f 1073/1073/1073 1251/1251/1251 181/181/181
f 2346/2346/2346 385/385/385 1089/1089/1089
f 2702/2702/2702 2701/2701/2701 2163/2163/2163
f 1161/1161/1161 2390/2390/2390 1562/1562/1562
f 935/935/935 1264/1264/1264 934/934/934
f 1564/1564/1564 549/549/549 550/550/550
f 148/148/148 146/146/146 2114/2114/2114
f 2703/2703/2703 2342/2342/2342 268/268/268
f 2302/2302/2302 986/986/986 135/135/135
f 162/162/162 941/941/941 134/134/134
f 1022/1022/1022 126/126/126 2045/2045/2045
f 2705/2705/2705 2704/2704/2704 2107/2107/2107
f 1465/1465/1465 148/148/148 1293/1293/1293
f 143/143/143 1355/1355/1355 462/462/462
f 2706/2706/2706 1615/1615/1615 692/692/692
f 1572/1572/1572 1071/1071/1071 2703/2703/2703
f 2489/2489/2489 839/839/839 981/981/981
f 1984/1984/1984 1447/1447/1447 2184/2184/2184
f 2707/2707/2707 898/898/898 734/734/734
f 2329/2329/2329 1336/1336/1336 1523/1523/1523
f 2317/2317/2317 1320/1320/1320 2348/2348/2348
f 1371/1371/1371 2195/2195/2195 1511/1511/1511
f 6/6/6 2708/2708/2708 5/5/5
f 2709/2709/2709 1148/1148/1148 2697/2697/2697
f 2710/2710/2710 814/814/814 2187/2187/2187
f 2712/2712/2712 2053/2053/2053 2711/2711/2711
f 2696/2696/2696 1393/1393/1393 2713/2713/2713
f 1049/1049/1049 1967/1967/1967 1687/1687/1687
f 2715/2715/2715 2714/2714/2714 1045/1045/1045
f 2665/2665/2665 1649/1649/1649 1648/1648/1648
f 2247/2247/2247 500/500/500 1732/1732/1732
f 2336/2336/2336 1984/1984/1984 1701/1701/1701
f 1963/1963/1963 2600/2600/2600 1326/1326/1326
f 1337/1337/1337 2716/2716/2716 1336/1336/1336
f 1550/1550/1550 144/144/144 145/145/145
f 1442/1442/1442 2718/2718/2718 2717/2717/2717
f 2720/2720/2720 2719/2719/2719 1706/1706/1706
f 1055/1055/1055 2613/2613/2613 2070/2070/2070
f 2557/2557/2557 2068/2068/2068 1272/1272/1272
f 2721/2721/2721 1025/1025/1025 2178/2178/2178
f 826/826/826 2102/2102/2102 2101/2101/2101
f 2328/2328/2328 2722/2722/2722 2297/2297/2297
f 2346/2346/2346 2724/2724/2724 2723/2723/2723
f 927/927/927 2725/2725/2725 2722/2722/2722
f 1186/1186/1186 1454/1454/1454 1185/1185/1185
f 2331/2331/2331 2726/2726/2726 1478/1478/1478
f 2498/2498/2498 2696/2696/2696 2713/2713/2713
f 388/388/388 386/386/386 436/436/436
f 569/569/569 2562/2562/2562 996/996/996
f 119/119/119 117/117/117 619/619/619
f 1932/1932/1932 1955/1955/1955 824/824/824
f 1149/1149/1149 1039/1039/1039 1040/1040/1040
f 2676/2676/2676 2727/2727/2727 501/501/501
f 2053/2053/2053 1370/1370/1370 2323/2323/2323
f 2217/2217/2217 890/890/890 517/517/517
f 2728/2728/2728 1041/1041/1041 351/351/351
f 1823/1823/1823 496/496/496 497/497/497
f 1434/1434/1434 2382/2382/2382 2092/2092/2092
f 341/341/341 969/969/969 340/340/340
f 1760/1760/1760 1392/1392/1392 2029/2029/2029
f 578/578/578 1229/1229/1229 1691/1691/1691
f 2729/2729/2729 118/118/118 119/119/119
f 1152/1152/1152 813/813/813 1151/1151/1151
f 560/560/560 2680/2680/2680 1834/1834/1834
f 2517/2517/2517 518/518/518 1139/1139/1139
f 2123/2123/2123 2673/2673/2673 2730/2730/2730
f 793/793/793 1530/1530/1530 534/534/534
f 474/474/474 2527/2527/2527 1878/1878/1878
f 2220/2220/2220 1356/1356/1356 2692/2692/2692
f 2309/2309/2309 2091/2091/2091 2357/2357/2357
f 1599/1599/1599 299/299/299 1483/1483/1483
f 2523/2523/2523 1364/1364/1364 2050/2050/2050
f 1129/1129/1129 2731/2731/2731 2205/2205/2205
f 166/166/166 504/504/504 1567/1567/1567
f 2254/2254/2254 342/342/342 2253/2253/2253
f 1749/1749/1749 568/568/568 2327/2327/2327
f 1635/1635/1635 1387/1387/1387 502/502/502
f 138/138/138 1326/1326/1326 1324/1324/1324
f 1993/1993/1993 1155/1155/1155 1154/1154/1154
f 1634/1634/1634 1871/1871/1871 800/800/800
f 1183/1183/1183 1406/1406/1406 1182/1182/1182
f 2549/2549/2549 2733/2733/2733 2732/2732/2732
f 892/892/892 2734/2734/2734 1676/1676/1676
f 744/744/744 2501/2501/2501 174/174/174
f 2735/2735/2735 476/476/476 81/81/81
f 2443/2443/2443 2495/2495/2495 1580/1580/1580
f 774/774/774 2227/2227/2227 368/368/368
f 2216/2216/2216 2384/2384/2384 1092/1092/1092
f 1887/1887/1887 339/339/339 337/337/337
f 968/968/968 2044/2044/2044 980/980/980
f 2663/2663/2663 2134/2134/2134 2736/2736/2736
f 2737/2737/2737 179/179/179 2604/2604/2604
f 1803/1803/1803 1098/1098/1098 1356/1356/1356
f 735/735/735 1002/1002/1002 1001/1001/1001
f 2705/2705/2705 2105/2105/2105 2738/2738/2738
f 1069/1069/1069 2132/2132/2132 2204/2204/2204
f 1420/1420/1420 2327/2327/2327 1419/1419/1419
f 1720/1720/1720 2740/2740/2740 2739/2739/2739
f 2602/2602/2602 2741/2741/2741 103/103/103
f 1193/1193/1193 270/270/270 271/271/271
f 1926/1926/1926 2646/2646/2646 2742/2742/2742
f 1431/1431/1431 704/704/704 705/705/705
f 2064/2064/2064 1396/1396/1396 863/863/863
f 1116/1116/1116 1739/1739/1739 2503/2503/2503
f 1777/1777/1777 1029/1029/1029 1028/1028/1028
f 1624/1624/1624 2743/2743/2743 1623/1623/1623
f 1029/1029/1029 1623/1623/1623 665/665/665
f 157/157/157 2676/2676/2676 501/501/501
f 1075/1075/1075 1073/1073/1073 2744/2744/2744
f 2746/2746/2746 588/588/588 2745/2745/2745
f 552/552/552 405/405/405 380/380/380
f 1310/1310/1310 1308/1308/1308 1504/1504/1504
f 1212/1212/1212 743/743/743 2747/2747/2747
f 2051/2051/2051 1646/1646/1646 1977/1977/1977
f 2231/2231/2231 1726/1726/1726 2748/2748/2748
f 1902/1902/1902 2749/2749/2749 1159/1159/1159
f 573/573/573 85/85/85 1553/1553/1553
f 150/150/150 1482/1482/1482 1877/1877/1877
f 1975/1975/1975 1016/1016/1016 111/111/111
f 2704/2704/2704 2400/2400/2400 2107/2107/2107
f 85/85/85 86/86/86 1554/1554/1554
f 2103/2103/2103 721/721/721 1457/1457/1457
f 1144/1144/1144 2350/2350/2350 2349/2349/2349
f 636/636/636 629/629/629 1545/1545/1545
f 2146/2146/2146 2145/2145/2145 1373/1373/1373
f 1442/1442/1442 2717/2717/2717 1441/1441/1441
f 1915/1915/1915 406/406/406 407/407/407
f 857/857/857 1195/1195/1195 2316/2316/2316
f 2750/2750/2750 1156/1156/1156 1149/1149/1149
f 2546/2546/2546 887/887/887 338/338/338
f 2751/2751/2751 994/994/994 993/993/993
f 1418/1418/1418 1416/1416/1416 2272/2272/2272
f 1028/1028/1028 1974/1974/1974 2610/2610/2610
f 400/400/400 398/398/398 1476/1476/1476
f 737/737/737 735/735/735 1047/1047/1047
f 508/508/508 1740/1740/1740 1759/1759/1759
f 2102/2102/2102 1305/1305/1305 670/670/670
f 354/354/354 352/352/352 2752/2752/2752
f 1279/1279/1279 2340/2340/2340 1923/1923/1923
f 1709/1709/1709 1707/1707/1707 2602/2602/2602
f 558/558/558 1406/1406/1406 1183/1183/1183
f 1543/1543/1543 2754/2754/2754 2753/2753/2753
f 1918/1918/1918 1807/1807/1807 1215/1215/1215
f 586/586/586 510/510/510 2100/2100/2100
f 2157/2157/2157 1561/1561/1561 2035/2035/2035
f 1738/1738/1738 1581/1581/1581 2208/2208/2208
f 433/433/433 2755/2755/2755 1569/1569/1569
f 2069/2069/2069 2192/2192/2192 2756/2756/2756
f 2305/2305/2305 2704/2704/2704 2757/2757/2757
f 1216/1216/1216 1062/1062/1062 1060/1060/1060
f 699/699/699 1566/1566/1566 698/698/698
f 694/694/694 692/692/692 2575/2575/2575
f 1400/1400/1400 1960/1960/1960 1353/1353/1353
f 2050/2050/2050 1492/1492/1492 1464/1464/1464
f 206/206/206 112/112/112 1664/1664/1664
f 2053/2053/2053 390/390/390 391/391/391
f 2758/2758/2758 2707/2707/2707 734/734/734
f 2193/2193/2193 2709/2709/2709 2697/2697/2697
f 733/733/733 292/292/292 333/333/333
f 1203/1203/1203 2247/2247/2247 1202/1202/1202
f 306/306/306 1931/1931/1931 920/920/920
f 2759/2759/2759 1753/1753/1753 1958/1958/1958
f 2122/2122/2122 2760/2760/2760 2759/2759/2759
f 2761/2761/2761 1466/1466/1466 1467/1467/1467
f 1876/1876/1876 2402/2402/2402 2762/2762/2762
f 1174/1174/1174 2298/2298/2298 957/957/957
f 1299/1299/1299 1126/1126/1126 1618/1618/1618
f 1962/1962/1962 1706/1706/1706 1704/1704/1704
f 1264/1264/1264 1602/1602/1602 1430/1430/1430
f 2246/2246/2246 325/325/325 2763/2763/2763
f 1099/1099/1099 2764/2764/2764 1098/1098/1098
f 2314/2314/2314 1964/1964/1964 2765/2765/2765
f 389/389/389 2195/2195/2195 2766/2766/2766
f 2767/2767/2767 2343/2343/2343 2344/2344/2344
f 2769/2769/2769 1985/1985/1985 2768/2768/2768
f 2546/2546/2546 2374/2374/2374 2727/2727/2727
f 1440/1440/1440 2770/2770/2770 864/864/864
f 91/91/91 1593/1593/1593 2227/2227/2227
f 1686/1686/1686 27/27/27 44/44/44
f 1901/1901/1901 399/399/399 400/400/400
f 1221/1221/1221 2771/2771/2771 323/323/323
f 1900/1900/1900 922/922/922 399/399/399
f 2290/2290/2290 2365/2365/2365 2772/2772/2772
f 1324/1324/1324 2366/2366/2366 2365/2365/2365
f 805/805/805 1812/1812/1812 1522/1522/1522
f 2774/2774/2774 1727/1727/1727 2773/2773/2773
f 1508/1508/1508 2776/2776/2776 2775/2775/2775
f 1556/1556/1556 1120/1120/1120 1118/1118/1118
f 1690/1690/1690 629/629/629 1873/1873/1873
f 2252/2252/2252 2778/2778/2778 2777/2777/2777
f 1063/1063/1063 2078/2078/2078 2505/2505/2505
f 2018/2018/2018 85/85/85 572/572/572
f 1293/1293/1293 2779/2779/2779 1292/1292/1292
f 901/901/901 2780/2780/2780 2019/2019/2019
f 2164/2164/2164 1858/1858/1858 1859/1859/1859
f 307/307/307 687/687/687 306/306/306
f 567/567/567 2080/2080/2080 566/566/566
f 2281/2281/2281 1721/1721/1721 1719/1719/1719
f 1062/1062/1062 1958/1958/1958 2781/2781/2781
f 2305/2305/2305 2166/2166/2166 1274/1274/1274
f 2326/2326/2326 1952/1952/1952 1950/1950/1950
f 2183/2183/2183 1712/1712/1712 2133/2133/2133
f 1579/1579/1579 3/3/3 1493/1493/1493
f 1162/1162/1162 2692/2692/2692 1621/1621/1621
f 1961/1961/1961 1167/1167/1167 1703/1703/1703
f 1771/1771/1771 1714/1714/1714 2183/2183/2183
f 2747/2747/2747 68/68/68 1128/1128/1128
f 2782/2782/2782 1800/1800/1800 2376/2376/2376
f 992/992/992 990/990/990 1174/1174/1174
f 1280/1280/1280 2392/2392/2392 1279/1279/1279
f 1482/1482/1482 2341/2341/2341 1877/1877/1877
f 1467/1467/1467 1465/1465/1465 1293/1293/1293
f 1212/1212/1212 2747/2747/2747 1129/1129/1129
f 1622/1622/1622 1620/1620/1620 2308/2308/2308
f 1381/1381/1381 1200/1200/1200 816/816/816
f 261/261/261 1056/1056/1056 2263/2263/2263
f 566/566/566 2081/2081/2081 1952/1952/1952
f 2305/2305/2305 1274/1274/1274 2435/2435/2435
f 1798/1798/1798 2200/2200/2200 2783/2783/2783
f 646/646/646 644/644/644 2784/2784/2784
f 271/271/271 212/212/212 1666/1666/1666
f 2695/2695/2695 1107/1107/1107 2785/2785/2785
f 2313/2313/2313 2311/2311/2311 2278/2278/2278
f 1025/1025/1025 1023/1023/1023 693/693/693
f 2108/2108/2108 1899/1899/1899 1013/1013/1013
f 75/75/75 1555/1555/1555 1103/1103/1103
f 463/463/463 462/462/462 494/494/494
f 1639/1639/1639 1097/1097/1097 2786/2786/2786
f 1162/1162/1162 1622/1622/1622 2390/2390/2390
f 1017/1017/1017 2787/2787/2787 1099/1099/1099
f 686/686/686 2788/2788/2788 685/685/685
f 2553/2553/2553 2674/2674/2674 2789/2789/2789
f 2762/2762/2762 1353/1353/1353 1351/1351/1351
f 36/36/36 34/34/34 1844/1844/1844
f 2663/2663/2663 2661/2661/2661 2135/2135/2135
f 2268/2268/2268 1300/1300/1300 1298/1298/1298
f 2357/2357/2357 2110/2110/2110 1379/1379/1379
f 678/678/678 679/679/679 672/672/672
f 2465/2465/2465 2640/2640/2640 712/712/712
f 1647/1647/1647 1525/1525/1525 2151/2151/2151
f 698/698/698 1567/1567/1567 1388/1388/1388
f 2790/2790/2790 1433/1433/1433 2119/2119/2119
f 178/178/178 176/176/176 2791/2791/2791
f 2268/2268/2268 1802/1802/1802 2267/2267/2267
f 1873/1873/1873 629/629/629 628/628/628
f 1638/1638/1638 2276/2276/2276 1637/1637/1637
f 2793/2793/2793 1950/1950/1950 2792/2792/2792
f 1634/1634/1634 1635/1635/1635 1872/1872/1872
f 1681/1681/1681 75/75/75 76/76/76
f 1837/1837/1837 1169/1169/1169 1167/1167/1167
f 1290/1290/1290 801/801/801 2165/2165/2165
f 2013/2013/2013 223/223/223 1643/1643/1643
f 1711/1711/1711 2201/2201/2201 2404/2404/2404
f 2357/2357/2357 2058/2058/2058 2056/2056/2056
f 568/568/568 566/566/566 1952/1952/1952
f 1597/1597/1597 2783/2783/2783 2794/2794/2794
f 1645/1645/1645 1413/1413/1413 2795/2795/2795
f 2218/2218/2218 1270/1270/1270 1271/1271/1271
f 1621/1621/1621 2693/2693/2693 1620/1620/1620
f 391/391/391 389/389/389 2766/2766/2766
f 1096/1096/1096 1533/1533/1533 1095/1095/1095
f 2274/2274/2274 1846/1846/1846 1501/1501/1501
f 869/869/869 1332/1332/1332 1596/1596/1596
f 2494/2494/2494 274/274/274 1461/1461/1461
f 849/849/849 2630/2630/2630 592/592/592
f 1313/1313/1313 555/555/555 2796/2796/2796
f 961/961/961 620/620/620 2797/2797/2797
f 151/151/151 149/149/149 2613/2613/2613
f 675/675/675 1579/1579/1579 1493/1493/1493
f 2179/2179/2179 1838/1838/1838 1401/1401/1401
f 2132/2132/2132 2495/2495/2495 2798/2798/2798
f 730/730/730 1115/1115/1115 729/729/729
f 297/297/297 2238/2238/2238 2179/2179/2179
f 1298/1298/1298 1533/1533/1533 1802/1802/1802
f 1949/1949/1949 1572/1572/1572 269/269/269
f 1248/1248/1248 2312/2312/2312 2313/2313/2313
f 2253/2253/2253 340/340/340 2209/2209/2209
f 280/280/280 2292/2292/2292 2398/2398/2398
f 2799/2799/2799 229/229/229 1826/1826/1826
f 2699/2699/2699 1505/1505/1505 1729/1729/1729
f 2196/2196/2196 1189/1189/1189 1188/1188/1188
f 2800/2800/2800 2386/2386/2386 2423/2423/2423
f 1992/1992/1992 142/142/142 625/625/625
f 1569/1569/1569 2801/2801/2801 257/257/257
f 2196/2196/2196 2140/2140/2140 2027/2027/2027
f 2772/2772/2772 1970/1970/1970 2249/2249/2249
f 266/266/266 4/4/4 265/265/265
f 2061/2061/2061 655/655/655 2005/2005/2005
f 1203/1203/1203 156/156/156 2247/2247/2247
f 2756/2756/2756 2193/2193/2193 1319/1319/1319
f 275/275/275 1699/1699/1699 1195/1195/1195
f 1282/1282/1282 2683/2683/2683 916/916/916
f 2675/2675/2675 743/743/743 2674/2674/2674
f 2803/2803/2803 1114/1114/1114 2802/2802/2802
f 560/560/560 581/581/581 2680/2680/2680
f 2316/2316/2316 930/930/930 1120/1120/1120
f 251/251/251 1496/1496/1496 250/250/250
f 2727/2727/2727 2800/2800/2800 500/500/500
f 2805/2805/2805 2192/2192/2192 2804/2804/2804
f 1623/1623/1623 2805/2805/2805 2804/2804/2804
f 2531/2531/2531 1367/1367/1367 341/341/341
f 2696/2696/2696 1149/1149/1149 1040/1040/1040
f 2806/2806/2806 275/275/275 276/276/276
f 2807/2807/2807 155/155/155 2198/2198/2198
f 1793/1793/1793 2346/2346/2346 2723/2723/2723
f 2108/2108/2108 2264/2264/2264 1899/1899/1899
f 1307/1307/1307 2198/2198/2198 1757/1757/1757
f 930/930/930 1778/1778/1778 1119/1119/1119
f 2809/2809/2809 2808/2808/2808 1516/1516/1516
f 2406/2406/2406 177/177/177 178/178/178
f 2701/2701/2701 1173/1173/1173 1301/1301/1301
f 2810/2810/2810 2019/2019/2019 549/549/549
f 956/956/956 2298/2298/2298 2810/2810/2810
f 2811/2811/2811 2237/2237/2237 1764/1764/1764
f 2367/2367/2367 2211/2211/2211 1673/1673/1673
f 2402/2402/2402 1400/1400/1400 1353/1353/1353
f 1380/1380/1380 354/354/354 146/146/146
f 2114/2114/2114 354/354/354 2042/2042/2042
f 1216/1216/1216 2121/2121/2121 1062/1062/1062
f 2779/2779/2779 2114/2114/2114 2112/2112/2112
f 2127/2127/2127 379/379/379 2812/2812/2812
f 2210/2210/2210 569/569/569 997/997/997
f 2813/2813/2813 2288/2288/2288 2652/2652/2652
f 2249/2249/2249 1558/1558/1558 2248/2248/2248
f 1500/1500/1500 2815/2815/2815 2814/2814/2814
f 433/433/433 1179/1179/1179 2755/2755/2755
f 117/117/117 2816/2816/2816 1736/1736/1736
f 1045/1045/1045 2561/2561/2561 198/198/198
f 340/340/340 1953/1953/1953 2209/2209/2209
f 2497/2497/2497 2713/2713/2713 1394/1394/1394
f 2279/2279/2279 1723/1723/1723 2124/2124/2124
f 2255/2255/2255 1886/1886/1886 1903/1903/1903
f 624/624/624 2370/2370/2370 2817/2817/2817
f 860/860/860 2539/2539/2539 2279/2279/2279
f 1322/1322/1322 874/874/874 2818/2818/2818
f 11/11/11 1329/1329/1329 1190/1190/1190
f 1515/1515/1515 1998/1998/1998 641/641/641
f 2553/2553/2553 1681/1681/1681 2675/2675/2675
f 1982/1982/1982 1342/1342/1342 1194/1194/1194
f 2389/2389/2389 1622/1622/1622 2377/2377/2377
f 958/958/958 956/956/956 2590/2590/2590
f 2115/2115/2115 260/260/260 261/261/261
f 2466/2466/2466 712/712/712 1444/1444/1444
f 1899/1899/1899 1499/1499/1499 1013/1013/1013
f 2819/2819/2819 746/746/746 2780/2780/2780
f 463/463/463 1962/1962/1962 2403/2403/2403
f 136/136/136 134/134/134 941/941/941
f 703/703/703 1790/1790/1790 2820/2820/2820
f 1950/1950/1950 1612/1612/1612 2792/2792/2792
f 2781/2781/2781 1551/1551/1551 1061/1061/1061
f 1626/1626/1626 2590/2590/2590 645/645/645
f 246/246/246 2821/2821/2821 2214/2214/2214
f 963/963/963 616/616/616 597/597/597
f 861/861/861 1140/1140/1140 2539/2539/2539
f 40/40/40 1702/1702/1702 684/684/684
f 1585/1585/1585 2470/2470/2470 1584/1584/1584
f 1883/1883/1883 253/253/253 982/982/982
f 2022/2022/2022 1656/1656/1656 715/715/715
f 211/211/211 2669/2669/2669 1767/1767/1767
f 129/129/129 1915/1915/1915 128/128/128
f 352/352/352 2262/2262/2262 2752/2752/2752
f 402/402/402 2822/2822/2822 1650/1650/1650
f 963/963/963 617/617/617 616/616/616
f 1261/1261/1261 1295/1295/1295 2237/2237/2237
f 2672/2672/2672 1213/1213/1213 2823/2823/2823
f 151/151/151 1484/1484/1484 150/150/150
f 255/255/255 1883/1883/1883 2823/2823/2823
f 980/980/980 978/978/978 1474/1474/1474
f 1102/1102/1102 2378/2378/2378 1565/1565/1565
f 903/903/903 1344/1344/1344 1180/1180/1180
f 1915/1915/1915 1275/1275/1275 406/406/406
f 446/446/446 649/649/649 301/301/301
f 1508/1508/1508 2775/2775/2775 1507/1507/1507
f 1333/1333/1333 2239/2239/2239 1332/1332/1332
f 2777/2777/2777 1046/1046/1046 2824/2824/2824
f 2544/2544/2544 788/788/788 1822/1822/1822
f 1853/1853/1853 453/453/453 849/849/849
f 641/641/641 1996/1996/1996 972/972/972
f 1097/1097/1097 1495/1495/1495 1598/1598/1598
f 552/552/552 830/830/830 1053/1053/1053
f 713/713/713 1930/1930/1930 1885/1885/1885
f 1976/1976/1976 111/111/111 112/112/112
f 1862/1862/1862 580/580/580 1168/1168/1168
f 901/901/901 899/899/899 2819/2819/2819
f 1043/1043/1043 2246/2246/2246 1042/1042/1042
f 573/573/573 2076/2076/2076 2825/2825/2825
f 1893/1893/1893 1613/1613/1613 1892/1892/1892
f 2285/2285/2285 2001/2001/2001 2728/2728/2728
f 608/608/608 606/606/606 1697/1697/1697
f 577/577/577 198/198/198 1946/1946/1946
f 857/857/857 1120/1120/1120 1557/1557/1557
f 2492/2492/2492 2826/2826/2826 897/897/897
f 347/347/347 2827/2827/2827 346/346/346
f 2711/2711/2711 2323/2323/2323 1366/1366/1366
f 2828/2828/2828 1001/1001/1001 441/441/441
f 186/186/186 61/61/61 2542/2542/2542
f 1623/1623/1623 2069/2069/2069 665/665/665
f 1392/1392/1392 1038/1038/1038 1582/1582/1582
f 1204/1204/1204 1306/1306/1306 1991/1991/1991
f 2815/2815/2815 949/949/949 2829/2829/2829
f 2830/2830/2830 1085/1085/1085 1891/1891/1891
f 1488/1488/1488 1070/1070/1070 1572/1572/1572
f 1893/1893/1893 471/471/471 1613/1613/1613
f 2290/2290/2290 2249/2249/2249 2289/2289/2289
f 2374/2374/2374 848/848/848 2800/2800/2800
f 1717/1717/1717 2760/2760/2760 821/821/821
f 294/294/294 125/125/125 126/126/126
f 2627/2627/2627 2625/2625/2625 1487/1487/1487
f 1434/1434/1434 2092/2092/2092 2091/2091/2091
f 2226/2226/2226 1749/1749/1749 2327/2327/2327
f 2019/2019/2019 548/548/548 549/549/549
f 2393/2393/2393 766/766/766 767/767/767
f 435/435/435 2059/2059/2059 1080/1080/1080
f 1367/1367/1367 2828/2828/2828 341/341/341
f 2159/2159/2159 2289/2289/2289 2250/2250/2250
f 619/619/619 1736/1736/1736 1278/1278/1278
f 1039/1039/1039 1701/1701/1701 1038/1038/1038
f 1778/1778/1778 1777/1777/1777 2609/2609/2609
f 2831/2831/2831 1903/1903/1903 1606/1606/1606
f 1143/1143/1143 121/121/121 2633/2633/2633
f 2703/2703/2703 2051/2051/2051 2342/2342/2342
f 2832/2832/2832 58/58/58 2496/2496/2496
f 553/553/553 732/732/732 733/733/733
f 1318/1318/1318 2497/2497/2497 2347/2347/2347
f 1007/1007/1007 2833/2833/2833 1056/1056/1056
f 935/935/935 933/933/933 2834/2834/2834
f 644/644/644 2590/2590/2590 1020/1020/1020
f 2671/2671/2671 743/743/743 1212/1212/1212
f 1352/1352/1352 561/561/561 1549/1549/1549
f 700/700/700 698/698/698 1748/1748/1748
f 956/956/956 1564/1564/1564 2047/2047/2047
f 450/450/450 2635/2635/2635 449/449/449
f 1715/1715/1715 1753/1753/1753 2760/2760/2760
f 692/692/692 2024/2024/2024 2575/2575/2575
f 747/747/747 143/143/143 463/463/463
f 2607/2607/2607 176/176/176 977/977/977
f 731/731/731 729/729/729 2803/2803/2803
f 1097/1097/1097 2276/2276/2276 1495/1495/1495
f 1008/1008/1008 1484/1484/1484 2833/2833/2833
f 514/514/514 512/512/512 1131/1131/1131
f 144/144/144 2678/2678/2678 1355/1355/1355
f 2703/2703/2703 2523/2523/2523 2051/2051/2051
f 67/67/67 65/65/65 1749/1749/1749
f 2835/2835/2835 1272/1272/1272 2344/2344/2344
f 1552/1552/1552 2122/2122/2122 2121/2121/2121
f 1536/1536/1536 1631/1631/1631 766/766/766
f 2752/2752/2752 2268/2268/2268 2043/2043/2043
f 770/770/770 2836/2836/2836 2540/2540/2540
f 1060/1060/1060 899/899/899 900/900/900
f 2781/2781/2781 1957/1957/1957 2837/2837/2837
f 1714/1714/1714 2307/2307/2307 2168/2168/2168
f 899/899/899 145/145/145 2819/2819/2819
f 1527/1527/1527 730/730/730 731/731/731
f 2051/2051/2051 1977/1977/1977 2342/2342/2342
f 2377/2377/2377 1165/1165/1165 614/614/614
f 1419/1419/1419 2793/2793/2793 2838/2838/2838
f 2011/2011/2011 1019/1019/1019 1529/1529/1529
f 192/192/192 190/190/190 1560/1560/1560
f 550/550/550 548/548/548 1115/1115/1115
f 2133/2133/2133 2244/2244/2244 2495/2495/2495
f 1898/1898/1898 2407/2407/2407 1499/1499/1499
f 770/770/770 1672/1672/1672 2211/2211/2211
f 113/113/113 111/111/111 1017/1017/1017
f 574/574/574 1017/1017/1017 1099/1099/1099
f 1021/1021/1021 2112/2112/2112 1570/1570/1570
f 2168/2168/2168 2308/2308/2308 1620/1620/1620
f 1690/1690/1690 1545/1545/1545 629/629/629
f 1646/1646/1646 1783/1783/1783 1977/1977/1977
f 1168/1168/1168 581/581/581 2538/2538/2538
f 2839/2839/2839 2077/2077/2077 228/228/228
f 1130/1130/1130 1771/1771/1771 1068/1068/1068
f 1790/1790/1790 1710/1710/1710 2172/2172/2172
f 2840/2840/2840 67/67/67 2407/2407/2407
f 1167/1167/1167 2538/2538/2538 1703/1703/1703
f 686/686/686 1644/1644/1644 2841/2841/2841
f 353/353/353 815/815/815 352/352/352
f 705/705/705 703/703/703 2110/2110/2110
f 224/224/224 1419/1419/1419 2838/2838/2838
f 125/125/125 821/821/821 2122/2122/2122
f 743/743/743 70/70/70 2747/2747/2747
f 2767/2767/2767 2344/2344/2344 2694/2694/2694
f 439/439/439 437/437/437 2359/2359/2359
f 2842/2842/2842 1261/1261/1261 2811/2811/2811
f 1713/1713/1713 2622/2622/2622 2015/2015/2015
f 2843/2843/2843 856/856/856 2701/2701/2701
f 2149/2149/2149 2174/2174/2174 829/829/829
f 1982/1982/1982 1405/1405/1405 1343/1343/1343
f 1805/1805/1805 759/759/759 1603/1603/1603
f 2176/2176/2176 2836/2836/2836 771/771/771
f 1397/1397/1397 2542/2542/2542 61/61/61
f 932/932/932 1146/1146/1146 931/931/931
f 1470/1470/1470 973/973/973 844/844/844
f 754/754/754 753/753/753 2844/2844/2844
f 929/929/929 1321/1321/1321 928/928/928
f 616/616/616 375/375/375 596/596/596
f 866/866/866 311/311/311 865/865/865
f 497/497/497 495/495/495 1914/1914/1914
f 990/990/990 991/991/991 900/900/900
f 2845/2845/2845 1979/1979/1979 1933/1933/1933
f 134/134/134 1752/1752/1752 2144/2144/2144
f 97/97/97 374/374/374 1888/1888/1888
f 515/515/515 286/286/286 1916/1916/1916
f 330/330/330 1390/1390/1390 329/329/329
f 324/324/324 1221/1221/1221 323/323/323
f 311/311/311 370/370/370 310/310/310
f 2702/2702/2702 2843/2843/2843 2701/2701/2701
f 930/930/930 931/931/931 1778/1778/1778
f 638/638/638 379/379/379 33/33/33
f 627/627/627 971/971/971 626/626/626
f 318/318/318 630/630/630 317/317/317
f 70/70/70 2846/2846/2846 69/69/69
f 327/327/327 810/810/810 326/326/326
f 321/321/321 2847/2847/2847 320/320/320
f 1886/1886/1886 337/337/337 1874/1874/1874
f 620/620/620 119/119/119 619/619/619
f 402/402/402 49/49/49 384/384/384
f 412/412/412 1585/1585/1585 411/411/411
f 314/314/314 1601/1601/1601 313/313/313
f 296/296/296 2848/2848/2848 295/295/295
f 369/369/369 777/777/777 368/368/368
f 283/283/283 120/120/120 282/282/282
f 124/124/124 2199/2199/2199 123/123/123
f 292/292/292 896/896/896 291/291/291
f 286/286/286 411/411/411 285/285/285
f 288/288/288 59/59/59 60/60/60
f 2810/2810/2810 2298/2298/2298 2019/2019/2019
f 97/97/97 213/213/213 374/374/374
f 797/797/797 2083/2083/2083 796/796/796
f 690/690/690 476/476/476 689/689/689
f 2484/2484/2484 1657/1657/1657 2784/2784/2784
f 153/153/153 2478/2478/2478 488/488/488
f 824/824/824 1955/1955/1955 823/823/823
f 667/667/667 828/828/828 357/357/357
f 665/665/665 2069/2069/2069 664/664/664
f 634/634/634 1833/1833/1833 633/633/633
f 814/814/814 1151/1151/1151 813/813/813
f 721/721/721 1928/1928/1928 575/575/575
f 724/724/724 1660/1660/1660 723/723/723
f 719/719/719 950/950/950 718/718/718
f 368/368/368 1591/1591/1591 677/677/677
f 263/263/263 831/831/831 160/160/160
f 2129/2129/2129 2541/2541/2541 420/420/420
f 456/456/456 2589/2589/2589 455/455/455
f 1938/1938/1938 2591/2591/2591 498/498/498
f 2284/2284/2284 2218/2218/2218 2849/2849/2849
f 1652/1652/1652 36/36/36 1844/1844/1844
f 2000/2000/2000 1180/1180/1180 434/434/434
f 774/774/774 91/91/91 2227/2227/2227
f 2484/2484/2484 2784/2784/2784 1641/1641/1641
f 783/783/783 2850/2850/2850 1232/1232/1232
f 2016/2016/2016 170/170/170 2185/2185/2185
f 1274/1274/1274 1014/1014/1014 1012/1012/1012
f 2594/2594/2594 16/16/16 2593/2593/2593
f 2852/2852/2852 2851/2851/2851 1849/1849/1849
f 1577/1577/1577 964/964/964 962/962/962
f 2685/2685/2685 2683/2683/2683 1282/1282/1282
f 1032/1032/1032 1030/1030/1030 1654/1654/1654
f 2855/2855/2855 2854/2854/2854 2853/2853/2853
f 414/414/414 1247/1247/1247 413/413/413
f 1711/1711/1711 2404/2404/2404 1710/1710/1710
f 831/831/831 1065/1065/1065 1063/1063/1063
f 1065/1065/1065 1137/1137/1137 1135/1135/1135
f 2699/2699/2699 2856/2856/2856 1505/1505/1505
f 1548/1548/1548 1546/1546/1546 604/604/604
f 1084/1084/1084 1082/1082/1082 2591/2591/2591
f 532/532/532 530/530/530 1611/1611/1611
f 1552/1552/1552 2121/2121/2121 1216/1216/1216
f 2016/2016/2016 2185/2185/2185 2282/2282/2282
f 1850/1850/1850 2852/2852/2852 1849/1849/1849
f 628/628/628 491/491/491 1929/1929/1929
f 1650/1650/1650 2258/2258/2258 415/415/415
f 2305/2305/2305 2303/2303/2303 2704/2704/2704
f 374/374/374 372/372/372 2647/2647/2647
f 2546/2546/2546 2294/2294/2294 887/887/887
f 216/216/216 214/214/214 594/594/594
f 280/280/280 745/745/745 279/279/279
f 617/617/617 757/757/757 377/377/377
f 615/615/615 397/397/397 395/395/395
f 2426/2426/2426 2425/2425/2425 2638/2638/2638
f 2514/2514/2514 2857/2857/2857 2513/2513/2513
f 231/231/231 2858/2858/2858 230/230/230
f 255/255/255 1184/1184/1184 254/254/254
f 240/240/240 1590/1590/1590 239/239/239
f 24/24/24 1223/1223/1223 23/23/23
f 252/252/252 885/885/885 251/251/251
f 243/243/243 343/343/343 242/242/242
f 263/263/263 160/160/160 158/158/158
f 237/237/237 1256/1256/1256 236/236/236
f 642/642/642 1515/1515/1515 641/641/641
f 684/684/684 1702/1702/1702 683/683/683
f 643/643/643 64/64/64 426/426/426
f 649/649/649 948/948/948 648/648/648
f 605/605/605 1548/1548/1548 604/604/604
f 529/529/529 2666/2666/2666 601/601/601
f 43/43/43 27/27/27 787/787/787
f 790/790/790 1459/1459/1459 789/789/789
f 597/597/597 616/616/616 596/596/596
f 782/782/782 1607/1607/1607 781/781/781
f 613/613/613 2387/2387/2387 612/612/612
f 592/592/592 2630/2630/2630 591/591/591
f 2269/2269/2269 2476/2476/2476 906/906/906
f 2301/2301/2301 2300/2300/2300 1422/1422/1422
f 1395/1395/1395 191/191/191 192/192/192
f 98/98/98 604/604/604 213/213/213
f 121/121/121 2349/2349/2349 55/55/55
f 2793/2793/2793 2326/2326/2326 1950/1950/1950
f 212/212/212 296/296/296 211/211/211
f 228/228/228 2077/2077/2077 227/227/227
f 219/219/219 1122/1122/1122 218/218/218
f 351/351/351 1041/1041/1041 350/350/350
f 360/360/360 998/998/998 359/359/359
f 209/209/209 2152/2152/2152 208/208/208
f 2754/2754/2754 1587/1587/1587 2859/2859/2859
f 2860/2860/2860 2596/2596/2596 2656/2656/2656
f 1181/1181/1181 1006/1006/1006 1811/1811/1811
f 1710/1710/1710 1081/1081/1081 2172/2172/2172
f 818/818/818 2429/2429/2429 866/866/866
f 1235/1235/1235 2411/2411/2411 2861/2861/2861
f 1087/1087/1087 2862/2862/2862 1086/1086/1086
f 378/378/378 750/750/750 32/32/32
f 2865/2865/2865 2864/2864/2864 2863/2863/2863
f 2866/2866/2866 2865/2865/2865 2863/2863/2863
f 2867/2867/2867 2864/2864/2864 2865/2865/2865
f 2868/2868/2868 2867/2867/2867 2865/2865/2865
f 2869/2869/2869 2864/2864/2864 2867/2867/2867
f 2870/2870/2870 2869/2869/2869 2867/2867/2867
f 2871/2871/2871 2864/2864/2864 2869/2869/2869
f 2872/2872/2872 2871/2871/2871 2869/2869/2869
f 2863/2863/2863 2864/2864/2864 2871/2871/2871
f 2873/2873/2873 2863/2863/2863 2871/2871/2871
f 2875/2875/2875 2866/2866/2866 2874/2874/2874
f 2876/2876/2876 2875/2875/2875 2874/2874/2874
f 707/707/707 1036/1036/1036 1449/1449/1449
f 2866/2866/2866 2863/2863/2863 2877/2877/2877
f 2874/2874/2874 2866/2866/2866 2877/2877/2877
f 2879/2879/2879 2868/2868/2868 2878/2878/2878
f 2880/2880/2880 2879/2879/2879 2878/2878/2878
f 2881/2881/2881 2867/2867/2867 2868/2868/2868
f 2879/2879/2879 2881/2881/2881 2868/2868/2868
f 539/539/539 2387/2387/2387 613/613/613
f 2883/2883/2883 2870/2870/2870 2882/2882/2882
f 2884/2884/2884 2883/2883/2883 2882/2882/2882
f 2885/2885/2885 2869/2869/2869 2870/2870/2870
f 2883/2883/2883 2885/2885/2885 2870/2870/2870
f 2870/2870/2870 2867/2867/2867 2881/2881/2881
f 2882/2882/2882 2870/2870/2870 2881/2881/2881
f 2853/2853/2853 2872/2872/2872 2886/2886/2886
f 2855/2855/2855 2853/2853/2853 2886/2886/2886
f 2887/2887/2887 2871/2871/2871 2872/2872/2872
f 2853/2853/2853 2887/2887/2887 2872/2872/2872
f 2872/2872/2872 2869/2869/2869 2885/2885/2885
f 2886/2886/2886 2872/2872/2872 2885/2885/2885
f 2889/2889/2889 2873/2873/2873 2888/2888/2888
f 2890/2890/2890 2889/2889/2889 2888/2888/2888
f 2891/2891/2891 2863/2863/2863 2873/2873/2873
f 2889/2889/2889 2891/2891/2891 2873/2873/2873
f 2873/2873/2873 2871/2871/2871 2892/2892/2892
f 2888/2888/2888 2873/2873/2873 2892/2892/2892
f 1921/1921/1921 697/697/697 2526/2526/2526
f 2433/2433/2433 1122/1122/1122 219/219/219
f 100/100/100 2893/2893/2893 2073/2073/2073
f 1641/1641/1641 1830/1830/1830 2543/2543/2543
f 282/282/282 1473/1473/1473 2083/2083/2083
f 2611/2611/2611 2741/2741/2741 2894/2894/2894
f 1555/1555/1555 2379/2379/2379 1102/1102/1102
f 2750/2750/2750 1157/1157/1157 1156/1156/1156
f 2180/2180/2180 2402/2402/2402 2341/2341/2341
f 2591/2591/2591 831/831/831 498/498/498
f 627/627/627 204/204/204 2508/2508/2508
f 375/375/375 2895/2895/2895 2624/2624/2624
f 1339/1339/1339 913/913/913 911/911/911
f 1139/1139/1139 516/516/516 2399/2399/2399
f 799/799/799 543/543/543 2322/2322/2322
f 1713/1713/1713 2167/2167/2167 2622/2622/2622
f 2431/2431/2431 2077/2077/2077 2896/2896/2896
f 1338/1338/1338 1336/1336/1336 2145/2145/2145
f 2897/2897/2897 2508/2508/2508 2507/2507/2507
f 84/84/84 83/83/83 2632/2632/2632
f 405/405/405 1780/1780/1780 2450/2450/2450
f 314/314/314 312/312/312 2308/2308/2308
f 988/988/988 1208/1208/1208 115/115/115
f 2433/2433/2433 2434/2434/2434 1122/1122/1122
f 1936/1936/1936 1935/1935/1935 2598/2598/2598
f 18/18/18 16/16/16 2594/2594/2594
f 2698/2698/2698 2699/2699/2699 1729/1729/1729
f 2362/2362/2362 1033/1033/1033 929/929/929
f 2331/2331/2331 2332/2332/2332 2726/2726/2726
f 1496/1496/1496 1745/1745/1745 1163/1163/1163
f 2422/2422/2422 2138/2138/2138 2856/2856/2856
f 1249/1249/1249 2354/2354/2354 1248/1248/1248
f 1512/1512/1512 1510/1510/1510 1795/1795/1795
f 2595/2595/2595 2515/2515/2515 2512/2512/2512
f 190/190/190 1467/1467/1467 1293/1293/1293
f 2270/2270/2270 154/154/154 152/152/152
f 2060/2060/2060 2898/2898/2898 1471/1471/1471
f 1869/1869/1869 2899/2899/2899 2852/2852/2852
f 2295/2295/2295 1307/1307/1307 1757/1757/1757
f 487/487/487 882/882/882 486/486/486
f 1411/1411/1411 2397/2397/2397 1410/1410/1410
f 1144/1144/1144 2349/2349/2349 121/121/121
f 184/184/184 1598/1598/1598 183/183/183
f 1611/1611/1611 530/530/530 1443/1443/1443
f 1137/1137/1137 2900/2900/2900 1136/1136/1136
f 501/501/501 2727/2727/2727 500/500/500
f 149/149/149 150/150/150 1877/1877/1877
f 1215/1215/1215 1807/1807/1807 984/984/984
f 488/488/488 1867/1867/1867 2472/2472/2472
f 644/644/644 1020/1020/1020 1018/1018/1018
f 2212/2212/2212 77/77/77 893/893/893
f 1523/1523/1523 1608/1608/1608 880/880/880
f 960/960/960 2729/2729/2729 119/119/119
f 1147/1147/1147 2901/2901/2901 1514/1514/1514
f 1509/1509/1509 2148/2148/2148 829/829/829
f 1522/1522/1522 1812/1812/1812 1521/1521/1521
f 1519/1519/1519 1191/1191/1191 1518/1518/1518
f 257/257/257 2801/2801/2801 1503/1503/1503
f 1491/1491/1491 1773/1773/1773 1490/1490/1490
f 1512/1512/1512 1371/1371/1371 1511/1511/1511
f 1505/1505/1505 2856/2856/2856 1310/1310/1310
f 5/5/5 2711/2711/2711 1366/1366/1366
f 1502/1502/1502 2274/2274/2274 1501/1501/1501
f 1379/1379/1379 2110/2110/2110 703/703/703
f 213/213/213 2401/2401/2401 373/373/373
f 1480/1480/1480 1485/1485/1485 360/360/360
f 1517/1517/1517 2809/2809/2809 1516/1516/1516
f 1493/1493/1493 3/3/3 1492/1492/1492
f 610/610/610 2103/2103/2103 1457/1457/1457
f 1462/1462/1462 2577/2577/2577 1461/1461/1461
f 196/196/196 197/197/197 660/660/660
f 1432/1432/1432 2466/2466/2466 1444/1444/1444
f 1456/1456/1456 1512/1512/1512 1455/1455/1455
f 308/308/308 2902/2902/2902 1450/1450/1450
f 1898/1898/1898 2840/2840/2840 2407/2407/2407
f 2497/2497/2497 2498/2498/2498 2713/2713/2713
f 1435/1435/1435 2382/2382/2382 1434/1434/1434
f 1829/1829/1829 2751/2751/2751 993/993/993
f 888/888/888 1494/1494/1494 410/410/410
f 1437/1437/1437 1291/1291/1291 1290/1290/1290
f 530/530/530 1885/1885/1885 1253/1253/1253
f 1432/1432/1432 565/565/565 563/563/563
f 1430/1430/1430 1239/1239/1239 1429/1429/1429
f 1292/1292/1292 2779/2779/2779 1021/1021/1021
f 2860/2860/2860 2656/2656/2656 2660/2660/2660
f 1439/1439/1439 2217/2217/2217 518/518/518
f 1428/1428/1428 1718/1718/1718 1427/1427/1427
f 1954/1954/1954 1531/1531/1531 2136/2136/2136
f 2337/2337/2337 2628/2628/2628 2475/2475/2475
f 1291/1291/1291 169/169/169 167/167/167
f 653/653/653 443/443/443 461/461/461
f 2186/2186/2186 2222/2222/2222 657/657/657
f 421/421/421 2451/2451/2451 420/420/420
f 2368/2368/2368 447/447/447 394/394/394
f 1541/1541/1541 1539/1539/1539 2334/2334/2334
f 329/329/329 1389/1389/1389 2328/2328/2328
f 225/225/225 1420/1420/1420 224/224/224
f 229/229/229 230/230/230 1605/1605/1605
f 174/174/174 776/776/776 173/173/173
f 250/250/250 1449/1449/1449 1036/1036/1036
f 1507/1507/1507 2775/2775/2775 2685/2685/2685
f 2591/2591/2591 2142/2142/2142 831/831/831
f 1236/1236/1236 1237/1237/1237 1264/1264/1264
f 631/631/631 680/680/680 630/630/630
f 1784/1784/1784 2010/2010/2010 2903/2903/2903
f 847/847/847 845/845/845 1574/1574/1574
f 555/555/555 2067/2067/2067 2796/2796/2796
f 1040/1040/1040 1038/1038/1038 1393/1393/1393
f 1053/1053/1053 830/830/830 2608/2608/2608
f 2339/2339/2339 2337/2337/2337 2426/2426/2426
f 2611/2611/2611 103/103/103 2741/2741/2741
f 2630/2630/2630 451/451/451 2629/2629/2629
f 1619/1619/1619 769/769/769 1317/1317/1317
f 2904/2904/2904 57/57/57 58/58/58
f 1168/1168/1168 580/580/580 581/581/581
f 1994/1994/1994 2905/2905/2905 1993/1993/1993
f 340/340/340 969/969/969 1953/1953/1953
f 1171/1171/1171 778/778/778 2690/2690/2690
f 545/545/545 546/546/546 40/40/40
f 2128/2128/2128 2451/2451/2451 1121/1121/1121
f 735/735/735 1395/1395/1395 1002/1002/1002
f 2140/2140/2140 1188/1188/1188 107/107/107
f 910/910/910 51/51/51 52/52/52
f 1681/1681/1681 1679/1679/1679 75/75/75
f 1507/1507/1507 2685/2685/2685 1282/1282/1282
f 2666/2666/2666 1648/1648/1648 601/601/601
f 1869/1869/1869 2906/2906/2906 2899/2899/2899
f 2147/2147/2147 1986/1986/1986 2769/2769/2769
f 2318/2318/2318 1657/1657/1657 2484/2484/2484
f 175/175/175 173/173/173 874/874/874
f 938/938/938 936/936/936 2537/2537/2537
f 2438/2438/2438 862/862/862 1709/1709/1709
f 886/886/886 786/786/786 725/725/725
f 1419/1419/1419 2326/2326/2326 2793/2793/2793
f 79/79/79 77/77/77 2212/2212/2212
f 1356/1356/1356 1357/1357/1357 2693/2693/2693
f 110/110/110 2456/2456/2456 2454/2454/2454
f 2907/2907/2907 2021/2021/2021 2734/2734/2734
f 1591/1591/1591 2908/2908/2908 677/677/677
f 1396/1396/1396 2909/2909/2909 2761/2761/2761
f 919/919/919 920/920/920 1880/1880/1880
f 1065/1065/1065 1135/1135/1135 1064/1064/1064
f 2835/2835/2835 2557/2557/2557 1272/1272/1272
f 2500/2500/2500 2418/2418/2418 709/709/709
f 1527/1527/1527 1528/1528/1528 730/730/730
f 87/87/87 1283/1283/1283 86/86/86
f 1062/1062/1062 2781/2781/2781 1061/1061/1061
f 2811/2811/2811 1261/1261/1261 2237/2237/2237
f 408/408/408 409/409/409 846/846/846
f 150/150/150 1484/1484/1484 1482/1482/1482
f 983/983/983 2233/2233/2233 859/859/859
f 2902/2902/2902 30/30/30 1856/1856/1856
f 862/862/862 1708/1708/1708 1709/1709/1709
f 2186/2186/2186 2187/2187/2187 2222/2222/2222
f 944/944/944 1429/1429/1429 1578/1578/1578
f 1820/1820/1820 952/952/952 2910/2910/2910
f 703/703/703 2820/2820/2820 2606/2606/2606
f 1715/1715/1715 1755/1755/1755 1753/1753/1753
f 2213/2213/2213 2212/2212/2212 2911/2911/2911
f 1352/1352/1352 1960/1960/1960 561/561/561
f 1398/1398/1398 2542/2542/2542 1397/1397/1397
f 1384/1384/1384 1113/1113/1113 1383/1383/1383
f 266/266/266 264/264/264 1316/1316/1316
f 1206/1206/1206 1204/1204/1204 1991/1991/1991
f 2414/2414/2414 2541/2541/2541 2129/2129/2129
f 878/878/878 876/876/876 2281/2281/2281
f 889/889/889 2913/2913/2913 2912/2912/2912
f 1943/1943/1943 250/250/250 1036/1036/1036
f 2093/2093/2093 868/868/868 2155/2155/2155
f 511/511/511 466/466/466 464/464/464
f 726/726/726 727/727/727 992/992/992
f 886/886/886 43/43/43 786/786/786
f 783/783/783 2914/2914/2914 2850/2850/2850
f 512/512/512 513/513/513 1601/1601/1601
f 2746/2746/2746 218/218/218 588/588/588
f 881/881/881 879/879/879 2644/2644/2644
f 914/914/914 915/915/915 1869/1869/1869
f 2844/2844/2844 870/870/870 810/810/810
f 2683/2683/2683 2915/2915/2915 1806/1806/1806
f 921/921/921 306/306/306 920/920/920
f 2748/2748/2748 1724/1724/1724 2916/2916/2916
f 480/480/480 323/323/323 2771/2771/2771
f 844/844/844 842/842/842 2301/2301/2301
f 1982/1982/1982 977/977/977 1405/1405/1405
f 456/456/456 2911/2911/2911 2917/2917/2917
f 26/26/26 910/910/910 25/25/25
f 973/973/973 974/974/974 843/843/843
f 2514/2514/2514 2593/2593/2593 2857/2857/2857
f 594/594/594 214/214/214 2700/2700/2700
f 1532/1532/1532 627/627/627 2508/2508/2508
f 651/651/651 2008/2008/2008 1192/1192/1192
f 2526/2526/2526 697/697/697 695/695/695
f 1532/1532/1532 2508/2508/2508 2897/2897/2897
f 973/973/973 843/843/843 844/844/844
f 1782/1782/1782 1183/1183/1183 1468/1468/1468
f 499/499/499 448/448/448 872/872/872
f 1589/1589/1589 1698/1698/1698 1588/1588/1588
f 2427/2427/2427 1045/1045/1045 577/577/577
f 409/409/409 641/641/641 972/972/972
f 1416/1416/1416 2633/2633/2633 1845/1845/1845
f 2256/2256/2256 2314/2314/2314 2765/2765/2765
f 619/619/619 117/117/117 1736/1736/1736
f 1717/1717/1717 1715/1715/1715 2760/2760/2760
f 2831/2831/2831 2255/2255/2255 1903/1903/1903
f 1039/1039/1039 2336/2336/2336 1701/1701/1701
f 89/89/89 2380/2380/2380 1226/1226/1226
f 2019/2019/2019 2780/2780/2780 548/548/548
f 1504/1504/1504 2918/2918/2918 2084/2084/2084
f 480/480/480 2771/2771/2771 479/479/479
f 406/406/406 2601/2601/2601 1780/1780/1780
f 1007/1007/1007 1008/1008/1008 2833/2833/2833
f 2159/2159/2159 137/137/137 2289/2289/2289
f 1874/1874/1874 725/725/725 2749/2749/2749
f 2919/2919/2919 2232/2232/2232 1119/1119/1119
f 730/730/730 550/550/550 1115/1115/1115
f 585/585/585 2100/2100/2100 2324/2324/2324
f 2781/2781/2781 2837/2837/2837 1551/1551/1551
f 1234/1234/1234 2861/2861/2861 2434/2434/2434
f 2504/2504/2504 2920/2920/2920 2847/2847/2847
f 2448/2448/2448 2460/2460/2460 2921/2921/2921
f 1602/1602/1602 2922/2922/2922 2206/2206/2206
f 91/91/91 92/92/92 1593/1593/1593
f 1460/1460/1460 274/274/274 2923/2923/2923
f 1172/1172/1172 327/327/327 325/325/325
f 2124/2124/2124 1722/1722/1722 2673/2673/2673
f 1097/1097/1097 1598/1598/1598 184/184/184
f 446/446/446 2499/2499/2499 649/649/649
f 251/251/251 609/609/609 1745/1745/1745
f 1327/1327/1327 2924/2924/2924 1897/1897/1897
f 362/362/362 2450/2450/2450 778/778/778
f 71/71/71 1217/1217/1217 447/447/447
f 811/811/811 754/754/754 2844/2844/2844
f 867/867/867 818/818/818 866/866/866
f 204/204/204 84/84/84 203/203/203
f 1825/1825/1825 1619/1619/1619 1317/1317/1317
f 624/624/624 140/140/140 2370/2370/2370
f 2763/2763/2763 325/325/325 326/326/326
f 2897/2897/2897 2507/2507/2507 2925/2925/2925
f 891/891/891 404/404/404 233/233/233
f 1621/1621/1621 2692/2692/2692 2693/2693/2693
f 1021/1021/1021 2779/2779/2779 2112/2112/2112
f 2907/2907/2907 357/357/357 2021/2021/2021
f 518/518/518 2217/2217/2217 517/517/517
f 2927/2927/2927 2926/2926/2926 2807/2807/2807
f 2377/2377/2377 2308/2308/2308 2928/2928/2928
f 767/767/767 765/765/765 1841/1841/1841
f 2686/2686/2686 2930/2930/2930 2929/2929/2929
f 944/944/944 1578/1578/1578 943/943/943
f 2652/2652/2652 2161/2161/2161 506/506/506
f 300/300/300 452/452/452 453/453/453
f 1682/1682/1682 2644/2644/2644 2364/2364/2364
f 2902/2902/2902 1856/1856/1856 1450/1450/1450
f 799/799/799 542/542/542 543/543/543
f 1415/1415/1415 1463/1463/1463 1414/1414/1414
f 26/26/26 1967/1967/1967 910/910/910
f 227/227/227 2214/2214/2214 226/226/226
f 408/408/408 846/846/846 847/847/847
f 2931/2931/2931 1781/1781/1781 2687/2687/2687
f 2492/2492/2492 2932/2932/2932 2826/2826/2826
f 2748/2748/2748 1726/1726/1726 1724/1724/1724
f 1624/1624/1624 2933/2933/2933 2743/2743/2743
f 2856/2856/2856 220/220/220 1310/1310/1310
f 5/5/5 2708/2708/2708 2712/2712/2712
f 2500/2500/2500 2623/2623/2623 2418/2418/2418
f 517/517/517 889/889/889 745/745/745
f 2097/2097/2097 2934/2934/2934 2096/2096/2096
f 2850/2850/2850 1850/1850/1850 2935/2935/2935
f 2645/2645/2645 1988/1988/1988 171/171/171
f 187/187/187 273/273/273 2494/2494/2494
f 2822/2822/2822 382/382/382 2257/2257/2257
f 2615/2615/2615 2040/2040/2040 537/537/537
f 2607/2607/2607 2791/2791/2791 176/176/176
f 305/305/305 303/303/303 984/984/984
f 593/593/593 594/594/594 2650/2650/2650
f 1408/1408/1408 2936/2936/2936 1407/1407/1407
f 1597/1597/1597 1798/1798/1798 2783/2783/2783
f 2445/2445/2445 1688/1688/1688 1686/1686/1686
f 2715/2715/2715 2937/2937/2937 2714/2714/2714
f 1192/1192/1192 1326/1326/1326 138/138/138
f 288/288/288 60/60/60 287/287/287
f 2434/2434/2434 2128/2128/2128 1122/1122/1122
f 804/804/804 802/802/802 2938/2938/2938
f 521/521/521 2098/2098/2098 520/520/520
f 315/315/315 2848/2848/2848 296/296/296
f 2844/2844/2844 753/753/753 870/870/870
f 774/774/774 2240/2240/2240 91/91/91
f 1499/1499/1499 2407/2407/2407 1498/1498/1498
f 1157/1157/1157 578/578/578 576/576/576
f 1048/1048/1048 1412/1412/1412 737/737/737
f 1217/1217/1217 1218/1218/1218 324/324/324
f 1090/1090/1090 2059/2059/2059 510/510/510
f 1077/1077/1077 2542/2542/2542 1398/1398/1398
f 1590/1590/1590 1421/1421/1421 239/239/239
f 508/508/508 509/509/509 1740/1740/1740
f 138/138/138 2289/2289/2289 137/137/137
f 2534/2534/2534 2536/2536/2536 2529/2529/2529
f 2939/2939/2939 456/456/456 454/454/454
f 495/495/495 808/808/808 679/679/679
f 2652/2652/2652 2288/2288/2288 2161/2161/2161
f 2000/2000/2000 903/903/903 1180/1180/1180
f 2321/2321/2321 2616/2616/2616 2320/2320/2320
f 2268/2268/2268 2262/2262/2262 1300/1300/1300
f 1381/1381/1381 816/816/816 353/353/353
f 301/301/301 649/649/649 647/647/647
f 2281/2281/2281 876/876/876 1721/1721/1721
f 347/347/347 2104/2104/2104 2827/2827/2827
f 1501/1501/1501 1846/1846/1846 258/258/258
f 2191/2191/2191 2189/2189/2189 2202/2202/2202
f 2544/2544/2544 790/790/790 788/788/788
f 2720/2720/2720 2940/2940/2940 2719/2719/2719
f 2241/2241/2241 93/93/93 91/91/91
f 671/671/671 21/21/21 603/603/603
f 2859/2859/2859 1587/1587/1587 1588/1588/1588
f 2724/2724/2724 1088/1088/1088 2296/2296/2296
f 956/956/956 2810/2810/2810 1564/1564/1564
f 482/482/482 2063/2063/2063 1221/1221/1221
f 398/398/398 399/399/399 922/922/922
f 13/13/13 2541/2541/2541 83/83/83
f 2703/2703/2703 1071/1071/1071 2523/2523/2523
f 2377/2377/2377 1622/1622/1622 2308/2308/2308
f 1129/1129/1129 2747/2747/2747 1128/1128/1128
f 2655/2655/2655 1851/1851/1851 2941/2941/2941
f 2448/2448/2448 2921/2921/2921 2447/2447/2447
f 629/629/629 635/635/635 493/493/493
f 862/862/862 2942/2942/2942 1708/1708/1708
f 2393/2393/2393 1536/1536/1536 766/766/766
f 1153/1153/1153 1762/1762/1762 1152/1152/1152
f 2431/2431/2431 2283/2283/2283 2077/2077/2077
f 2905/2905/2905 1155/1155/1155 1993/1993/1993
f 1074/1074/1074 1822/1822/1822 1073/1073/1073
f 1648/1648/1648 719/719/719 717/717/717
f 901/901/901 2819/2819/2819 2780/2780/2780
f 404/404/404 519/519/519 2943/2943/2943
f 2638/2638/2638 2425/2425/2425 523/523/523
f 919/919/919 1880/1880/1880 1881/1881/1881
f 999/999/999 2277/2277/2277 998/998/998
f 391/391/391 2766/2766/2766 1371/1371/1371
f 2470/2470/2470 2944/2944/2944 1584/1584/1584
f 1378/1378/1378 2606/2606/2606 166/166/166
f 1396/1396/1396 2945/2945/2945 2909/2909/2909
f 2429/2429/2429 1166/1166/1166 371/371/371
f 2247/2247/2247 156/156/156 500/500/500
f 1998/1998/1998 2351/2351/2351 1997/1997/1997
f 2660/2660/2660 2656/2656/2656 2659/2659/2659
f 2946/2946/2946 1390/1390/1390 330/330/330
f 352/352/352 685/685/685 2262/2262/2262
f 429/429/429 1258/1258/1258 1625/1625/1625
f 1189/1189/1189 106/106/106 107/107/107
f 2164/2164/2164 1360/1360/1360 2203/2203/2203
f 1417/1417/1417 2633/2633/2633 1416/1416/1416
f 1588/1588/1588 1696/1696/1696 2947/2947/2947
f 2092/2092/2092 2115/2115/2115 2058/2058/2058
f 478/478/478 1938/1938/1938 498/498/498
f 2774/2774/2774 1729/1729/1729 1727/1727/1727
f 456/456/456 2917/2917/2917 2589/2589/2589
f 1824/1824/1824 963/963/963 597/597/597
f 13/13/13 14/14/14 2541/2541/2541
f 1318/1318/1318 2424/2424/2424 2498/2498/2498
f 1327/1327/1327 1328/1328/1328 2924/2924/2924
f 1134/1134/1134 1429/1429/1429 944/944/944
f 100/100/100 101/101/101 2893/2893/2893
f 2317/2317/2317 664/664/664 1320/1320/1320
f 2014/2014/2014 2015/2015/2015 2622/2622/2622
f 188/188/188 2914/2914/2914 783/783/783
f 2327/2327/2327 568/568/568 2326/2326/2326
f 2195/2195/2195 2196/2196/2196 2027/2027/2027
f 796/796/796 1452/1452/1452 2009/2009/2009
f 431/431/431 2518/2518/2518 430/430/430
f 791/791/791 792/792/792 1256/1256/1256
f 2828/2828/2828 441/441/441 442/442/442
f 23/23/23 2329/2329/2329 1682/1682/1682
f 510/510/510 2059/2059/2059 509/509/509
f 765/765/765 2360/2360/2360 942/942/942
f 860/860/860 861/861/861 2539/2539/2539
f 466/466/466 366/366/366 465/465/465
f 1552/1552/1552 125/125/125 2122/2122/2122
f 725/725/725 1665/1665/1665 2749/2749/2749
f 427/427/427 2786/2786/2786 1097/1097/1097
f 1142/1142/1142 904/904/904 1141/1141/1141
f 1396/1396/1396 2761/2761/2761 191/191/191
f 2721/2721/2721 1024/1024/1024 1025/1025/1025
f 958/958/958 726/726/726 1174/1174/1174
f 2002/2002/2002 1160/1160/1160 1158/1158/1158
f 1876/1876/1876 2341/2341/2341 2402/2402/2402
f 1150/1150/1150 2750/2750/2750 1149/1149/1149
f 2539/2539/2539 2735/2735/2735 1723/1723/1723
f 1712/1712/1712 1713/1713/1713 2015/2015/2015
f 931/931/931 2033/2033/2033 1777/1777/1777
f 5/5/5 2712/2712/2712 2711/2711/2711
f 2859/2859/2859 1588/1588/1588 2229/2229/2229
f 107/107/107 105/105/105 124/124/124
f 1277/1277/1277 2948/2948/2948 1276/1276/1276
f 1501/1501/1501 258/258/258 2815/2815/2815
f 2949/2949/2949 208/208/208 396/396/396
f 2496/2496/2496 58/58/58 908/908/908
f 1031/1031/1031 2950/2950/2950 2419/2419/2419
f 2489/2489/2489 841/841/841 839/839/839
f 2705/2705/2705 2757/2757/2757 2704/2704/2704
f 2814/2814/2814 2829/2829/2829 2951/2951/2951
f 2939/2939/2939 2911/2911/2911 456/456/456
f 2822/2822/2822 401/401/401 382/382/382
f 2952/2952/2952 2186/2186/2186 2126/2126/2126
f 1366/1366/1366 1186/1186/1186 1365/1365/1365
f 2953/2953/2953 1540/1540/1540 1541/1541/1541
f 2404/2404/2404 388/388/388 436/436/436
f 2176/2176/2176 2954/2954/2954 2836/2836/2836
f 1538/1538/1538 1947/1947/1947 1537/1537/1537
f 2807/2807/2807 2677/2677/2677 157/157/157
f 1156/1156/1156 2336/2336/2336 1039/1039/1039
f 371/371/371 1166/1166/1166 1164/1164/1164
f 1991/1991/1991 1306/1306/1306 1305/1305/1305
f 1232/1232/1232 2935/2935/2935 1231/1231/1231
f 199/199/199 2338/2338/2338 2339/2339/2339
f 167/167/167 168/168/168 631/631/631
f 124/124/124 105/105/105 2927/2927/2927
f 134/134/134 987/987/987 1752/1752/1752
f 626/626/626 419/419/419 14/14/14
f 2904/2904/2904 2955/2955/2955 57/57/57
f 507/507/507 2652/2652/2652 506/506/506
f 1954/1954/1954 2136/2136/2136 493/493/493
f 2956/2956/2956 2460/2460/2460 2448/2448/2448
f 2614/2614/2614 893/893/893 926/926/926
f 2840/2840/2840 66/66/66 67/67/67
f 1669/1669/1669 1890/1890/1890 2957/2957/2957
f 2338/2338/2338 2958/2958/2958 2628/2628/2628
f 2203/2203/2203 1360/1360/1360 1628/1628/1628
f 2285/2285/2285 2191/2191/2191 2001/2001/2001
f 1132/1132/1132 514/514/514 1131/1131/1131
f 1390/1390/1390 2362/2362/2362 1389/1389/1389
f 2212/2212/2212 893/893/893 2614/2614/2614
f 1469/1469/1469 2301/2301/2301 1423/1423/1423
f 2744/2744/2744 181/181/181 2737/2737/2737
f 738/738/738 2421/2421/2421 642/642/642
f 1555/1555/1555 2444/2444/2444 2379/2379/2379
f 768/768/768 2471/2471/2471 6/6/6
f 2687/2687/2687 1779/1779/1779 2930/2930/2930
f 1872/1872/1872 542/542/542 799/799/799
f 1046/1046/1046 2778/2778/2778 959/959/959
f 2917/2917/2917 2568/2568/2568 2570/2570/2570
f 2845/2845/2845 2020/2020/2020 1979/1979/1979
f 544/544/544 2030/2030/2030 543/543/543
f 1811/1811/1811 1006/1006/1006 2551/2551/2551
f 2428/2428/2428 431/431/431 429/429/429
f 1623/1623/1623 2804/2804/2804 2069/2069/2069
f 2456/2456/2456 2487/2487/2487 2455/2455/2455
f 1161/1161/1161 1162/1162/1162 2390/2390/2390
f 1515/1515/1515 1516/1516/1516 1998/1998/1998
f 474/474/474 1093/1093/1093 1091/1091/1091
f 1598/1598/1598 1495/1495/1495 888/888/888
f 2842/2842/2842 1260/1260/1260 1261/1261/1261
f 546/546/546 2959/2959/2959 2605/2605/2605
f 389/389/389 2197/2197/2197 2195/2195/2195
f 831/831/831 2142/2142/2142 1065/1065/1065
f 1119/1119/1119 994/994/994 2960/2960/2960
f 2824/2824/2824 1229/1229/1229 2961/2961/2961
f 2236/2236/2236 1980/1980/1980 2409/2409/2409
f 2419/2419/2419 640/640/640 639/639/639
f 781/781/781 2002/2002/2002 2261/2261/2261
f 625/625/625 142/142/142 140/140/140
f 1987/1987/1987 322/322/322 323/323/323
f 116/116/116 988/988/988 115/115/115
f 2243/2243/2243 460/460/460 2962/2962/2962
f 2687/2687/2687 1781/1781/1781 1779/1779/1779
f 803/803/803 2963/2963/2963 802/802/802
f 1660/1660/1660 1911/1911/1911 2041/2041/2041
f 1819/1819/1819 24/24/24 22/22/22
f 1821/1821/1821 764/764/764 763/763/763
f 2956/2956/2956 2462/2462/2462 2460/2460/2460
f 1570/1570/1570 1717/1717/1717 821/821/821
f 1813/1813/1813 1385/1385/1385 1224/1224/1224
f 1262/1262/1262 700/700/700 1748/1748/1748
f 806/806/806 1181/1181/1181 1811/1811/1811
f 804/804/804 2938/2938/2938 2964/2964/2964
f 2965/2965/2965 804/804/804 2964/2964/2964
f 1363/1363/1363 1490/1490/1490 1362/1362/1362
f 1098/1098/1098 2764/2764/2764 1357/1357/1357
f 110/110/110 2966/2966/2966 109/109/109
f 1353/1353/1353 1960/1960/1960 1352/1352/1352
f 530/530/530 531/531/531 713/713/713
f 9/9/9 2485/2485/2485 8/8/8
f 2967/2967/2967 2448/2448/2448 2449/2449/2449
f 1355/1355/1355 2678/2678/2678 1354/1354/1354
f 1335/1335/1335 2968/2968/2968 971/971/971
f 1033/1033/1033 1034/1034/1034 1321/1321/1321
f 423/423/423 424/424/424 1333/1333/1333
f 1331/1331/1331 2901/2901/2901 1147/1147/1147
f 185/185/185 983/983/983 859/859/859
f 1347/1347/1347 2452/2452/2452 1346/1346/1346
f 1343/1343/1343 2216/2216/2216 1093/1093/1093
f 1341/1341/1341 711/711/711 772/772/772
f 1526/1526/1526 2151/2151/2151 1525/1525/1525
f 2970/2970/2970 2439/2439/2439 2969/2969/2969
f 2971/2971/2971 2970/2970/2970 2969/2969/2969
f 2707/2707/2707 2972/2972/2972 898/898/898
f 1076/1076/1076 2003/2003/2003 2332/2332/2332
f 916/916/916 2683/2683/2683 1806/1806/1806
f 835/835/835 1100/1100/1100 1803/1803/1803
f 7/7/7 8/8/8 1797/1797/1797
f 1809/1809/1809 2973/2973/2973 1808/1808/1808
f 1441/1441/1441 2717/2717/2717 1789/1789/1789
f 1795/1795/1795 1510/1510/1510 1794/1794/1794
f 335/335/335 738/738/738 1124/1124/1124
f 1815/1815/1815 1978/1978/1978 470/470/470
f 2965/2965/2965 2964/2964/2964 2440/2440/2440
f 2441/2441/2441 2965/2965/2965 2440/2440/2440
f 2422/2422/2422 2856/2856/2856 2699/2699/2699
f 2256/2256/2256 2257/2257/2257 2314/2314/2314
f 2133/2133/2133 1712/1712/1712 2244/2244/2244
f 1286/1286/1286 1448/1448/1448 1285/1285/1285
f 527/527/527 2236/2236/2236 1269/1269/1269
f 2971/2971/2971 2969/2969/2969 2974/2974/2974
f 2975/2975/2975 2971/2971/2971 2974/2974/2974
f 2335/2335/2335 1541/1541/1541 2334/2334/2334
f 2465/2465/2465 2976/2976/2976 2640/2640/2640
f 885/885/885 2261/2261/2261 610/610/610
f 110/110/110 2454/2454/2454 2966/2966/2966
f 1654/1654/1654 387/387/387 388/388/388
f 1902/1902/1902 1874/1874/1874 2749/2749/2749
f 1300/1300/1300 1280/1280/1280 1299/1299/1299
f 1297/1297/1297 1748/1748/1748 1296/1296/1296
f 2977/2977/2977 2866/2866/2866 2875/2875/2875
f 738/738/738 2978/2978/2978 1246/1246/1246
f 1255/1255/1255 394/394/394 392/392/392
f 1253/1253/1253 1884/1884/1884 1252/1252/1252
f 1251/1251/1251 2154/2154/2154 1250/1250/1250
f 430/430/430 1196/1196/1196 1259/1259/1259
f 1220/1220/1220 862/862/862 860/860/860
f 1949/1949/1949 1571/1571/1571 1572/1572/1572
f 1772/1772/1772 2215/2215/2215 1491/1491/1491
f 1720/1720/1720 2739/2739/2739 1773/1773/1773
f 1761/1761/1761 1153/1153/1153 1151/1151/1151
f 1768/1768/1768 211/211/211 1767/1767/1767
f 1757/1757/1757 1203/1203/1203 1201/1201/1201
f 813/813/813 1397/1397/1397 59/59/59
f 1801/1801/1801 2177/2177/2177 1800/1800/1800
f 1755/1755/1755 2267/2267/2267 1802/1802/1802
f 2975/2975/2975 2974/2974/2974 2732/2732/2732
f 2733/2733/2733 2975/2975/2975 2732/2732/2732
f 61/61/61 185/185/185 858/858/858
f 544/544/544 2324/2324/2324 2030/2030/2030
f 2547/2547/2547 2548/2548/2548 2979/2979/2979
f 2980/2980/2980 2547/2547/2547 2979/2979/2979
f 2563/2563/2563 2558/2558/2558 936/936/936
f 2423/2423/2423 2386/2386/2386 2385/2385/2385
f 1215/1215/1215 984/984/984 1214/1214/1214
f 315/315/315 1878/1878/1878 2848/2848/2848
f 758/758/758 2516/2516/2516 377/377/377
f 1224/1224/1224 1372/1372/1372 1223/1223/1223
f 1177/1177/1177 247/247/247 1176/1176/1176
f 2293/2293/2293 2531/2531/2531 342/342/342
f 1180/1180/1180 1344/1344/1344 1179/1179/1179
f 49/49/49 47/47/47 384/384/384
f 2271/2271/2271 882/882/882 487/487/487
f 200/200/200 2028/2028/2028 2958/2958/2958
f 1648/1648/1648 717/717/717 601/601/601
f 488/488/488 489/489/489 1867/1867/1867
f 1534/1534/1534 1802/1802/1802 1533/1533/1533
f 1669/1669/1669 2957/2957/2957 92/92/92
f 585/585/585 586/586/586 2100/2100/2100
f 677/677/677 2550/2550/2550 484/484/484
f 1329/1329/1329 1411/1411/1411 1409/1409/1409
f 1868/1868/1868 2852/2852/2852 1850/1850/1850
f 397/397/397 2949/2949/2949 396/396/396
f 2504/2504/2504 2847/2847/2847 321/321/321
f 2724/2724/2724 1089/1089/1089 1088/1088/1088
f 681/681/681 2451/2451/2451 421/421/421
f 589/589/589 2745/2745/2745 588/588/588
f 529/529/529 527/527/527 2981/2981/2981
f 124/124/124 2927/2927/2927 2199/2199/2199
f 23/23/23 1682/1682/1682 22/22/22
f 452/452/452 2242/2242/2242 451/451/451
f 1913/1913/1913 673/673/673 794/794/794
f 161/161/161 162/162/162 206/206/206
f 630/630/630 419/419/419 317/317/317
f 1471/1471/1471 1469/1469/1469 2025/2025/2025
f 765/765/765 942/942/942 1905/1905/1905
f 641/641/641 1998/1998/1998 1996/1996/1996
f 1953/1953/1953 968/968/968 1531/1531/1531
f 2927/2927/2927 2807/2807/2807 2199/2199/2199
f 912/912/912 1586/1586/1586 1896/1896/1896
f 2157/2157/2157 741/741/741 1561/1561/1561
f 2126/2126/2126 657/657/657 2061/2061/2061
f 2698/2698/2698 1729/1729/1729 2774/2774/2774
f 2982/2982/2982 732/732/732 553/553/553
f 2508/2508/2508 204/204/204 202/202/202
f 2633/2633/2633 121/121/121 120/120/120
f 245/245/245 1684/1684/1684 1683/1683/1683
f 540/540/540 334/334/334 1124/1124/1124
f 1222/1222/1222 1223/1223/1223 24/24/24
f 1564/1564/1564 550/550/550 730/730/730
f 1155/1155/1155 1932/1932/1932 824/824/824
f 1777/1777/1777 2033/2033/2033 1029/1029/1029
f 1752/1752/1752 987/987/987 1751/1751/1751
f 1755/1755/1755 1534/1534/1534 1754/1754/1754
f 760/760/760 761/761/761 1113/1113/1113
f 1536/1536/1536 1537/1537/1537 1631/1631/1631
f 1800/1800/1800 2177/2177/2177 694/694/694
f 1945/1945/1945 1844/1844/1844 34/34/34
f 725/725/725 205/205/205 1665/1665/1665
f 789/789/789 88/88/88 1647/1647/1647
f 2529/2529/2529 96/96/96 2528/2528/2528
f 1174/1174/1174 990/990/990 2298/2298/2298
f 653/653/653 445/445/445 443/443/443
f 160/160/160 2505/2505/2505 159/159/159
f 1314/1314/1314 1475/1475/1475 1313/1313/1313
f 1320/1320/1320 2756/2756/2756 1319/1319/1319
f 1317/1317/1317 266/266/266 1316/1316/1316
f 1323/1323/1323 744/744/744 175/175/175
f 745/745/745 889/889/889 2983/2983/2983
f 193/193/193 194/194/194 2984/2984/2984
f 2985/2985/2985 193/193/193 2984/2984/2984
f 2772/2772/2772 277/277/277 1970/1970/1970
f 76/76/76 2846/2846/2846 70/70/70
f 1745/1745/1745 609/609/609 834/834/834
f 1190/1190/1190 1329/1329/1329 1327/1327/1327
f 1702/1702/1702 1428/1428/1428 1744/1744/1744
f 346/346/346 2827/2827/2827 1740/1740/1740
f 1743/1743/1743 2078/2078/2078 1742/1742/1742
f 1764/1764/1764 2237/2237/2237 1763/1763/1763
f 1762/1762/1762 1079/1079/1079 1398/1398/1398
f 2980/2980/2980 2979/2979/2979 2560/2560/2560
f 195/195/195 2980/2980/2980 2560/2560/2560
f 1093/1093/1093 2216/2216/2216 1092/1092/1092
f 667/667/667 357/357/357 2907/2907/2907
f 833/833/833 2008/2008/2008 651/651/651
f 2982/2982/2982 554/554/554 2986/2986/2986
f 2985/2985/2985 2984/2984/2984 2987/2987/2987
f 2988/2988/2988 2985/2985/2985 2987/2987/2987
f 2346/2346/2346 2140/2140/2140 385/385/385
f 1017/1017/1017 1015/1015/1015 2787/2787/2787
f 1714/1714/1714 1770/1770/1770 2307/2307/2307
f 1160/1160/1160 1902/1902/1902 1159/1159/1159
f 307/307/307 1450/1450/1450 836/836/836
f 2446/2446/2446 589/589/589 587/587/587
f 191/191/191 2761/2761/2761 1467/1467/1467
f 2690/2690/2690 2450/2450/2450 1780/1780/1780
f 934/934/934 1134/1134/1134 1133/1133/1133
f 2501/2501/2501 319/319/319 174/174/174
f 45/45/45 2373/2373/2373 28/28/28
f 171/171/171 2185/2185/2185 170/170/170
f 1464/1464/1464 1/1/1 1463/1463/1463
f 1367/1367/1367 1001/1001/1001 2828/2828/2828
f 92/92/92 2511/2511/2511 1593/1593/1593
f 396/396/396 82/82/82 215/215/215
f 1296/1296/1296 1387/1387/1387 1635/1635/1635
f 1858/1858/1858 2643/2643/2643 1857/1857/1857
f 534/534/534 1110/1110/1110 2086/2086/2086
f 2861/2861/2861 2130/2130/2130 2434/2434/2434
f 1834/1834/1834 2166/2166/2166 2305/2305/2305
f 1354/1354/1354 701/701/701 473/473/473
f 868/868/868 1594/1594/1594 2156/2156/2156
f 11/11/11 1411/1411/1411 1329/1329/1329
f 1311/1311/1311 1090/1090/1090 586/586/586
f 898/898/898 2972/2972/2972 2492/2492/2492
f 1999/1999/1999 484/484/484 482/482/482
f 294/294/294 1021/1021/1021 1570/1570/1570
f 214/214/214 2654/2654/2654 2700/2700/2700
f 555/555/555 539/539/539 2067/2067/2067
f 1482/1482/1482 2180/2180/2180 2341/2341/2341
f 2539/2539/2539 1140/1140/1140 2735/2735/2735
f 117/117/117 2383/2383/2383 2816/2816/2816
f 1045/1045/1045 2714/2714/2714 2561/2561/2561
f 2127/2127/2127 2062/2062/2062 379/379/379
f 2210/2210/2210 571/571/571 569/569/569
f 2114/2114/2114 146/146/146 354/354/354
f 1500/1500/1500 1501/1501/1501 2815/2815/2815
f 956/956/956 957/957/957 2298/2298/2298
f 2779/2779/2779 148/148/148 2114/2114/2114
f 1380/1380/1380 353/353/353 354/354/354
f 2367/2367/2367 1426/1426/1426 2211/2211/2211
f 2989/2989/2989 1166/1166/1166 2429/2429/2429
f 2249/2249/2249 1970/1970/1970 1558/1558/1558
f 2813/2813/2813 2427/2427/2427 2288/2288/2288
f 2856/2856/2856 2138/2138/2138 220/220/220
f 1307/1307/1307 123/123/123 2198/2198/2198
f 2406/2406/2406 2393/2393/2393 177/177/177
f 2809/2809/2809 2990/2990/2990 2808/2808/2808
f 2701/2701/2701 856/856/856 1173/1173/1173
f 2467/2467/2467 324/324/324 322/322/322
f 2805/2805/2805 2194/2194/2194 2192/2192/2192
f 1623/1623/1623 2743/2743/2743 2805/2805/2805
f 2803/2803/2803 729/729/729 1114/1114/1114
f 560/560/560 2538/2538/2538 581/581/581
f 275/275/275 2991/2991/2991 1699/1699/1699
f 2727/2727/2727 2374/2374/2374 2800/2800/2800
f 1203/1203/1203 155/155/155 156/156/156
f 2675/2675/2675 742/742/742 743/743/743
f 2357/2357/2357 2091/2091/2091 2058/2058/2058
f 2531/2531/2531 1368/1368/1368 1367/1367/1367
f 2696/2696/2696 1148/1148/1148 1149/1149/1149
f 2806/2806/2806 2991/2991/2991 275/275/275
f 2807/2807/2807 157/157/157 155/155/155
f 2931/2931/2931 2691/2691/2691 1781/1781/1781
f 251/251/251 1745/1745/1745 1496/1496/1496
f 2377/2377/2377 2928/2928/2928 1165/1165/1165
f 1992/1992/1992 1993/1993/1993 142/142/142
f 2196/2196/2196 1188/1188/1188 2140/2140/2140
f 1569/1569/1569 2755/2755/2755 2801/2801/2801
f 266/266/266 779/779/779 4/4/4
f 2061/2061/2061 657/657/657 655/655/655
f 246/246/246 2468/2468/2468 2821/2821/2821
f 2253/2253/2253 342/342/342 340/340/340
f 2695/2695/2695 74/74/74 1107/1107/1107
f 1820/1820/1820 763/763/763 952/952/952
f 2752/2752/2752 2262/2262/2262 2268/2268/2268
f 692/692/692 1615/1615/1615 2024/2024/2024
f 1106/1106/1106 1294/1294/1294 1105/1105/1105
f 1097/1097/1097 1637/1637/1637 2276/2276/2276
f 822/822/822 1667/1667/1667 2408/2408/2408
f 2704/2704/2704 1385/1385/1385 1813/1813/1813
f 2575/2575/2575 2790/2790/2790 1303/1303/1303
f 1460/1460/1460 1461/1461/1461 274/274/274
f 604/604/604 2401/2401/2401 213/213/213
f 2274/2274/2274 432/432/432 1846/1846/1846
f 1209/1209/1209 188/188/188 189/189/189
f 2218/2218/2218 1772/1772/1772 1270/1270/1270
f 1298/1298/1298 1299/1299/1299 1533/1533/1533
f 1116/1116/1116 798/798/798 1739/1739/1739
f 1837/1837/1837 1919/1919/1919 1169/1169/1169
f 2686/2686/2686 2687/2687/2687 2930/2930/2930
f 1921/1921/1921 1922/1922/1922 697/697/697
f 2790/2790/2790 2024/2024/2024 1433/1433/1433
f 2268/2268/2268 1298/1298/1298 1802/1802/1802
f 1638/1638/1638 2372/2372/2372 2276/2276/2276
f 1186/1186/1186 1456/1456/1456 1454/1454/1454
f 2432/2432/2432 2381/2381/2381 2380/2380/2380
f 1290/1290/1290 167/167/167 801/801/801
f 249/249/249 1177/1177/1177 471/471/471
f 1864/1864/1864 2992/2992/2992 599/599/599
f 932/932/932 1330/1330/1330 1147/1147/1147
f 2615/2615/2615 2993/2993/2993 2040/2040/2040
f 2664/2664/2664 2464/2464/2464 2463/2463/2463
f 1182/1182/1182 2994/2994/2994 1005/1005/1005
f 2710/2710/2710 1761/1761/1761 814/814/814
f 77/77/77 666/666/666 893/893/893
f 866/866/866 371/371/371 311/311/311
f 2697/2697/2697 1148/1148/1148 2696/2696/2696
f 160/160/160 831/831/831 1063/1063/1063
f 1710/1710/1710 2404/2404/2404 1081/1081/1081
f 2839/2839/2839 2896/2896/2896 2077/2077/2077
f 2763/2763/2763 326/326/326 2995/2995/2995
f 1267/1267/1267 93/93/93 2241/2241/2241
f 531/531/531 715/715/715 713/713/713
f 745/745/745 2983/2983/2983 279/279/279
f 2799/2799/2799 231/231/231 229/229/229
f 2747/2747/2747 70/70/70 68/68/68
f 2782/2782/2782 1799/1799/1799 1800/1800/1800
f 1162/1162/1162 2220/2220/2220 2692/2692/2692
f 1961/1961/1961 1837/1837/1837 1167/1167/1167
f 2183/2183/2183 1714/1714/1714 1712/1712/1712
f 1771/1771/1771 1770/1770/1770 1714/1714/1714
f 567/567/567 2996/2996/2996 2080/2080/2080
f 1579/1579/1579 2014/2014/2014 3/3/3
f 2252/2252/2252 2253/2253/2253 2778/2778/2778
f 1293/1293/1293 148/148/148 2779/2779/2779
f 2018/2018/2018 87/87/87 85/85/85
f 2164/2164/2164 2165/2165/2165 1858/1858/1858
f 2832/2832/2832 2904/2904/2904 58/58/58
f 805/805/805 806/806/806 1812/1812/1812
f 2546/2546/2546 2375/2375/2375 2374/2374/2374
f 1440/1440/1440 2997/2997/2997 2770/2770/2770
f 2769/2769/2769 1986/1986/1986 1985/1985/1985
f 2290/2290/2290 1324/1324/1324 2365/2365/2365
f 1324/1324/1324 1325/1325/1325 2366/2366/2366
f 1299/1299/1299 1280/1280/1280 1126/1126/1126
f 2761/2761/2761 2909/2909/2909 1466/1466/1466
f 1972/1972/1972 2260/2260/2260 1350/1350/1350
f 1962/1962/1962 1197/1197/1197 1706/1706/1706
f 1099/1099/1099 2787/2787/2787 2764/2764/2764
f 808/808/808 2624/2624/2624 2500/2500/2500
f 470/470/470 471/471/471 1893/1893/1893
f 2672/2672/2672 2674/2674/2674 2671/2671/2671
f 2661/2661/2661 1485/1485/1485 1480/1480/1480
f 447/447/447 2467/2467/2467 393/393/393
f 2606/2606/2606 785/785/785 165/165/165
f 2824/2824/2824 1046/1046/1046 1229/1229/1229
f 882/882/882 2998/2998/2998 486/486/486
f 1632/1632/1632 1083/1083/1083 1084/1084/1084
f 2022/2022/2022 2436/2436/2436 1656/1656/1656
f 2819/2819/2819 145/145/145 746/746/746
f 2704/2704/2704 1813/1813/1813 2400/2400/2400
f 2243/2243/2243 2962/2962/2962 696/696/696
f 2999/2999/2999 379/379/379 638/638/638
f 810/810/810 1695/1695/1695 326/326/326
f 2800/2800/2800 848/848/848 2386/2386/2386
f 1388/1388/1388 1567/1567/1567 504/504/504
f 2304/2304/2304 1386/1386/1386 1385/1385/1385
f 917/917/917 31/31/31 741/741/741
f 2758/2758/2758 3000/3000/3000 2707/2707/2707
f 2193/2193/2193 3001/3001/3001 2709/2709/2709
f 2898/2898/2898 1470/1470/1470 1471/1471/1471
f 206/206/206 1976/1976/1976 112/112/112
f 1738/1738/1738 1583/1583/1583 1581/1581/1581
f 2797/2797/2797 618/618/618 2095/2095/2095
f 2086/2086/2086 1109/1109/1109 1912/1912/1912
f 1543/1543/1543 1542/1542/1542 2754/2754/2754
f 463/463/463 494/494/494 1962/1962/1962
f 688/688/688 1926/1926/1926 687/687/687
f 1032/1032/1032 1654/1654/1654 2054/2054/2054
f 2680/2680/2680 581/581/581 2109/2109/2109
f 1281/1281/1281 1207/1207/1207 1209/1209/1209
f 1193/1193/1193 475/475/475 270/270/270
f 1926/1926/1926 1257/1257/1257 2646/2646/2646
f 1803/1803/1803 1100/1100/1100 1098/1098/1098
f 2705/2705/2705 2107/2107/2107 2105/2105/2105
f 2663/2663/2663 2135/2135/2135 2134/2134/2134
f 2602/2602/2602 1707/1707/1707 2741/2741/2741
f 1129/1129/1129 1127/1127/1127 2731/2731/2731
f 2737/2737/2737 181/181/181 179/179/179
f 892/892/892 2907/2907/2907 2734/2734/2734
f 578/578/578 2961/2961/2961 1229/1229/1229
f 968/968/968 442/442/442 2044/2044/2044
f 2735/2735/2735 689/689/689 476/476/476
f 2216/2216/2216 1403/1403/1403 2384/2384/2384
f 2443/2443/2443 2798/2798/2798 2495/2495/2495
f 2220/2220/2220 1803/1803/1803 1356/1356/1356
f 2309/2309/2309 1434/1434/1434 2091/2091/2091
f 1599/1599/1599 2618/2618/2618 299/299/299
f 166/166/166 164/164/164 504/504/504
f 1152/1152/1152 1397/1397/1397 813/813/813
f 2523/2523/2523 674/674/674 1364/1364/1364
f 2053/2053/2053 391/391/391 1370/1370/1370
f 2729/2729/2729 133/133/133 118/118/118
f 2259/2259/2259 2358/2358/2358 2353/2353/2353
f 848/848/848 849/849/849 592/592/592
f 1057/1057/1057 1399/1399/1399 1585/1585/1585
f 1420/1420/1420 2226/2226/2226 2327/2327/2327
f 1069/1069/1069 1067/1067/1067 2132/2132/2132
f 1720/1720/1720 3002/3002/3002 2740/2740/2740
f 1749/1749/1749 567/567/567 568/568/568
f 375/375/375 376/376/376 2895/2895/2895
f 927/927/927 928/928/928 2725/2725/2725
f 1457/1457/1457 721/721/721 720/720/720
f 2648/2648/2648 1446/1446/1446 1445/1445/1445
f 1963/1963/1963 923/923/923 2600/2600/2600
f 2328/2328/2328 927/927/927 2722/2722/2722
f 1989/1989/1989 2029/2029/2029 1392/1392/1392
f 2434/2434/2434 2130/2130/2130 2128/2128/2128
f 406/406/406 1780/1780/1780 405/405/405
f 1550/1550/1550 2679/2679/2679 144/144/144
f 2558/2558/2558 2563/2563/2563 2637/2637/2637
f 2977/2977/2977 2865/2865/2865 2866/2866/2866
f 1371/1371/1371 2766/2766/2766 2195/2195/2195
f 6/6/6 2471/2471/2471 2708/2708/2708
f 2906/2906/2906 2660/2660/2660 2899/2899/2899
f 1823/1823/1823 597/597/597 496/496/496
f 1760/1760/1760 1758/1758/1758 1392/1392/1392
f 1984/1984/1984 196/196/196 1447/1447/1447
f 1572/1572/1572 1070/1070/1070 1071/1071/1071
f 1774/1774/1774 2515/2515/2515 2595/2595/2595
f 1929/1929/1929 1626/1626/1626 645/645/645
f 1149/1149/1149 1156/1156/1156 1039/1039/1039
f 2728/2728/2728 2001/2001/2001 1041/1041/1041
f 2217/2217/2217 2039/2039/2039 890/890/890
f 341/341/341 2828/2828/2828 969/969/969
f 436/436/436 386/386/386 348/348/348
f 2168/2168/2168 2307/2307/2307 2308/2308/2308
f 2915/2915/2915 1776/1776/1776 2596/2596/2596
f 707/707/707 1448/1448/1448 1286/1286/1286
f 1906/1906/1906 777/777/777 369/369/369
f 74/74/74 1969/1969/1969 1108/1108/1108
f 2260/2260/2260 2259/2259/2259 2405/2405/2405
f 77/77/77 668/668/668 666/666/666
f 978/978/978 979/979/979 127/127/127
f 1686/1686/1686 26/26/26 27/27/27
f 2344/2344/2344 1272/1272/1272 1270/1270/1270
f 363/363/363 381/381/381 362/362/362
f 133/133/133 131/131/131 118/118/118
f 912/912/912 1518/1518/1518 1586/1586/1586
f 2499/2499/2499 2522/2522/2522 948/948/948
f 1305/1305/1305 1249/1249/1249 414/414/414
f 2682/2682/2682 3003/3003/3003 2681/2681/2681
f 2688/2688/2688 2931/2931/2931 2687/2687/2687
f 1257/1257/1257 837/837/837 2469/2469/2469
f 2653/2653/2653 2813/2813/2813 2652/2652/2652
f 600/600/600 598/598/598 38/38/38
f 922/922/922 540/540/540 541/541/541
f 2224/2224/2224 3004/3004/3004 2487/2487/2487
f 828/828/828 2173/2173/2173 356/356/356
f 500/500/500 2800/2800/2800 2423/2423/2423
f 2915/2915/2915 2596/2596/2596 2860/2860/2860
f 1584/1584/1584 2944/2944/2944 2634/2634/2634
f 2696/2696/2696 1040/1040/1040 1393/1393/1393
f 836/836/836 837/837/837 1257/1257/1257
f 3005/3005/3005 2501/2501/2501 744/744/744
f 840/840/840 2271/2271/2271 487/487/487
f 32/32/32 750/750/750 748/748/748
f 2163/2163/2163 2701/2701/2701 1301/1301/1301
f 2236/2236/2236 905/905/905 1980/1980/1980
f 1431/1431/1431 563/563/563 704/704/704
f 935/935/935 1263/1263/1263 1264/1264/1264
f 1065/1065/1065 2141/2141/2141 1137/1137/1137
f 2549/2549/2549 2732/2732/2732 3006/3006/3006
f 989/989/989 2224/2224/2224 2456/2456/2456
f 502/502/502 544/544/544 542/542/542
f 395/395/395 396/396/396 215/215/215
f 1274/1274/1274 1273/1273/1273 1642/1642/1642
f 78/78/78 1509/1509/1509 668/668/668
f 915/915/915 2906/2906/2906 1869/1869/1869
f 776/776/776 3007/3007/3007 526/526/526
f 679/679/679 2500/2500/2500 709/709/709
f 169/169/169 2446/2446/2446 168/168/168
f 2206/2206/2206 3008/3008/3008 2486/2486/2486
f 2533/2533/2533 2480/2480/2480 468/468/468
f 71/71/71 72/72/72 1217/1217/1217
f 1465/1465/1465 147/147/147 148/148/148
f 2612/2612/2612 1266/1266/1266 1267/1267/1267
f 2589/2589/2589 2917/2917/2917 2570/2570/2570
f 698/698/698 1388/1388/1388 1296/1296/1296
f 1777/1777/1777 1028/1028/1028 2610/2610/2610
f 2419/2419/2419 2950/2950/2950 640/640/640
f 1861/1861/1861 3009/3009/3009 579/579/579
f 2599/2599/2599 2639/2639/2639 2598/2598/2598
f 965/965/965 966/966/966 71/71/71
f 1542/1542/1542 536/536/536 1589/1589/1589
f 2302/2302/2302 1923/1923/1923 986/986/986
f 533/533/533 534/534/534 2086/2086/2086
f 2706/2706/2706 3010/3010/3010 1615/1615/1615
f 1235/1235/1235 2413/2413/2413 2411/2411/2411
f 2754/2754/2754 1542/1542/1542 1587/1587/1587
f 655/655/655 656/656/656 2031/2031/2031
f 2583/2583/2583 2636/2636/2636 2582/2582/2582
f 2483/2483/2483 2484/2484/2484 1641/1641/1641
f 2419/2419/2419 639/639/639 64/64/64
f 2420/2420/2420 2394/2394/2394 1990/1990/1990
f 2054/2054/2054 1654/1654/1654 388/388/388
f 786/786/786 787/787/787 163/163/163
f 1071/1071/1071 2012/2012/2012 674/674/674
f 2042/2042/2042 2043/2043/2043 1716/1716/1716
f 31/31/31 32/32/32 2520/2520/2520
f 2521/2521/2521 3011/3011/3011 2388/2388/2388
f 164/164/164 165/165/165 1311/1311/1311
f 2522/2522/2522 1895/1895/1895 947/947/947
f 372/372/372 373/373/373 2205/2205/2205
f 2411/2411/2411 2412/2412/2412 2414/2414/2414
f 35/35/35 2437/2437/2437 1709/1709/1709
f 2605/2605/2605 2959/2959/2959 1341/1341/1341
f 762/762/762 1931/1931/1931 1924/1924/1924
f 47/47/47 3012/3012/3012 383/383/383
f 1879/1879/1879 760/760/760 1384/1384/1384
f 2242/2242/2242 1651/1651/1651 2306/2306/2306
f 2509/2509/2509 1374/1374/1374 1372/1372/1372
f 2510/2510/2510 3013/3013/3013 1142/1142/1142
f 846/846/846 972/972/972 659/659/659
f 2518/2518/2518 1198/1198/1198 1196/1196/1196
f 1971/1971/1971 1972/1972/1972 1376/1376/1376
f 2322/2322/2322 543/543/543 1583/1583/1583
f 2193/2193/2193 2697/2697/2697 2424/2424/2424
f 2592/2592/2592 2641/2641/2641 872/872/872
f 378/378/378 2061/2061/2061 2005/2005/2005
f 1275/1275/1275 1276/1276/1276 2601/2601/2601
f 2604/2604/2604 179/179/179 658/658/658
f 2498/2498/2498 2424/2424/2424 2696/2696/2696
f 1281/1281/1281 916/916/916 1207/1207/1207
f 1938/1938/1938 1084/1084/1084 2591/2591/2591
f 1337/1337/1337 2160/2160/2160 2716/2716/2716
f 2425/2425/2425 2475/2475/2475 2459/2459/2459
f 2077/2077/2077 2283/2283/2283 832/832/832
f 1744/1744/1744 1428/1428/1428 1426/1426/1426
f 2617/2617/2617 3014/3014/3014 2616/2616/2616
f 1035/1035/1035 3015/3015/3015 1034/1034/1034
f 1140/1140/1140 689/689/689 2735/2735/2735
f 2064/2064/2064 2945/2945/2945 1396/1396/1396
f 2153/2153/2153 2989/2989/2989 2429/2429/2429
f 2117/2117/2117 2922/2922/2922 1602/1602/1602
f 2120/2120/2120 2790/2790/2790 2119/2119/2119
f 2114/2114/2114 2042/2042/2042 2113/2113/2113
f 2092/2092/2092 2490/2490/2490 2116/2116/2116
f 2111/2111/2111 2046/2046/2046 1666/1666/1666
f 1554/1554/1554 458/458/458 459/459/459
f 347/347/347 426/426/426 2007/2007/2007
f 1444/1444/1444 2074/2074/2074 1563/1563/1563
f 2110/2110/2110 2056/2056/2056 2057/2057/2057
f 2109/2109/2109 579/579/579 2108/2108/2108
f 792/792/792 1255/1255/1255 1254/1254/1254
f 1693/1693/1693 780/780/780 885/885/885
f 2099/2099/2099 2481/2481/2481 2098/2098/2098
f 510/510/510 508/508/508 1760/1760/1760
f 2102/2102/2102 670/670/670 669/669/669
f 2107/2107/2107 2400/2400/2400 2106/2106/2106
f 537/537/537 2040/2040/2040 1589/1589/1589
f 1880/1880/1880 762/762/762 760/760/760
f 2665/2665/2665 1937/1937/1937 1649/1649/1649
f 1433/1433/1433 1434/1434/1434 2309/2309/2309
f 1596/1596/1596 2131/2131/2131 1595/1595/1595
f 621/621/621 2203/2203/2203 2085/2085/2085
f 583/583/583 653/653/653 461/461/461
f 1924/1924/1924 1925/1925/1925 158/158/158
f 2076/2076/2076 1553/1553/1553 1554/1554/1554
f 710/710/710 1941/1941/1941 2055/2055/2055
f 2017/2017/2017 1847/1847/1847 170/170/170
f 2081/2081/2081 1289/1289/1289 1287/1287/1287
f 2083/2083/2083 1473/1473/1473 1452/1452/1452
f 633/633/633 1692/1692/1692 1943/1943/1943
f 2409/2409/2409 2410/2410/2410 2485/2485/2485
f 1207/1207/1207 2914/2914/2914 188/188/188
f 733/733/733 896/896/896 292/292/292
f 1854/1854/1854 302/302/302 300/300/300
f 2482/2482/2482 3016/3016/3016 2481/2481/2481
f 1529/1529/1529 1019/1019/1019 1528/1528/1528
f 1796/1796/1796 1797/1797/1797 2469/2469/2469
f 1591/1591/1591 1592/1592/1592 2908/2908/2908
f 2382/2382/2382 3017/3017/3017 2490/2490/2490
f 2919/2919/2919 3018/3018/3018 2232/2232/2232
f 630/630/630 421/421/421 419/419/419
f 2421/2421/2421 1517/1517/1517 1515/1515/1515
f 2033/2033/2033 1513/1513/1513 1624/1624/1624
f 2389/2389/2389 2390/2390/2390 1622/1622/1622
f 668/668/668 829/829/829 667/667/667
f 982/982/982 891/891/891 233/233/233
f 2284/2284/2284 2280/2280/2280 2218/2218/2218
f 1734/1734/1734 2531/2531/2531 2293/2293/2293
f 849/849/849 453/453/453 2630/2630/2630
f 2431/2431/2431 2017/2017/2017 2016/2016/2016
f 2460/2460/2460 3019/3019/3019 2921/2921/2921
f 215/215/215 80/80/80 214/214/214
f 1318/1318/1318 1319/1319/1319 2424/2424/2424
f 2593/2593/2593 2566/2566/2566 2857/2857/2857
f 1191/1191/1191 10/10/10 11/11/11
f 2462/2462/2462 416/416/416 2461/2461/2461
f 1602/1602/1602 1241/1241/1241 1239/1239/1239
f 2357/2357/2357 2056/2056/2056 2110/2110/2110
f 1950/1950/1950 1951/1951/1951 1612/1612/1612
f 1289/1289/1289 2079/2079/2079 1288/1288/1288
f 1056/1056/1056 2833/2833/2833 151/151/151
f 2059/2059/2059 348/348/348 346/346/346
f 2493/2493/2493 1461/1461/1461 2577/2577/2577
f 2095/2095/2095 618/618/618 1619/1619/1619
f 15/15/15 13/13/13 84/84/84
f 1072/1072/1072 2012/2012/2012 1071/1071/1071
f 1295/1295/1295 1634/1634/1634 1763/1763/1763
f 1949/1949/1949 269/269/269 1042/1042/1042
f 2219/2219/2219 2849/2849/2849 2218/2218/2218
f 2868/2868/2868 2977/2977/2977 2878/2878/2878
f 16/16/16 2449/2449/2449 2593/2593/2593
f 3020/3020/3020 2529/2529/2529 2530/2530/2530
f 2071/2071/2071 2057/2057/2057 1055/1055/1055
f 1066/1066/1066 100/100/100 2073/2073/2073
f 1214/1214/1214 983/983/983 185/185/185
f 1485/1485/1485 1486/1486/1486 1000/1000/1000
f 832/832/832 2282/2282/2282 1684/1684/1684
f 1554/1554/1554 86/86/86 1066/1066/1066
f 2040/2040/2040 2993/2993/2993 607/607/607
f 2069/2069/2069 2756/2756/2756 1320/1320/1320
f 1268/1268/1268 1763/1763/1763 800/800/800
f 2062/2062/2062 2126/2126/2126 2061/2061/2061
f 2066/2066/2066 3005/3005/3005 744/744/744
f 1345/1345/1345 1346/1346/1346 438/438/438
f 864/864/864 2770/2770/2770 2064/2064/2064
f 1739/1739/1739 2322/2322/2322 1738/1738/1738
f 2055/2055/2055 1941/1941/1941 1032/1032/1032
f 2051/2051/2051 2523/2523/2523 2050/2050/2050
f 2025/2025/2025 1469/1469/1469 1423/1423/1423
f 2058/2058/2058 2263/2263/2263 2057/2057/2057
f 994/994/994 2232/2232/2232 545/545/545
f 2412/2412/2412 2554/2554/2554 2415/2415/2415
f 1287/1287/1287 1288/1288/1288 2436/2436/2436
f 469/469/469 2533/2533/2533 468/468/468
f 2100/2100/2100 1760/1760/1760 2029/2029/2029
f 129/129/129 376/376/376 1915/1915/1915
f 108/108/108 109/109/109 2576/2576/2576
f 1793/1793/1793 1794/1794/1794 2346/2346/2346
f 666/666/666 2907/2907/2907 892/892/892
f 143/143/143 144/144/144 1355/1355/1355
f 2549/2549/2549 3006/3006/3006 2548/2548/2548
f 1650/1650/1650 2822/2822/2822 2258/2258/2258
f 1023/1023/1023 2706/2706/2706 692/692/692
f 2671/2671/2671 2674/2674/2674 743/743/743
f 3021/3021/3021 1541/1541/1541 2335/2335/2335
f 2756/2756/2756 2192/2192/2192 2193/2193/2193
f 1081/1081/1081 435/435/435 1080/1080/1080
f 1406/1406/1406 2994/2994/2994 1182/1182/1182
f 720/720/720 574/574/574 1100/1100/1100
f 2589/2589/2589 2572/2572/2572 2574/2574/2574
f 2656/2656/2656 3022/3022/3022 2659/2659/2659
f 1564/1564/1564 2810/2810/2810 549/549/549
f 1193/1193/1193 1194/1194/1194 1342/1342/1342
f 1767/1767/1767 2669/2669/2669 2689/2689/2689
f 1060/1060/1060 1061/1061/1061 899/899/899
f 2923/2923/2923 2655/2655/2655 3023/3023/3023
f 417/417/417 3025/3025/3025 3024/3024/3024
f 2772/2772/2772 276/276/276 277/277/277
f 811/811/811 2844/2844/2844 810/810/810
f 818/818/818 819/819/819 2429/2429/2429
f 3026/3026/3026 416/416/416 2462/2462/2462
f 1715/1715/1715 1716/1716/1716 2267/2267/2267
f 464/464/464 3027/3027/3027 3025/3025/3025
f 3028/3028/3028 2956/2956/2956 2967/2967/2967
f 2636/2636/2636 2583/2583/2583 2635/2635/2635
f 1248/1248/1248 2313/2313/2313 2048/2048/2048
f 1379/1379/1379 1378/1378/1378 1568/1568/1568
f 1126/1126/1126 48/48/48 49/49/49
f 1020/1020/1020 2590/2590/2590 956/956/956
f 1766/1766/1766 1101/1101/1101 820/820/820
f 2039/2039/2039 2096/2096/2096 2038/2038/2038
f 1729/1729/1729 1505/1505/1505 1728/1728/1728
f 220/220/220 751/751/751 1309/1309/1309
f 1736/1736/1736 2816/2816/2816 1735/1735/1735
f 1734/1734/1734 1048/1048/1048 1047/1047/1047
f 1960/1960/1960 1961/1961/1961 1703/1703/1703
f 656/656/656 289/289/289 2032/2032/2032
f 492/492/492 728/728/728 1481/1481/1481
f 354/354/354 2752/2752/2752 2043/2043/2043
f 440/440/440 1022/1022/1022 2045/2045/2045
f 2041/2041/2041 2368/2368/2368 394/394/394
f 2040/2040/2040 608/608/608 1698/1698/1698
f 1026/1026/1026 271/271/271 1666/1666/1666
f 2036/2036/2036 2157/2157/2157 2035/2035/2035
f 2030/2030/2030 2324/2324/2324 2029/2029/2029
f 2037/2037/2037 42/42/42 684/684/684
f 998/998/998 2277/2277/2277 840/840/840
f 2008/2008/2008 925/925/925 1963/1963/1963
f 1147/1147/1147 1513/1513/1513 2033/2033/2033
f 1717/1717/1717 2113/2113/2113 1716/1716/1716
f 614/614/614 395/395/395 216/216/216
f 1723/1723/1723 2735/2735/2735 81/81/81
f 1340/1340/1340 772/772/772 1427/1427/1427
f 1726/1726/1726 1826/1826/1826 1725/1725/1725
f 1714/1714/1714 2168/2168/2168 1713/1713/1713
f 1706/1706/1706 2719/2719/2719 1705/1705/1705
f 1453/1453/1453 1718/1718/1718 1428/1428/1428
f 1732/1732/1732 2423/2423/2423 1731/1731/1731
f 564/564/564 1563/1563/1563 1711/1711/1711
f 1721/1721/1721 3002/3002/3002 1720/1720/1720
f 979/979/979 2045/2045/2045 126/126/126
f 1329/1329/1329 2315/2315/2315 1328/1328/1328
f 1032/1032/1032 3029/3029/3029 1031/1031/1031
f 1014/1014/1014 2108/2108/2108 1013/1013/1013
f 1029/1029/1029 665/665/665 663/663/663
f 259/259/259 1600/1600/1600 1008/1008/1008
f 1027/1027/1027 1193/1193/1193 271/271/271
f 997/997/997 569/569/569 996/996/996
f 1022/1022/1022 1425/1425/1425 1021/1021/1021
f 253/253/253 254/254/254 891/891/891
f 1020/1020/1020 2047/2047/2047 1019/1019/1019
f 972/972/972 1996/1996/1996 658/658/658
f 1017/1017/1017 111/111/111 1016/1016/1016
f 967/967/967 1616/1616/1616 966/966/966
f 1041/1041/1041 2000/2000/2000 434/434/434
f 1037/1037/1037 1943/1943/1943 1036/1036/1036
f 2380/2380/2380 1130/1130/1130 1068/1068/1068
f 1163/1163/1163 2220/2220/2220 1162/1162/1162
f 1166/1166/1166 3030/3030/3030 1165/1165/1165
f 1169/1169/1169 1862/1862/1862 1168/1168/1168
f 1043/1043/1043 1301/1301/1301 1173/1173/1173
f 1011/1011/1011 1645/1645/1645 1010/1010/1010
f 1002/1002/1002 192/192/192 441/441/441
f 1230/1230/1230 820/820/820 818/818/818
f 1235/1235/1235 2861/2861/2861 1234/1234/1234
f 1238/1238/1238 2117/2117/2117 1237/1237/1237
f 1241/1241/1241 2486/2486/2486 1240/1240/1240
f 319/319/319 320/320/320 1003/1003/1003
f 989/989/989 110/110/110 108/108/108
f 1044/1044/1044 2162/2162/2162 1301/1301/1301
f 1304/1304/1304 1377/1377/1377 1303/1303/1303
f 1306/1306/1306 2354/2354/2354 1249/1249/1249
f 1088/1088/1088 122/122/122 123/123/123
f 994/994/994 41/41/41 42/42/42
f 975/975/975 3031/3031/3031 974/974/974
f 1110/1110/1110 1617/1617/1617 967/967/967
f 784/784/784 1080/1080/1080 1090/1090/1090
f 1117/1117/1117 800/800/800 798/798/798
f 1120/1120/1120 930/930/930 1119/1119/1119
f 839/839/839 487/487/487 485/485/485
f 971/971/971 2968/2968/2968 970/970/970
f 959/959/959 1954/1954/1954 635/635/635
f 1423/1423/1423 2301/2301/2301 1422/1422/1422
f 2911/2911/2911 2614/2614/2614 2917/2917/2917
f 1115/1115/1115 1678/1678/1678 1114/1114/1114
f 1113/1113/1113 761/761/761 1112/1112/1112
f 763/763/763 381/381/381 363/363/363
f 1489/1489/1489 1072/1072/1072 1070/1070/1070
f 1484/1484/1484 1599/1599/1599 1483/1483/1483
f 1487/1487/1487 2625/2625/2625 1486/1486/1486
f 964/964/964 617/617/617 963/963/963
f 557/557/557 2458/2458/2458 951/951/951
f 2899/2899/2899 2658/2658/2658 2851/2851/2851
f 955/955/955 2637/2637/2637 954/954/954
f 1476/1476/1476 398/398/398 1475/1475/1475
f 1757/1757/1757 155/155/155 1203/1203/1203
f 750/750/750 2005/2005/2005 749/749/749
f 2517/2517/2517 1438/1438/1438 518/518/518
f 1227/1227/1227 1209/1209/1209 1210/1210/1210
f 2914/2914/2914 1868/1868/1868 2850/2850/2850
f 920/920/920 1931/1931/1931 762/762/762
f 2413/2413/2413 2556/2556/2556 2412/2412/2412
f 1408/1408/1408 558/558/558 556/556/556
f 788/788/788 789/789/789 1675/1675/1675
f 1510/1510/1510 1511/1511/1511 2027/2027/2027
f 1670/1670/1670 1265/1265/1265 1244/1244/1244
f 1983/1983/1983 1982/1982/1982 1194/1194/1194
f 2024/2024/2024 1615/1615/1615 1435/1435/1435
f 596/596/596 375/375/375 2624/2624/2624
f 1154/1154/1154 824/824/824 822/822/822
f 1953/1953/1953 969/969/969 968/968/968
f 2777/2777/2777 2778/2778/2778 1046/1046/1046
f 441/441/441 192/192/192 1560/1560/1560
f 1333/1333/1333 3032/3032/3032 2239/2239/2239
f 2407/2407/2407 67/67/67 2226/2226/2226
f 491/491/491 1481/1481/1481 1626/1626/1626
f 1980/1980/1980 1981/1981/1981 2410/2410/2410
f 141/141/141 822/822/822 2408/2408/2408
f 1514/1514/1514 2933/2933/2933 1624/1624/1624
f 1538/1538/1538 1536/1536/1536 2393/2393/2393
f 1694/1694/1694 2170/2170/2170 1693/1693/1693
f 1691/1691/1691 1229/1229/1229 1545/1545/1545
f 2026/2026/2026 1471/1471/1471 2025/2025/2025
f 2018/2018/2018 3033/3033/3033 875/875/875
f 11/11/11 2657/2657/2657 2397/2397/2397
f 1594/1594/1594 1595/1595/1595 2396/2396/2396
f 532/532/532 1287/1287/1287 2022/2022/2022
f 1841/1841/1841 1904/1904/1904 1663/1663/1663
f 17/17/17 2967/2967/2967 16/16/16
f 1085/1085/1085 1206/1206/1206 2394/2394/2394
f 2395/2395/2395 1035/1035/1035 1033/1033/1033
f 512/512/512 314/314/314 2307/2307/2307
f 1271/1271/1271 2068/2068/2068 2388/2388/2388
f 2000/2000/2000 2202/2202/2202 691/691/691
f 2393/2393/2393 767/767/767 1842/1842/1842
f 2119/2119/2119 2309/2309/2309 2049/2049/2049
f 2387/2387/2387 1123/1123/1123 2150/2150/2150
f 1122/1122/1122 2128/2128/2128 1121/1121/1121
f 1123/1123/1123 1124/1124/1124 1246/1246/1246
f 816/816/816 1200/1200/1200 1009/1009/1009
f 118/118/118 131/131/131 2383/2383/2383
f 2381/2381/2381 1132/1132/1132 1130/1130/1130
f 1614/1614/1614 3017/3017/3017 2382/2382/2382
f 1392/1392/1392 1393/1393/1393 1038/1038/1038
f 2815/2815/2815 258/258/258 949/949/949
f 1204/1204/1204 3034/3034/3034 1306/1306/1306
f 2290/2290/2290 2772/2772/2772 2249/2249/2249
f 2830/2830/2830 1087/1087/1087 1085/1085/1085
f 2374/2374/2374 850/850/850 848/848/848
f 1303/1303/1303 2790/2790/2790 2120/2120/2120
f 1285/1285/1285 1562/1562/1562 2390/2390/2390
f 504/504/504 164/164/164 2291/2291/2291
f 2354/2354/2354 2355/2355/2355 2391/2391/2391
f 1579/1579/1579 2244/2244/2244 2015/2015/2015
f 1497/1497/1497 1498/1498/1498 225/225/225
f 1640/1640/1640 1018/1018/1018 2011/2011/2011
f 1684/1684/1684 481/481/481 1544/1544/1544
f 1681/1681/1681 3035/3035/3035 1680/1680/1680
f 1086/1086/1086 1205/1205/1205 1206/1206/1206
f 2376/2376/2376 1800/1800/1800 1377/1377/1377
f 1814/1814/1814 1893/1893/1893 1894/1894/1894
f 1682/1682/1682 2329/2329/2329 1523/1523/1523
f 727/727/727 1769/1769/1769 1677/1677/1677
f 1689/1689/1689 2025/2025/2025 1590/1590/1590
f 1688/1688/1688 2275/2275/2275 1687/1687/1687
f 2009/2009/2009 940/940/940 925/925/925
f 588/588/588 218/218/218 1121/1121/1121
f 2005/2005/2005 655/655/655 2004/2004/2004
f 426/426/426 64/64/64 62/62/62
f 976/976/976 1842/1842/1842 1840/1840/1840
f 996/996/996 2562/2562/2562 2006/2006/2006
f 1115/1115/1115 548/548/548 747/747/747
f 1666/1666/1666 212/212/212 210/210/210
f 1372/1372/1372 1373/1373/1373 23/23/23
f 1818/1818/1818 22/22/22 1682/1682/1682
f 1606/1606/1606 1903/1903/1903 1160/1160/1160
f 1831/1831/1831 1832/1832/1832 2003/2003/2003
f 140/140/140 141/141/141 2371/2371/2371
f 1133/1133/1133 944/944/944 2360/2360/2360
f 2375/2375/2375 1855/1855/1855 850/850/850
f 2372/2372/2372 739/739/739 1494/1494/1494
f 1908/1908/1908 2437/2437/2437 35/35/35
f 1911/1911/1911 965/965/965 2368/2368/2368
f 2366/2366/2366 2806/2806/2806 276/276/276
f 2668/2668/2668 3036/3036/3036 2287/2287/2287
f 1475/1475/1475 398/398/398 541/541/541
f 65/65/65 2996/2996/2996 567/567/567
f 2350/2350/2350 2482/2482/2482 2099/2099/2099
f 1516/1516/1516 2808/2808/2808 2351/2351/2351
f 1670/1670/1670 1242/1242/1242 1669/1669/1669
f 477/477/477 478/478/478 263/263/263
f 1685/1685/1685 3037/3037/3037 1051/1051/1051
f 1673/1673/1673 2211/2211/2211 1672/1672/1672
f 1250/1250/1250 2154/2154/2154 1675/1675/1675
f 823/823/823 1815/1815/1815 1668/1668/1668
f 2348/2348/2348 1320/1320/1320 1318/1318/1318
f 993/993/993 42/42/42 2037/2037/2037
f 644/644/644 1018/1018/1018 1640/1640/1640
f 986/986/986 1923/1923/1923 2340/2340/2340
f 1794/1794/1794 2027/2027/2027 2140/2140/2140
f 1835/1835/1835 128/128/128 1609/1609/1609
f 1313/1313/1313 1475/1475/1475 555/555/555
f 558/558/558 1408/1408/1408 1406/1406/1406
f 2253/2253/2253 959/959/959 2778/2778/2778
f 1790/1790/1790 785/785/785 2820/2820/2820
f 162/162/162 1976/1976/1976 206/206/206
f 1626/1626/1626 958/958/958 2590/2590/2590
f 2345/2345/2345 2835/2835/2835 2344/2344/2344
f 267/267/267 268/268/268 2342/2342/2342
f 2225/2225/2225 989/989/989 988/988/988
f 595/595/595 2389/2389/2389 2377/2377/2377
f 1982/1982/1982 1343/1343/1343 1342/1342/1342
f 2330/2330/2330 3038/3038/3038 2174/2174/2174
f 717/717/717 718/718/718 1980/1980/1980
f 1350/1350/1350 2405/2405/2405 1349/1349/1349
f 2236/2236/2236 2409/2409/2409 9/9/9
f 2441/2441/2441 2439/2439/2439 2970/2970/2970
f 2126/2126/2126 2186/2186/2186 657/657/657
f 747/747/747 463/463/463 2403/2403/2403
f 1212/1212/1212 1129/1129/1129 2205/2205/2205
f 1647/1647/1647 1225/1225/1225 1525/1525/1525
f 546/546/546 2605/2605/2605 1453/1453/1453
f 303/303/303 304/304/304 2234/2234/2234
f 1698/1698/1698 608/608/608 1697/1697/1697
f 1968/1968/1968 3039/3039/3039 2615/2615/2615
f 1826/1826/1826 229/229/229 1604/1604/1604
f 2323/2323/2323 1370/1370/1370 1456/1456/1456
f 1417/1417/1417 3040/3040/3040 2633/2633/2633
f 1546/1546/1546 1927/1927/1927 1211/1211/1211
f 53/53/53 54/54/54 1472/1472/1472
f 1284/1284/1284 1285/1285/1285 2389/2389/2389
f 404/404/404 2943/2943/2943 403/403/403
f 2676/2676/2676 2546/2546/2546 2727/2727/2727
f 2001/2001/2001 2202/2202/2202 2000/2000/2000
f 369/369/369 367/367/367 1999/1999/1999
f 2336/2336/2336 1946/1946/1946 1984/1984/1984
f 1988/1988/1988 322/322/322 1987/1987/1987
f 183/183/183 1598/1598/1598 1575/1575/1575
f 1986/1986/1986 1384/1384/1384 1382/1382/1382
f 1946/1946/1946 198/198/198 196/196/196
f 465/465/465 2479/2479/2479 3027/3027/3027
f 3041/3041/3041 2462/2462/2462 2956/2956/2956
f 543/543/543 2030/2030/2030 1989/1989/1989
f 1027/1027/1027 2023/2023/2023 1194/1194/1194
f 718/718/718 2235/2235/2235 1981/1981/1981
f 2621/2621/2621 3042/3042/3042 2620/2620/2620
f 496/496/496 596/596/596 808/808/808
f 416/416/416 3024/3024/3024 2461/2461/2461
f 1568/1568/1568 166/166/166 1567/1567/1567
f 411/411/411 1733/1733/1733 285/285/285
f 2069/2069/2069 2804/2804/2804 2192/2192/2192
f 562/562/562 2416/2416/2416 1126/1126/1126
f 2563/2563/2563 936/936/936 937/937/937
f 2905/2905/2905 2228/2228/2228 1155/1155/1155
f 2967/2967/2967 2956/2956/2956 2448/2448/2448
f 1262/1262/1262 1297/1297/1297 1261/1261/1261
f 1891/1891/1891 2394/2394/2394 2420/2420/2420
f 14/14/14 420/420/420 2541/2541/2541
f 1519/1519/1519 701/701/701 10/10/10
f 506/506/506 2161/2161/2161 1659/1659/1659
f 2257/2257/2257 382/382/382 995/995/995
f 1785/1785/1785 3043/3043/3043 2010/2010/2010
f 2169/2169/2169 318/318/318 316/316/316
f 2316/2316/2316 1195/1195/1195 1330/1330/1330
f 452/452/452 647/647/647 2242/2242/2242
f 2642/2642/2642 1935/1935/1935 2641/2641/2641
f 2418/2418/2418 1267/1267/1267 2241/2241/2241
f 332/332/332 292/292/292 290/290/290
f 1639/1639/1639 1637/1637/1637 1097/1097/1097
f 1405/1405/1405 976/976/976 1404/1404/1404
f 1446/1446/1446 2223/2223/2223 918/918/918
f 2049/2049/2049 2309/2309/2309 2357/2357/2357
f 2259/2259/2259 439/439/439 2359/2359/2359
f 1213/1213/1213 2671/2671/2671 1212/1212/1212
f 897/897/897 2826/2826/2826 291/291/291
f 1011/1011/1011 1977/1977/1977 1783/1783/1783
f 1932/1932/1932 1933/1933/1933 1955/1955/1955
f 1322/1322/1322 175/175/175 874/874/874
f 460/460/460 3044/3044/3044 2962/2962/2962
f 163/163/163 941/941/941 162/162/162
f 2356/2356/2356 1632/1632/1632 1084/1084/1084
f 1283/1283/1283 100/100/100 1066/1066/1066
f 2346/2346/2346 1089/1089/1089 2724/2724/2724
f 950/950/950 951/951/951 2235/2235/2235
f 96/96/96 2536/2536/2536 95/95/95
f 142/142/142 1154/1154/1154 141/141/141
f 1572/1572/1572 268/268/268 269/269/269
f 2280/2280/2280 1772/1772/1772 2218/2218/2218
f 1563/1563/1563 2055/2055/2055 1711/1711/1711
f 1062/1062/1062 2759/2759/2759 1958/1958/1958
f 2361/2361/2361 2318/2318/2318 2484/2484/2484
f 2088/2088/2088 114/114/114 3045/3045/3045
f 690/690/690 2654/2654/2654 476/476/476
f 25/25/25 52/52/52 163/163/163
f 1381/1381/1381 1199/1199/1199 1200/1200/1200
f 539/539/539 1123/1123/1123 2387/2387/2387
f 2781/2781/2781 1958/1958/1958 1957/1957/1957
f 2852/2852/2852 2899/2899/2899 2851/2851/2851
f 326/326/326 2093/2093/2093 2995/2995/2995
f 1244/1244/1244 3046/3046/3046 1243/1243/1243
f 1900/1900/1900 336/336/336 922/922/922
f 203/203/203 84/84/84 2632/2632/2632
f 573/573/573 1553/1553/1553 2076/2076/2076
f 1791/1791/1791 2830/2830/2830 1891/1891/1891
f 1267/1267/1267 1265/1265/1265 1670/1670/1670
f 734/734/734 898/898/898 733/733/733
f 1981/1981/1981 2086/2086/2086 1912/1912/1912
f 862/862/862 2510/2510/2510 861/861/861
f 838/838/838 2373/2373/2373 7/7/7
f 299/299/299 297/297/297 1483/1483/1483
f 1225/1225/1225 1226/1226/1226 1069/1069/1069
f 1699/1699/1699 1330/1330/1330 1195/1195/1195
f 902/902/902 865/865/865 1910/1910/1910
f 2691/2691/2691 2690/2690/2690 1781/1781/1781
f 1012/1012/1012 1499/1499/1499 1497/1497/1497
f 1022/1022/1022 294/294/294 126/126/126
f 2143/2143/2143 18/18/18 2594/2594/2594
f 2935/2935/2935 1848/1848/1848 3047/3047/3047
f 1874/1874/1874 886/886/886 725/725/725
f 128/128/128 1915/1915/1915 407/407/407
f 2534/2534/2534 2529/2529/2529 2535/2535/2535
f 2477/2477/2477 153/153/153 1458/1458/1458
f 2850/2850/2850 1868/1868/1868 1850/1850/1850
f 698/698/698 1566/1566/1566 1567/1567/1567
f 1294/1294/1294 1480/1480/1480 358/358/358
f 1580/1580/1580 2495/2495/2495 2244/2244/2244
f 233/233/233 403/403/403 232/232/232
f 200/200/200 2958/2958/2958 2338/2338/2338
f 2982/2982/2982 945/945/945 732/732/732
f 365/365/365 39/39/39 364/364/364
f 2683/2683/2683 2684/2684/2684 2915/2915/2915
f 2316/2316/2316 932/932/932 930/930/930
f 686/686/686 2841/2841/2841 2788/2788/2788
f 890/890/890 2913/2913/2913 889/889/889
f 2115/2115/2115 2116/2116/2116 260/260/260
f 1556/1556/1556 1557/1557/1557 1120/1120/1120
f 1210/1210/1210 189/189/189 756/756/756
f 544/544/544 585/585/585 2324/2324/2324
f 1508/1508/1508 1227/1227/1227 1228/1228/1228
f 1439/1439/1439 2097/2097/2097 2039/2039/2039
f 946/946/946 2331/2331/2331 1479/1479/1479
f 2368/2368/2368 71/71/71 447/447/447
f 1969/1969/1969 1103/1103/1103 1101/1101/1101
f 554/554/554 333/333/333 331/331/331
f 2282/2282/2282 481/481/481 1684/1684/1684
f 1394/1394/1394 2713/2713/2713 1393/1393/1393
f 2427/2427/2427 2715/2715/2715 1045/1045/1045
f 913/913/913 1518/1518/1518 912/912/912
f 945/945/945 2758/2758/2758 734/734/734
f 556/556/556 557/557/557 950/950/950
f 75/75/75 1679/1679/1679 1555/1555/1555
f 443/443/443 444/444/444 3048/3048/3048
f 2532/2532/2532 2535/2535/2535 3020/3020/3020
f 2349/2349/2349 2099/2099/2099 521/521/521
f 1860/1860/1860 2594/2594/2594 2514/2514/2514
f 1806/1806/1806 2915/2915/2915 2860/2860/2860
f 2818/2818/2818 874/874/874 1391/1391/1391
f 712/712/712 710/710/710 2074/2074/2074
f 3013/3013/3013 1344/1344/1344 904/904/904
f 3049/3049/3049 1418/1418/1418 2272/2272/2272
f 46/46/46 2981/2981/2981 527/527/527
f 2090/2090/2090 605/605/605 98/98/98
f 618/618/618 619/619/619 1278/1278/1278
f 451/451/451 2242/2242/2242 2519/2519/2519
f 1468/1468/1468 1181/1181/1181 806/806/806
f 1109/1109/1109 965/965/965 1911/1911/1911
f 1868/1868/1868 1869/1869/1869 2852/2852/2852
f 2287/2287/2287 3004/3004/3004 2224/2224/2224
f 2711/2711/2711 2053/2053/2053 2323/2323/2323
f 1657/1657/1657 646/646/646 2784/2784/2784
f 2047/2047/2047 1564/1564/1564 1528/1528/1528
f 978/978/978 1769/1769/1769 727/727/727
f 2189/2189/2189 2654/2654/2654 690/690/690
f 451/451/451 2519/2519/2519 2629/2629/2629
f 502/502/502 542/542/542 1872/1872/1872
f 712/712/712 2074/2074/2074 1444/1444/1444
f 2280/2280/2280 2215/2215/2215 1772/1772/1772
f 1563/1563/1563 2074/2074/2074 2055/2055/2055
f 2642/2642/2642 2597/2597/2597 1935/1935/1935
f 1785/1785/1785 1787/1787/1787 3043/3043/3043
f 1572/1572/1572 2703/2703/2703 268/268/268
f 460/460/460 3048/3048/3048 3044/3044/3044
f 1657/1657/1657 1658/1658/1658 646/646/646
f 2189/2189/2189 2190/2190/2190 2654/2654/2654
f 2422/2422/2422 2681/2681/2681 222/222/222
f 14/14/14 419/419/419 420/420/420
f 2287/2287/2287 3036/3036/3036 3004/3004/3004
f 1109/1109/1109 967/967/967 965/965/965
f 3049/3049/3049 2272/2272/2272 2277/2277/2277
f 3041/3041/3041 3026/3026/3026 2462/2462/2462
f 416/416/416 417/417/417 3024/3024/3024
f 162/162/162 2144/2144/2144 1976/1976/1976
f 465/465/465 364/364/364 2479/2479/2479
f 890/890/890 2038/2038/2038 2913/2913/2913
f 2253/2253/2253 2209/2209/2209 959/959/959
f 1790/1790/1790 2172/2172/2172 785/785/785
f 618/618/618 1278/1278/1278 1619/1619/1619
f 2124/2124/2124 1723/1723/1723 1722/1722/1722
f 2751/2751/2751 2960/2960/2960 994/994/994
f 3013/3013/3013 904/904/904 1142/1142/1142
f 1757/1757/1757 2198/2198/2198 155/155/155
f 1227/1227/1227 1281/1281/1281 1209/1209/1209
f 2772/2772/2772 2365/2365/2365 276/276/276
f 3026/3026/3026 418/418/418 416/416/416
f 2923/2923/2923 274/274/274 2655/2655/2655
f 2899/2899/2899 2660/2660/2660 2658/2658/2658
f 2868/2868/2868 2865/2865/2865 2977/2977/2977
f 417/417/417 464/464/464 3025/3025/3025
f 2656/2656/2656 2595/2595/2595 3022/3022/3022
f 666/666/666 667/667/667 2907/2907/2907
f 1406/1406/1406 1407/1407/1407 2994/2994/2994
f 3021/3021/3021 2953/2953/2953 1541/1541/1541
f 2460/2460/2460 2461/2461/2461 3019/3019/3019
f 215/215/215 82/82/82 80/80/80
f 2593/2593/2593 2449/2449/2449 2566/2566/2566
f 16/16/16 2967/2967/2967 2449/2449/2449
f 2533/2533/2533 3020/3020/3020 2480/2480/2480
f 2493/2493/2493 2494/2494/2494 1461/1461/1461
f 3005/3005/3005 2502/2502/2502 2501/2501/2501
f 776/776/776 1003/1003/1003 3007/3007/3007
f 915/915/915 1806/1806/1806 2906/2906/2906
f 1207/1207/1207 914/914/914 2914/2914/2914
f 1140/1140/1140 1141/1141/1141 689/689/689
f 1734/1734/1734 1368/1368/1368 2531/2531/2531
f 2373/2373/2373 1269/1269/1269 9/9/9
f 3028/3028/3028 3041/3041/3041 2956/2956/2956
f 464/464/464 465/465/465 3027/3027/3027
f 2911/2911/2911 2212/2212/2212 2614/2614/2614
f 3020/3020/3020 2535/2535/2535 2529/2529/2529
f 1774/1774/1774 1860/1860/1860 2515/2515/2515
f 922/922/922 334/334/334 540/540/540
f 329/329/329 2328/2328/2328 1506/1506/1506
f 2349/2349/2349 521/521/521 55/55/55
f 2843/2843/2843 855/855/855 856/856/856
f 2935/2935/2935 1850/1850/1850 1848/1848/1848
f 2564/2564/2564 2636/2636/2636 450/450/450
f 2906/2906/2906 2860/2860/2860 2660/2660/2660
f 1145/1145/1145 1506/1506/1506 1144/1144/1144
f 2914/2914/2914 914/914/914 1868/1868/1868
f 17/17/17 3028/3028/3028 2967/2967/2967
f 2999/2999/2999 2812/2812/2812 379/379/379
f 688/688/688 1257/1257/1257 1926/1926/1926
f 882/882/882 883/883/883 2998/2998/2998
f 1267/1267/1267 1670/1670/1670 93/93/93
f 2532/2532/2532 3020/3020/3020 2533/2533/2533
f 94/94/94 2453/2453/2453 937/937/937
f 531/531/531 2022/2022/2022 715/715/715
f 2661/2661/2661 1487/1487/1487 1485/1485/1485
f 2672/2672/2672 2789/2789/2789 2674/2674/2674
f 447/447/447 1217/1217/1217 2467/2467/2467
f 2797/2797/2797 620/620/620 618/618/618
f 2898/2898/2898 1863/1863/1863 1470/1470/1470
f 2086/2086/2086 1110/1110/1110 1109/1109/1109
f 2606/2606/2606 2820/2820/2820 785/785/785
f 1404/1404/1404 1840/1840/1840 1663/1663/1663
f 1665/1665/1665 205/205/205 206/206/206
f 1661/1661/1661 1912/1912/1912 1660/1660/1660
f 1656/1656/1656 3050/3050/3050 1655/1655/1655
f 1095/1095/1095 402/402/402 1650/1650/1650
f 75/75/75 1103/1103/1103 1969/1969/1969
f 1966/1966/1966 2006/2006/2006 1965/1965/1965
f 1050/1050/1050 2094/2094/2094 910/910/910
f 584/584/584 654/654/654 653/653/653
f 1952/1952/1952 2081/2081/2081 1951/1951/1951
f 648/648/648 946/946/946 1479/1479/1479
f 1173/1173/1173 856/856/856 811/811/811
f 1659/1659/1659 1873/1873/1873 1658/1658/1658
f 1653/1653/1653 1908/1908/1908 36/36/36
f 548/548/548 2780/2780/2780 746/746/746
f 1559/1559/1559 1094/1094/1094 1650/1650/1650
f 1646/1646/1646 2050/2050/2050 1464/1464/1464
f 1645/1645/1645 2795/2795/2795 1644/1644/1644
f 1649/1649/1649 556/556/556 719/719/719
f 88/88/88 89/89/89 1225/1225/1225
f 1030/1030/1030 2419/2419/2419 643/643/643
f 1498/1498/1498 2226/2226/2226 1420/1420/1420
f 1958/1958/1958 1753/1753/1753 1754/1754/1754
f 2122/2122/2122 2759/2759/2759 1062/1062/1062
f 1973/1973/1973 1347/1347/1347 1972/1972/1972
f 1668/1668/1668 1815/1815/1815 1814/1814/1814
f 1955/1955/1955 1978/1978/1978 1815/1815/1815
f 1956/1956/1956 2049/2049/2049 1568/1568/1568
f 1209/1209/1209 1207/1207/1207 188/188/188
f 50/50/50 2302/2302/2302 135/135/135
f 2664/2664/2664 2581/2581/2581 2464/2464/2464
f 1196/1196/1196 1197/1197/1197 1962/1962/1962
f 604/604/604 1546/1546/1546 2401/2401/2401
f 1636/1636/1636 2342/2342/2342 1977/1977/1977
f 1955/1955/1955 1933/1933/1933 1979/1979/1979
f 1843/1843/1843 1844/1844/1844 1945/1945/1945
f 1692/1692/1692 1693/1693/1693 252/252/252
f 1947/1947/1947 2834/2834/2834 933/933/933
f 1976/1976/1976 2144/2144/2144 1752/1752/1752
f 1639/1639/1639 3051/3051/3051 1638/1638/1638
f 1641/1641/1641 2784/2784/2784 644/644/644
f 1295/1295/1295 1296/1296/1296 1635/1635/1635
f 933/933/933 1133/1133/1133 1631/1631/1631
f 236/236/236 2356/2356/2356 1938/1938/1938
f 1576/1576/1576 962/962/962 1940/1940/1940
f 687/687/687 1926/1926/1926 1924/1924/1924
f 1934/1934/1934 2845/2845/2845 1933/1933/1933
f 1920/1920/1920 1230/1230/1230 867/867/867
f 582/582/582 583/583/583 1922/1922/1922
f 1786/1786/1786 908/908/908 1785/1785/1785
f 908/908/908 56/56/56 1787/1787/1787
f 392/392/392 393/393/393 1633/1633/1633
f 1781/1781/1781 2690/2690/2690 1780/1780/1780
f 1636/1636/1636 1011/1011/1011 1009/1009/1009
f 1273/1273/1273 2013/2013/2013 1643/1643/1643
f 1626/1626/1626 1481/1481/1481 726/726/726
f 1247/1247/1247 2048/2048/2048 1798/1798/1798
f 1383/1383/1383 1113/1113/1113 1111/1111/1111
f 1628/1628/1628 1360/1360/1360 1358/1358/1358
f 54/54/54 520/520/520 1630/1630/1630
f 1540/1540/1540 429/429/429 1625/1625/1625
f 1926/1926/1926 2742/2742/2742 1925/1925/1925
f 2130/2130/2130 2414/2414/2414 2129/2129/2129
f 1937/1937/1937 3052/3052/3052 1408/1408/1408
f 1547/1547/1547 3053/3053/3053 1927/1927/1927
f 1159/1159/1159 2749/2749/2749 1665/1665/1665
f 672/672/672 709/709/709 21/21/21
f 1631/1631/1631 2360/2360/2360 765/765/765
f 1658/1658/1658 628/628/628 1929/1929/1929
f 2575/2575/2575 2024/2024/2024 2790/2790/2790
f 1942/1942/1942 3029/3029/3029 1032/1032/1032
f 1700/1700/1700 158/158/158 1112/1112/1112
f 376/376/376 1277/1277/1277 1275/1275/1275
f 1530/1530/1530 603/603/603 1617/1617/1617
f 286/286/286 284/284/284 1917/1917/1917
f 1914/1914/1914 495/495/495 678/678/678
f 822/822/822 823/823/823 1667/1667/1667
f 2704/2704/2704 2303/2303/2303 1385/1385/1385
f 1354/1354/1354 702/702/702 701/701/701
f 214/214/214 80/80/80 2654/2654/2654
f 2861/2861/2861 2411/2411/2411 2130/2130/2130
f 2989/2989/2989 3030/3030/3030 1166/1166/1166
f 1464/1464/1464 1492/1492/1492 1/1/1
f 1834/1834/1834 2680/2680/2680 2166/2166/2166
f 534/534/534 1530/1530/1530 1110/1110/1110
f 396/396/396 208/208/208 82/82/82
f 1858/1858/1858 2169/2169/2169 2643/2643/2643
f 1296/1296/1296 1388/1388/1388 1387/1387/1387
f 92/92/92 2957/2957/2957 2511/2511/2511
f 2982/2982/2982 553/553/553 554/554/554
f 833/833/833 2009/2009/2009 2008/2008/2008
f 2501/2501/2501 321/321/321 319/319/319
f 2690/2690/2690 778/778/778 2450/2450/2450
f 45/45/45 1269/1269/1269 2373/2373/2373
f 171/171/171 1987/1987/1987 2185/2185/2185
f 471/471/471 1177/1177/1177 1175/1175/1175
f 1009/1009/1009 1010/1010/1010 686/686/686
f 1609/1609/1609 407/407/407 552/552/552
f 1612/1612/1612 1951/1951/1951 1611/1611/1611
f 473/473/473 701/701/701 1519/1519/1519
f 1910/1910/1910 865/865/865 311/311/311
f 1841/1841/1841 765/765/765 1905/1905/1905
f 773/773/773 774/774/774 777/777/777
f 1336/1336/1336 2716/2716/2716 1608/1608/1608
f 680/680/680 681/681/681 421/421/421
f 1760/1760/1760 508/508/508 1759/1759/1759
f 736/736/736 863/863/863 1396/1396/1396
f 1108/1108/1108 1969/1969/1969 1766/1766/1766
f 127/127/127 1552/1552/1552 1677/1677/1677
f 1507/1507/1507 1282/1282/1282 1281/1281/1281
f 1771/1771/1771 1131/1131/1131 512/512/512
f 1703/1703/1703 2538/2538/2538 560/560/560
f 1607/1607/1607 2831/2831/2831 1606/1606/1606
f 1586/1586/1586 1327/1327/1327 1897/1897/1897
f 1903/1903/1903 1886/1886/1886 1902/1902/1902
f 422/422/422 1907/1907/1907 2028/2028/2028
f 1895/1895/1895 1833/1833/1833 1831/1831/1831
f 1807/1807/1807 1808/1808/1808 305/305/305
f 2127/2127/2127 2952/2952/2952 2126/2126/2126
f 2125/2125/2125 2279/2279/2279 2124/2124/2124
f 1909/1909/1909 2524/2524/2524 1908/1908/1908
f 422/422/422 1441/1441/1441 1788/1788/1788
f 1882/1882/1882 982/982/982 234/234/234
f 1912/1912/1912 1109/1109/1109 1911/1911/1911
f 1449/1449/1449 1496/1496/1496 1161/1161/1161
f 382/382/382 383/383/383 997/997/997
f 1615/1615/1615 3010/3010/3010 1614/1614/1614
f 1162/1162/1162 1621/1621/1621 1622/1622/1622
f 1505/1505/1505 1504/1504/1504 2084/2084/2084
f 1827/1827/1827 2799/2799/2799 1826/1826/1826
f 273/273/273 783/783/783 1232/1232/1232
f 627/627/627 15/15/15 204/204/204
f 2314/2314/2314 1966/1966/1966 1964/1964/1964
f 1066/1066/1066 2072/2072/2072 457/457/457
f 402/402/402 401/401/401 2822/2822/2822
f 1100/1100/1100 574/574/574 1099/1099/1099
f 1051/1051/1051 1817/1817/1817 1050/1050/1050
f 681/681/681 1121/1121/1121 2451/2451/2451
f 1974/1974/1974 663/663/663 664/664/664
f 2271/2271/2271 884/884/884 882/882/882
f 1806/1806/1806 2860/2860/2860 2906/2906/2906
f 2818/2818/2818 1391/1391/1391 3054/3054/3054
f 677/677/677 2908/2908/2908 2550/2550/2550
f 418/418/418 511/511/511 417/417/417
f 281/281/281 282/282/282 2083/2083/2083
f 393/393/393 2467/2467/2467 1988/1988/1988
f 1221/1221/1221 2063/2063/2063 2771/2771/2771
f 1119/1119/1119 2232/2232/2232 994/994/994
f 1654/1654/1654 643/643/643 387/387/387
f 546/546/546 2488/2488/2488 2959/2959/2959
f 1469/1469/1469 844/844/844 2301/2301/2301
f 2917/2917/2917 2614/2614/2614 2568/2568/2568
f 1232/1232/1232 2850/2850/2850 2935/2935/2935
f 1860/1860/1860 2514/2514/2514 2515/2515/2515
f 443/443/443 3048/3048/3048 460/460/460
f 2949/2949/2949 207/207/207 208/208/208
f 626/626/626 970/970/970 419/419/419
f 2744/2744/2744 1073/1073/1073 181/181/181
f 2404/2404/2404 2201/2201/2201 388/388/388
f 199/199/199 200/200/200 2338/2338/2338
f 2807/2807/2807 2926/2926/2926 2677/2677/2677
f 2952/2952/2952 2188/2188/2188 2186/2186/2186
f 2953/2953/2953 2428/2428/2428 1540/1540/1540
f 1366/1366/1366 2323/2323/2323 1186/1186/1186
f 1156/1156/1156 576/576/576 2336/2336/2336
f 2939/2939/2939 2213/2213/2213 2911/2911/2911
f 1402/1402/1402 2179/2179/2179 1401/1401/1401
f 770/770/770 771/771/771 2836/2836/2836
f 1216/1216/1216 1060/1060/1060 900/900/900
f 2261/2261/2261 2002/2002/2002 2103/2103/2103
f 1588/1588/1588 1698/1698/1698 1696/1696/1696
f 931/931/931 1146/1146/1146 2033/2033/2033
f 1248/1248/1248 2391/2391/2391 2312/2312/2312
f 297/297/297 298/298/298 2238/2238/2238
f 2013/2013/2013 225/225/225 223/223/223
f 691/691/691 689/689/689 1141/1141/1141
f 2662/2662/2662 2627/2627/2627 1487/1487/1487
f 2394/2394/2394 1206/1206/1206 1991/1991/1991
f 2470/2470/2470 2689/2689/2689 2944/2944/2944
f 2164/2164/2164 1859/1859/1859 1360/1360/1360
f 2946/2946/2946 2363/2363/2363 1390/1390/1390
f 1368/1368/1368 1047/1047/1047 735/735/735
f 2939/2939/2939 454/454/454 3055/3055/3055
f 365/365/365 1865/1865/1865 39/39/39
f 429/429/429 430/430/430 1258/1258/1258
f 999/999/999 3049/3049/3049 2277/2277/2277
f 2662/2662/2662 1487/1487/1487 2661/2661/2661
f 934/934/934 1133/1133/1133 933/933/933
f 407/407/407 405/405/405 552/552/552
f 2050/2050/2050 1364/1364/1364 1492/1492/1492
f 2380/2380/2380 1068/1068/1068 1226/1226/1226
f 983/983/983 303/303/303 2233/2233/2233
f 2494/2494/2494 273/273/273 274/274/274
f 1246/1246/1246 2978/2978/2978 1489/1489/1489
f 2296/2296/2296 1088/1088/1088 1307/1307/1307
f 1506/1506/1506 2328/2328/2328 2297/2297/2297
f 1560/1560/1560 1425/1425/1425 1022/1022/1022
f 2682/2682/2682 2422/2422/2422 2699/2699/2699
f 2122/2122/2122 821/821/821 2760/2760/2760
f 349/349/349 350/350/350 2274/2274/2274
f 306/306/306 687/687/687 1931/1931/1931
f 2759/2759/2759 2760/2760/2760 1753/1753/1753
f 2762/2762/2762 2402/2402/2402 1353/1353/1353
f 2624/2624/2624 2895/2895/2895 2623/2623/2623
f 622/622/622 1437/1437/1437 1436/1436/1436
f 2089/2089/2089 2667/2667/2667 2287/2287/2287
f 2281/2281/2281 1719/1719/1719 2215/2215/2215
f 1972/1972/1972 1347/1347/1347 1345/1345/1345
f 2286/2286/2286 3056/3056/3056 2191/2191/2191
f 968/968/968 980/980/980 1474/1474/1474
f 2048/2048/2048 2313/2313/2313 2278/2278/2278
f 2177/2177/2177 1025/1025/1025 693/693/693
f 1219/1219/1219 860/860/860 2279/2279/2279
f 878/878/878 2281/2281/2281 2280/2280/2280
f 134/134/134 135/135/135 986/986/986
f 2129/2129/2129 420/420/420 2451/2451/2451
f 2400/2400/2400 1813/1813/1813 1222/1222/1222
f 2277/2277/2277 2272/2272/2272 2271/2271/2271
f 1453/1453/1453 2605/2605/2605 1340/1340/1340
f 1445/1445/1445 918/918/918 917/917/917
f 2272/2272/2272 1416/1416/1416 884/884/884
f 1482/1482/1482 1483/1483/1483 297/297/297
f 2283/2283/2283 2016/2016/2016 2282/2282/2282
f 2273/2273/2273 1445/1445/1445 2245/2245/2245
f 2275/2275/2275 1685/1685/1685 1049/1049/1049
f 1716/1716/1716 2043/2043/2043 2268/2268/2268
f 2058/2058/2058 2115/2115/2115 261/261/261
f 710/710/710 711/711/711 1942/1942/1942
f 1067/1067/1067 1068/1068/1068 1771/1771/1771
f 685/685/685 2788/2788/2788 1300/1300/1300
f 2709/2709/2709 1150/1150/1150 1148/1148/1148
f 1399/1399/1399 1767/1767/1767 2470/2470/2470
f 177/177/177 1842/1842/1842 976/976/976
f 2260/2260/2260 1345/1345/1345 439/439/439
f 780/780/780 781/781/781 2261/2261/2261
f 2258/2258/2258 2822/2822/2822 2257/2257/2257
f 969/969/969 2828/2828/2828 442/442/442
f 1618/1618/1618 49/49/49 402/402/402
f 277/277/277 857/857/857 1557/1557/1557
f 1479/1479/1479 2331/2331/2331 1478/1478/1478
f 2417/2417/2417 2241/2241/2241 2240/2240/2240
f 1765/1765/1765 1766/1766/1766 1230/1230/1230
f 96/96/96 94/94/94 938/938/938
f 2288/2288/2288 1691/1691/1691 1690/1690/1690
f 1138/1138/1138 3057/3057/3057 2458/2458/2458
f 1922/1922/1922 461/461/461 2243/2243/2243
f 889/889/889 2912/2912/2912 2983/2983/2983
f 2232/2232/2232 3018/3018/3018 547/547/547
f 2228/2228/2228 1934/1934/1934 1932/1932/1932
f 2227/2227/2227 1593/1593/1593 1591/1591/1591
f 1588/1588/1588 2947/2947/2947 2230/2230/2230
f 1687/1687/1687 1967/1967/1967 26/26/26
f 2223/2223/2223 2999/2999/2999 638/638/638
f 2814/2814/2814 2815/2815/2815 2829/2829/2829
f 1451/1451/1451 2265/2265/2265 939/939/939
f 2399/2399/2399 516/516/516 280/280/280
f 190/190/190 1292/1292/1292 1425/1425/1425
f 2225/2225/2225 2287/2287/2287 2224/2224/2224
f 962/962/962 963/963/963 1824/1824/1824
f 798/798/798 799/799/799 2322/2322/2322
f 868/868/868 869/869/869 1596/1596/1596
f 1163/1163/1163 834/834/834 1803/1803/1803
f 2386/2386/2386 592/592/592 590/590/590
f 1078/1078/1078 1918/1918/1918 1215/1215/1215
f 1928/1928/1928 1665/1665/1665 1664/1664/1664
f 2712/2712/2712 2052/2052/2052 2053/2053/2053
f 1228/1228/1228 1210/1210/1210 2065/2065/2065
f 1776/1776/1776 1774/1774/1774 2596/2596/2596
f 528/528/528 905/905/905 2236/2236/2236
f 189/189/189 187/187/187 755/755/755
f 2245/2245/2245 917/917/917 741/741/741
f 2222/2222/2222 812/812/812 289/289/289
f 934/934/934 1264/1264/1264 1430/1430/1430
f 490/490/490 488/488/488 2478/2478/2478
f 1962/1962/1962 494/494/494 1339/1339/1339
f 2215/2215/2215 1719/1719/1719 1720/1720/1720
f 1270/1270/1270 1772/1772/1772 1363/1363/1363
f 1405/1405/1405 1403/1403/1403 2216/2216/2216
f 1504/1504/1504 1308/1308/1308 2918/2918/2918
f 1012/1012/1012 1497/1497/1497 2013/2013/2013
f 2150/2150/2150 1571/1571/1571 1949/1949/1949
f 1979/1979/1979 249/249/249 470/470/470
f 2266/2266/2266 2506/2506/2506 1376/1376/1376
f 995/995/995 996/996/996 1966/1966/1966
f 2221/2221/2221 2720/2720/2720 1706/1706/1706
f 2187/2187/2187 814/814/814 812/812/812
f 579/579/579 3009/3009/3009 2264/2264/2264
f 1472/1472/1472 1630/1630/1630 2265/2265/2265
f 1427/1427/1427 770/770/770 2211/2211/2211
f 168/168/168 587/587/587 680/680/680
f 383/383/383 3012/3012/3012 2210/2210/2210
f 2175/2175/2175 1250/1250/1250 1674/1674/1674
f 35/35/35 2602/2602/2602 103/103/103
f 1951/1951/1951 2081/2081/2081 532/532/532
f 2209/2209/2209 1953/1953/1953 1954/1954/1954
f 1130/1130/1130 1131/1131/1131 1771/1771/1771
f 2057/2057/2057 2263/2263/2263 1056/1056/1056
f 1651/1651/1651 1479/1479/1479 1477/1477/1477
f 756/756/756 755/755/755 2580/2580/2580
f 2143/2143/2143 2594/2594/2594 1860/1860/1860
f 1524/1524/1524 1525/1525/1525 1069/1069/1069
f 1256/1256/1256 1254/1254/1254 2356/2356/2356
f 373/373/373 2401/2401/2401 1211/1211/1211
f 2135/2135/2135 2661/2661/2661 1480/1480/1480
f 2202/2202/2202 2189/2189/2189 690/690/690
f 2197/2197/2197 2251/2251/2251 2196/2196/2196
f 813/813/813 288/288/288 289/289/289
f 1701/1701/1701 1984/1984/1984 2184/2184/2184
f 2182/2182/2182 24/24/24 1819/1819/1819
f 2194/2194/2194 3001/3001/3001 2193/2193/2193
f 2188/2188/2188 2710/2710/2710 2187/2187/2187
f 2178/2178/2178 1025/1025/1025 2177/2177/2177
f 2165/2165/2165 801/801/801 2169/2169/2169
f 575/575/575 1664/1664/1664 112/112/112
f 2180/2180/2180 297/297/297 2179/2179/2179
f 2191/2191/2191 3056/3056/3056 2190/2190/2190
f 772/772/772 711/711/711 2176/2176/2176
f 2174/2174/2174 3038/3038/3038 2173/2173/2173
f 1349/1349/1349 2405/2405/2405 2353/2353/2353
f 505/505/505 506/506/506 2318/2318/2318
f 2363/2363/2363 2395/2395/2395 2362/2362/2362
f 1752/1752/1752 1750/1750/1750 1995/1995/1995
f 265/265/265 1365/1365/1365 1187/1187/1187
f 2170/2170/2170 782/782/782 780/780/780
f 254/254/254 243/243/243 241/241/241
f 2185/2185/2185 1987/1987/1987 480/480/480
f 1674/1674/1674 2151/2151/2151 1526/1526/1526
f 180/180/180 1250/1250/1250 2175/2175/2175
f 2044/2044/2044 2045/2045/2045 979/979/979
f 2160/2160/2160 139/139/139 137/137/137
f 2161/2161/2161 1690/1690/1690 1873/1873/1873
f 1565/1565/1565 2378/2378/2378 2153/2153/2153
f 2152/2152/2152 2474/2474/2474 82/82/82
f 2158/2158/2158 2245/2245/2245 2157/2157/2157
f 2199/2199/2199 2807/2807/2807 2198/2198/2198
f 1711/1711/1711 2055/2055/2055 2054/2054/2054
f 2595/2595/2595 2512/2512/2512 3022/3022/3022
f 1846/1846/1846 1569/1569/1569 257/257/257
f 1306/1306/1306 3034/3034/3034 2355/2355/2355
f 1675/1675/1675 1647/1647/1647 2151/2151/2151
f 632/632/632 633/633/633 1037/1037/1037
f 151/151/151 2833/2833/2833 1484/1484/1484
f 2168/2168/2168 1620/1620/1620 2167/2167/2167
f 1822/1822/1822 788/788/788 2154/2154/2154
f 1436/1436/1436 1290/1290/1290 2165/2165/2165
